raw_row_index,source_short_name,en_clean,vi_clean,audit_flags,suggested_it_subdomain,suggested_reason,manual_decision,manual_it_subdomain,manual_note
186,kde4,& Help,NAME OF TRANSLATORS,language_suspect,ui_localization,audit_flag_manual_review:language_suspect,reject,,
416,kde4,HTML tidy results:,"% 1 is the error count string,% 2 the warning count string,% 3 the accessibility warning string",language_suspect; extreme_length_ratio,ai_ml,audit_flag_manual_review:extreme_length_ratio;language_suspect,reject,,
417,kde4,"Page: %1, %2, %3","% 1 is the error count string,% 2 the warning count string",language_suspect,ui_localization,audit_flag_manual_review:language_suspect,reject,,
418,kde4,"Page: %1, %2","% 1 is the HTML frame name,% 2 is the error count string,% 3 the warning count string,% 4 the accessibility warning string",language_suspect; extreme_length_ratio,ai_ml;hardware,audit_flag_manual_review:extreme_length_ratio;language_suspect,reject,,
419,kde4,"Frame '%1 ': %2, %3, %4","% 1 is the HTML frame name,% 2 is the error count string,% 3 the warning count string",language_suspect,ai_ml;hardware,audit_flag_manual_review:language_suspect,reject,,
431,kde4,Message,NAME OF TRANSLATORS,language_suspect,ui_localization,audit_flag_manual_review:language_suspect,reject,,
462,kde4,Manage your photographs like a professional with the power of open source,Name,extreme_length_ratio,ui_localization,audit_flag_manual_review:extreme_length_ratio,reject,,
464,kde4,A download from a camera or other device has finished.,Name,extreme_length_ratio,hardware,audit_flag_manual_review:extreme_length_ratio,reject,,
466,kde4,A queue in the batch queue manager has been completed.,Name,extreme_length_ratio,ui_localization,audit_flag_manual_review:extreme_length_ratio,reject,,
467,kde4,Update of fingerprint database complete,Comment,extreme_length_ratio,ui_localization,audit_flag_manual_review:extreme_length_ratio,reject,,
468,kde4,The update of the fingerprint database has been completed.,Name,extreme_length_ratio,ui_localization,audit_flag_manual_review:extreme_length_ratio,reject,,
469,kde4,Update of thumbnails database complete,Comment,extreme_length_ratio,ai_ml,audit_flag_manual_review:extreme_length_ratio,reject,,
470,kde4,The update of the thumbnails database has been completed.,Name,extreme_length_ratio,ai_ml,audit_flag_manual_review:extreme_length_ratio,reject,,
471,kde4,Synchronization of images' metadata with database completed,Comment,extreme_length_ratio,ui_localization,audit_flag_manual_review:extreme_length_ratio,reject,,
472,kde4,The synchronization of the images' metadata with the database has been completed.,Name,extreme_length_ratio,ui_localization,audit_flag_manual_review:extreme_length_ratio,reject,,
508,kde4,Lens aberrations correction tools,Name,extreme_length_ratio,ui_localization,audit_flag_manual_review:extreme_length_ratio,reject,,
532,kde4,Photo Viewer and Editor,Name,extreme_length_ratio,ui_localization,audit_flag_manual_review:extreme_length_ratio,reject,,
533,kde4,Download Photos with digiKam,Name,extreme_length_ratio,ui_localization,audit_flag_manual_review:extreme_length_ratio,reject,,
537,kde4,A Nepomuk service that syncs with digikam,Name,extreme_length_ratio,system,audit_flag_manual_review:extreme_length_ratio,reject,,
843,kde4,Dropped v3 tables,"""relative path"" on harddisk partition with ""UUID""",language_suspect,hardware,audit_flag_manual_review:language_suspect,reject,,
844,kde4,"Folder ""%1"" on the volume with the id ""%2""","""relative path"" on harddisk partition with ""label""",language_suspect,hardware,audit_flag_manual_review:language_suspect,reject,,
1101,kde4,"Perceptual intent causes the full gamut of the image to be compressed or expanded to fill the gamut of the destination device, so that gray balance is preserved but colorimetric accuracy may not be preserved. In other words, if certain colors in an image fall outside of the range of colors that the output device can render, the image intent will cause all the colors in the image to be adjusted so that the every color in the image falls within the range that can be rendered and so that the relationship between colors is preserved as much as possible. This intent is most suitable for display of photographs and images, and is the default intent. Absolute Colorimetric intent causes any colors that fall outside the range that the output device can render to be adjusted to the closest color that can be rendered, while all other colors are left unchanged. This intent preserves the white point and is most suitable for spot colors (Pantone, TruMatch, logo colors,....) Relative Colorimetric intent is defined such that any colors that fall outside the range that the output device can render are adjusted to the closest color that can be rendered, while all other colors are left unchanged. Proof intent does not preserve the white point. Saturation intent preserves the saturation of colors in the image at the possible expense of hue and lightness. Implementation of this intent remains somewhat problematic, and the ICC is still working on methods to achieve the desired effects. This intent is most suitable for business graphics such as charts, where it is more important that the colors be vivid and contrast well with each other rather than a specific color.","Ý định dựa vào nhận thức gây ra toàn bộ ảnh được nén hay mở rộng để chiếm toàn bộ thiết bị đích, để bảo tồn cán cân xám còn có thể không bảo tồn độ chính xác đo màu. Tức là nếu một số màu sắc nào đó trong ảnh nằm ở ngoại phạm vi màu sắc mà thiết bị xuất có thể vẽ, ý định hình sẽ gây ra tất cả các màu sắc trong ảnh được điều chỉnh để mọi màu trong ảnh nằm trong phạm vi có thể được vẽ, và quan hệ giữa màu khác nhau được bảo tồn càng nhiều càng có thể. Ý định này thích hợp khi hiển thị ảnh chụp và ảnh, và là ý định mặc định. Ý định đo màu tuyệt đối gây ra màu nào nằm ở ngoại phạm vi mà thiết bị xuất có thể vẽ sẽ được điều chỉnh thành màu gần nhất có thể được vẽ, còn để lại các màu khác không được thay đổi. Ý định này bảo tồn điểm màu trắng và là rất thích hợp với màu sắc chấm (Pantone, TruMatch, màu sắc biểu hình...). Ý định đo màu tương đối được xác định để cho màu nào nằm ở ngoại phạm vi mà thiết bị xuất có thể vẽ sẽ được điều chỉnh thành màu gần nhất có thể được vẽ, còn để lại các màu khác không được thay đổi. Ý định kiểm lỗi không bảo tồn điểm màu trắng. Ý định độ bão hoà bảo tồn độ bão hoà của màu sắc trong ảnh trả giá bằng sắc màu và độ nhạt. Chưa thực hiện được ý định này, và ICC vẫn còn phát triển phương pháp tạo hiệu ứng đã muốn. Ý định này thích hợp nhất với đồ họa doanh nghiệp như sơ đồ, trong đó quan trọng hơn có màu sắc sặc sỡ và tương phản nhau, hơn là một màu sắc riêng có chất lượng cao.",very_long_pair,ai_ml;hardware;ui_localization,audit_flag_manual_review:very_long_pair,approve,,
1233,kde4,Initializing database,Đang đọc cơ sở dữ liệu... This is the slogan formated string displayed in splashscreen. Please translate using short words else the slogan can be truncated.,extreme_length_ratio,ui_localization,audit_flag_manual_review:extreme_length_ratio,reject,,
1296,kde4,& Average,Trung bìnhSelects the date of the newest image,extreme_length_ratio,ui_localization,audit_flag_manual_review:extreme_length_ratio,reject,,
1308,kde4,%1,% 1% 1: digiKam version;% 2: help: // URL;% 3: homepage URL;% 4: prior digiKam version;% 5: prior KDE version;% 6: generated list of new features;% 7: First- time user text (only shown on first start);% 8: generated list of important changes; --- end of comment ---,language_suspect; extreme_length_ratio,ui_localization,audit_flag_manual_review:extreme_length_ratio;language_suspect,reject,,
1507,kde4,(%1 of %2),(% 1 of% 2),language_suspect,ui_localization,audit_flag_manual_review:language_suspect,reject,,
1694,kde4,& Scale to:,"Dimension separator, as in: '15 x 10 centimeters'",language_suspect,ui_localization,audit_flag_manual_review:language_suspect,reject,,
1786,kde4,Size,CỡThis is a column which will contain the amount of HotPixels found in the black frame file,extreme_length_ratio,ai_ml;hardware,audit_flag_manual_review:extreme_length_ratio,reject,,
1944,kde4,"Select the blurring effect to apply to image. Zoom Blur: blurs the image along radial lines starting from a specified center point. This simulates the blur of a zooming camera. Radial Blur: blurs the image by rotating the pixels around the specified center point. This simulates the blur of a rotating camera. Far Blur: blurs the image by using far pixels. This simulates the blur of an unfocalized camera lens. Motion Blur: blurs the image by moving the pixels horizontally. This simulates the blur of a linear moving camera. Softener Blur: blurs the image softly in dark tones and hardly in light tones. This gives images a dreamy and glossy soft focus effect. It is ideal for creating romantic portraits, glamour photographs, or giving images a warm and subtle glow. Shake Blur: blurs the image by shaking randomly the pixels. This simulates the blur of a random moving camera. Focus Blur: blurs the image corners to reproduce the astigmatism distortion of a lens. Smart Blur: finds the edges of color in your image and blurs them without muddying the rest of the image. Frost Glass: blurs the image by randomly disperse light coming through a frosted glass. Mosaic: divides the photograph into rectangular cells and then recreates it by filling those cells with average pixel value.","Ở đây hãy chọn hiệu ứng che mờ cần áp dụng cho ảnh. Che mờ thu phóng: che mờ ảnh theo đường xuyên tâm bắt đầu từ một điểm trung tâm đã xác định. Hiệu ứng này mô phỏng che mờ của máy ảnh thu phóng. Che mờ xuyên tâm: che mờ ảnh bằng cách dùng điểm ảnh xa. Hiệu ứng này mô phỏng che mờ của ống kính máy ảnh mờ mờ không rõ nét. Che mờ chuyển động: che mờ ảnh bằng cách di chuyển những điểm ảnh theo chiều ngang. Hiệu ứng này mô phóng che mờ của máy ảnh di chuyển tuyến. Che mờ làm mềm: che mờ ảnh một cách mềm bằng sắc màu tối và một cách cứng bằng sắc màu nhạt. Nó cho ảnh có hiệu ứng tiêu mềm bóng loáng như trong giấc mơ. Nó rất thích hợp với công việc tạo ảnh chân dung mơ mộng, ảnh chụp đẹp say đắm hay cho ảnh ánh sáng rực rỡ ấm và tế nhị. Che mờ rung: che mờ ảnh bằng cách rung ngẫu nhiên các điểm ảnh. Hiệu ứng này mô phỏng che mờ của máy ảnh di chuyển ngẫu nhiên. Che mờ tiêu: che mờ các góc của ảnh để tạo lại sự méo mó loạn thị của ống kính. Che mờ thông minh: tìm các cạnh của màu trong ảnh và che mờ chúng mà không làm vẩn đục phần còn lại của ảnh. Kính phủ sương giá: che mờ ảnh bằng cách rải rắc ngẫu nhiên ánh sáng đến qua kính phủ sương giá. Khảm: chia ảnh chụp ra ô hình chữ nhật rồi tạo lại nó bằng cách tô đầy những ô bằng giá trị điểm ảnh trung bình.",very_long_pair,ai_ml,audit_flag_manual_review:very_long_pair,approve,,
2046,kde4,"Here, select the type of effect to apply to an image. Fish Eyes: warps the photograph around a 3D spherical shape to reproduce the common photograph'Fish Eyes' effect. Twirl: spins the photograph to produce a Twirl pattern. Cylinder Hor.: warps the photograph around a horizontal cylinder. Cylinder Vert.: warps the photograph around a vertical cylinder. Cylinder H/ V.: warps the photograph around 2 cylinders, vertical and horizontal. Caricature: distorts the photograph with the'Fish Eyes' effect inverted. Multiple Corners: splits the photograph like a multiple corners pattern. Waves Horizontal: distorts the photograph with horizontal waves. Waves Vertical: distorts the photograph with vertical waves. Block Waves 1: divides the image into cells and makes it look as if it is being viewed through glass blocks. Block Waves 2: like Block Waves 1 but with another version of glass blocks distortion. Circular Waves 1: distorts the photograph with circular waves. Circular Waves 2: another variation of the Circular Waves effect. Polar Coordinates: converts the photograph from rectangular to polar coordinates. Unpolar Coordinates: the Polar Coordinate effect inverted. Tile: splits the photograph into square blocks and moves them randomly inside the image.","Ở đây hãy chọn kiểu hiệu ứng cần áp dụng cho ảnh. Mắt cá: làm oằn ảnh chụp chung quanh hình bầu ba chiều để tạo lại hiệu ứng « Mắt cá » ảnh chụp bình thường. Quay nhanh: quay ảnh chụp để tạo một mẫu cuồn cuộn. Hình trụ ngang: làm oằn ảnh chụp chung quanh một hình trụ ngang. Hình trụ dọc: làm oằn ảnh chụp chung quanh một hình trụ dọc. Hình trụ ngang/ dọc: làm oằn ảnh chụp chung quanh hai hình trụ, ngang và dọc. Vẽ biếm hoạ: méo mó ảnh chụp bằng hiệu ứng « Mắt cá » được đảo ngược. Đa góc: chia tách ảnh chịu giống như mẫu đa góc. Sóng ngang: méo mó ảnh chụp bằng sóng ngang. Sóng dọc: méo mó ảnh chụp bằng sóng dọc. Sóng khối 1: chia ảnh ra nhiều ô và làm cho nó hình như nó được xem qua khối thủy tinh. Sóng khối 2: giống như Sóng khối 1 mà có phiên bản khác của sự méo mó khối thủy tinh. Sóng hình tròn 1: méo móc ảnh chụp bằng sóng hình tròn. Sóng hình tròn 2: sự biến đổi khác của hiệu ứng Sóng hình tròn. Toạ độ cực: chuyển đổi ảnh chụp từ toạ độ chữ nhật sang toạ độ cực. Toạ độ cực ngược: đảo ngược hiệu ứng Toạ độ cực. Lát: chia tách ảnh chụp ra nhiều khối hình vuông và di chuyển chúng một cách ngẫu nhiên bên trong ảnh đó.",very_long_pair,coding;ai_ml,audit_flag_manual_review:very_long_pair,approve,,
2268,kde4,"Perceptual intent causes the full gamut of the image to be compressed or expanded to fill the gamut of the destination media, so that gray balance is preserved but colorimetric accuracy may not be preserved. In other words, if certain colors in an image fall outside of the range of colors that the output device can render, the image intent will cause all the colors in the image to be adjusted so that every color in the image falls within the range that can be rendered and so that the relationship between colors is preserved as much as possible. This intent is most suitable for display of photographs and images, and is the default intent. Absolute Colorimetric intent causes any colors that fall outside the range that the output device can render to be adjusted to the closest color that can be rendered, while all other colors are left unchanged. This intent preserves the white point and is most suitable for spot colors (Pantone, TruMatch, logo colors,...). Relative Colorimetric intent is defined such that any colors that fall outside the range that the output device can render are adjusted to the closest color that can be rendered, while all other colors are left unchanged. Proof intent does not preserve the white point. Saturation intent preserves the saturation of colors in the image at the possible expense of hue and lightness. Implementation of this intent remains somewhat problematic, and the ICC is still working on methods to achieve the desired effects. This intent is most suitable for business graphics such as charts, where it is more important that the colors be vivid and contrast well with each other rather than a specific color.","Ý định dựa vào nhận thức gây ra toàn bộ phạm vi của ảnh được nén hay mở rộng để chiếm toàn bộ phạm vi của thiết bị đích, để bảo tồn cán cân màu xám còn có thể không bảo tồn độ chính xác đo màu. Tức là nếu một số màu sắc nào đó trong ảnh nằm ở ngoại phạm vi màu sắc mà thiết bị xuất có thể vẽ, ý định hình sẽ gây ra tất cả các màu sắc trong ảnh được điều chỉnh để mọi màu trong ảnh nằm trong phạm vi có thể được vẽ, và quan hệ giữa các màu khác nhau được bảo tồn càng nhiều càng có thể. Ý định này thích hợp nhất để hiển thị ảnh chụp và ảnh: nó là ý định mặc định. Ý định đo màu tuyệt đối gây ra màu nào nằm ở ngoại phạm vi mà thiết bị xuất có thể vẽ sẽ được điều chỉnh thành màu gần nhất có thể được vẽ, còn để lại các màu khác không được thay đổi. Ý định này bảo tồn điểm màu trắng và là thích hợp nhất với màu sắc chấm (Pantone, TruMatch, màu sắc biểu hình...). Ý định đo màu tương đối được xác định để cho màu nào nằm ở ngoại phạm vi mà thiết bị xuất có thể vẽ sẽ được điều chỉnh thành màu gần nhất có thể được vẽ, còn để lại các màu khác không được thay đổi. Ý định kiểm lỗi không bảo tồn điểm màu trắng. Ý định độ bão hoà bảo tồn độ bão hoà của màu sắc trong ảnh trả giá bằng sắc màu và độ nhạt. Chưa thực hiện được ý định này, và ICC vẫn còn phát triển phương pháp tạo hiệu ứng đã muốn. Ý định này thích hợp nhất với đồ họa doanh nghiệp như sơ đồ, trong đó quan trọng hơn có màu sắc sặc sỡ và tương phản nhau, hơn là một màu sắc riêng có chất lượng cao.",very_long_pair,ai_ml;hardware;ui_localization,audit_flag_manual_review:very_long_pair,approve,,
2734,kde4,Original Colors:,Gốc,extreme_length_ratio,ui_localization,audit_flag_manual_review:extreme_length_ratio,reject,,
2938,kde4,Remove Group,Bỏ,extreme_length_ratio,ui_localization,audit_flag_manual_review:extreme_length_ratio,reject,,
2959,kde4,Color Depth,Độ sâu màu: Find pictures with any color depth / 8 bits per channel...,extreme_length_ratio,ui_localization,audit_flag_manual_review:extreme_length_ratio,reject,,
3164,kde4,Click To Exit...,"Nhấn để thoát... Reason for inhibiting the screensaver activation, when the presentation mode is active",extreme_length_ratio,ui_localization;command_cli,audit_flag_manual_review:extreme_length_ratio,reject,,
3326,kde4,"If this option is enabled, digiKam does not apply the workspace color profile to an image, without prompting you about missing embedded profiles or embedded profiles different from the workspace profile.","Chuyển vào Sọt Rác, không cần xác nhận",extreme_length_ratio,ui_localization,audit_flag_manual_review:extreme_length_ratio,reject,,
3328,kde4,Input:,Ở đây hãy chọn hồ sơ màu thích hợp với bộ trình bày (thiết bị màn hình) của máy tính này. Bạn hãy bật tùy chọn Dùng ô xem có màu đã quản lý để sử dụng hồ sơ này.,extreme_length_ratio,hardware;ui_localization,audit_flag_manual_review:extreme_length_ratio,reject,,
3329,kde4,Select a default profile for your input device (usually your camera or your scanner),Nhập:,extreme_length_ratio,hardware,audit_flag_manual_review:extreme_length_ratio,reject,,
3330,kde4,Soft proof:,"Bạn cần phải chọn hồ sơ thích hợp với thiết bị nhập (thường là máy ảnh, máy quét v. v.)",extreme_length_ratio,hardware,audit_flag_manual_review:extreme_length_ratio,reject,,
3335,kde4,"Only embed the color workspace profile in the image, do not change the image.",Gán,extreme_length_ratio,ui_localization,audit_flag_manual_review:extreme_length_ratio,reject,,
3339,kde4,"You have selected the ""Default built-in sRGB profile""",Thiết lập,extreme_length_ratio,ui_localization,audit_flag_manual_review:extreme_length_ratio,reject,,
3345,kde4,Workspace:,Đường dẫn mặc định đến thư mục hồ sơ màu. Bạn phải cất giữ mọi hồ sơ màu của mình trong thư mục này.,extreme_length_ratio,ui_localization,audit_flag_manual_review:extreme_length_ratio,reject,,
3346,kde4,"All the images will be converted to the color space of this profile, so you must select a profile appropriate for editing. These color profiles are device independent.",Vùng làm việc:,extreme_length_ratio,hardware,audit_flag_manual_review:extreme_length_ratio,reject,,
3351,kde4,power,digiKam đã không gỡ bỏ được hồ sơ màu không hợp lệ nên bạn tự gỡ bỏ.,extreme_length_ratio,ui_localization,audit_flag_manual_review:extreme_length_ratio,reject,,
3376,kde4,Identity,Bật tùy chọn này để cất giữ sự giống hệt nhà nhiếp ảnh mặc định vào thẻ IPTC dùng thiết lập siêu dữ liệu của digiKam.,extreme_length_ratio,ui_localization,audit_flag_manual_review:extreme_length_ratio,reject,,
3381,kde4,Fast,"Nếu bạn bấm cái nút này, mọi giá trị của đường cong từ kênh được chọn hiện thời sẽ bị đặt lại thành giá trị mặc định.",extreme_length_ratio,ui_localization,audit_flag_manual_review:extreme_length_ratio,reject,,
3383,kde4,Use this button to scan whole collection to find all duplicate items.,& Cuối,extreme_length_ratio,ui_localization,audit_flag_manual_review:extreme_length_ratio,reject,,
3384,kde4,Rebuilding all image thumbnails can take some time. Do you want to continue?,Ngưỡng:,extreme_length_ratio,ai_ml,audit_flag_manual_review:extreme_length_ratio,reject,,
3387,kde4,Image Properties,Tiến trình xây dựng lại mọi ảnh mẫu của ảnh có thể kéo dài một lát. Bạn vẫn muốn tiếp tục không?,extreme_length_ratio,ui_localization,audit_flag_manual_review:extreme_length_ratio,reject,,
3404,kde4,Points:,Tải mọi tham số lọc từ tập tin văn bản thiết lập.,extreme_length_ratio,ui_localization,audit_flag_manual_review:extreme_length_ratio,reject,,
3406,kde4,Enable this option to flip horizontally guidelines.,Phạm vi:,extreme_length_ratio,ui_localization;documentation,audit_flag_manual_review:extreme_length_ratio,reject,,
3407,kde4,Here you can see the black and white conversion tool preview. You can pick color on image to see the color level corresponding on histogram.,Lật ngang,extreme_length_ratio,hardware,audit_flag_manual_review:extreme_length_ratio,reject,,
3408,kde4,Here you can see the auto-color correction tool preview. You can pick color on image to see the color level corresponding on histogram.,Lật dọc,extreme_length_ratio,hardware,audit_flag_manual_review:extreme_length_ratio,reject,,
3420,kde4,New Album...,Ở đây có ô xem thử cách điều chỉnh cán cân màu của ảnh. Bạn có thể kén màu trên ảnh để xem cấp màu tương ứng trong biểu đồ tần xuất.,extreme_length_ratio,ui_localization,audit_flag_manual_review:extreme_length_ratio,reject,,
3421,kde4,New Album From Selection,Ở đây hãy chọn định sẵn lọc cần dùng khi phục hồi lại ảnh chụp: Không có: những giá trị thường nhất; đặt thiết lập thành mặc định. giảm nhiễu đồng dạng: giảm đồ tạo tác ảnh nhỏ như nhiễu máy nhạy. Giảm đồ tạo tác JPEG: giảm đồ tạo tác ảnh lớn như đồ khảm nén JPEG. Giảm đồ họa tiết hoá: giảm đồ tạo tác ảnh như họa tiết giấy hay mẫu Moire của ảnh đã quét.,extreme_length_ratio,ui_localization,audit_flag_manual_review:extreme_length_ratio,reject,,
3423,kde4,Update Metadata Database...,& Lùi,extreme_length_ratio,ui_localization,audit_flag_manual_review:extreme_length_ratio,reject,,
3424,kde4,Focal:,Cập nhật cơ sở dữ liệu siêu dữ liệu...,extreme_length_ratio,ui_localization,audit_flag_manual_review:extreme_length_ratio,reject,,
3430,kde4,Family,Hồ sơ theo đây không phải hợp lệ:,extreme_length_ratio,ui_localization,audit_flag_manual_review:extreme_length_ratio,reject,,
3467,kde4,This shows all root albums used by digiKam as collections.,Xoay phải,extreme_length_ratio,ui_localization,audit_flag_manual_review:extreme_length_ratio,reject,,
3469,kde4,& New,Lỗi lưu tập tin «% 1 » vào «% 2 ».,extreme_length_ratio,ui_localization,audit_flag_manual_review:extreme_length_ratio,reject,,
3470,kde4,Path:,Ở đây bạn có thể xem danh sách các máy ảnh điện số được dùng bởi digiKam qua giao diện Gphoto.,extreme_length_ratio,ui_localization,audit_flag_manual_review:extreme_length_ratio,reject,,
3471,kde4,Sorry you cannot use your home directory as the root album.,Kiểu:,extreme_length_ratio,ui_localization,audit_flag_manual_review:extreme_length_ratio,reject,,
3472,kde4,"You do n't seem to have write access to this root album. Without this access, image and metadata editing will not work.",& Xem,extreme_length_ratio,ui_localization,audit_flag_manual_review:extreme_length_ratio,reject,,
3474,kde4,Modified:,Tiếc là không thể đặt thư mục chính làm thư viện tập ảnh.,extreme_length_ratio,ui_localization,audit_flag_manual_review:extreme_length_ratio,reject,,
3475,kde4,Size:,Không có quyền ghi vào đường dẫn này. Cảnh báo: tính năng ghi chú và thẻ sẽ không hoạt động được.,extreme_length_ratio,ui_localization,audit_flag_manual_review:extreme_length_ratio,reject,,
3490,kde4,Hardware handling using KDE4 Solid interface,Tải về:,extreme_length_ratio,hardware,audit_flag_manual_review:extreme_length_ratio,reject,,
3494,kde4,A new tool to perform advanced searches based on photo meta-information,Máy ảnh,extreme_length_ratio,ui_localization,audit_flag_manual_review:extreme_length_ratio,reject,,
3503,kde4,Print image file name,"Bật tùy chọn này để nạp kích cỡ ảnh đầy đủ trong ô xem thử nhúng, thay cho kích cỡ bị giảm. Vì tùy chọn này sẽ nạp chậm hơn, khuyên bạn chỉ sử dụng nó trên máy tính chạy nhanh.",extreme_length_ratio,ui_localization,audit_flag_manual_review:extreme_length_ratio,reject,,
3508,kde4,"Set this option to load the full image size with an embedded preview, instead of a reduced size. Because this option will take more time to load images, use it only if you have a fast computer.",Hỗ trợ siêu dữ liệu RAW,extreme_length_ratio,ui_localization,audit_flag_manual_review:extreme_length_ratio,reject,,
3509,kde4,Root Album Paths,"digiKam sẽ cất giữ những tập ảnh bạn tạo trong một Thư mục Thư Viện Tập Ảnh chung. Bên dưới, xin hãy chọn thư mục nào bạn muốn digiKam dùng là thư mục Thư Viện Tập Ảnh dùng chung. Đừng chọn đường dẫn lắp nằm trên máy ở xa.",extreme_length_ratio,ui_localization,audit_flag_manual_review:extreme_length_ratio,reject,,
3513,kde4,RAW camera supported,"Ở đây hãy chọn tỷ lệ biểu đồ tần xuất. Nếu ảnh có số đếm tối đa nhỏ, bạn có thể dùng tỷ lệ tuyến. Còn nếu ảnh có số đếm tối đa lớn, bạn có thể dùng tỷ lệ loga; nếu dùng, mọi giá trị (cả nhỏ lẫn lớn) sẽ được hiển thị trong đồ thị.",extreme_length_ratio,ui_localization,audit_flag_manual_review:extreme_length_ratio,reject,,
3515,kde4,"Below, set the location on your computer where the digiKam database file will be stored. Write access is required to be able to edit image properties. Please note that you cannot use a remote file system here, such as NFS.",Bản dịch Đan Mạch,extreme_length_ratio,system,audit_flag_manual_review:extreme_length_ratio,reject,,
3517,kde4,"Select the histogram scale. If the date count's maximal values are small, you can use the linear scale. Logarithmic scale can be used when the maximal values are big; if it is used, all values (small and large) will be visible on the graph.",Marcus Meissner,extreme_length_ratio,hardware,audit_flag_manual_review:extreme_length_ratio,reject,,
3524,kde4,Hungarian translations,Ở đây hãy chọn kênh biểu đồ tần xuất cần hiển thị: Độ trưng: hiển thị các giá trị độ trưng (độ dáng đã thấy). Đỏ: hiển thị kênh ảnh màu đỏ. Lục: hiển thị kênh ảnh màu lục. Xanh: hiển thị kênh ảnh màu xanh. Anfa: hiển thị kênh ảnh anfa. Kênh này tương ứng với giá trị độ trong suốt và được hỗ trợ bởi một số định dạng ảnh như PNG hay TIFF. Màu sắc: hiển thị tất cả các giá trị kênh màu cùng lúc.,extreme_length_ratio,ui_localization,audit_flag_manual_review:extreme_length_ratio,reject,,
3525,kde4,Jasper van der Marel,"Ở đây hãy chọn tỷ lệ biểu đồ tần xuất. Nếu ảnh có số đếm tối đa nhỏ, bạn có thể dùng tỷ lệ tuyến. Còn nếu ảnh có số đếm tối đa lớn, bạn có thể dùng tỷ lệ loga; nếu dùng, mọi giá trị (cả nhỏ lẫn lớn) sẽ được hiển thị trong đồ thị.",extreme_length_ratio,ui_localization,audit_flag_manual_review:extreme_length_ratio,reject,,
3528,kde4,Select the histogram channel to displayhere: Luminosity: Display luminosity (perceived brightness) values. Red: Display the red image channel. Green: Display the green image channel. Blue: Display the blue image channel. Alpha: Display the alpha image channel. This channel corresponds to the transparency value and is supported by some image formats such as PNG or TIFF. Colors: Display all color channel values at the same time.,Vùng chọn,extreme_length_ratio,hardware;ui_localization,audit_flag_manual_review:extreme_length_ratio,reject,,
3530,kde4,Linear,Ở đây hãy đặt hệ số phóng/ thu dùng để vẽ ảnh trong ô xem thử.,extreme_length_ratio,ui_localization,audit_flag_manual_review:extreme_length_ratio,reject,,
3532,kde4,Selection,Ở đây bạn có thể xem bảng ảnh gốc mà có thể giúp đỡ bạn chọn ô xem thử trích. Nhấn và kéo con trỏ chuột trong hình chữ nhật màu đỏ để thay đổi tiêu điểm trích.,extreme_length_ratio,ui_localization,audit_flag_manual_review:extreme_length_ratio,reject,,
3534,kde4,Here set the zoom factor of the preview area.,"Ở đây hãy chọn tỷ lệ biểu đồ tần xuất. Nếu ảnh có số đếm tối đa nhỏ, bạn có thể dùng tỷ lệ tuyến. Còn nếu ảnh có số đếm tối đa lớn, bạn có thể dùng tỷ lệ loga; nếu dùng, mọi giá trị (cả nhỏ lẫn lớn) sẽ được hiển thị trong đồ thị.",extreme_length_ratio,ui_localization,audit_flag_manual_review:extreme_length_ratio,reject,,
3541,kde4,"Select the histogram channel to display here: Luminosity: display the image's luminosity values. Red: display the red image-channel values. Green: display the green image-channel values. Blue: display the blue image-channel values. Alpha: display the alpha image-channel values. This channel corresponds to the transparency value and is supported by some image formats, such as PNG or TIF.",Ở đây đặt độ rộng theo điểm ảnh dùng để vẽ đường gạch gạch dẫn.,extreme_length_ratio,hardware;ui_localization,audit_flag_manual_review:extreme_length_ratio,reject,,
3544,kde4,Set here the width in pixels used to draw guides dashed-lines.,Kênh:,extreme_length_ratio,documentation,audit_flag_manual_review:extreme_length_ratio,reject,,
3546,kde4,Set here the gamma adjustment of the image.,Ở đây hãy chọn kênh biểu đồ tần xuất cần hiển thị: Độ trưng: hiển thị những giá trị độ trưng của ảnh. Đỏ: hiển thị những giá trị kênh màu đỏ. Lục: hiển thị những giá trị kênh màu lục. Xanh: hiển thị những giá trị kênh màu xanh.,extreme_length_ratio,ui_localization,audit_flag_manual_review:extreme_length_ratio,reject,,
3547,kde4,Channel:,Ở đây bạn có thể xem bản vẽ biểu đồ tần xuất ảnh xem thử đích của kênh ảnh đã chọn. Điều này được tính lại khi nào thay đổi thiết lập.,extreme_length_ratio,ui_localization,audit_flag_manual_review:extreme_length_ratio,reject,,
3555,kde4,digiKam Handbook,© năm 2004- 2006 của Gilles Caulier © năm 2006- 2007 của Gilles Caulier và Marcel Wiesweg,extreme_length_ratio,ui_localization,audit_flag_manual_review:extreme_length_ratio,reject,,
3566,kde4,"(c) 2004-2005, Gilles Caulier (c) 2006-2007, Gilles Caulier and Marcel Wiesweg",Bản vẽ than gỗ,extreme_length_ratio,ui_localization,audit_flag_manual_review:extreme_length_ratio,reject,,
3570,kde4,Apply Texture,Phần bổ sung ảnh digiKam để áp dụng họa tiết để trang trí cho ảnh.,extreme_length_ratio,ui_localization,audit_flag_manual_review:extreme_length_ratio,reject,,
3639,kde4,Vignetting...,Bật tùy chọn này để khởi chạy phần bổ sung ảnh quản lý màu khi tập tin RAW được nạp trong bộ sửa ảnh.,extreme_length_ratio,ui_localization,audit_flag_manual_review:extreme_length_ratio,reject,,
3658,kde4,Access denied to path,Ở đây bạn có thể đặt phần mở rộng của tập tin ảnh RAW cần hiển thị trong tập ảnh (như CRW cho máy ảnh Canon hay NEF cho máy ảnh Nikon).,extreme_length_ratio,ui_localization,audit_flag_manual_review:extreme_length_ratio,reject,,
3669,kde4,Search Rules,Ở đây có ô xem thử ảnh mẫu của việc sửa chữa được áp dụng cho một mẫu chứ thập.,extreme_length_ratio,ui_localization,audit_flag_manual_review:extreme_length_ratio,reject,,
3674,kde4,Or,Ở đây bạn có thể xem lại các quy tắc tìm kiếm được dùng để lọc các ảnh khi tìm kiếm trong thư viện tập ảnh.,extreme_length_ratio,ui_localization,audit_flag_manual_review:extreme_length_ratio,reject,,
3677,kde4,You can group or ungroup any search criteria from the Search Rule set.,cũng như,extreme_length_ratio,ui_localization,audit_flag_manual_review:extreme_length_ratio,reject,,
3681,kde4,Tag Name,"Trong danh sách Quy tắc tìm kiếm, bạn có thể nhóm lại hay rã nhóm tiêu chuẩn tìm kiếm nào.",extreme_length_ratio,ui_localization,audit_flag_manual_review:extreme_length_ratio,reject,,
3684,kde4,Image Caption,Ở đây hãy nhập vào tên được dùng khi lưu việc tìm kiếm hiện thời vào trong ô xem « Tìm kiếm của tôi ».,extreme_length_ratio,ui_localization,audit_flag_manual_review:extreme_length_ratio,reject,,
3693,kde4,Enter your search criteria to find items in the album library,không bằng,extreme_length_ratio,ui_localization,audit_flag_manual_review:extreme_length_ratio,reject,,
3694,kde4,"Here you can see the items found in the album library, using the current search criteria",Sau,extreme_length_ratio,ui_localization,audit_flag_manual_review:extreme_length_ratio,reject,,
3706,kde4,"ICC profiles path seems to be invalid. If you want to set it now, select ""Yes"", otherwise select ""No"". In this case, ""Color Management"" feature will be disabled until you solve this issue",Sự méo mó kính...,extreme_length_ratio,ui_localization,audit_flag_manual_review:extreme_length_ratio,reject,,
3709,kde4,& Send to Trash,"Đánh dấu trong hộp chọn này thì hộp thoại này không còn được hiển thị lại, các tập tin bị di chuyển trực tiếp vào Sọt Rác.",extreme_length_ratio,ui_localization,audit_flag_manual_review:extreme_length_ratio,reject,,
3710,kde4,New Simple Search...,"Có vẻ là đường dẫn đến các hồ sơ ICC không phải hợp lệ. Muốn đặt nó ngay bây giờ thì chọn « Có », không thì chọn « Không ». Trong trường hợp này, tính năng « Quản lý màu » bị tắt đến khi bạn giải quyết vấn đề này.",extreme_length_ratio,ui_localization,audit_flag_manual_review:extreme_length_ratio,reject,,
3739,kde4,GPS,Đang xử lý ảnh mẫu ít,extreme_length_ratio,ui_localization,audit_flag_manual_review:extreme_length_ratio,reject,,
3744,kde4,Set the photographer title. This field is limited to 32 ASCII characters with IPTC.,Đánh giá,extreme_length_ratio,ui_localization,audit_flag_manual_review:extreme_length_ratio,reject,,
3745,kde4,"Set the default provider identification of the image, not necessarily the owner/ creator. This field is limited to 32 ASCII characters with IPTC.",Đánh giá,extreme_length_ratio,ui_localization,audit_flag_manual_review:extreme_length_ratio,reject,,
3746,kde4,"Set the default original owner identification of the intellectual content of the image. This could be an agency, a member of an agency or an individual photographer name. This field is limited to 32 ASCII characters with IPTC.",Ngày tôi,extreme_length_ratio,ui_localization,audit_flag_manual_review:extreme_length_ratio,reject,,
3748,kde4,Quick Search...,Ở đây hãy đặt tựa của nhà nhiếp ảnh. Trường này bị hạn chế thành 32 ký tự ASCII.,extreme_length_ratio,ui_localization,audit_flag_manual_review:extreme_length_ratio,reject,,
3749,kde4,Using dcraw version %1,"Ở đây hãy đặt sự giống hệt nhà cung cấp mặc định của ảnh, không nhất thiết là người sở hữu/ tạo nó. Trường này bị hạn chế thành 32 ký tự ASCII.",extreme_length_ratio,ui_localization,audit_flag_manual_review:extreme_length_ratio,reject,,
3754,kde4,Album & Library,"Đặt ngưỡng chọn điểm ảnh màu đỏ. GIá trị thấp thì chọn nhiều điểm ảnh màu đỏ hơn, giá trị cao chọn ít hơn.",extreme_length_ratio,ui_localization,audit_flag_manual_review:extreme_length_ratio,reject,,
3763,kde4,Top-Right,Đang tìm mục không phải trong cơ sở dữ liệu hay trên đĩa,extreme_length_ratio,ui_localization,audit_flag_manual_review:extreme_length_ratio,reject,,
3765,kde4,Central,Ảnh này quá lớn so với trang: bạn có muốn làm gì vậy?,extreme_length_ratio,ui_localization,audit_flag_manual_review:extreme_length_ratio,reject,,
3782,kde4,[modified],In this view the user can see the whole color pallete,language_suspect; extreme_length_ratio,ui_localization,audit_flag_manual_review:extreme_length_ratio;language_suspect,reject,,
3783,kde4,Preview,In this view the user can edit the palette,language_suspect; extreme_length_ratio,ui_localization,audit_flag_manual_review:extreme_length_ratio;language_suspect,reject,,
3800,kde4,Extras,Refer to color scheme... just scheme,language_suspect; extreme_length_ratio,ui_localization,audit_flag_manual_review:extreme_length_ratio;language_suspect,reject,,
3801,kde4,Scheme:,Color models: for instance RGB,language_suspect,ai_ml,audit_flag_manual_review:language_suspect,reject,,
3812,kde4,Restore original brightness,color context: saturation of the color,language_suspect,ui_localization,audit_flag_manual_review:language_suspect,reject,,
3815,kde4,Saturation %1%,NAME OF TRANSLATORS,language_suspect,ui_localization,audit_flag_manual_review:language_suspect,reject,,
3856,kde4,Page: %1 of %2,P.% 1 of% 2,language_suspect,ui_localization,audit_flag_manual_review:language_suspect,reject,,
4040,kde4,Print Preview,Page (number) of (total),language_suspect,ui_localization,audit_flag_manual_review:language_suspect,reject,,
4142,kde4,Print %1,In% 1Status Position,language_suspect,ui_localization,audit_flag_manual_review:language_suspect,reject,,
4243,kde4,to,"đếnThis is milimeter for focal length, like 35mm",extreme_length_ratio,ui_localization,audit_flag_manual_review:extreme_length_ratio,reject,,
4645,kde4,x,×Short for Mega Pixels,language_suspect; extreme_length_ratio,ui_localization,audit_flag_manual_review:extreme_length_ratio;language_suspect,reject,,
6050,kde4,& Height:,& Cao: NAME OF TRANSLATORS,language_suspect,ui_localization,audit_flag_manual_review:language_suspect,reject,,
6110,kde4,KMag,Kính lúp KGenericName,extreme_length_ratio,ui_localization,audit_flag_manual_review:extreme_length_ratio,reject,,
6167,kde4,Very High,"Rất CaoNo color- blindness simulation, i. e. 'normal' vision",extreme_length_ratio,ui_localization,audit_flag_manual_review:extreme_length_ratio,reject,,
6602,kde4,Female Child,Nữ,extreme_length_ratio,ui_localization,audit_flag_manual_review:extreme_length_ratio,reject,,
6713,kde4,"(c) 2002, José Pablo Ezequiel Fernández","Bản quyền 2002, José Pablo Ezequiel Fernández",language_suspect,ui_localization,audit_flag_manual_review:language_suspect,reject,,
6725,kde4,"(C) 2002, José Pablo Ezequiel Fernández","Bản quyền 2002, José Pablo Ezequiel Fernández",language_suspect,ui_localization,audit_flag_manual_review:language_suspect,reject,,
6754,kde4,Boy,The name of the female child voice,language_suspect; extreme_length_ratio,ui_localization,audit_flag_manual_review:extreme_length_ratio;language_suspect,reject,,
6755,kde4,Girl,"Somehow user has gotten a voice type that is not valid, i. e. not Male1, Male2, etc.",language_suspect; extreme_length_ratio,ui_localization,audit_flag_manual_review:extreme_length_ratio;language_suspect,reject,,
6758,kde4,USA,Mỹfull country name,extreme_length_ratio,ui_localization,audit_flag_manual_review:extreme_length_ratio,reject,,
6783,kde4,Pause,"Làm tác vụ chuyển sang trạng thái Tạm dừng. Nếu tác vụ đang được phát âm, nó sẽ dừng. Các tác vụ tạm ngừng sẽ không cho các tác vụ sau nó được phát âm, do đó cần ấn nút Tiếp tục để cho nó tiếp tục được phát âm, hoặc nút Để sau để di chuyển nó xuống dưới danh sách.",extreme_length_ratio,ui_localization,audit_flag_manual_review:extreme_length_ratio,reject,,
6784,kde4,"Resumes a paused job or changes a Queued job to Waiting. If the job is the top speakable job in the list, it begins speaking.",Tạm dừng,extreme_length_ratio,ai_ml,audit_flag_manual_review:extreme_length_ratio,reject,,
6785,kde4,Resume,"Tiếp tục phát âm một tác vụ đã bị tạm ngừng hoặc chuyển một tác vụ đang ở trạng thái Xếp hàng sang Sẵn sàng. Nếu tác vụ đang nằm trên cùng trong danh sách các tác vụ sẵn sàng phát âm, nó sẽ được phát âm.",extreme_length_ratio,ui_localization,audit_flag_manual_review:extreme_length_ratio,reject,,
6786,kde4,"Queues the current contents of the clipboard for speaking and sets its state to Waiting. If the job is the topmost in the list, it begins speaking. The job will be spoken by the topmost Talker in the Talkers tab.",Tiếp tục,extreme_length_ratio,ai_ml;command_cli,audit_flag_manual_review:extreme_length_ratio,reject,,
6787,kde4,& Speak Clipboard,"Đặt nội dung của bảng nháp vào danh sách phát âm ở trạng thái Sẵn sàng. Nếu tác vụ nằm trên cùng trong danh sách tác vụ sẵn sàng, nó sẽ được phát âm bởi Máy phát âm trên cùng trong trang Máy phát âm.",extreme_length_ratio,command_cli,audit_flag_manual_review:extreme_length_ratio,reject,,
6788,kde4,Prompts you for a file name and queues the contents of the file for speaking. You must click the Resume button before the job will be speakable. The job will be spoken by the topmost Talker in the Talkers tab.,& Phát âm Bảng nháp,extreme_length_ratio,ui_localization;command_cli,audit_flag_manual_review:extreme_length_ratio,reject,,
6789,kde4,Speak File,Chọn một tập tin và đặt nội dung của tập tin vào danh sách phát âm. Bạn cần ấn nút Tiếp tục để tác vụ chuyển sang trạng thái Sẵn sàng. Tác vụ sẽ được phát âm bởi Máy phát âm trên cùng trong trang Máy phát âm.,extreme_length_ratio,ui_localization,audit_flag_manual_review:extreme_length_ratio,reject,,
6790,kde4,Prompts you with a list of your configured Talkers from the Talkers tab. The job will be spoken using the selected Talker.,Phát âm Tập tin,extreme_length_ratio,ui_localization,audit_flag_manual_review:extreme_length_ratio,reject,,
6791,kde4,Change Talker,Hiện ra danh sách các Máy phát âm đã được cấu hình từ trang Máy phát âm để bạn lựa chọn. Tác vụ sẽ được phát âm bởi Máy phát âm đã chọn.,extreme_length_ratio,ui_localization,audit_flag_manual_review:extreme_length_ratio,reject,,
6806,kde4,& Rate:,Các mục được đánh dấu sẽ được ưu tiên hơn các mục chưa đánh dấu.,extreme_length_ratio,ui_localization,audit_flag_manual_review:extreme_length_ratio,reject,,
6811,kde4,male,"Nếu đánh dấu, dùng Máy phát âm đã được cấu hình phù hợp nhất với các tính năng bạn đã chọn. Các tính năng đã được đánh dấu sẽ được ưu tiên hơn các tính năng chưa đánh dấu. Ngôn ngữ đã chọn luôn được ưu tiên.",extreme_length_ratio,ui_localization,audit_flag_manual_review:extreme_length_ratio,reject,,
6812,kde4,female,Dùng Máy phát âm & phù hợp nhất có thể,extreme_length_ratio,ui_localization,audit_flag_manual_review:extreme_length_ratio,reject,,
6817,kde4,"Rewinds a job to the beginning and changes its state to Waiting. If the job is the top speakable job in the list, it begins speaking.",Mã số,extreme_length_ratio,ai_ml,audit_flag_manual_review:extreme_length_ratio,reject,,
6820,kde4,"Moves a job downward in the list so that it will be spoken later. If the job is currently speaking, its state changes to Paused.",Tốc độ,extreme_length_ratio,ui_localization,audit_flag_manual_review:extreme_length_ratio,reject,,
6821,kde4,& Later,Hệ thống Văn bản sang Tiếng nói đang không chạy,extreme_length_ratio,system,audit_flag_manual_review:extreme_length_ratio,reject,,
6835,kde4,Invalid number of parameters.,Lọc,extreme_length_ratio,hardware,audit_flag_manual_review:extreme_length_ratio,reject,,
6836,kde4,Enter HELP & lt; optiongt; where & lt; optiongt; may be:,& Bỏ,extreme_length_ratio,ui_localization,audit_flag_manual_review:extreme_length_ratio,reject,,
6843,kde4,help say,SIGNALS để liệt kê các tín hiệu của KTTSD được gửi qua D- Bus.,extreme_length_ratio,ui_localization,audit_flag_manual_review:extreme_length_ratio,reject,,
6863,kde4,Deleted,Chờ với các tham số (không bắt buộc). Ví dụ:,extreme_length_ratio,ui_localization,audit_flag_manual_review:extreme_length_ratio,reject,,
6870,kde4,Show KTTSD D-Bus replies. [off],LỖI:,extreme_length_ratio,ui_localization,audit_flag_manual_review:extreme_length_ratio,reject,,
6877,kde4,"These are all the text jobs. The State column may be: Queued - the job is waiting and will not be spoken until its state is changed to Waiting by clicking the Resume or Restart buttons. Waiting - the job is ready to be spoken. It will be spoken when the jobs preceding it in the list have finished. Speaking - the job is speaking. The Position column shows the current sentence of the job being spoken. You may pause a speaking job by clicking the Hold button. Paused - the job is currently paused. Paused jobs prevent jobs below them from speaking. Use the Resume or Restart buttons to resume speaking the job, or click Later to move the job down in the list. Finished - the job has finished speaking. When a second job finishes, this one will be deleted. You may click Restart to repeat the job. Note: Messages, Warnings, and Screen Reader Output do not appear in this list. See the Handbook for more information.",Tiếp tục chạy khi có lỗi.,extreme_length_ratio,ai_ml;ui_localization;command_cli,audit_flag_manual_review:extreme_length_ratio,reject,,
6878,kde4,Hold,Tên của tập tin để chạy. Dùng '-' để đọc đầu vào chuẩn.,extreme_length_ratio,ui_localization,audit_flag_manual_review:extreme_length_ratio,reject,,
6879,kde4,The radio buttons below determine which box shows all possibilities. The box to the left of the checked button shows all possibilities. The box to the left of the unchecked box only shows those possibilities that match the other box.,Các tham số không bắt buộc cho tập tin.,extreme_length_ratio,ui_localization,audit_flag_manual_review:extreme_length_ratio,reject,,
6881,kde4,"Check this box to display all the available synthesizers in the Synthesizer box to the left. When a synthesizer is chosen, only the languages that can be spoken by that synthesizer appear in the Language box.",Không có tập tin nào được chỉ định,extreme_length_ratio,ai_ml;ui_localization,audit_flag_manual_review:extreme_length_ratio,reject,,
6883,kde4,Select the speech synthesizer to do the speaking.,Tạm dừng,extreme_length_ratio,ui_localization,audit_flag_manual_review:extreme_length_ratio,reject,,
6885,kde4,Click this button to edit the Sentence Boundary Detector (SBD) configuration or add additional SBD filters.,Hiển thị Tất cả,extreme_length_ratio,ui_localization;command_cli,audit_flag_manual_review:extreme_length_ratio,reject,,
6886,kde4,Configure,"Đánh dấu ô này để hiển thị tất cả các trình tổng hợp trong ""hộp Trình tổng hợp"" ở bên trái. Khi một trình tổng hợp được chọn, chỉ có ngôn ngữ nào mà trình này phát âm được sẽ hiện ra ở ""hộp Ngôn ngữ"".",extreme_length_ratio,ui_localization,audit_flag_manual_review:extreme_length_ratio,reject,,
6887,kde4,Interruption,"Đánh dấu ô này để liệt kê tất cả các ngôn ngữ có thể trong ""hộp Ngôn ngữ"" ở bên trái. Khi một ngôn ngữ được chọn, ""hộp Trình tổng hợp"" sẽ chỉ hiển thị các trình làm việc được với ngôn ngữ đó.",extreme_length_ratio,ui_localization,audit_flag_manual_review:extreme_length_ratio,reject,,
6890,kde4,Post-message:,Nhấn nút này để sửa cấu hình của SBD (Trình nhận dạng Ranh giới Câu) hoặc thêm các bộ lọc SBD.,extreme_length_ratio,ui_localization,audit_flag_manual_review:extreme_length_ratio,reject,,
6892,kde4,"Check the Pre-message box and enter a Pre-message, which will be spoken whenever a text job is interrupted by another message.",& Ngắt quãng,extreme_length_ratio,ui_localization,audit_flag_manual_review:extreme_length_ratio,reject,,
6893,kde4,& Pre-message:,Đánh dấu vào ô Âm thanh- Trước và chọn một tập tin âm thanh để nó được phát âm khi một tác vụ văn bản bị ngắt quãng bởi một thông báo khác.,extreme_length_ratio,ui_localization,audit_flag_manual_review:extreme_length_ratio,reject,,
6901,kde4,"Select the PCM device to be used for ALSA output. Select ""default"" to use the default ALSA device.",Âm thanh,extreme_length_ratio,hardware,audit_flag_manual_review:extreme_length_ratio,reject,,
6912,kde4,& Sentence boundary regular expression:,%,extreme_length_ratio,ui_localization,audit_flag_manual_review:extreme_length_ratio,reject,,
6915,kde4,& Language is:,Biểu thức chính quy giúp nhận dạng ranh giới giữa các câu văn trong văn bản.,extreme_length_ratio,ui_localization,audit_flag_manual_review:extreme_length_ratio,reject,,
6932,kde4,Speed:,Tham số:% t: Văn bản để phát âm% f: Tập tin (có thể là tập tin tạm thời) để chứa văn bản% l: Ngôn ngữ (mã 2 chữ cái)% w: Tập tin hoặc tập tin tạm thời dành cho âm thanh tạo ra,extreme_length_ratio,ui_localization,audit_flag_manual_review:extreme_length_ratio,reject,,
6933,kde4,"Sets the tone (frequency) of speech. Slide the slider to the left to lower the voice tone; to the right to increase tone. Anything less than 75 percent is considered ""low"", and anything greater than 125 percent is considered ""high"".",Giao diện Cấu hình Epos,extreme_length_ratio,ui_localization,audit_flag_manual_review:extreme_length_ratio,reject,,
6934,kde4,Pitch:,Đây là hộp thoại cấu hình cho trình tổng hợp giọng nói Epos cho tiếng Séc và Slovakia.,extreme_length_ratio,ui_localization,audit_flag_manual_review:extreme_length_ratio,reject,,
6935,kde4,"If the Epos server program will be found due to your PATH environment variable, simply enter ""epos"", otherwise enter the full path to the Epos server executable program.",Cấu hình Epos,extreme_length_ratio,coding;hardware;system,audit_flag_manual_review:extreme_length_ratio,reject,,
6939,kde4,Additional Options (advanced),"Cài đặt âm sắc (tần số) phát âm. Di chuyển thanh trượt sang trái để làm âm trầm đi; sang phải để làm giọng cao hơn. Giá trị nhỏ hơn 75% được gọi là ""trầm"", cao hơn 125% là ""cao"".",extreme_length_ratio,ui_localization;command_cli,audit_flag_manual_review:extreme_length_ratio,reject,,
6940,kde4,"Optional. Enter any server command line options here. To see available options, enter ""epos -h"" in a terminal. Do not use ""-o"".",Âm sắc:,extreme_length_ratio,ai_ml;system;ui_localization;command_cli,audit_flag_manual_review:extreme_length_ratio,reject,,
6943,kde4,Epos client:,"Nếu chương trình khách Epos sẽ được tìm thấy nhờ vào cài đặt ở biến môi trường PATH, chỉ cần nhập ""say"", nếu không, cần nhập đường dẫn đầy đủ đến trình khách Epos.",extreme_length_ratio,coding;command_cli,audit_flag_manual_review:extreme_length_ratio,reject,,
6949,kde4,"If Festival is in your PATH environment variable, just enter ""festival"", otherwise specify the full path to the Festival executable program.",Trình khách Epos:,extreme_length_ratio,coding;hardware,audit_flag_manual_review:extreme_length_ratio,reject,,
6950,kde4,& Select voice:,"Nhấn vào để thử cấu hình. Nếu chạy tốt, bạn sẽ nghe thấy một câu được phát âm.",extreme_length_ratio,ui_localization,audit_flag_manual_review:extreme_length_ratio,reject,,
6951,kde4,"Select a voice to speak text with. MultiSyn voices are high quality but are slow to load. If no voices are shown, check the Festival executable path. You must install at least one Festival voice. If you have installed a voice and still none are shown, check your Festival configuration. (See the README that comes with Festival.)",Giao diện Cấu hình Festival,extreme_length_ratio,ui_localization;command_cli;documentation,audit_flag_manual_review:extreme_length_ratio,reject,,
6952,kde4,& Rescan,Đây là hộp thoại để cấu hình trình tổng hợp giọng nói Festival trong chế độ tương tác.,extreme_length_ratio,ui_localization,audit_flag_manual_review:extreme_length_ratio,reject,,
6953,kde4,"Sets the volume (loudness) of speech. Slide the slider to the left to lower the volume; to the right to increase volume. Anything less than 75 percent is considered ""soft"", and anything greater than 125 percent is considered ""loud"".",Cấu hình Festival trong chế độ & Tương tác,extreme_length_ratio,ui_localization,audit_flag_manual_review:extreme_length_ratio,reject,,
6958,kde4,Click to test the configuration. Festival will be started and a test sentence will be spoken.,& Quét lại,extreme_length_ratio,command_cli,audit_flag_manual_review:extreme_length_ratio,reject,,
6959,kde4,Character encoding:,"Cài đặt âm lượng phát âm. Di chuyển thanh trượt sang trái để giảm âm lượng; sang phải để tăng âm lượng. Giá trị nhỏ hơn 75% được gọi là ""nhỏ"", cao hơn 125% là ""to"".",extreme_length_ratio,coding;command_cli,audit_flag_manual_review:extreme_length_ratio,reject,,
6963,kde4,& Flite executable path:,"Nếu đánh dấu, Festival sẽ khởi động và giọng này sẽ được tải khi Trình nền Văn bản sang Giọng nói (KTTSD) chạy. Đánh dấu nếu giọng này cần nhiều thời gian để tải vào Festival (như giọng MultiSyn), nếu không thì đừng đánh dấu.",extreme_length_ratio,ui_localization,audit_flag_manual_review:extreme_length_ratio,reject,,
6968,kde4,Test,Cấu hình Festival & Lite (flite),extreme_length_ratio,ui_localization,audit_flag_manual_review:extreme_length_ratio,reject,,
6977,kde4,Adjusts the speed of speech. Slide to left for slower speech; to the right for faster.,Cấu hình Hadifix,extreme_length_ratio,ui_localization,audit_flag_manual_review:extreme_length_ratio,reject,,
6978,kde4,Adjusts the pitch (tone) of speech. Slide to left for lower speech; to the right for higher.,Tuỳ chọn & Cơ bản,extreme_length_ratio,ui_localization,audit_flag_manual_review:extreme_length_ratio,reject,,
6980,kde4,txt2pho executable:,"Chọn một giọng cho phát âm. Nếu không có giọng nào hiện ra, kiểm tra lại cấu hình Mbrola. Bạn cần cài đặt ít nhất một giọng nói.",extreme_length_ratio,command_cli,audit_flag_manual_review:extreme_length_ratio,reject,,
6981,kde4,"If the txt2pho program is in your PATH environment variable, simply enter ""txt2pho"", otherwise specify the full path to the txt2pho executable program.",& Chọn...,extreme_length_ratio,coding;hardware,audit_flag_manual_review:extreme_length_ratio,reject,,
6990,kde4,"American Female, MBROLA","Nếu chương trình Mbrola đã nằm trong biến môi trường PATH, chỉ cần nhập ""mbrola"", nếu không, cần nhập đường dẫn đầy đủ đến trình Mbrola chạy được.",extreme_length_ratio,coding,audit_flag_manual_review:extreme_length_ratio,reject,,
6991,kde4,"American Male, MBROLA",Hộp lựa chọn này chỉ định bộ mã ký tự nào dùng cho đầu vào văn bản. Tiếng Việt dùng UTF- 8; đa số ngôn ngữ châu Âu dùng ISO- 8859- 1; tiếng Hungary dùng ISO- 8859- 2.,extreme_length_ratio,ui_localization,audit_flag_manual_review:extreme_length_ratio,reject,,
6992,kde4,British Male,Nhấn vào để thử. Bạn sẽ nghe thấy một câu được phát âm nếu mọi thứ chạy tốt.,extreme_length_ratio,ui_localization,audit_flag_manual_review:extreme_length_ratio,reject,,
7009,kde4,Polish Male,"Giọng nam tiếng Tây Ban Nha ở Mêxicô, OGCFestivalVoiceName",extreme_length_ratio,ui_localization,audit_flag_manual_review:extreme_length_ratio,reject,,
7029,kde4,& Add...,Giọng nữ tiếng Tây Ban Nha ở MỹFestivalVoiceName,extreme_length_ratio,ui_localization,audit_flag_manual_review:extreme_length_ratio,reject,,
7037,kde4,Unicode,Trình nhận dạng Ranh giới Câu Tiêu chuẩn,extreme_length_ratio,coding,audit_flag_manual_review:extreme_length_ratio,reject,,
7038,kde4,Invalid S S M L.,KTTS chưa được cấu hình. Cần có ít nhất một Máy phát âm được cấu hình. Bạn có muốn cấu hình nó bây giờ không?,extreme_length_ratio,ui_localization,audit_flag_manual_review:extreme_length_ratio,reject,,
7042,kde4,Querying Festival for available voices. This could take up to 15 seconds.,Latin1,extreme_length_ratio,ai_ml,audit_flag_manual_review:extreme_length_ratio,reject,,
7043,kde4,Testing. MultiSyn voices require several seconds to load. Please be patient.,Unicode,extreme_length_ratio,coding,audit_flag_manual_review:extreme_length_ratio,reject,,
7044,kde4,Unable to locate freetts. jar in your path. Please specify the path to freetts. jar in the Properties tab before using KDE Text-to-Speech,S S M L không hợp lệ.,extreme_length_ratio,ui_localization,audit_flag_manual_review:extreme_length_ratio,reject,,
7052,kde4,"Enter a DCOP Application ID. This filter will only apply to text jobs queued by that application. You may enter more than one ID separated by commas. If blank, this filter applies to text jobs queued by all applications. Tip: Use kdcop from the command line to get the Application IDs of running applications. Example: ""konversation, kvirc, ksirc, kopete""","Giọng nữ ""% 1""",extreme_length_ratio,command_cli,audit_flag_manual_review:extreme_length_ratio,reject,,
7053,kde4,"Enter a DCOP Application ID. This filter will only apply to text jobs queued by that application. You may enter more than one ID separated by commas. Use knotify to match all messages sent as KDE notifications. If blank, this filter applies to text jobs queued by all applications. Tip: Use kdcop from the command line to get the Application IDs of running applications. Example: ""konversation, kvirc, ksirc, kopete""","Giọng không rõ ""% 1""",extreme_length_ratio,command_cli,audit_flag_manual_review:extreme_length_ratio,reject,,
7054,kde4,& Tools,Trình bổ sung này được phân phối theo điều kiện của GPL phiên bản 2 hay mới hơn.,extreme_length_ratio,ui_localization,audit_flag_manual_review:extreme_length_ratio,reject,,
7056,kde4,Speak Text,Giới của tập tin giọng nói% 1 không thể xác định được.,extreme_length_ratio,ui_localization,audit_flag_manual_review:extreme_length_ratio,reject,,
7059,kde4,The D-Bus call say failed.,"Nhập một Mã số Ứng dụng DCOP. Bộ lọc này sẽ chỉ áp dụng cho các văn bản xếp hàng bởi ứng dụng có mã số này. Bạn có thể nhập nhiều Mã số, cách nhau bởi dấu phẩy. Nếu để trống, bộ lọc này sẽ được áp dụng cho mọi tác vụ văn bản xếp hàng bởi mọi ứng dụng. Gợi ý: Dùng lệnh kdcop để biết được Mã số của ứng dụng đang chạy. Ví dụ: ""konversation, kvirc, ksirc, kopete""",extreme_length_ratio,ai_ml;command_cli,audit_flag_manual_review:extreme_length_ratio,reject,,
7060,kde4,The D-Bus call setText failed.,"Nhập một Mã số Ứng dụng DCOP. Bộ lọc này sẽ chỉ áp dụng cho các văn bản xếp hàng bởi ứng dụng có mã số này. Bạn có thể nhập nhiều Mã số, cách nhau bởi dấu phẩy. Dùng knotify để khớp mọi thông báo gửi theo dạng thông báo của KDE. Nếu để trống, bộ lọc này sẽ được áp dụng cho mọi tác vụ văn bản xếp hàng bởi mọi ứng dụng. Gợi ý: Dùng lệnh kdcop để biết được Mã số của ứng dụng đang chạy. Ví dụ: ""konversation, kvirc, ksirc, kopete""",extreme_length_ratio,ai_ml;command_cli,audit_flag_manual_review:extreme_length_ratio,reject,,
7062,kde4,"Specify options to be passed to Epos client. Do not use -o. To see available options, enter ""say -h"" in a terminal. Do not use ""-o"".",Thanh công cụ chính,extreme_length_ratio,ai_ml;ui_localization;command_cli,audit_flag_manual_review:extreme_length_ratio,reject,,
7070,kde4,Click to remove a specific notification event from the list. You cannot remove the default event.,& Báo cáo,extreme_length_ratio,command_cli,audit_flag_manual_review:extreme_length_ratio,reject,,
7074,kde4,Click to test notification,Chỉ áp dụng cho các sự kiện mặc định. Không ảnh hưởng đến các sự kiện chỉ dành riêng cho ứng dụng. Chỉ có sự kiện hiện ra trong các lựa chọn của bạn sẽ được phát âm.,extreme_length_ratio,command_cli,audit_flag_manual_review:extreme_length_ratio,reject,,
7075,kde4,Click this button to test the notification. A sample message will be spoken. Note: The Text-to-Speech system must be enabled.,Báo cáo cần phát âm:,extreme_length_ratio,system;ui_localization;command_cli,audit_flag_manual_review:extreme_length_ratio,reject,,
7077,kde4,Action:,Nhấn vào để bỏ một sự kiện khỏi danh sách cần thông báo. Bạn không thể bỏ sự kiện mặc định.,extreme_length_ratio,ui_localization,audit_flag_manual_review:extreme_length_ratio,reject,,
7082,kde4,Event source:,Ấn nút để thử việc báo cáo. Một thông báo thử sẽ được phát âm. Chú ý: hệ thống Văn bản sang Tiếng nói phải được bật lên.,extreme_length_ratio,system;ui_localization,audit_flag_manual_review:extreme_length_ratio,reject,,
7083,kde4,Event,"Chỉ định việc KTTS phát âm như nào khi có một sự kiện được báo cáo. Nếu bạn chọn"" Phát âm văn bản tuỳ thích "", nhập văn bản vào trong ô soạn thảo. Bạn có thể dùng các cách viết sau trong ô soạn thảo:% e Tên của sự kiện% a Ứng dụng gửi ra sự kiện% m Thông báo gửi ra bởi ứng dụng",extreme_length_ratio,ui_localization,audit_flag_manual_review:extreme_length_ratio,reject,,
7085,kde4,Application/ Event,"Nếu đánh dấu ô này, KTTS sẽ được bật, các sự kiện được ứng dụng báo qua ""Báo K"" sẽ được phát âm theo các cài đặt trong trang này.",extreme_length_ratio,command_cli,audit_flag_manual_review:extreme_length_ratio,reject,,
7087,kde4,Talker,"Nếu đánh dấu ô này, các sự kiện thông báo đã có chuông báo sẵn sẽ không được phát âm.",extreme_length_ratio,ui_localization,audit_flag_manual_review:extreme_length_ratio,reject,,
7100,kde4,none,Danh sách Sự kiện Thông báo,extreme_length_ratio,ui_localization,audit_flag_manual_review:extreme_length_ratio,reject,,
7105,kde4,Configure and schedule tasks,Name,extreme_length_ratio,ui_localization,audit_flag_manual_review:extreme_length_ratio,reject,,
7130,kde4,DEB Stats,"lilo, boot, khởi động, bootup, mở máy, quản lý khởi động, boot manager, linux, Other OS, hệ điều hành, HĐH, MBR, khởi chạy, startup, startName",extreme_length_ratio,system,audit_flag_manual_review:extreme_length_ratio,reject,,
7256,kde4,",",", Hour:: Minute list",extreme_length_ratio,ui_localization,audit_flag_manual_review:extreme_length_ratio,reject,,
7384,kde4,Print crontab,In Crontab,language_suspect,ui_localization,audit_flag_manual_review:language_suspect,reject,,
7408,kde4,Print Cron Tab,In Crontab,language_suspect,ui_localization,audit_flag_manual_review:language_suspect,reject,,
7426,kde4,Only local or mounted files can be executed by crontab.,& Duyệt...,extreme_length_ratio,ui_localization,audit_flag_manual_review:extreme_length_ratio,reject,,
7428,kde4,%1,Crontab chỉ có khả năng thực hiện các tập tin cục bộ hay đã lắp thôi.,extreme_length_ratio,ui_localization,audit_flag_manual_review:extreme_length_ratio,reject,,
7675,kde4,"FAILED to remove %1 from %2: ""%3""","FAILED to remove% 1 from% 2: ""% 3""",language_suspect,ai_ml,audit_flag_manual_review:language_suspect,reject,,
7681,kde4,"FAILED to create %1 in %2: ""%3""","FAILED to create% 1 in% 2: ""% 3""",language_suspect,ai_ml,audit_flag_manual_review:language_suspect,reject,,
7691,kde4,Path Configuration,NAME OF TRANSLATORS,language_suspect,ui_localization,audit_flag_manual_review:language_suspect,reject,,
7793,kde4,Theme that matches current system colors (Optimized with Oxygen style),Name,extreme_length_ratio,system,audit_flag_manual_review:extreme_length_ratio,reject,,
7795,kde4,A consistent looking theme with an elegant touch.,Name,extreme_length_ratio,ui_localization,audit_flag_manual_review:extreme_length_ratio,reject,,
7797,kde4,An elegant theme for plasma,Name,extreme_length_ratio,ui_localization,audit_flag_manual_review:extreme_length_ratio,reject,,
7801,kde4,Transparent slim theme,Name,extreme_length_ratio,ui_localization,audit_flag_manual_review:extreme_length_ratio,reject,,
7803,kde4,Slick theme for dark wallpapers,Name,extreme_length_ratio,ui_localization,audit_flag_manual_review:extreme_length_ratio,reject,,
8080,kde4,There is Rain on the Table,Name,extreme_length_ratio,ai_ml,audit_flag_manual_review:extreme_length_ratio,reject,,
8083,kde4,Beach Reflecting Clouds,Name,extreme_length_ratio,ui_localization,audit_flag_manual_review:extreme_length_ratio,reject,,
8402,kde4,Delay:,Khoảng thời gian giữa các hình ảnh:,extreme_length_ratio,ui_localization,audit_flag_manual_review:extreme_length_ratio,reject,,
9354,kde4,Sonar,Thiết bị phát hiện tàu ngầm,extreme_length_ratio,hardware,audit_flag_manual_review:extreme_length_ratio,reject,,
9535,kde4,This service allows configuration of the Dolphin navigation.,Name,extreme_length_ratio,system,audit_flag_manual_review:extreme_length_ratio,reject,,
9542,kde4,This service allows configuration of the Dolphin view modes.,Name,extreme_length_ratio,system,audit_flag_manual_review:extreme_length_ratio,reject,,
9547,kde4,or,ForteComment,extreme_length_ratio,ui_localization,audit_flag_manual_review:extreme_length_ratio,reject,,
9559,kde4,"in bytes, for example > 1000",Name,extreme_length_ratio,ui_localization,audit_flag_manual_review:extreme_length_ratio,reject,,
9563,kde4,for example > 1999-10-10,Name,extreme_length_ratio,ui_localization,audit_flag_manual_review:extreme_length_ratio,reject,,
9565,kde4,Version Control Plugin for File Views,Name,extreme_length_ratio,ui_localization,audit_flag_manual_review:extreme_length_ratio,reject,,
9688,kde4,GV,GVGenericName,extreme_length_ratio,ui_localization,audit_flag_manual_review:extreme_length_ratio,reject,,
9704,kde4,XV,XVGenericName,extreme_length_ratio,ui_localization,audit_flag_manual_review:extreme_length_ratio,reject,,
9787,kde4,ams,Trò chơiGenericName,extreme_length_ratio,ui_localization,audit_flag_manual_review:extreme_length_ratio,reject,,
9788,kde4,Alsa Modular Synthesizer,Name,extreme_length_ratio,ui_localization,audit_flag_manual_review:extreme_length_ratio,reject,,
9790,kde4,Retro Analog - Modeling Softsynth,Name,extreme_length_ratio,ai_ml,audit_flag_manual_review:extreme_length_ratio,reject,,
9792,kde4,Multitrack Audio Studio,Name,extreme_length_ratio,ui_localization,audit_flag_manual_review:extreme_length_ratio,reject,,
9823,kde4,Dual Channel VU-Meter,Name,extreme_length_ratio,ui_localization,audit_flag_manual_review:extreme_length_ratio,reject,,
9839,kde4,Control for FluidSynth,Name,extreme_length_ratio,ui_localization,audit_flag_manual_review:extreme_length_ratio,reject,,
10006,kde4,Print...,In... Name,language_suspect,ui_localization,audit_flag_manual_review:language_suspect,reject,,
10097,kde4,Konsole default profile,Name,extreme_length_ratio,ui_localization,audit_flag_manual_review:extreme_length_ratio,reject,,
10101,kde4,Bell emitted within a visible session,Name,extreme_length_ratio,ui_localization,audit_flag_manual_review:extreme_length_ratio,reject,,
10103,kde4,Bell emitted within a non-visible session,Name,extreme_length_ratio,ui_localization,audit_flag_manual_review:extreme_length_ratio,reject,,
10105,kde4,Activity detected in a monitored session,Name,extreme_length_ratio,ui_localization,audit_flag_manual_review:extreme_length_ratio,reject,,
10107,kde4,Silence detected in a monitored session,Name,extreme_length_ratio,ui_localization,audit_flag_manual_review:extreme_length_ratio,reject,,
10108,kde4,Session Finished With Non-Zero Status,Comment,extreme_length_ratio,ui_localization,audit_flag_manual_review:extreme_length_ratio,reject,,
10109,kde4,A session has exited with non-zero status,Name,extreme_length_ratio,ui_localization,audit_flag_manual_review:extreme_length_ratio,reject,,
10153,kde4,Display the contents of folders (User's home folder as default),Name,extreme_length_ratio,ui_localization,audit_flag_manual_review:extreme_length_ratio,reject,,
10154,kde4,Open Collaboration Services provider management,Comment,extreme_length_ratio,system,audit_flag_manual_review:extreme_length_ratio,reject,,
10155,kde4,Manage Open Collaboration Services providers,Name,extreme_length_ratio,system,audit_flag_manual_review:extreme_length_ratio,reject,,
10157,kde4,A breath of fresh air,Name,extreme_length_ratio,ai_ml,audit_flag_manual_review:extreme_length_ratio,reject,,
10169,kde4,Here you can select the window manager to be run in your KDE session.,Name,extreme_length_ratio,ui_localization,audit_flag_manual_review:extreme_length_ratio,reject,,
10172,kde4,Compiz custom (create wrapper script'compiz-kde-launcher 'to launch it),Name,extreme_length_ratio,coding,audit_flag_manual_review:extreme_length_ratio,reject,,
10199,kde4,An application registered new global shortcuts.,Name,extreme_length_ratio,ui_localization,audit_flag_manual_review:extreme_length_ratio,reject,,
10201,kde4,The user triggered a global shortcut,Name,extreme_length_ratio,ui_localization,audit_flag_manual_review:extreme_length_ratio,reject,,
10249,kde4,Keeps track of the network and updates directory listings of the network: / protocol,Name,extreme_length_ratio,system,audit_flag_manual_review:extreme_length_ratio,reject,,
10265,kde4,Microsoft Windows Executables,Name,extreme_length_ratio,system;ui_localization,audit_flag_manual_review:extreme_length_ratio,reject,,
10267,kde4,This service allows configuration of the trash.,Comment,extreme_length_ratio,system,audit_flag_manual_review:extreme_length_ratio,reject,,
10274,kde4,The trash has been emptied,Name,extreme_length_ratio,ui_localization,audit_flag_manual_review:extreme_length_ratio,reject,,
10276,kde4,The end of the list of matches has been reached,Name,extreme_length_ratio,ui_localization,audit_flag_manual_review:extreme_length_ratio,reject,,
10278,kde4,No matching completion was found,Name,extreme_length_ratio,ui_localization,audit_flag_manual_review:extreme_length_ratio,reject,,
10280,kde4,There is more than one possible match,Name,extreme_length_ratio,ui_localization,audit_flag_manual_review:extreme_length_ratio,reject,,
10282,kde4,There was a serious error causing the program to exit,Name,extreme_length_ratio,coding;hardware,audit_flag_manual_review:extreme_length_ratio,reject,,
10284,kde4,Something special happened in the program,Name,extreme_length_ratio,coding;hardware,audit_flag_manual_review:extreme_length_ratio,reject,,
10286,kde4,There was an error in the program which may cause problems,Name,extreme_length_ratio,coding;hardware,audit_flag_manual_review:extreme_length_ratio,reject,,
10288,kde4,"A very serious error occurred, at least causing the program to exit",Name,extreme_length_ratio,coding;hardware,audit_flag_manual_review:extreme_length_ratio,reject,,
10296,kde4,A print error has occurred,Name,extreme_length_ratio,ui_localization,audit_flag_manual_review:extreme_length_ratio,reject,,
10298,kde4,An information message is being shown,Name,extreme_length_ratio,ui_localization,audit_flag_manual_review:extreme_length_ratio,reject,,
10300,kde4,A warning message is being shown,Name,extreme_length_ratio,ui_localization,audit_flag_manual_review:extreme_length_ratio,reject,,
10302,kde4,A critical message is being shown,Name,extreme_length_ratio,ui_localization,audit_flag_manual_review:extreme_length_ratio,reject,,
10304,kde4,A question is being asked,Name,extreme_length_ratio,ui_localization,audit_flag_manual_review:extreme_length_ratio,reject,,
10310,kde4,Password caching support,Name,extreme_length_ratio,ui_localization,audit_flag_manual_review:extreme_length_ratio,reject,,
10312,kde4,A style that works well with high contrast color schemes,Comment,extreme_length_ratio,ui_localization,audit_flag_manual_review:extreme_length_ratio,reject,,
10315,kde4,B3/ Modification of B2,Name,extreme_length_ratio,ui_localization,audit_flag_manual_review:extreme_length_ratio,reject,,
10317,kde4,Unthemed BeOS-like style,Name,extreme_length_ratio,ui_localization,audit_flag_manual_review:extreme_length_ratio,reject,,
10321,kde4,Highcolor version of the classic style,Name,extreme_length_ratio,coding,audit_flag_manual_review:extreme_length_ratio,reject,,
10323,kde4,A style using alphablending,Name,extreme_length_ratio,ui_localization,audit_flag_manual_review:extreme_length_ratio,reject,,
10325,kde4,Second revision of the simple and elegant'Light 'widget style.,Name,extreme_length_ratio,ui_localization,audit_flag_manual_review:extreme_length_ratio,reject,,
10327,kde4,Third revision of the simple and elegant'Light 'widget style.,Name,extreme_length_ratio,ui_localization,audit_flag_manual_review:extreme_length_ratio,reject,,
10328,kde4,MegaGradient highcolor style,Name,extreme_length_ratio,ui_localization,audit_flag_manual_review:extreme_length_ratio,reject,,
10330,kde4,Built-in unthemed CDE style,Name,extreme_length_ratio,ui_localization,audit_flag_manual_review:extreme_length_ratio,reject,,
10332,kde4,Built-in unthemed style similar to Clearlooks from GNOME,Name,extreme_length_ratio,ui_localization,audit_flag_manual_review:extreme_length_ratio,reject,,
10334,kde4,Style that uses the GTK+ theming engine,Name,extreme_length_ratio,ui_localization,audit_flag_manual_review:extreme_length_ratio,reject,,
10336,kde4,Style that uses the Apple Appearance Manager,Name,extreme_length_ratio,ui_localization,audit_flag_manual_review:extreme_length_ratio,reject,,
10338,kde4,Built-in enhanced Motif style,Name,extreme_length_ratio,ui_localization,audit_flag_manual_review:extreme_length_ratio,reject,,
10340,kde4,Built-in unthemed Motif style,Name,extreme_length_ratio,ui_localization,audit_flag_manual_review:extreme_length_ratio,reject,,
10342,kde4,Built-in unthemed style similar to Plastik from KDE3,Name,extreme_length_ratio,ui_localization,audit_flag_manual_review:extreme_length_ratio,reject,,
10344,kde4,Built-in unthemed Platinum style,Name,extreme_length_ratio,ui_localization,audit_flag_manual_review:extreme_length_ratio,reject,,
10350,kde4,Style that uses the Windows Vista style engine,Comment,extreme_length_ratio,system;ui_localization,audit_flag_manual_review:extreme_length_ratio,reject,,
10352,kde4,Style that uses the Windows XP style engine,Name,extreme_length_ratio,system;ui_localization,audit_flag_manual_review:extreme_length_ratio,reject,,
10405,kde4,CNRTL/ TILF French dictionary,Query,extreme_length_ratio,ui_localization,audit_flag_manual_review:extreme_length_ratio,reject,,
10561,kde4,The KDE Wallet Daemon requests a password,Name,extreme_length_ratio,ui_localization,audit_flag_manual_review:extreme_length_ratio,reject,,
10784,kde4,Tokelau,To- ke- lauName,language_suspect,ui_localization,audit_flag_manual_review:language_suspect,reject,,
10851,kde4,Chilean Unidad de Fomento,Name,extreme_length_ratio,ui_localization,audit_flag_manual_review:extreme_length_ratio,reject,,
10855,kde4,Colombian Unidad de Valor Real,Name,extreme_length_ratio,ui_localization,audit_flag_manual_review:extreme_length_ratio,reject,,
10857,kde4,Cuban Convertible Peso,Name,extreme_length_ratio,ui_localization,audit_flag_manual_review:extreme_length_ratio,reject,,
10877,kde4,British Pound Sterling,Name,extreme_length_ratio,ui_localization,audit_flag_manual_review:extreme_length_ratio,reject,,
10937,kde4,Mexican Unidad de Inversion,Name,extreme_length_ratio,ui_localization,audit_flag_manual_review:extreme_length_ratio,reject,,
10942,kde4,Nicaraguan Cordoba Oro,Name,extreme_length_ratio,ui_localization,audit_flag_manual_review:extreme_length_ratio,reject,,
10977,kde4,São Tomé and Príncipe Dobra,Xao Tô- me và Pợ- rinh- xi- peName,language_suspect,ui_localization,audit_flag_manual_review:language_suspect,reject,,
10987,kde4,Portuguese Timorese Escudo,Name,extreme_length_ratio,ui_localization,audit_flag_manual_review:extreme_length_ratio,reject,,
11000,kde4,Venezuelan Bolívar Fuerte,Name,language_suspect; extreme_length_ratio,ui_localization,audit_flag_manual_review:extreme_length_ratio;language_suspect,reject,,
11008,kde4,West African CFA Franc,Name,extreme_length_ratio,ui_localization,audit_flag_manual_review:extreme_length_ratio,reject,,
11015,kde4,Zimbabwean Dollar A/ 06,Name,extreme_length_ratio,ui_localization,audit_flag_manual_review:extreme_length_ratio,reject,,
11061,kde4,The Nepomuk file watch service for monitoring file changes,Comment,extreme_length_ratio,system,audit_flag_manual_review:extreme_length_ratio,reject,,
11062,kde4,Nepomuk Data Migration Level 1,Name,extreme_length_ratio,ui_localization,audit_flag_manual_review:extreme_length_ratio,reject,,
11069,kde4,The Nepomuk Semantic Desktop system could not be started,Name,extreme_length_ratio,system,audit_flag_manual_review:extreme_length_ratio,reject,,
11071,kde4,All Nepomuk data is converted to a new storage backend,Name,extreme_length_ratio,ui_localization,audit_flag_manual_review:extreme_length_ratio,reject,,
11073,kde4,Converting Nepomuk data to a new backend failed,Name,extreme_length_ratio,ai_ml,audit_flag_manual_review:extreme_length_ratio,reject,,
11078,kde4,Indexing of local files for fast searches has started.,Name,extreme_length_ratio,ui_localization,audit_flag_manual_review:extreme_length_ratio,reject,,
11080,kde4,The initial indexing of local files for fast desktop searches has completed.,Name,extreme_length_ratio,ui_localization,audit_flag_manual_review:extreme_length_ratio,reject,,
11082,kde4,File indexing has been suspended by the search service.,Name,extreme_length_ratio,system,audit_flag_manual_review:extreme_length_ratio,reject,,
11084,kde4,File indexing has been resumed by the search service.,Comment,extreme_length_ratio,system,audit_flag_manual_review:extreme_length_ratio,reject,,
11089,kde4,A server to centralize decisions and data of applications using Phonon,GenericName,extreme_length_ratio,system,audit_flag_manual_review:extreme_length_ratio,reject,,
11091,kde4,Phonon: KDE's Multimedia Library,Name,extreme_length_ratio,ui_localization,audit_flag_manual_review:extreme_length_ratio,reject,,
11093,kde4,Notification on automatic fallback if the preferred device is unavailable,Name,extreme_length_ratio,ai_ml;hardware,audit_flag_manual_review:extreme_length_ratio,reject,,
11097,kde4,Native Plasma widget written in JavaScript,Name,extreme_length_ratio,coding;ui_localization,audit_flag_manual_review:extreme_length_ratio,reject,,
11106,kde4,Allows to automatically release drives when their eject button is pushed,Name,extreme_length_ratio,ui_localization,audit_flag_manual_review:extreme_length_ratio,reject,,
11108,kde4,Configure automatic handling of removable storage media,Name,extreme_length_ratio,ui_localization,audit_flag_manual_review:extreme_length_ratio,reject,,
11110,kde4,"Automatically mounts devices when they are plugged in, or at login",Name,extreme_length_ratio,hardware,audit_flag_manual_review:extreme_length_ratio,reject,,
11112,kde4,"A User Interface server for Solid, the hardware detection system",Name,extreme_length_ratio,hardware;system;ui_localization,audit_flag_manual_review:extreme_length_ratio,reject,,
11115,kde4,A modifier key (e. g. Shift or Ctrl) has changed its state and is now active,Name,extreme_length_ratio,ui_localization,audit_flag_manual_review:extreme_length_ratio,reject,,
11117,kde4,A modifier key (e. g. Shift or Ctrl) has changed its state and is now inactive,Name,extreme_length_ratio,ui_localization,audit_flag_manual_review:extreme_length_ratio,reject,,
11119,kde4,A modifier key (e. g. Shift or Ctrl) has been locked and is now active for all of the following keypresses,Name,extreme_length_ratio,ui_localization,audit_flag_manual_review:extreme_length_ratio,reject,,
11121,kde4,A lock key (e. g. Caps Lock or Num Lock) has changed its state and is now active,Name,extreme_length_ratio,ui_localization,audit_flag_manual_review:extreme_length_ratio,reject,,
11123,kde4,A lock key (e. g. Caps Lock or Num Lock) has changed its state and is now inactive,Name,extreme_length_ratio,ui_localization,audit_flag_manual_review:extreme_length_ratio,reject,,
11124,kde4,Sticky keys has been enabled or disabled,Name,extreme_length_ratio,ui_localization,audit_flag_manual_review:extreme_length_ratio,reject,,
11125,kde4,Slow keys has been enabled or disabled,Name,extreme_length_ratio,ui_localization,audit_flag_manual_review:extreme_length_ratio,reject,,
11126,kde4,Bounce keys has been enabled or disabled,Name,extreme_length_ratio,ui_localization,audit_flag_manual_review:extreme_length_ratio,reject,,
11127,kde4,Mouse keys has been enabled or disabled,Comment,extreme_length_ratio,ui_localization,audit_flag_manual_review:extreme_length_ratio,reject,,
11130,kde4,A configuration tool for managing which programs start up with KDE.,Name,extreme_length_ratio,coding;hardware,audit_flag_manual_review:extreme_length_ratio,reject,,
11175,kde4,Modifying the system-wide font configuration requires privileges.,Name,extreme_length_ratio,system,audit_flag_manual_review:extreme_length_ratio,reject,,
11189,kde4,Detecting RANDR (monitor) changes,Name,extreme_length_ratio,ui_localization,audit_flag_manual_review:extreme_length_ratio,reject,,
11201,kde4,Global options for the Plasma workspace,Name,extreme_length_ratio,ui_localization,audit_flag_manual_review:extreme_length_ratio,reject,,
11301,kde4,"KHotKeys daemon. No daemon, no hotkeys.",Name,extreme_length_ratio,ui_localization,audit_flag_manual_review:extreme_length_ratio,reject,,
11316,kde4,"Read the comment on the ""Type'Hello '"" action first.\\ Qt Designer uses Ctrl+F4 for closing windows. In KDE, however, Ctrl+F4 is the shortcut for going to virtual desktop 4, so this shortcut does not work in QT Designer. Further, Qt Designer does not use KDE's standard Ctrl+W for closing the window.\\ This problem can be solved by remapping Ctrl+W to Ctrl+F4 when the active window is Qt Designer. When Qt Designer is active, every time Ctrl+W is pressed, Ctrl+F4 will be sent to Qt Designer instead. In other applications, the effect of Ctrl+W is unchanged.\\ We now need to specify three things: A new shortcut trigger on'Ctrl+W', a new keyboard input action sending Ctrl+F4, and a new condition that the active window is Qt Designer.\ Qt Designer seems to always have title'Qt Designer by Trolltech ', so the condition will check for the active window having that title.","Trước tiên hãy đọc chú thích về hành động « Type 'Hello' ».\\ Chương trình thiết kế Qt Designer dùng tổ hợp phím Ctrl+F4 để đóng cửa sổ (có lẽ vỉ hệ điều hành MS Windows làm như thế * nhún vai *). Tuy nhiên, tổ hợp phím Ctrl+F4 trong KDE đại diện hành động chuyển sang màn hình nền ảo số 4, vì thế nó không hoạt động được trong trình Qt Designer; hơn nữa, Qt Designer không dùng tổ hợp chuẩn của KDE Ctrl+W để đong cửa sổ.\\ Vẫn còn có khả năng giải quyết vấn đề này bằng cách ánh xạ lại Ctrl+W với Ctrl+F4 khi cửa sổ hoạt động là Qt Designer. Khi Qt Designer đang hoạt động, mỗi lần bấm Ctrl+W thì Ctrl+F4 được gửi cho Qt Designer thay thế. Trong các ứng dụng khác, Ctrl+W tiếp tục hoạt động bằng cách chuẩn, tất nhiên.\\ Chúng ta giờ cần phải ghi rõ ba điều: một bộ gây nên lối tắt mới trên 'Ctrl+W', một hành động nhập bàn phím mới mà gửi Ctrl+F4, và một điều kiện mới rằng cửa sổ hiện thời hoạt động là Qt Designer.\ Qt Designer có vẻ luôn luôn có tựa « Qt Designer by Trolltech », vậy điều kiện này sẽ kiểm tra cửa sổ hoạt động có tựa đó không. Name",very_long_pair,ai_ml;system;ui_localization,audit_flag_manual_review:very_long_pair,approve,,
11390,kde4,The screen saver has been started,Name,extreme_length_ratio,ui_localization,audit_flag_manual_review:extreme_length_ratio,reject,,
11392,kde4,The screen has been locked,Name,extreme_length_ratio,ui_localization,audit_flag_manual_review:extreme_length_ratio,reject,,
11394,kde4,The screen saver has finished,Name,extreme_length_ratio,ui_localization,audit_flag_manual_review:extreme_length_ratio,reject,,
11396,kde4,The screen has been unlocked,Name,extreme_length_ratio,ui_localization,audit_flag_manual_review:extreme_length_ratio,reject,,
11398,kde4,Failed attempt to unlock the screen,Name,extreme_length_ratio,ai_ml;ui_localization,audit_flag_manual_review:extreme_length_ratio,reject,,
11411,kde4,Search pattern matched,Name,extreme_length_ratio,ui_localization,audit_flag_manual_review:extreme_length_ratio,reject,,
11413,kde4,Sensor exceeded critical limit,Name,extreme_length_ratio,ui_localization,audit_flag_manual_review:extreme_length_ratio,reject,,
11414,kde4,Aurorae Decoration Theme Engine,Name,extreme_length_ratio,ui_localization,audit_flag_manual_review:extreme_length_ratio,reject,,
11416,kde4,An example theme based on the Air desktop theme.,Name,extreme_length_ratio,ai_ml,audit_flag_manual_review:extreme_length_ratio,reject,,
11432,kde4,Display thumbnails of windows in the alt+tab window switcher,Name,extreme_length_ratio,ai_ml;system;ui_localization,audit_flag_manual_review:extreme_length_ratio,reject,,
11434,kde4,Display a Cover Flow effect for the alt+tab window switcher,Name,extreme_length_ratio,ui_localization,audit_flag_manual_review:extreme_length_ratio,reject,,
11438,kde4,Animate desktop switching with a cube,Name,extreme_length_ratio,ui_localization,audit_flag_manual_review:extreme_length_ratio,reject,,
11440,kde4,Zoom out so all desktops are displayed side-by-side in a grid,Name,extreme_length_ratio,ui_localization,audit_flag_manual_review:extreme_length_ratio,reject,,
11446,kde4,Darkens the entire screen when requesting root privileges,Name,extreme_length_ratio,ui_localization,audit_flag_manual_review:extreme_length_ratio,reject,,
11450,kde4,Fade between virtual desktops when switching between them,Name,extreme_length_ratio,ui_localization,audit_flag_manual_review:extreme_length_ratio,reject,,
11454,kde4,Closed windows fall into pieces,Name,extreme_length_ratio,system;ui_localization,audit_flag_manual_review:extreme_length_ratio,reject,,
11456,kde4,Flip through windows that are in a stack for the alt+tab window switcher,Name,extreme_length_ratio,system;ui_localization,audit_flag_manual_review:extreme_length_ratio,reject,,
11458,kde4,Highlight the appropriate window when hovering over taskbar entries,Name,extreme_length_ratio,ui_localization,audit_flag_manual_review:extreme_length_ratio,reject,,
11460,kde4,Inverts the color of the desktop and windows,Comment,extreme_length_ratio,system;ui_localization,audit_flag_manual_review:extreme_length_ratio,reject,,
11462,kde4,Smoothly fade to the desktop when logging in,Comment,extreme_length_ratio,ui_localization,audit_flag_manual_review:extreme_length_ratio,reject,,
11463,kde4,Desaturate the desktop when displaying the logout dialog,Name,extreme_length_ratio,ui_localization,audit_flag_manual_review:extreme_length_ratio,reject,,
11465,kde4,A screen magnifier that looks like a fisheye lens,Name,extreme_length_ratio,ui_localization,audit_flag_manual_review:extreme_length_ratio,reject,,
11475,kde4,Zoom out until all opened windows can be displayed side-by-side,Name,extreme_length_ratio,system;ui_localization,audit_flag_manual_review:extreme_length_ratio,reject,,
11477,kde4,Effect to outline geometry while resizing a window,Name,extreme_length_ratio,ui_localization,audit_flag_manual_review:extreme_length_ratio,reject,,
11483,kde4,Make the entire desktop look sharper,Name,extreme_length_ratio,ui_localization,audit_flag_manual_review:extreme_length_ratio,reject,,
11487,kde4,Display KWin's performance in the corner of the screen,Name,extreme_length_ratio,ui_localization,audit_flag_manual_review:extreme_length_ratio,reject,,
11489,kde4,Highlight areas of the desktop that have been recently updated,Name,extreme_length_ratio,ui_localization,audit_flag_manual_review:extreme_length_ratio,reject,,
11497,kde4,Help you locate the center of the screen when moving a window.,Name,extreme_length_ratio,ui_localization,audit_flag_manual_review:extreme_length_ratio,reject,,
11501,kde4,Display window thumbnails when hovering over taskbar entries,Name,extreme_length_ratio,ai_ml;ui_localization,audit_flag_manual_review:extreme_length_ratio,reject,,
11522,kde4,Display window thumbnails on the edge of the screen,Name,extreme_length_ratio,ai_ml;ui_localization,audit_flag_manual_review:extreme_length_ratio,reject,,
11524,kde4,Display a mouse cursor locating effect when activated,Name,extreme_length_ratio,ui_localization,audit_flag_manual_review:extreme_length_ratio,reject,,
11526,kde4,Make windows translucent under different conditions,Name,extreme_length_ratio,system;ui_localization,audit_flag_manual_review:extreme_length_ratio,reject,,
11555,kde4,Virtual desktop one is selected,Name,extreme_length_ratio,ui_localization,audit_flag_manual_review:extreme_length_ratio,reject,,
11561,kde4,Virtual desktop four is selected,Name,extreme_length_ratio,ui_localization,audit_flag_manual_review:extreme_length_ratio,reject,,
11575,kde4,Virtual desktop eleven is selected,Name,extreme_length_ratio,ui_localization,audit_flag_manual_review:extreme_length_ratio,reject,,
11577,kde4,Virtual desktop twelve is selected,Name,extreme_length_ratio,ui_localization,audit_flag_manual_review:extreme_length_ratio,reject,,
11581,kde4,Virtual desktop fourteen is selected,Name,extreme_length_ratio,ui_localization,audit_flag_manual_review:extreme_length_ratio,reject,,
11587,kde4,Virtual desktop seventeen is selected,Name,extreme_length_ratio,ui_localization,audit_flag_manual_review:extreme_length_ratio,reject,,
11595,kde4,Another window is activated,Name,extreme_length_ratio,ui_localization,audit_flag_manual_review:extreme_length_ratio,reject,,
11602,kde4,A window is shaded up,Name,extreme_length_ratio,ui_localization,audit_flag_manual_review:extreme_length_ratio,reject,,
11612,kde4,A window loses maximization,Name,extreme_length_ratio,ui_localization,audit_flag_manual_review:extreme_length_ratio,reject,,
11614,kde4,A window is made visible on all desktops,Name,extreme_length_ratio,ui_localization,audit_flag_manual_review:extreme_length_ratio,reject,,
11616,kde4,A Window is no longer visible on all desktops,Name,extreme_length_ratio,ui_localization,audit_flag_manual_review:extreme_length_ratio,reject,,
11620,kde4,Transient window (a dialog) is removed,Name,extreme_length_ratio,ui_localization,audit_flag_manual_review:extreme_length_ratio,reject,,
11622,kde4,A window has begun moving,Name,extreme_length_ratio,ui_localization,audit_flag_manual_review:extreme_length_ratio,reject,,
11624,kde4,A window has completed its moving,Name,extreme_length_ratio,ui_localization,audit_flag_manual_review:extreme_length_ratio,reject,,
11626,kde4,A window has begun resizing,Name,extreme_length_ratio,ui_localization,audit_flag_manual_review:extreme_length_ratio,reject,,
11628,kde4,A window has finished resizing,Name,extreme_length_ratio,ui_localization,audit_flag_manual_review:extreme_length_ratio,reject,,
11629,kde4,Window on Current Desktop Demands Attention,Comment,extreme_length_ratio,ui_localization,audit_flag_manual_review:extreme_length_ratio,reject,,
11630,kde4,A window on the current virtual desktop demands attention,Name,extreme_length_ratio,ui_localization,audit_flag_manual_review:extreme_length_ratio,reject,,
11631,kde4,Window on Other Desktop Demands Attention,Comment,extreme_length_ratio,ui_localization,audit_flag_manual_review:extreme_length_ratio,reject,,
11632,kde4,A window on an inactive virtual desktop demands attention,Name,extreme_length_ratio,ui_localization,audit_flag_manual_review:extreme_length_ratio,reject,,
11634,kde4,The compositing performance was too slow and compositing has been suspended,Name,extreme_length_ratio,ui_localization,audit_flag_manual_review:extreme_length_ratio,reject,,
11636,kde4,Another application has requested to suspend compositing.,Name,extreme_length_ratio,ui_localization,audit_flag_manual_review:extreme_length_ratio,reject,,
11638,kde4,Some effects are not supported by backend or hardware.,Name,extreme_length_ratio,hardware,audit_flag_manual_review:extreme_length_ratio,reject,,
11643,kde4,The daemon received a new message sent with wall(1) or write(1),Name,extreme_length_ratio,ui_localization,audit_flag_manual_review:extreme_length_ratio,reject,,
11644,kde4,KDED-module for screen-management,Name,extreme_length_ratio,ui_localization,audit_flag_manual_review:extreme_length_ratio,reject,,
11647,kde4,Sends a given signal to a given process,Name,extreme_length_ratio,system,audit_flag_manual_review:extreme_length_ratio,reject,,
11649,kde4,Change the niceness of a given process,Name,extreme_length_ratio,system,audit_flag_manual_review:extreme_length_ratio,reject,,
11651,kde4,Change how the read and writes of a given process are prioritized,Name,extreme_length_ratio,system,audit_flag_manual_review:extreme_length_ratio,reject,,
11653,kde4,Change which CPU scheduler is to schedule the running of a given process,Name,extreme_length_ratio,hardware;system,audit_flag_manual_review:extreme_length_ratio,reject,,
11665,kde4,Traditional menu based application launcher,Name,extreme_length_ratio,ui_localization,audit_flag_manual_review:extreme_length_ratio,reject,,
11667,kde4,Switch between virtual desktops,Name,extreme_length_ratio,ui_localization,audit_flag_manual_review:extreme_length_ratio,reject,,
11669,kde4,Switch between running applications,Name,extreme_length_ratio,ui_localization,audit_flag_manual_review:extreme_length_ratio,reject,,
11671,kde4,Access to deleted items,Name,extreme_length_ratio,ui_localization,audit_flag_manual_review:extreme_length_ratio,reject,,
11674,kde4,Default desktop containment,Name,extreme_length_ratio,ai_ml,audit_flag_manual_review:extreme_length_ratio,reject,,
11678,kde4,Interact with the Plasma desktop shell,Name,extreme_length_ratio,command_cli,audit_flag_manual_review:extreme_length_ratio,reject,,
11683,kde4,Tab bar to switch activities,Name,extreme_length_ratio,ui_localization,audit_flag_manual_review:extreme_length_ratio,reject,,
11687,kde4,See the power status of your battery,Name,extreme_length_ratio,ui_localization,audit_flag_manual_review:extreme_length_ratio,reject,,
11689,kde4,View and pick dates from the calendar,Comment,extreme_length_ratio,ui_localization,audit_flag_manual_review:extreme_length_ratio,reject,,
11694,kde4,Time displayed in a digital format,Name,extreme_length_ratio,ui_localization,audit_flag_manual_review:extreme_length_ratio,reject,,
11698,kde4,Lock the screen or log out,Name,extreme_length_ratio,ui_localization,audit_flag_manual_review:extreme_length_ratio,reject,,
11700,kde4,Reserve empty spaces within the panel.,Name,extreme_length_ratio,ui_localization,audit_flag_manual_review:extreme_length_ratio,reject,,
11706,kde4,A hard disk usage monitor,Name,extreme_length_ratio,hardware,audit_flag_manual_review:extreme_length_ratio,reject,,
11714,kde4,A system temperature monitor,Name,extreme_length_ratio,system,audit_flag_manual_review:extreme_length_ratio,reject,,
11717,kde4,Access hidden applications minimized in the system tray,Comment,extreme_length_ratio,system,audit_flag_manual_review:extreme_length_ratio,reject,,
11719,kde4,Keep track of applications that want to use the D-Bus based status notifier protocol.,Name,extreme_length_ratio,ui_localization,audit_flag_manual_review:extreme_length_ratio,reject,,
11723,kde4,The menu that normally shows on right-click,Name,extreme_length_ratio,ui_localization;command_cli,audit_flag_manual_review:extreme_length_ratio,reject,,
11726,kde4,Creates a widget from the contents of the clipboard,Name,extreme_length_ratio,ui_localization;command_cli,audit_flag_manual_review:extreme_length_ratio,reject,,
11728,kde4,Switch to another activity,Name,extreme_length_ratio,ui_localization,audit_flag_manual_review:extreme_length_ratio,reject,,
11730,kde4,Switch to another virtual desktop,Name,extreme_length_ratio,ui_localization,audit_flag_manual_review:extreme_length_ratio,reject,,
11733,kde4,A dummy plugin for testing,Name,extreme_length_ratio,ui_localization,audit_flag_manual_review:extreme_length_ratio,reject,,
11737,kde4,Application job updates (via kuiserver),Name,extreme_length_ratio,system,audit_flag_manual_review:extreme_length_ratio,reject,,
11739,kde4,Information and launching of all applications in the app menu.,GenericName,extreme_length_ratio,ui_localization,audit_flag_manual_review:extreme_length_ratio,reject,,
11742,kde4,Look up word meanings,Name,extreme_length_ratio,ui_localization,audit_flag_manual_review:extreme_length_ratio,reject,,
11746,kde4,Data Engine for getting favicons of web sites,Name,extreme_length_ratio,ui_localization,audit_flag_manual_review:extreme_length_ratio,reject,,
11752,kde4,Geolocation from GPS address.,Name,extreme_length_ratio,ui_localization,audit_flag_manual_review:extreme_length_ratio,reject,,
11756,kde4,Tracks hot-pluggable devices as they appear and disappear.,Name,extreme_length_ratio,hardware,audit_flag_manual_review:extreme_length_ratio,reject,,
11758,kde4,Keyboard modifier and mouse buttons states,Name,extreme_length_ratio,ui_localization,audit_flag_manual_review:extreme_length_ratio,reject,,
11761,kde4,Mouse position and cursor,Name,extreme_length_ratio,ui_localization,audit_flag_manual_review:extreme_length_ratio,reject,,
11764,kde4,Passive visual notifications for the user.,Name,extreme_length_ratio,ui_localization,audit_flag_manual_review:extreme_length_ratio,reject,,
11766,kde4,Lists currently playing music,Name,extreme_length_ratio,ui_localization,audit_flag_manual_review:extreme_length_ratio,reject,,
11768,kde4,"Places, as seen in the file manager and in file dialogs.",Comment,extreme_length_ratio,ui_localization,audit_flag_manual_review:extreme_length_ratio,reject,,
11770,kde4,"Battery, AC, sleep and PowerDevil information.",Name,extreme_length_ratio,ui_localization,audit_flag_manual_review:extreme_length_ratio,reject,,
11777,kde4,Information and management services for all available windows.,Name,extreme_length_ratio,ai_ml;system;ui_localization,audit_flag_manual_review:extreme_length_ratio,reject,,
11781,kde4,XML Data from the UK MET Office,Name,extreme_length_ratio,ai_ml,audit_flag_manual_review:extreme_length_ratio,reject,,
11783,kde4,XML Data from Environment Canada,Name,extreme_length_ratio,ai_ml,audit_flag_manual_review:extreme_length_ratio,reject,,
11785,kde4,XML Data from NOAA's National Weather Service,Name,extreme_length_ratio,ai_ml;system,audit_flag_manual_review:extreme_length_ratio,reject,,
11787,kde4,Weather forecast by wetter. com,Name,extreme_length_ratio,ui_localization,audit_flag_manual_review:extreme_length_ratio,reject,,
11789,kde4,Weather data from multiple online sources,Name,extreme_length_ratio,ui_localization,audit_flag_manual_review:extreme_length_ratio,reject,,
11794,kde4,Stop applications that are currently running,Name,extreme_length_ratio,ui_localization,audit_flag_manual_review:extreme_length_ratio,reject,,
11798,kde4,KRunner which performs desktop searches via Nepomuk,Name,extreme_length_ratio,ui_localization,audit_flag_manual_review:extreme_length_ratio,reject,,
11807,kde4,Executes shell commands,Name,extreme_length_ratio,command_cli,audit_flag_manual_review:extreme_length_ratio,reject,,
11808,kde4,Manage removable devices,Name,extreme_length_ratio,hardware,audit_flag_manual_review:extreme_length_ratio,reject,,
11809,kde4,Allows user to use Konqueror's Web shortcuts,Name,extreme_length_ratio,ui_localization,audit_flag_manual_review:extreme_length_ratio,reject,,
11810,kde4,List windows and desktops and switch them,Name,extreme_length_ratio,system;ui_localization,audit_flag_manual_review:extreme_length_ratio,reject,,
11814,kde4,Google Desktop Gadgets,Name,extreme_length_ratio,ui_localization,audit_flag_manual_review:extreme_length_ratio,reject,,
11816,kde4,Plasma widget support written in Python,Name,extreme_length_ratio,coding;ui_localization,audit_flag_manual_review:extreme_length_ratio,reject,,
11818,kde4,Plasma data engine support for Python,Name,extreme_length_ratio,coding,audit_flag_manual_review:extreme_length_ratio,reject,,
11827,kde4,Native Plasma widget written in Ruby,Name,extreme_length_ratio,ui_localization,audit_flag_manual_review:extreme_length_ratio,reject,,
11829,kde4,MacOS dashboard widget,Name,extreme_length_ratio,ui_localization,audit_flag_manual_review:extreme_length_ratio,reject,,
11833,kde4,MacOS X dashboard widget,Name,extreme_length_ratio,ui_localization,audit_flag_manual_review:extreme_length_ratio,reject,,
11835,kde4,Webpage widget using HTML and JavaScript,Name,extreme_length_ratio,coding;ai_ml;ui_localization,audit_flag_manual_review:extreme_length_ratio,reject,,
11842,kde4,Search Box for a given RunnerManager,Name,extreme_length_ratio,ui_localization,audit_flag_manual_review:extreme_length_ratio,reject,,
11843,kde4,Panel for Mobile Internet Devices,Name,extreme_length_ratio,hardware,audit_flag_manual_review:extreme_length_ratio,reject,,
11846,kde4,An activity that puts widgets on two columns,Comment,extreme_length_ratio,ui_localization,audit_flag_manual_review:extreme_length_ratio,reject,,
11850,kde4,Menu entry for The Plasma search and launch activity,Name,extreme_length_ratio,ui_localization,audit_flag_manual_review:extreme_length_ratio,reject,,
11853,kde4,List all your contacts,Name,extreme_length_ratio,ui_localization,audit_flag_manual_review:extreme_length_ratio,reject,,
11856,kde4,"Graphics applications, such as paint programs and image viewers",Comment,extreme_length_ratio,coding;ai_ml;hardware,audit_flag_manual_review:extreme_length_ratio,reject,,
11857,kde4,"Internet related applications, such as Web browser, Email and chat",Comment,extreme_length_ratio,ai_ml,audit_flag_manual_review:extreme_length_ratio,reject,,
11858,kde4,"Multimedia applications, such as audio and video players",Comment,extreme_length_ratio,ui_localization,audit_flag_manual_review:extreme_length_ratio,reject,,
11859,kde4,"Office related applications, such as wordprocessing and spreadsheets",Comment,extreme_length_ratio,system,audit_flag_manual_review:extreme_length_ratio,reject,,
11860,kde4,System preferences and setup programs,Comment,extreme_length_ratio,coding;hardware;system;documentation,audit_flag_manual_review:extreme_length_ratio,reject,,
11863,kde4,Engine to handle queries to SAL containment,Name,extreme_length_ratio,ai_ml,audit_flag_manual_review:extreme_length_ratio,reject,,
11866,kde4,Workspace shell for netbook devices.,Name,extreme_length_ratio,hardware;command_cli,audit_flag_manual_review:extreme_length_ratio,reject,,
11869,kde4,Customize individual desktop theme items,Name,extreme_length_ratio,ui_localization,audit_flag_manual_review:extreme_length_ratio,reject,,
11871,kde4,Set up policies for applications using PolicyKit,Comment,extreme_length_ratio,ui_localization,audit_flag_manual_review:extreme_length_ratio,reject,,
11874,kde4,Used for warning notifications,Name,extreme_length_ratio,ui_localization,audit_flag_manual_review:extreme_length_ratio,reject,,
11877,kde4,Notifies a critical event,Name,extreme_length_ratio,ui_localization,audit_flag_manual_review:extreme_length_ratio,reject,,
11879,kde4,Your battery has reached low level,Name,extreme_length_ratio,ui_localization,audit_flag_manual_review:extreme_length_ratio,reject,,
11881,kde4,Your battery has reached warning level,Name,extreme_length_ratio,ui_localization,audit_flag_manual_review:extreme_length_ratio,reject,,
11883,kde4,"Your battery has reached critical level. This notification triggers a countdown before doing the configured action, hence it is strongly advised to leave that on.",Comment,extreme_length_ratio,ui_localization,audit_flag_manual_review:extreme_length_ratio,reject,,
11885,kde4,The power adaptor has been plugged in,Name,extreme_length_ratio,ui_localization,audit_flag_manual_review:extreme_length_ratio,reject,,
11887,kde4,The power adaptor has been unplugged,Name,extreme_length_ratio,ui_localization,audit_flag_manual_review:extreme_length_ratio,reject,,
11889,kde4,There was an error while performing a job,Name,extreme_length_ratio,ui_localization,audit_flag_manual_review:extreme_length_ratio,reject,,
11891,kde4,The profile was changed,Name,extreme_length_ratio,ui_localization,audit_flag_manual_review:extreme_length_ratio,reject,,
11893,kde4,"This notification is displayed when a suspension job is about to be done, and it triggers a countdown. Hence, it is strongly advised to leave it on.",Name,extreme_length_ratio,ui_localization,audit_flag_manual_review:extreme_length_ratio,reject,,
11895,kde4,PowerDevil has triggered an internal error,Name,extreme_length_ratio,ui_localization,audit_flag_manual_review:extreme_length_ratio,reject,,
11897,kde4,The suspension has been inhibited because an application requested it,Name,extreme_length_ratio,ui_localization,audit_flag_manual_review:extreme_length_ratio,reject,,
11905,kde4,Linux Infrared Remote Control,Name,extreme_length_ratio,system,audit_flag_manual_review:extreme_length_ratio,reject,,
11907,kde4,Tracks status of network interfaces and provides notification to applications using the network.,Name,extreme_length_ratio,system,audit_flag_manual_review:extreme_length_ratio,reject,,
11949,kde4,Bus,Be- la- ruxợName,extreme_length_ratio,ui_localization,audit_flag_manual_review:extreme_length_ratio,reject,,
11967,kde4,A configuration tool for managing the actions available to the user when connecting new devices to the computer,Name,extreme_length_ratio,ai_ml;hardware,audit_flag_manual_review:extreme_length_ratio,reject,,
11978,kde4,Network & Connectivity,Name,extreme_length_ratio,system,audit_flag_manual_review:extreme_length_ratio,reject,,
11990,kde4,The KDE 4 icon view style,Name,extreme_length_ratio,ui_localization,audit_flag_manual_review:extreme_length_ratio,reject,,
11997,kde4,Finally Summer in Germany,Name,extreme_length_ratio,ui_localization,audit_flag_manual_review:extreme_length_ratio,reject,,
12006,kde4,Pataca,Một đồng hồ chấp nhận sắc thái SVGName,extreme_length_ratio,ui_localization,audit_flag_manual_review:extreme_length_ratio,reject,,
12020,kde4,Tiger,Một đồng hồ chấp nhận sắc thái SVGName,extreme_length_ratio,ui_localization,audit_flag_manual_review:extreme_length_ratio,reject,,
12047,kde4,Developer,Mô tả UA (Mozilla 1. 2. 1 trên hệ thống hiện thời) Name,extreme_length_ratio,system,audit_flag_manual_review:extreme_length_ratio,reject,,
12050,kde4,You might want to fix your program. Take a look at the backtrace below.,GIFName,extreme_length_ratio,coding;hardware,audit_flag_manual_review:extreme_length_ratio,reject,,
12054,kde4,SIGFPE,Trình khởi chạy Chương trình khác KDEName,extreme_length_ratio,ui_localization,audit_flag_manual_review:extreme_length_ratio,reject,,
12073,kde4,Oxygen Team,Bạn có khả năng cấu hình cách hoạt động của màn hình nền ở đâyComment,extreme_length_ratio,ui_localization,audit_flag_manual_review:extreme_length_ratio,reject,,
12122,kde4,Commit,Nhấn để thêm chú thích... @ info: status,extreme_length_ratio,ui_localization,audit_flag_manual_review:extreme_length_ratio,reject,,
12160,kde4,Rafael Fernández López,@ info: credit,language_suspect,ui_localization,audit_flag_manual_review:language_suspect,reject,,
12188,kde4,%A,@ title: group Date,extreme_length_ratio,ui_localization,audit_flag_manual_review:extreme_length_ratio,reject,,
12192,kde4,"Yesterday (%B, %Y)","Hôm qua@ title: group The week day name:% A,% B is full month name in current locale, and% Y is full year number",extreme_length_ratio,ui_localization,audit_flag_manual_review:extreme_length_ratio,reject,,
12193,kde4,"%A (%B, %Y)","@ title: group Date:% B is full month name in current locale, and% Y is full year number",language_suspect; extreme_length_ratio,ui_localization,audit_flag_manual_review:extreme_length_ratio;language_suspect,reject,,
12194,kde4,"Last Week (%B, %Y)","@ title: group Date:% B is full month name in current locale, and% Y is full year number",language_suspect,ui_localization,audit_flag_manual_review:language_suspect,reject,,
12195,kde4,"Two Weeks Ago (%B, %Y)","@ title: group Date:% B is full month name in current locale, and% Y is full year number",language_suspect,ui_localization,audit_flag_manual_review:language_suspect,reject,,
12196,kde4,"Three Weeks Ago (%B, %Y)","@ title: group Date:% B is full month name in current locale, and% Y is full year number",language_suspect,ui_localization,audit_flag_manual_review:language_suspect,reject,,
12197,kde4,"Earlier on %B, %Y","@ title: group The month and year:% B is full month name in current locale, and% Y is full year number",language_suspect; extreme_length_ratio,ui_localization,audit_flag_manual_review:extreme_length_ratio;language_suspect,reject,,
12198,kde4,"Read,","Nạp lại@ item: intext Access permission, concatenated",extreme_length_ratio,ui_localization,audit_flag_manual_review:extreme_length_ratio,reject,,
12199,kde4,"Write,","@ item: intext Access permission, concatenated",extreme_length_ratio,ui_localization,audit_flag_manual_review:extreme_length_ratio,reject,,
12200,kde4,"Execute,","@ item: intext Access permission, concatenated",extreme_length_ratio,ui_localization,audit_flag_manual_review:extreme_length_ratio,reject,,
12201,kde4,Forbidden,@ title: group Files and folders by permissions,language_suspect; extreme_length_ratio,ui_localization,audit_flag_manual_review:extreme_length_ratio;language_suspect,reject,,
12218,kde4,Add Tags,Nhấn để thêm chú thích... @ label: textbox,extreme_length_ratio,ui_localization,audit_flag_manual_review:extreme_length_ratio,reject,,
12266,kde4,"When this option is enabled, a preview of the file content is shown as an icon.",@ label,extreme_length_ratio,ui_localization,audit_flag_manual_review:extreme_length_ratio,reject,,
12269,kde4,"This option defines which attribute (name, size, date, etc.) sorting is performed on.",@ label,extreme_length_ratio,ui_localization,audit_flag_manual_review:extreme_length_ratio,reject,,
12322,kde4,Tag,Thẻ: @ label: textbox,extreme_length_ratio,ui_localization,audit_flag_manual_review:extreme_length_ratio,reject,,
12342,kde4,Date:,Ngày@ label Any (file size),extreme_length_ratio,ui_localization,audit_flag_manual_review:extreme_length_ratio,reject,,
12345,kde4,Tag:,Thẻ: @ label Any (rating),extreme_length_ratio,ui_localization,audit_flag_manual_review:extreme_length_ratio,reject,,
12443,kde4,with optional icon and description,Thẻ:,extreme_length_ratio,coding;ui_localization,audit_flag_manual_review:extreme_length_ratio,reject,,
12467,kde4,Paste One File,Mọi thiết lập sẽ bị đặt lại thành giá trị mặc định. Bạn vẫn muốn tiếp tục không?,extreme_length_ratio,ui_localization,audit_flag_manual_review:extreme_length_ratio,reject,,
12470,kde4,You can help us improve this software by filing a bug report.,@ info/ rich,extreme_length_ratio,ui_localization,audit_flag_manual_review:extreme_length_ratio,reject,,
12472,kde4,In order to generate a useful bug report we need some information about both the crash and your system. (You may also need to install some debug packages.),@ title,extreme_length_ratio,coding;system;command_cli,audit_flag_manual_review:extreme_length_ratio,reject,,
12474,kde4,"This assistant will guide you through the crash reporting process for the KDE Bug Reports Database Site. All the information you enter on the bug report must be in English, if possible, as KDE is formed internationally.",@ title,extreme_length_ratio,system;documentation,audit_flag_manual_review:extreme_length_ratio,reject,,
12476,kde4,In this page you need to describe how much do you know about the desktop and the application state before it crashed.,@ info/ rich,extreme_length_ratio,ui_localization,audit_flag_manual_review:extreme_length_ratio,reject,,
12477,kde4,"If you can, describe in as much detail as possible the crash circumstances, and what you were doing when the application crashed (this information is going to be requested later.) You can mention:",@ info/ rich crash situation example,extreme_length_ratio,ai_ml,audit_flag_manual_review:extreme_length_ratio,reject,,
12483,kde4,or other strange things you notice before or after the crash.,@ info/ rich,extreme_length_ratio,ui_localization,audit_flag_manual_review:extreme_length_ratio,reject,,
12484,kde4,Screenshots can be very helpful sometimes. You can attach them to the bug report after it is posted to the bug tracking system.,@ title,extreme_length_ratio,system;ui_localization,audit_flag_manual_review:extreme_length_ratio,reject,,
12486,kde4,"This page will generate a ""backtrace"" of the crash. This is information that tells the developers where the application crashed.",@ info/ rich,extreme_length_ratio,ui_localization,audit_flag_manual_review:extreme_length_ratio,reject,,
12487,kde4,"If the crash information is not detailed enough, you may need to install some debug packages and reload it (if the Install Debug Symbols button is available you can use it to automatically install the missing information.)",@ info/ rich,extreme_length_ratio,coding;ai_ml;system;ui_localization;command_cli,audit_flag_manual_review:extreme_length_ratio,reject,,
12488,kde4,"You can find more information about backtraces, what they mean, and how they are useful at %1",@ info/ rich,extreme_length_ratio,ui_localization,audit_flag_manual_review:extreme_length_ratio,reject,,
12489,kde4,Once you get a useful backtrace (or if you do not want to install the missing debugging packages) you can continue.,@ title,extreme_length_ratio,coding;system;command_cli,audit_flag_manual_review:extreme_length_ratio,reject,,
12491,kde4,"Using the quality of the crash information gathered, and your answers on the previous page, the assistant will tell you if the crash is worth reporting or not.",@ info/ rich,extreme_length_ratio,ui_localization,audit_flag_manual_review:extreme_length_ratio,reject,,
12492,kde4,"If the crash is worth reporting but the application is not supported in the KDE bug tracking system, you will need to directly contact the maintainer of the application.",@ info/ rich,extreme_length_ratio,ai_ml;system,audit_flag_manual_review:extreme_length_ratio,reject,,
12495,kde4,"We may need to contact you in the future to ask for further information. As we need to keep track of the bug reports, you need to have an account on the KDE bug tracking system. If you do not have one, you can create one here: %1",@ info/ rich,extreme_length_ratio,system,audit_flag_manual_review:extreme_length_ratio,reject,,
12496,kde4,"Then, enter your username and password and press the Login button. You can use this login to directly access the KDE bug tracking system later.",@ info/ rich,extreme_length_ratio,system;ui_localization,audit_flag_manual_review:extreme_length_ratio,reject,,
12499,kde4,"This page will search the bug report database for similar crashes which are possible duplicates of your bug. If there are similar bug reports found, you can double click on them to see details. Then, read the current bug report information so you can check to see if they are similar.",@ info/ rich,extreme_length_ratio,ai_ml;command_cli,audit_flag_manual_review:extreme_length_ratio,reject,,
12500,kde4,"If you are very sure your bug is the same as another that is previously reported, you can set your information to be attached to the existing report.",@ info/ rich,extreme_length_ratio,ui_localization,audit_flag_manual_review:extreme_length_ratio,reject,,
12501,kde4,"If you are unsure whether your report is the same, follow the main options to tentatively mark your crash as a duplicate of that report. This is usually the safest thing to do. We cannot uncombine bug reports, but we can easily merge them.",@ info/ rich,extreme_length_ratio,ai_ml;ui_localization,audit_flag_manual_review:extreme_length_ratio,reject,,
12502,kde4,"If not enough possible duplicates are found, or you did not find a similar report, then you can force it to search for more bug reports (only if the date range limit is not reached.)",@ info/ rich,extreme_length_ratio,ui_localization,audit_flag_manual_review:extreme_length_ratio,reject,,
12503,kde4,"If you do not find any related reports, your crash information is not useful enough, and you really cannot give additional information about the crash context, then it is better to not file the bug report, thereby closing the assistant.",@ title,extreme_length_ratio,ui_localization,audit_flag_manual_review:extreme_length_ratio,reject,,
12505,kde4,In this case you need to write a title and description of the crash. Explain as best you can.,@ info/ rich,extreme_length_ratio,coding;ai_ml,audit_flag_manual_review:extreme_length_ratio,reject,,
12506,kde4,You can also specify your distribution method (GNU/ Linux distribution or packaging system) or if you compiled the KDE Platform from sources.,@ info/ rich,extreme_length_ratio,system,audit_flag_manual_review:extreme_length_ratio,reject,,
12509,kde4,"The last page will send the bug report to the bug tracking system and will notify you when it is done. It will then show the web address of the bug report in the KDE bug tracking system, so that you can look at the report later.",@ info/ rich,extreme_length_ratio,system,audit_flag_manual_review:extreme_length_ratio,reject,,
12512,kde4,"If you are interested into helping us to organize bug reports allowing the developers to focus on fixing the real issues, join the BugSquad (#kde-bugs on FreeNode IRC)",@ action: button,extreme_length_ratio,ui_localization,audit_flag_manual_review:extreme_length_ratio,reject,,
12514,kde4,Use this button to reload the crash information (backtrace). This is useful when you have installed the proper debug symbol packages and you want to obtain a better backtrace.,@ action: button,extreme_length_ratio,coding;ai_ml;system;ui_localization;command_cli,audit_flag_manual_review:extreme_length_ratio,reject,,
12519,kde4,Loading crash information... (this may take some time),@ info,extreme_length_ratio,ui_localization,audit_flag_manual_review:extreme_length_ratio,reject,,
12520,kde4,Another debugger is currently debugging the same application. The crash information could not be fetched.,@ info: status,extreme_length_ratio,coding,audit_flag_manual_review:extreme_length_ratio,reject,,
12523,kde4,This crash information is useful,@ info,extreme_length_ratio,ui_localization,audit_flag_manual_review:extreme_length_ratio,reject,,
12524,kde4,This crash information may be useful,@ info,extreme_length_ratio,ui_localization,audit_flag_manual_review:extreme_length_ratio,reject,,
12525,kde4,This crash information is probably not useful,@ info,extreme_length_ratio,ui_localization,audit_flag_manual_review:extreme_length_ratio,reject,,
12526,kde4,This crash information is not useful,@ info,extreme_length_ratio,ui_localization,audit_flag_manual_review:extreme_length_ratio,reject,,
12527,kde4,The rating of this crash information is invalid. This is a bug in drkonqi itself.,@ info/ rich,extreme_length_ratio,ui_localization,audit_flag_manual_review:extreme_length_ratio,reject,,
12528,kde4,You can click the Install Debug Symbols button in order to automatically install the missing debugging information packages. If this method does not work: please read How to create useful crash reports to learn how to get a useful backtrace; install the needed packages and click the Reload Crash Information button.,@ info: status,extreme_length_ratio,coding;system;ui_localization;command_cli,audit_flag_manual_review:extreme_length_ratio,reject,,
12531,kde4,You could try to regenerate the backtrace by clicking the Reload Crash Information button.,@ info: status,extreme_length_ratio,ui_localization;command_cli,audit_flag_manual_review:extreme_length_ratio,reject,,
12532,kde4,The debugger application is missing or could not be launched.,@ info/ rich,extreme_length_ratio,coding,audit_flag_manual_review:extreme_length_ratio,reject,,
12533,kde4,You need to install the debugger package (%1) and click the Reload Crash Information button.,@ title: window,extreme_length_ratio,coding;system;ui_localization;command_cli,audit_flag_manual_review:extreme_length_ratio,reject,,
12534,kde4,Error during the installation of debug symbols,@ info,extreme_length_ratio,coding;command_cli,audit_flag_manual_review:extreme_length_ratio,reject,,
12535,kde4,Unknown response from the server,@ info,extreme_length_ratio,system,audit_flag_manual_review:extreme_length_ratio,reject,,
12536,kde4,Invalid bug report: corrupted data,@ info,extreme_length_ratio,ui_localization,audit_flag_manual_review:extreme_length_ratio,reject,,
12537,kde4,Invalid bug list: corrupted data,@ info,extreme_length_ratio,ui_localization,audit_flag_manual_review:extreme_length_ratio,reject,,
12539,kde4,Error while attaching the data to the bug report: %1,@ info,extreme_length_ratio,ui_localization,audit_flag_manual_review:extreme_length_ratio,reject,,
12542,kde4,Requesting installation of missing debug symbols packages...,@ info,extreme_length_ratio,coding;system;command_cli,audit_flag_manual_review:extreme_length_ratio,reject,,
12543,kde4,Could not find debug symbol packages for this application.,@ info,extreme_length_ratio,coding;system,audit_flag_manual_review:extreme_length_ratio,reject,,
12550,kde4,"We are sorry, %1 closed unexpectedly.",@ info,extreme_length_ratio,ui_localization,audit_flag_manual_review:extreme_length_ratio,reject,,
12551,kde4,The reporting assistant is disabled because the crash handler dialog was started in safe mode. You can manually report this bug to %1 (including the backtrace from the Developer Information tab.),@ info,extreme_length_ratio,ui_localization;documentation,audit_flag_manual_review:extreme_length_ratio,reject,,
12553,kde4,"You cannot report this error, because the application does not provide a bug reporting address.",EMAIL OF TRANSLATORS,language_suspect,ai_ml,audit_flag_manual_review:language_suspect,reject,,
12557,kde4,Debug,& Trình gỡ rối@ info: tooltip,extreme_length_ratio,coding,audit_flag_manual_review:extreme_length_ratio,reject,,
12582,kde4,Please select which additional information you can provide:,@ option: check kind of information the user can provide about the crash,language_suspect,ui_localization,audit_flag_manual_review:language_suspect,reject,,
12583,kde4,Unusual desktop behavior I noticed,@ option: check kind of information the user can provide about the crash,language_suspect,ui_localization,audit_flag_manual_review:language_suspect,reject,,
12586,kde4,See if your bug has already been reported. Double click a report in the list and compare it to yours. You can suggest that your crash is a duplicate of that report or directly attach your information to it.,@ title: column,extreme_length_ratio,command_cli,audit_flag_manual_review:extreme_length_ratio,reject,,
12588,kde4,Description,@ label title of a listbox where the possible duplicate bug numbers are put in,language_suspect; extreme_length_ratio,coding,audit_flag_manual_review:extreme_length_ratio;language_suspect,reject,,
12599,kde4,This is a preview of the report's contents which will be sent. If you want to modify it go the previous pages.,@ option: check,extreme_length_ratio,ui_localization,audit_flag_manual_review:extreme_length_ratio,reject,,
12601,kde4,Restart the application when clicking the Finish button,@ info,extreme_length_ratio,ui_localization;command_cli,audit_flag_manual_review:extreme_length_ratio,reject,,
12618,kde4,"This crash information is not useful enough, do you want to try to improve it? You will need to install some debugging packages.",@ title: window,extreme_length_ratio,coding;system;ui_localization;command_cli,audit_flag_manual_review:extreme_length_ratio,reject,,
12619,kde4,Crash Information is not useful enough,"@ option: check kind of information the user can provide about the crash,% 1 is the application name",language_suspect,ui_localization,audit_flag_manual_review:language_suspect,reject,,
12620,kde4,"What I was doing when the application ""%1"" crashed",@ info examples about information the user can provide,language_suspect,ui_localization,audit_flag_manual_review:language_suspect,reject,,
12622,kde4,"State of Desktop Effects (Compositing), kind of effects enabled, window decoration, and specific window rules and configuration.",@ info examples about information the user can provide,language_suspect,ui_localization,audit_flag_manual_review:language_suspect,reject,,
12623,kde4,"sites you were visiting, number of opened tabs, plugins you have installed, and any other non-default setting.",@ info examples about information the user can provide,language_suspect,command_cli,audit_flag_manual_review:language_suspect,reject,,
12625,kde4,"Instant Messaging protocols you use, and plugins you have installed (official and unofficial).",@ info examples about information the user can provide,language_suspect,command_cli,audit_flag_manual_review:language_suspect,reject,,
12626,kde4,Mail protocols and account-types you use.,@ info examples about information the user can provide,language_suspect,ai_ml,audit_flag_manual_review:language_suspect,reject,,
12627,kde4,Type of the document you were editing.,@ info examples about information the user can provide,language_suspect,documentation,audit_flag_manual_review:language_suspect,reject,,
12628,kde4,Type of media (extension and format) you were watching and/ or listening to.,@ label examples about information the user can provide,language_suspect,ui_localization,audit_flag_manual_review:language_suspect,reject,,
12631,kde4,Use this button to show the generated report information about this crash.,@ info/ plain,extreme_length_ratio,ai_ml;ui_localization,audit_flag_manual_review:extreme_length_ratio,reject,,
12633,kde4,The automatically generated crash information is useful.,@ info,extreme_length_ratio,ui_localization,audit_flag_manual_review:extreme_length_ratio,reject,,
12634,kde4,The automatically generated crash information lacks some details but may be still be useful.,@ info,extreme_length_ratio,ai_ml,audit_flag_manual_review:extreme_length_ratio,reject,,
12635,kde4,The automatically generated crash information lacks important details and it is probably not helpful.,@ info,extreme_length_ratio,ai_ml,audit_flag_manual_review:extreme_length_ratio,reject,,
12636,kde4,The crash information was not generated because it was not needed.,@ info,extreme_length_ratio,ui_localization,audit_flag_manual_review:extreme_length_ratio,reject,,
12637,kde4,The automatically generated crash information does not contain enough information to be helpful.,@ info,extreme_length_ratio,ai_ml,audit_flag_manual_review:extreme_length_ratio,reject,,
12638,kde4,You can improve it by installing debugging packages and reloading the crash on the Crash Information page. You can get help with the Bug Reporting Guide by clicking on the Help button.,@ info,extreme_length_ratio,coding;system;ui_localization;command_cli;documentation,audit_flag_manual_review:extreme_length_ratio,reject,,
12639,kde4,The information you can provide could be considered helpful.,@ info,extreme_length_ratio,ui_localization,audit_flag_manual_review:extreme_length_ratio,reject,,
12640,kde4,The information you can provide is not considered helpful enough in this case.,@ info,extreme_length_ratio,ui_localization,audit_flag_manual_review:extreme_length_ratio,reject,,
12641,kde4,This report is considered helpful.,@ info,extreme_length_ratio,ui_localization,audit_flag_manual_review:extreme_length_ratio,reject,,
12643,kde4,"This application is not supported in the KDE bug tracking system. Click Finish to report this bug to the application maintainer. Also, you can manually report at %1.",@ info,extreme_length_ratio,ai_ml;system;command_cli;documentation,audit_flag_manual_review:extreme_length_ratio,reject,,
12644,kde4,"This report does not contain enough information for the developers, so the automated bug reporting process is not enabled for this crash.",@ info,extreme_length_ratio,ai_ml;system,audit_flag_manual_review:extreme_length_ratio,reject,,
12653,kde4,Use this button to login to the KDE bug tracking system using the provided username and password.,@ info/ rich,extreme_length_ratio,system;ui_localization,audit_flag_manual_review:extreme_length_ratio,reject,,
12654,kde4,"You need a user account on the KDE bug tracking system in order to file a bug report, because we may need to contact you later for requesting further information. If you do not have one, you can freely create one here.",@ info: status,extreme_length_ratio,system,audit_flag_manual_review:extreme_length_ratio,reject,,
12655,kde4,Error when trying to login: %1.,@ info: status the user is logged at the bugtracker site as USERNAME,language_suspect,ui_localization,audit_flag_manual_review:language_suspect,reject,,
12656,kde4,Logged in at the KDE bug tracking system (%1) as: %2.,"@ info: status '1' is a url, '2' the username",language_suspect,system,audit_flag_manual_review:language_suspect,reject,,
12663,kde4,Exherbo,@ label: listbox KDE distribution method,extreme_length_ratio,ui_localization,audit_flag_manual_review:extreme_length_ratio,reject,,
12664,kde4,Gentoo,@ label: listbox KDE distribution method,extreme_length_ratio,ui_localization,audit_flag_manual_review:extreme_length_ratio,reject,,
12668,kde4,RedHat,@ label: listbox KDE distribution method,extreme_length_ratio,ui_localization,audit_flag_manual_review:extreme_length_ratio,reject,,
12669,kde4,Fedora,@ label: listbox KDE distribution method,extreme_length_ratio,ui_localization,audit_flag_manual_review:extreme_length_ratio,reject,,
12671,kde4,Pardus,@ label: listbox KDE distribution method,extreme_length_ratio,ui_localization,audit_flag_manual_review:extreme_length_ratio,reject,,
12675,kde4,OpenBSD,@ label: listbox KDE distribution method,extreme_length_ratio,ui_localization,audit_flag_manual_review:extreme_length_ratio,reject,,
12678,kde4,The title does not provide enough information.,@ info,extreme_length_ratio,ui_localization,audit_flag_manual_review:extreme_length_ratio,reject,,
12679,kde4,The description about the crash details does not provide enough information.,@ info,extreme_length_ratio,coding;ai_ml,audit_flag_manual_review:extreme_length_ratio,reject,,
12680,kde4,Both the title and the description about the crash details do not provide enough information.,@ info,extreme_length_ratio,coding;ai_ml,audit_flag_manual_review:extreme_length_ratio,reject,,
12681,kde4,"If you cannot provide enough information, your report will probably waste developers' time. Can you tell us more?",@ title: window,extreme_length_ratio,ui_localization,audit_flag_manual_review:extreme_length_ratio,reject,,
12682,kde4,We need more information,@ info: tooltip examples of good bug report titles,language_suspect,ui_localization,audit_flag_manual_review:language_suspect,reject,,
12688,kde4,Error sending the crash report: %1.,@ info/ plain report to KDE bugtracker address,language_suspect,ai_ml,audit_flag_manual_review:language_suspect,reject,,
12689,kde4,Custom,@ item: intable custom bug report number description,extreme_length_ratio,coding,audit_flag_manual_review:extreme_length_ratio,reject,,
12698,kde4,Use this button to stop the current search.,@ action: button remove the selected item from a list,language_suspect,ui_localization,audit_flag_manual_review:language_suspect,reject,,
12700,kde4,Use this button to remove a selected possible duplicate,@ info,extreme_length_ratio,ui_localization,audit_flag_manual_review:extreme_length_ratio,reject,,
12701,kde4,"You have not selected any possible duplicates, or a report to which to attach your crash information. Have you read all the reports, and can you confirm that there are no real duplicates?",@ title: window,extreme_length_ratio,ui_localization,audit_flag_manual_review:extreme_length_ratio,reject,,
12718,kde4,Enter the number of the bug report you want to check,@ label,extreme_length_ratio,ui_localization,audit_flag_manual_review:extreme_length_ratio,reject,,
12723,kde4,Use this button to mark your crash as related to the currently shown bug report. This will help the KDE developers to determine whether they are duplicates or not.,@ action: button,extreme_length_ratio,ui_localization,audit_flag_manual_review:extreme_length_ratio,reject,,
12725,kde4,Use this button to attach your crash information to this report; only if you are really sure this is the same crash.,@ info,extreme_length_ratio,ui_localization,audit_flag_manual_review:extreme_length_ratio,reject,,
12727,kde4,Loading information about bug %1 from %2....,@ action: button let the user to choose to read the main report,language_suspect,ai_ml;ui_localization,audit_flag_manual_review:language_suspect,reject,,
12728,kde4,"Yes, read the main report",@ action: button let the user choose to read the original report,language_suspect,ai_ml;ui_localization,audit_flag_manual_review:language_suspect,reject,,
12729,kde4,"No, let me read the report I selected",@ info,extreme_length_ratio,ui_localization,audit_flag_manual_review:extreme_length_ratio,reject,,
12730,kde4,The report you selected (bug %1) is already marked as duplicate of bug %2. Do you want to read that report instead? (recommended),@ title: window,extreme_length_ratio,ui_localization,audit_flag_manual_review:extreme_length_ratio,reject,,
12739,kde4,"the bug is caused by a problem in an external application or library, or by a distribution or packaging issue.","@ info bug status,% 1 is the resolution",language_suspect,ui_localization,audit_flag_manual_review:language_suspect,reject,,
12741,kde4,"Temporarily closed, because of a lack of information",@ info bug report label and value,language_suspect,ui_localization,audit_flag_manual_review:language_suspect,reject,,
12742,kde4,%1,@ info bug report label and value,language_suspect; extreme_length_ratio,ui_localization,audit_flag_manual_review:extreme_length_ratio;language_suspect,reject,,
12744,kde4,Description of the bug %1,@ label: textbox bug report label and value,language_suspect,coding,audit_flag_manual_review:language_suspect,reject,,
12748,kde4,"This report is marked as ""closed"" because %1. If you are sure your crash is the same, then adding further details or creating a new report will be useless and will waste developers' time. Can you be sure this is the same as your crash?",@ title: window,extreme_length_ratio,ai_ml;ui_localization,audit_flag_manual_review:extreme_length_ratio,reject,,
12750,kde4,If you want to attach new information to an existing bug report you need to be sure that they refer to the same crash. Are you sure you want to attach your report to bug %1?,@ title: window,extreme_length_ratio,ui_localization,audit_flag_manual_review:extreme_length_ratio,reject,,
12752,kde4,Error fetching the bug report %1. Please wait some time and try again.,@ info,extreme_length_ratio,ai_ml,audit_flag_manual_review:extreme_length_ratio,reject,,
12759,kde4,%1,Vết lùi đã được lưu vào% 1.,extreme_length_ratio,ui_localization,audit_flag_manual_review:extreme_length_ratio,reject,,
12806,kde4,"File Associations This module allows you to choose which applications are associated with a given type of file. File types are also referred to as MIME types (MIME is an acronym which stands for ""Multipurpose Internet Mail Extensions""). A file association consists of the following: Rules for determining the MIME-type of a file, for example the filename pattern *. png, which means'all files with names that end in. png ', is associated with the MIME type ""image/ png""; A short description of the MIME-type, for example the description of the MIME type ""image/ png"" is simply'PNG image'; An icon to be used for displaying files of the given MIME-type, so that you can easily identify the type of file in a file manager or file-selection dialog (at least for the types you use often); A list of the applications which can be used to open files of the given MIME-type -- if more than one application can be used then the list is ordered by priority. You may be surprised to find that some MIME types have no associated filename patterns; in these cases, KDE is able to determine the MIME-type by directly examining the contents of the file.","Liên kết tập tin Môđun này cho phép người dùng chọn ứng dụng mở một loại tập tin nào đó. Dạng tập tin cũng có thể là dạng MIME (MIME là viết tắt của ""Multipurpose Internet Mail Extensions"".) Một liên kết tập tin bao gồm: Những điều luật cho phép xác định dạng MIME của một tập tin, ví dụ mẫu tên tập tin *. kwd có nghĩa 'tất cả những tập tin kết thúc bởi. kwd', liên kết với dạng MIME ""x- kword"". Một mô tả ngắn của dạng MIME, ví dụ mô tả của dạng MIME ""x- kword"" là 'Tài liệu KWord'.) Một biểu tượng dùng để hiển thị tập tin với dạng MIME đó, nhờ vậy người dùng có thể dễ dạng nhận ra dạng tập tin, ví dụ khi xem trong Konqueror (ít nhất là cho những dạng thường dùng); Danh sách những ứng dụng có thể dùng để mở tập tin với dạng MIME đó. Nếu có vài ứng dụng thì sẽ có danh sách theo ưu tiên của các ứng dụng. Có thể bạn ngạc nhiên khi thấy một số dạng MIME không có mẫu tên tập tin; trong trường hợp này, Konqueror vẫn có thể xác định dạng MIME bằng cách kiểm tra nội dung của tập tin.",very_long_pair,coding;ai_ml;ui_localization;documentation,audit_flag_manual_review:very_long_pair,approve,,
12846,kde4,"Type the name of the file type. For instance, if you selected'image 'as category and you type'custom' here, the file type'image/ custom 'will be created.",NAME OF TRANSLATORS,language_suspect; extreme_length_ratio,ui_localization,audit_flag_manual_review:extreme_length_ratio;language_suspect,reject,,
13115,kde4,Carsten Pfeiffer,NAME OF TRANSLATORS,language_suspect,ui_localization,audit_flag_manual_review:language_suspect,reject,,
13135,kde4,Normal Background,Nền,extreme_length_ratio,ui_localization,audit_flag_manual_review:extreme_length_ratio,reject,,
13144,kde4,Get new color schemes from the Internet,Bộ màu,extreme_length_ratio,ui_localization,audit_flag_manual_review:extreme_length_ratio,reject,,
13145,kde4,Import a color scheme from a file,Bộ màu,extreme_length_ratio,ui_localization,audit_flag_manual_review:extreme_length_ratio,reject,,
13172,kde4,Tooltip Background,Nền,extreme_length_ratio,ui_localization,audit_flag_manual_review:extreme_length_ratio,reject,,
13206,kde4,Link Text on Normal Background,Nền,extreme_length_ratio,ui_localization,audit_flag_manual_review:extreme_length_ratio,reject,,
13207,kde4,Visited Text on Normal Background,Nền,extreme_length_ratio,ui_localization,audit_flag_manual_review:extreme_length_ratio,reject,,
13208,kde4,Active Text on Normal Background,Nền,extreme_length_ratio,ui_localization,audit_flag_manual_review:extreme_length_ratio,reject,,
13210,kde4,Inactive Text on Normal Background,Nền,extreme_length_ratio,ui_localization,audit_flag_manual_review:extreme_length_ratio,reject,,
13212,kde4,Negative Text on Normal Background,Nền,extreme_length_ratio,ui_localization,audit_flag_manual_review:extreme_length_ratio,reject,,
13215,kde4,Positive Text on Normal Background,Nền,extreme_length_ratio,ui_localization,audit_flag_manual_review:extreme_length_ratio,reject,,
13220,kde4,focus,NAME OF TRANSLATORS,language_suspect,ui_localization,audit_flag_manual_review:language_suspect,reject,,
13244,kde4,Low,ThấpHigh Contrast,extreme_length_ratio,ui_localization,audit_flag_manual_review:extreme_length_ratio,reject,,
13252,kde4,"Click here to select an element of the KDE desktop whose color you want to change. You may either choose the ""widget"" here, or click on the corresponding part of the preview image above.",Văn bản thường,extreme_length_ratio,ui_localization;command_cli,audit_flag_manual_review:extreme_length_ratio,reject,,
13478,kde4,Bitmap,"% 1 BPP, Sâu:% 2, Đệm dòng quét:% 3",extreme_length_ratio,ui_localization,audit_flag_manual_review:extreme_length_ratio,reject,,
13496,kde4,Your sound system could not be queried. / dev/ sndstat does not exist or is not readable.,không có,extreme_length_ratio,system,audit_flag_manual_review:extreme_length_ratio,reject,,
13504,kde4,PA-RISC Processor,Không thể truy vấn hệ thống phụ PCI: việc này có thể cần thiết quyền truy cập của người chủ.,extreme_length_ratio,system,audit_flag_manual_review:extreme_length_ratio,reject,,
13523,kde4,Unable to open Audio-Server (Alib).,Byte,extreme_length_ratio,system,audit_flag_manual_review:extreme_length_ratio,reject,,
13525,kde4,Vendor,Khả năng hỗ trợ âm thanh (Alib) bị tắt trong tiến trình cấu hình và biên dịch.,extreme_length_ratio,ui_localization,audit_flag_manual_review:extreme_length_ratio,reject,,
13567,kde4,Stream Port (decimal),Khoá,extreme_length_ratio,ui_localization,audit_flag_manual_review:extreme_length_ratio,reject,,
13580,kde4,No audio devices found.,IRQ,extreme_length_ratio,hardware,audit_flag_manual_review:extreme_length_ratio,reject,,
13584,kde4,Flags,Không tìm thấy thiết bị SCSI.,extreme_length_ratio,hardware,audit_flag_manual_review:extreme_length_ratio,reject,,
13613,kde4,KDE Panel Memory Information Control Module,PCI,extreme_length_ratio,hardware,audit_flag_manual_review:extreme_length_ratio,reject,,
13625,kde4,This graph gives you an overview of the total sum of physical and virtual memory in your system.,Bộ nhớ tạm đĩa:,extreme_length_ratio,hardware;system,audit_flag_manual_review:extreme_length_ratio,reject,,
13627,kde4,"This graph gives you an overview of the usage of physical memory in your system. Most operating systems (including Linux) will use as much of the available physical memory as possible as disk cache, to speed up the system performance. This means that if you have a small amount of Free Physical Memory and a large amount of Disk Cache Memory, your system is well configured.",Bộ nhớ trao đổi còn rảnh:,extreme_length_ratio,ai_ml;hardware;system,audit_flag_manual_review:extreme_length_ratio,reject,,
13630,kde4,Memory Information This display shows you the current memory usage of your system. The values are updated on a regular basis and give you an overview of the physical and virtual used memory.,Bộ nhớ vật lý,extreme_length_ratio,hardware;system;ui_localization,audit_flag_manual_review:extreme_length_ratio,reject,,
13631,kde4,%1 free,"Đồ thị này cho bạn xem toàn cảnh của cách sử dụng bộ nhớ vật lý trên hệ thống. Phần lớn hệ điều hành (gồm Linux) sẽ sử dụng càng nhiều bộ nhớ vật lý càng có thể, như bộ nhớ tạm đĩa, để tăng tốc độ của hiệu suất hệ thống. Có nghĩalà nếu bạn có một ít Bộ nhớ vật lý còn rảnh và nhiều Bộ nhớ tạm đĩa, hệ thống có cấu hình tốt.",extreme_length_ratio,hardware;system,audit_flag_manual_review:extreme_length_ratio,reject,,
13633,kde4,Application Data,"Bộ nhớ trao đổi là bộ nhớ ảo sẵn sàng cho hệ thống sử dụng. Nó sẽ được dùng theo yêu cầu, và được cung cấp bằng một hay nhiều phân vùng trao đổi và/ hay tập tin trao đổi.",extreme_length_ratio,hardware;system,audit_flag_manual_review:extreme_length_ratio,reject,,
13634,kde4,Disk Buffers,Thông tin bộ nhớ Phần này hiển thị cách sử dụng hiện thời bộ nhớ của hệ thống. Các giá trị được cập nhật một cách đều đặn và cho bạn xem toàn cảnh tình trạng của bộ nhớ cả vật lý lẫn ảo.,extreme_length_ratio,hardware;system,audit_flag_manual_review:extreme_length_ratio,reject,,
13645,kde4,Max. display list nesting level,OpenGL,extreme_length_ratio,ui_localization,audit_flag_manual_review:extreme_length_ratio,reject,,
13680,kde4,GLX,Phiên bản OpenGL,extreme_length_ratio,ui_localization,audit_flag_manual_review:extreme_length_ratio,reject,,
13684,kde4,client GLX vendor,GLX,extreme_length_ratio,command_cli,audit_flag_manual_review:extreme_length_ratio,reject,,
13688,kde4,GLU,nhà sản xuất GLX ứng dụng khách,extreme_length_ratio,ui_localization,audit_flag_manual_review:extreme_length_ratio,reject,,
13802,kde4,No documentation available for the '%1: / 'protocol.,NAME OF TRANSLATORS,language_suspect,ai_ml;documentation,audit_flag_manual_review:language_suspect,reject,,
13894,kde4,New scheme,"Tổ hợp phímBằng cách dùng tổ hợp phím, bạn có thể cấu hình hành động riêng để đươc kích hoạt khi bạn bấm một hay nhiều phím. Lấy thí dụ, hai phím Ctrl+C thường được tổ hợp với hành động « Chép ». KDE cho bạn khả năng cất giữ nhiều « giản đồ » các tổ hợp phím, vì vậy bạn có thể muốn thử ra một ít khi thiết lập giản đồ riêng, trong khi vẫn còn có khả năng hoàn nguyên về các giá trị mặc định của KDE. Trong phần « Phím tắt toàn cục », bạn có thể cấu hình tổ hợp phím không đặc trưng cho ứng dụng (cho toàn hệ thống), như cách chuyển đổi môi trường làm việc hay cách phóng to cửa sổ. Trong phần « Phím tắt ứng dụng » bạn sẽ tìm thấy tổ hợp phím thường được dùng trong ứng dụng, như « Chép » và « Dán ».",extreme_length_ratio,ai_ml;system;ui_localization,audit_flag_manual_review:extreme_length_ratio,reject,,
13899,kde4,"This scheme requires the ""%1"" modifier key, which is not available on your keyboard layout. Do you wish to view it anyway?",Phím tắt ứng dụng,extreme_length_ratio,ai_ml,audit_flag_manual_review:extreme_length_ratio,reject,,
13901,kde4,Enter a name for the key scheme:,Win,extreme_length_ratio,ui_localization,audit_flag_manual_review:extreme_length_ratio,reject,,
13905,kde4,Shortcut,Lược đồ phím tên «% 1 » đã có. Bạn có muốn ghi đè lên nó không?,extreme_length_ratio,ui_localization,audit_flag_manual_review:extreme_length_ratio,reject,,
14022,kde4,Panel,Chặn các phím tắt toàn cục,extreme_length_ratio,ui_localization,audit_flag_manual_review:extreme_length_ratio,reject,,
14026,kde4,Previous Taskbar Entry,Bảng,extreme_length_ratio,ui_localization,audit_flag_manual_review:extreme_length_ratio,reject,,
14044,kde4,Ctrl,Khởi động lại mà không xác nhận,extreme_length_ratio,ui_localization,audit_flag_manual_review:extreme_length_ratio,reject,,
14049,kde4,"Cookies Cookies contain information that Konqueror (or other KDE applications using the HTTP protocol) stores on your computer, initiated by a remote Internet server. This means that a web server can store information about you and your browsing activities on your machine for later use. You might consider this an invasion of privacy. However, cookies are useful in certain situations. For example, they are often used by Internet shops, so you can'put things into a shopping basket '. Some sites require you have a browser that supports cookies. Because most people want a compromise between privacy and the benefits cookies offer, KDE offers you the ability to customize the way it handles cookies. So you might want to set KDE's default policy to ask you whenever a server wants to set a cookie, allowing you to decide. For your favorite shopping web sites that you trust, you might want to set the policy to accept, then you can access the web sites without being prompted every time KDE receives a cookie.","CookieTập tin cookie chứa thông tin mà trình Konqueror (hoặc ứng dụng KDE khác mà dùng giao thức HTTP) cất giữ trên máy tính của bạn, theo hướng dẫn từ máy tính ở xa. Có nghĩa là máy phục vụ Mạng có thể cất giữ thông tin về bạn và hoạt động duyệt của bạn trên máy tính này để sử dụng sau. Có lẽ bạn không thích, thấy việc này vi phạm sự riêng tư. Tuy nhiên, tập tin cookie có ích trong một số trường hợp nào đó. Lấy thí dụ, cookie thường bị tiệm Mạng sử dụng, để cho bạn khả năng « tập hợp nhiều thứ trong giỏ mua hàng ». Một số nơi Mạng cần thiết bạn chạy trình duyệt hỗ trợ tập tin cookie. Vì hậu hết người muốn thoả hiệp giữa sự riêng tư và lợi ích bị cookie cung cấp, môi trường KDE cho bạn khả năng tùy chỉnh cách xử lý cookie của nó. Có lẽ bạn muốn đặt chính sách mặc định của KDE là xin bạn mỗi lần máy phục vụ bên ngoài muốn thiết lập cookie, để bạn quyết định. Đối với những nơi Mạng mua hàng ưa thích mà bạn tin cây, có lẽ bạn muốn đặt chính sách là chấp nhận, để bạn truy cập các nơi Mạng đó, không cần nhắc bạn mỗi lần KDE nhận cookie nào.",very_long_pair,ai_ml;system;ui_localization;documentation,audit_flag_manual_review:very_long_pair,reject,,
14064,kde4,"Cookies Cookies contain information that Konqueror (or any other KDE application using the HTTP protocol) stores on your computer from a remote Internet server. This means that a web server can store information about you and your browsing activities on your machine for later use. You might consider this an invasion of privacy. However, cookies are useful in certain situations. For example, they are often used by Internet shops, so you can'put things into a shopping basket '. Some sites require you have a browser that supports cookies. Because most people want a compromise between privacy and the benefits cookies offer, KDE offers you the ability to customize the way it handles cookies. You might, for example want to set KDE's default policy to ask you whenever a server wants to set a cookie or simply reject or accept everything. For example, you might choose to accept all cookies from your favorite shopping web site. For this all you have to do is either browse to that particular site and when you are presented with the cookie dialog box, click on This domain under the'apply to' tab and choose accept or simply specify the name of the site in the Domain Specific Policy tab and set it to accept. This enables you to receive cookies from trusted web sites without being asked every time KDE receives a cookie.","CookieTập tin cookie chứa thông tin mà trình Konqueror (hoặc ứng dụng KDE khác mà dùng giao thức HTTP) cất giữ trên máy tính của bạn, theo hướng dẫn từ máy tính ở xa. Có nghĩa là máy phục vụ Mạng có thể cất giữ thông tin về bạn và hoạt động duyệt của bạn trên máy tính này để sử dụng sau. Có lẽ bạn không thích, thấy việc này vi phạm sự riêng tư. Tuy nhiên, tập tin cookie có ích trong một số trường hợp nào đó. Lấy thí dụ, cookie thường bị tiệm Mạng sử dụng, để cho bạn khả năng « tập hợp nhiều thứ trong giỏ mua hàng ». Một số nơi Mạng cần thiết bạn chạy trình duyệt hỗ trợ tập tin cookie. Vì hậu hết người muốn thoả hiệp giữa sự riêng tư và lợi ích bị cookie cung cấp, môi trường KDE cho bạn khả năng tùy chỉnh cách xử lý cookie của nó. Có lẽ bạn muốn đặt chính sách mặc định của KDE là xin bạn mỗi lần máy phục vụ bên ngoài muốn thiết lập cookie, để bạn quyết định; hoặc có lẽ bạn muốn đơn giản chấp nhận hay từ chối hết. Lấy thí dụ, có lẽ bạn chọn chấp nhận mọi tập tin nhận diện cookie được tạo bởi nơi Mạng mua hàng ưa thích của bạn. Để làm như thế, bạn đơn giản hãy duyệt tới nơi Mạng đó, và khi hộp thoại cookie xuất hiện, bạn hãy nhắp vào Miền này dưới thanh « Áp dụng vào » và chọn Chấp nhận, hoặc đơn giản xác định tên của nơi Mạng đó trong thanh Chính sách đặc trưng cho miền và đặt nó là Chấp nhận. Thiết lập này cho bạn khả năng nhận tập tin nhận diện cookie từ các nơi Mạng đáng tin, không cần được nhắc mỗi lần KDE nhận cookie nào.",very_long_pair,ai_ml;system;ui_localization;command_cli;documentation,audit_flag_manual_review:very_long_pair,reject,,
14255,kde4,"Windows Shares Konqueror is able to access shared Microsoft Windows file systems, if properly configured. If there is a specific computer from which you want to browse, fill in the Browse server field. This is mandatory if you are not running Samba locally. The Broadcast address and WINS address fields will also be available, if you use the native code, or the location of the'smb. conf 'file from which the options are read, when using Samba. In any case, the broadcast address (interfaces in smb. conf) must be set up if it is guessed incorrectly or you have multiple cards. A WINS server usually improves performance, and reduces the network load a lot. The bindings are used to assign a default user for a given server, possibly with the corresponding password, or for accessing specific shares. If you choose to, new bindings will be created for logins and shares accessed during browsing. You can edit all of them from here. Passwords will be stored locally, and scrambled so as to render them unreadable to the human eye. For security reasons, you may not want to do that, as entries with passwords are clearly indicated as such.","Chia sẻ WindowsTrình Konqueror có khả năng truy cập hệ thống Windows đã chia sẻ, nếu được cấu hình cho đúng. Nếu bạn muốn duyệt qua một máy tính nào đó, hãy điền vào trường Duyệt qua máy phục vụ. Thông tin này bắt buộc phải nhập, nếu bạn không chạy cục bộ phần mềm Samba. Những trường Địa chỉ quảng bá và địa chỉ WINS sẽ cũng sẵn sàng, nếu bạn sử dụng mã sở hữu, hay địa điểm của tập tin & lt; smb. confgt; từ đó các tùy chọn được đọc, khi sử dụng Samba. Trong bất kỳ trường hợp, địa chỉ quảng bá (giao diện trong & lt; smb. confgt;) phải được thiết lập nếu nó được đoán sai hoặc nếu bạn có nhiều thẻ mạng. Máy phục vụ WINS thường tăng hiệu suất, và giảm nhiều tải trọng lên mạng. Những tổ hợp được dùng để gán một người dùng mặc định cho mỗi máy phục vụ đưa ra, có thể với mật khẩu tương ứng, hoặc để truy cập phần chia sẻ đặc biệt. Nếu bạn chọn, tổ hợp mới sẽ được tạo cho sự đăng nhập và phần chia sẻ được truy cập trong khi duyệt. Bạn có thể hiệu chỉnh mọi thứ từ đây. Các mật khẩu sẽ được cất giữ cục bộ, cũng được trộn hỗn độn để không ai đọc trộm được. Vì lý do bảo mật, có lẽ bạn không muốn làm như thế, vì mục nhập chứa mật khẩu được ngụ ý rõ như vậy.",very_long_pair,coding;ai_ml;hardware;system;ui_localization,audit_flag_manual_review:very_long_pair,reject,,
14302,kde4,List of sites for which the specified identification text will be used instead of the default one.,& Thôi,extreme_length_ratio,ui_localization,audit_flag_manual_review:extreme_length_ratio,reject,,
14303,kde4,...,"Danh sách các nơi Mạng nơi cần dùng đoạn nhận diện đã xác định, thay vào đoạn mặc định.",extreme_length_ratio,system,audit_flag_manual_review:extreme_length_ratio,reject,,
14329,kde4,Move,ChuyểnUse the new directory but do not move anything,extreme_length_ratio,ui_localization,audit_flag_manual_review:extreme_length_ratio,reject,,
14629,kde4,low,thấpmedium priority,extreme_length_ratio,ui_localization,audit_flag_manual_review:extreme_length_ratio,reject,,
14678,kde4,Value,Giá trịNAME OF TRANSLATORS,extreme_length_ratio,ui_localization,audit_flag_manual_review:extreme_length_ratio,reject,,
14739,kde4,Scan,Cấu hình bổ sung Netscape,extreme_length_ratio,ui_localization,audit_flag_manual_review:extreme_length_ratio,reject,,
14740,kde4,Use artsdsp to pipe plugin sound through aRts,Quét,extreme_length_ratio,ui_localization,audit_flag_manual_review:extreme_length_ratio,reject,,
14741,kde4,"If this option is enabled, KDE will look for new Netscape plugins every time it starts up. This makes it easier for you if you often install new plugins, but it may also slow down KDE startup. You might want to disable this option, especially if you seldom install plugins.",Dùng artsdsp để hướng lệnh âm thanh bổ sung qua aRts,extreme_length_ratio,ui_localization;command_cli,audit_flag_manual_review:extreme_length_ratio,reject,,
14742,kde4,Scan for new plugins at & KDE startup,"Nếu bật, KDE sẽ tìm bổ sung Netscape mới, mỗi lần nó khởi động. Tùy chọn này có ích nếu bạn thường cài đặt bổ sung mới, còn cũng có thể làm chậm sự khởi động KDE. Có lẽ bạn muốn tắt tùy chọn này, nhất là nếu bạn không thường cài đặt bổ sung.",extreme_length_ratio,ui_localization;command_cli,audit_flag_manual_review:extreme_length_ratio,reject,,
15037,kde4,None,Không cóFocus Stealing Prevention Level,extreme_length_ratio,ui_localization,audit_flag_manual_review:extreme_length_ratio,reject,,
15038,kde4,Low,ThấpFocus Stealing Prevention Level,extreme_length_ratio,ui_localization,audit_flag_manual_review:extreme_length_ratio,reject,,
15039,kde4,Medium,Focus Stealing Prevention Level,extreme_length_ratio,ui_localization,audit_flag_manual_review:extreme_length_ratio,reject,,
15040,kde4,High,CaoFocus Stealing Prevention Level,extreme_length_ratio,ui_localization,audit_flag_manual_review:extreme_length_ratio,reject,,
15042,kde4,"This option specifies how much KWin will try to prevent unwanted focus stealing caused by unexpected activation of new windows. (Note: This feature does not work with the Focus Under Mouse or Focus Strictly Under Mouse focus policies.) None: Prevention is turned off and new windows always become activated. Low: Prevention is enabled; when some window does not have support for the underlying mechanism and KWin cannot reliably decide whether to activate the window or not, it will be activated. This setting may have both worse and better results than the medium level, depending on the applications. Medium: Prevention is enabled. High: New windows get activated only if no window is currently active or if they belong to the currently active application. This setting is probably not really usable when not using mouse focus policy. Extreme: All windows must be explicitly activated by the user. Windows that are prevented from stealing focus are marked as demanding attention, which by default means their taskbar entry will be highlighted. This can be changed in the Notifications control module.","Tùy chọn này xác định cách KWin sẽ cố ngăn cản tiêu điểm bị ăn cấp do sự kích hoạt cửa sổ mới không mong đợi. (Ghi chú: tính năng này không hoạt động với chính sách tiêu điểm « Tiêu điểm dưới chuột » hay « Tiêu điểm dưới chính sách chuột ».) Không có: ngăn cản bị tắt nên cửa sổ mới luôn luôn trở thành hoạt động. Thấp: ngăn cản đã bật: khi cửa sổ nào không có hỗ trợ cơ chế bên dưới và KWin không thể quyết định tin nhiệm có nên đóng cửa sổ này hay không, nó sẽ được kích hoạt. Thiết lập này có thể có kết quả cả tốt hơn lần xấu hơn mức chuẩn, phụ thuộc vào ứng dụng chạy cửa sổ. Chuẩn: khả năng ngăn cả đã được hiệu lực. Cao: cửa sổ mới được kích hoạt chỉ nếu không có cửa sổ hoạt động hiện thời, hoặc nếu cửa sổ đó thuộc về ứng dụng hoạt động hiện thời. Thiết lập này rất có thể không thật có ích khi bạn không sử dụng chính sách tiêu điểm con chuột. Rất cao: mỗi cửa sổ phải bị người dùng kích hoạt dứt khoát. Cửa sổ bị ngăn cản ăn cấp tiêu điểm có được đánh dấu như là yêu cầu hoạt động. mà theo mặc định có nghĩa là mục nhập của nó trên thanh tác vụ sẽ được tô sáng. Có thể thay đổi ứng xử này trong mô- đun điều khiển « Thông báo ».",very_long_pair,system;ui_localization,audit_flag_manual_review:very_long_pair,approve,,
15198,kde4,Digit set:,@ item currency name and currency code,language_suspect,coding,audit_flag_manual_review:language_suspect,reject,,
15253,kde4,Day of the week for religious observance:,some reasonable time formats for the language,language_suspect,ui_localization,audit_flag_manual_review:language_suspect,reject,,
15254,kde4,HH: MM: SS pH: MM: SS AMPM,GG: PP: GiGi bG: PP: GiGi AMPMsome reasonable date formats for the language,language_suspect,ui_localization,audit_flag_manual_review:language_suspect,reject,,
15284,kde4,Hebrew,Hi- gi- riCalendar System Hebrew,extreme_length_ratio,system,audit_flag_manual_review:extreme_length_ratio,reject,,
15302,kde4,Up,BậtState of network card is disconnected,extreme_length_ratio,system,audit_flag_manual_review:extreme_length_ratio,reject,,
15431,kde4,Alexander Neundorf,NAME OF TRANSLATORS,language_suspect,ui_localization,audit_flag_manual_review:language_suspect,reject,,
15585,kde4,Get New Themes...,NAME OF TRANSLATORS,language_suspect,ui_localization,audit_flag_manual_review:language_suspect,reject,,
15639,kde4,Live Monitoring of USB Bus,NAME OF TRANSLATORS,language_suspect,ui_localization,audit_flag_manual_review:language_suspect,reject,,
15773,kde4,Turn area off,NAME OF TRANSLATORS,language_suspect,ui_localization,audit_flag_manual_review:language_suspect,reject,,
16010,kde4,System,& UID (mã số người dùng) hệ thống,extreme_length_ratio,system,audit_flag_manual_review:extreme_length_ratio,reject,,
16597,kde4,Unknown,Không rõFirst letter of the alphabet (in upper then lower case),extreme_length_ratio,ui_localization,audit_flag_manual_review:extreme_length_ratio,reject,,
16598,kde4,Aa,"AaAll letters of the alphabet (in upper/ lower case pairs), followed by numbers",language_suspect; extreme_length_ratio,ai_ml,audit_flag_manual_review:extreme_length_ratio;language_suspect,reject,,
16855,kde4,"Drop here to copy, or move, the selected fonts to your personal folder.",% 1 (Bị tắt),extreme_length_ratio,ui_localization,audit_flag_manual_review:extreme_length_ratio,reject,,
16862,kde4,You are attempting to copy a font that is located in a file alongside other fonts; in order to proceed with the copy they will all have to be copied. The affected fonts are: %1 Do you wish to copy all of these?,Thành công,extreme_length_ratio,ui_localization,audit_flag_manual_review:extreme_length_ratio,reject,,
16864,kde4,You are attempting to enable a font that is located in a file alongside other fonts; in order to proceed with the enabling they will all have to be enabled. The affected fonts are: %1 Do you wish to enable all of these?,Thiết lập,extreme_length_ratio,ui_localization,audit_flag_manual_review:extreme_length_ratio,reject,,
16874,kde4,Name,Tiếc là phông chữ không thể đổi tên được.,extreme_length_ratio,ui_localization,audit_flag_manual_review:extreme_length_ratio,reject,,
16876,kde4,"Modern applications use a system called ""FontConfig"" to obtain the list of fonts. Older applications, such as OpenOffice 1. x, GIMP 1. x, etc. use the previous ""core X fonts"" mechanism for this. Selecting this option will inform the installer to create the necessary files so that these older applications can use the fonts you install. Please note, however, that this will slow down the installation process.",Mật khẩu sai.,extreme_length_ratio,ai_ml;system;ui_localization;command_cli,audit_flag_manual_review:extreme_length_ratio,reject,,
16878,kde4,"You have enabled a previously disabled option. Would you like the config files updated now? (Normally they are only updated upon installing, or removing, a font.)",Phông trùng,extreme_length_ratio,ui_localization;command_cli,audit_flag_manual_review:extreme_length_ratio,reject,,
16880,kde4,"Do you wish to install the font into ""%1"" (in which case the font will only be usable by you), or ""%2"" (the font will be usable by all users - but you will need to know the administrator's password)?",Phông bị tắt,extreme_length_ratio,command_cli,audit_flag_manual_review:extreme_length_ratio,reject,,
16881,kde4,Could not install %1: %2,"Phông chữ này đi kèm theo các phông chữ khác; để di chuyển phông này, cần di chuyển toàn bộ các phông chữ liên quan. Các phông chữ liên quan là:% 1 Bạn có muốn di chuyển toàn bộ chúng?",extreme_length_ratio,command_cli,audit_flag_manual_review:extreme_length_ratio,reject,,
17105,kde4,And,vàNot_ condition,extreme_length_ratio,ui_localization,audit_flag_manual_review:extreme_length_ratio,reject,,
17106,kde4,Or,hoặcAnd_ condition,extreme_length_ratio,ui_localization,audit_flag_manual_review:extreme_length_ratio,reject,,
17290,kde4,& Administrator Mode,"Môđun này đòi hỏi quyền đặc biệt để có thể thay đổi cho toàn hệ thống. Bởi vậy bạn cần nhập mật khẩu root để có thể thay đổi tính chất trong môđun này. Nếu không cung cấp mật khẩu root, sẽ không dùng được môđun này.",extreme_length_ratio,system,audit_flag_manual_review:extreme_length_ratio,reject,,
17298,kde4,KDE Control Center There is no quick help available for the active control module. Click here to read the general Control Center manual.,& Nhỏ,extreme_length_ratio,ai_ml;command_cli;documentation,audit_flag_manual_review:extreme_length_ratio,reject,,
17369,kde4,KMan,KManNAME OF TRANSLATORS,language_suspect; extreme_length_ratio,ui_localization,audit_flag_manual_review:extreme_length_ratio;language_suspect,reject,,
17459,kde4,TByte,"% 1 is amount of disk space,% 2 the unit, KBytes, MBytes, GBytes, TBytes, etc.",language_suspect; extreme_length_ratio,hardware,audit_flag_manual_review:extreme_length_ratio;language_suspect,reject,,
17511,kde4,Luboš Luň ák,Luboš Luňák,language_suspect,ui_localization,audit_flag_manual_review:language_suspect,reject,,
17649,kde4,Encoding:,NAME OF TRANSLATORS,language_suspect,coding,audit_flag_manual_review:language_suspect,reject,,
17653,kde4,Starting KTTSD Failed,NAME OF TRANSLATORS,language_suspect,ai_ml,audit_flag_manual_review:language_suspect,reject,,
17656,kde4,"During the previous startup, KNotify crashed while instantiating KNotify. Do you want to try again or disable aRts sound output? If you choose to disable aRts output now, you can re-enable it later or select an alternate sound player in the System Notifications control panel.",Cấu hình Thông báo,extreme_length_ratio,ai_ml;system,audit_flag_manual_review:extreme_length_ratio,reject,,
18063,kde4,G E N E R A L,"Konqueror là trình quản lý tập tin, trình duyệt web và trình xem tài liệu đa năng.",extreme_length_ratio,documentation,audit_flag_manual_review:extreme_length_ratio,reject,,
18084,kde4,"Here you can control if you want the popup window to contain a larger preview for the file, when moving the mouse over it.",Không tìm thấy hồ sơ% 1,extreme_length_ratio,ai_ml;ui_localization,audit_flag_manual_review:extreme_length_ratio,reject,,
18098,kde4,This is the font size used to display text in Konqueror windows.,Trình đơn,extreme_length_ratio,system;ui_localization,audit_flag_manual_review:extreme_length_ratio,reject,,
18099,kde4,This is the color used to display text in Konqueror windows.,Đem lên,extreme_length_ratio,system;ui_localization,audit_flag_manual_review:extreme_length_ratio,reject,,
18105,kde4,Selection,"Ở đây bạn có thể điều khiển nếu bạn muốn cửa sổ bật lên chứa ô xem thử lớn hơn cho tập tin, khi di chuyển con chuột trên nó, hay không.",extreme_length_ratio,ui_localization,audit_flag_manual_review:extreme_length_ratio,reject,,
18107,kde4,Show Details,Tùy chọn này báo Konqueror có nên nhắc bạn xác nhận khi bạn « xoá » tập tin hay không. Chuyển vào Rác: thì chuyển tập tin vào thư mục Rác của bạn: vẫn còn có thể phục hồi nó. Xoá: đơn giản xoá tập tin.,extreme_length_ratio,ai_ml;ui_localization,audit_flag_manual_review:extreme_length_ratio,reject,,
18109,kde4,MimeType,Hiển thị mục trình đơn ngữ cảnh « Xóa » mà xóa thẳng không qua sọt rác,extreme_length_ratio,ui_localization,audit_flag_manual_review:extreme_length_ratio,reject,,
18110,kde4,Size,Đánh dấu nếu bạn muốn hiển thị lệnh trình đơn « Xóa » trên màn hình nền và trong các trình đơn ngữ cảnh của bộ quản lý tập tin. Bạn vẫn có thể xóa tập tin bằng cách giữ phím Shift khi chọn « Chuyển tới sọt rác ».,extreme_length_ratio,ui_localization;command_cli,audit_flag_manual_review:extreme_length_ratio,reject,,
18132,kde4,You cannot drop any items in a directory in which you do not have write permission,Chọn dịch vụ:,extreme_length_ratio,ui_localization,audit_flag_manual_review:extreme_length_ratio,reject,,
18441,kde4,Enable transparent backgrounds,Mới,extreme_length_ratio,ui_localization,audit_flag_manual_review:extreme_length_ratio,reject,,
18480,kde4,Send Input to All,"... nghĩa là hộp thoại ""Thiết lập - > Cấu hình phím nóng..."" cho phép xác định phím nóng dùng cho các hoạt động không hiển thị trong thực đơn, như chọn thực đơn, thay đổi phông chữ và liệt kê và chuyển các phiên chạy?",extreme_length_ratio,ui_localization,audit_flag_manual_review:extreme_length_ratio,reject,,
18481,kde4,Hide Menu Bar,"... nghĩa là nhấn chuột phải lên nút ""Mới"" ở góc trái của thanh thẻ tab hoặc trên khoảng trống của thanh thẻ tab hiển thị một thực đơn cho phép đặt một vài tùy chọn thẻ tab?",extreme_length_ratio,ui_localization,audit_flag_manual_review:extreme_length_ratio,reject,,
18490,kde4,Transparent for MC,Konsole không thể mở một PTY (têlêtip giả). Nguyên nhân rất có thể là sai cấu hình các thiết bị PTY. Konsole cần có quyền truy cập đọc/ ghi tới các thiết bị PTY.,extreme_length_ratio,ai_ml;hardware,audit_flag_manual_review:extreme_length_ratio,reject,,
18526,kde4,Right of,Về bên phảiOutput is placed above another one,extreme_length_ratio,ui_localization,audit_flag_manual_review:extreme_length_ratio,reject,,
18527,kde4,Above,Về phía trênOutput is placed below another one,extreme_length_ratio,ui_localization,audit_flag_manual_review:extreme_length_ratio,reject,,
18632,kde4,Preview,NAME OF TRANSLATORS,language_suspect,ui_localization,audit_flag_manual_review:language_suspect,reject,,
18681,kde4,Remove Theme,Bỏ,extreme_length_ratio,ui_localization,audit_flag_manual_review:extreme_length_ratio,reject,,
18857,kde4,min,phútthe frequency unit,extreme_length_ratio,ui_localization,audit_flag_manual_review:extreme_length_ratio,reject,,
19044,kde4,Connection to %1 has been lost.,Đây là vùng làm việc của bạn. Nó chứa các bảng làm việc của bạn. Bạn cần phải tạo một bảng làm việc mới (trình đơn Tập tin → Mới) trước khi bạn có thể kéo bộ nhạy vào đây.,extreme_length_ratio,ui_localization,audit_flag_manual_review:extreme_length_ratio,reject,,
19066,kde4,Top bar,Hãy nhập vào đây tổng số đường ngang.,extreme_length_ratio,ui_localization,audit_flag_manual_review:extreme_length_ratio,reject,,
19067,kde4,Check this to active the display title bar. This is probably only useful for applet displays. The bar is only visible if the display is large enough.,Nhãn,extreme_length_ratio,ui_localization,audit_flag_manual_review:extreme_length_ratio,reject,,
19069,kde4,Sensor Load,Bật tùy chọn này để hiển thị thanh tựa của bộ trình bày. Rất có thể là ích chỉ cho bộ trình bày tiểu dụng. Thanh này chỉ hiển thị nếu bộ trình bày đủ lớn thôi.,extreme_length_ratio,ui_localization,audit_flag_manual_review:extreme_length_ratio,reject,,
19370,kde4,Restore,"Phục hồiHelp button label, one character",extreme_length_ratio,ui_localization,audit_flag_manual_review:extreme_length_ratio,reject,,
19402,kde4,Shade Button,NAME OF TRANSLATORS,language_suspect,ui_localization,audit_flag_manual_review:language_suspect,reject,,
19514,kde4,This is the command which will be executed to initialize configured options.,NAME OF TRANSLATORS,language_suspect,ui_localization;command_cli,audit_flag_manual_review:language_suspect,reject,,
19520,kde4,"This is the command which is executed when switching to the selected layout. It may help you if you want to debug layout switching, or if you want to switch layouts without the help of KDE.",< < Bỏ,extreme_length_ratio,coding;command_cli,audit_flag_manual_review:extreme_length_ratio,reject,,
19521,kde4,Sticky Switching,"Đây là lệnh được thực hiện khi chuyển đổi vào bố trí đã chọn. Nó có ích nếu bạn cần phải gỡ lỗi việc chuyển đổi bố trí, hoặc nếu bạn muốn tự chuyển đổi bố trí (không có KDE).",extreme_length_ratio,coding;command_cli,audit_flag_manual_review:extreme_length_ratio,reject,,
19522,kde4,"If you have more than two layouts and turn this option on, switching with the keyboard shortcut or clicking on the kxkb indicator will only cycle through the last few layouts. You can specify the number of layouts to rotate below. You can still access all layouts by right-clicking on the kxkb indicator.",Chuyển đổi dính,extreme_length_ratio,ui_localization;command_cli,audit_flag_manual_review:extreme_length_ratio,reject,,
19523,kde4,Enable sticky switching,"Nếu bạn có nhiều bố trí (> 2) và bật tùy chọn này, việc chuyển đổi bằng phím tắt hay nhấn vào chỉ thị kxkb sẽ chỉ quay qua vài bố trí vừa dùng. Cũng có thể xác định bên dưới số bố trí cần quay qua. Vẫn còn có thể truy cập mọi bố trí bằng cách nhấn- phải vào chỉ thị kxkb.",extreme_length_ratio,ui_localization,audit_flag_manual_review:extreme_length_ratio,reject,,
19530,kde4,"If more than one layout is present in this list, the KDE panel will offer a docked flag. By clicking on this flag you can easily switch between layouts. The first layout will be default one.",Tùy chọn,extreme_length_ratio,ui_localization;command_cli,audit_flag_manual_review:extreme_length_ratio,reject,,
19531,kde4,Keymap,"Nếu danh sách này chứa nhiều bố trí, bảng KDE sẽ cung cấp một cờ đã gắn. Bằng cách nhấn vào cờ này, bạn có thể chuyển đổi dẽ dàng giữa các bố trí khác nhau. Mặc định là bố trí thứ nhất.",extreme_length_ratio,ui_localization,audit_flag_manual_review:extreme_length_ratio,reject,,
19532,kde4,"If you check this option, pressing and holding down a key emits the same character over and over again. For example, pressing and holding down the Tab key will have the same effect as that of pressing that key several times in succession: Tab characters continue to be emitted until you release the key.",Sơ đồ phím,extreme_length_ratio,ai_ml;ui_localization,audit_flag_manual_review:extreme_length_ratio,reject,,
19533,kde4,& Enable keyboard repeat,"Đây là danh sách các bố trí bàn phím sẵn sàng trên hệ thống này. Bạn có thể thêm bố trí vào danh sách hoạt động, bằng cách chọn nó rồi bấm cái nút « Thêm ».",extreme_length_ratio,system;ui_localization,audit_flag_manual_review:extreme_length_ratio,reject,,
19534,kde4,& Delay:,"Bật tùy chọn này thì việc bấm giữ một phím sẽ nhập nhiều lần cùng một ký tự. Chẳng hạn, việc bấm giữ phím Tab có cùng một tác động với việc bấm phím đó vài lần liên tiếp: các ký tự Tab tiếp tục nhập vào đến khi bạn buông phím đó.",extreme_length_ratio,ui_localization,audit_flag_manual_review:extreme_length_ratio,reject,,
19535,kde4,"If supported, this option allows you to set the delay after which a pressed key will start generating keycodes. The'Repeat rate 'option controls the frequency of these keycodes.",& Bật lặp lại bàn phím,extreme_length_ratio,coding;ui_localization,audit_flag_manual_review:extreme_length_ratio,reject,,
19538,kde4,"If supported, this option allows you to setup the state of NumLock after KDE startup. You can configure NumLock to be turned on or off, or configure KDE not to set NumLock state.",& Tỷ lệ:,extreme_length_ratio,ai_ml;ui_localization,audit_flag_manual_review:extreme_length_ratio,reject,,
19540,kde4,Turn off,"Nếu được hỗ trợ, tùy chọn này cho bạn có khả năng thiết lập tình trang của phím khoá chữ số NumLock sau khi KDE khởi chạy. Bạn có thể cấu hình bật/ tắt phím NumLock, hoặc cấu hình KDE không đặt tình trang NumLock.",extreme_length_ratio,ai_ml;ui_localization,audit_flag_manual_review:extreme_length_ratio,reject,,
19543,kde4,"If supported, this option allows you to hear audible clicks from your computer's speakers when you press the keys on your keyboard. This might be useful if your keyboard does not have mechanical keys, or if the sound that the keys make is very soft. You can change the loudness of the key click feedback by dragging the slider button or by clicking the up/ down arrows on the spin box. Setting the volume to 0% turns off the key click.",Để lại không thay đổi,extreme_length_ratio,ui_localization;command_cli,audit_flag_manual_review:extreme_length_ratio,reject,,
19545,kde4,Belgian,"Nếu được hỗ trợ, tùy chọn này cho bạn có khả năng nghe tiếng lách cách qua loa của máy tính khi bạn bấm phím trên bàn phím. Có thể hữu ích nếu bàn phím của bạn không có phím cơ khí (v. d. bàn phím ảo), hoặc nếu phím làm tiếng rất nhẹ. Có thể thay đổi âm lượng phản hồi của phím bằng cách kéo con trược, hoặc bằng cách nhấn vào mũi tên lên/ xuống trong hộp xoay. Việc đặt âm lượng thành 0% thì tắt khả năng làm tiếng lách cách của phím.",extreme_length_ratio,ui_localization,audit_flag_manual_review:extreme_length_ratio,reject,,
19556,kde4,Hungarian (qwerty),Đức,extreme_length_ratio,ui_localization,audit_flag_manual_review:extreme_length_ratio,reject,,
19559,kde4,Lithuanian,Ý,extreme_length_ratio,ui_localization,audit_flag_manual_review:extreme_length_ratio,reject,,
19572,kde4,Thai,Thuỵ Sĩ nói tiếng Đức,extreme_length_ratio,ai_ml,audit_flag_manual_review:extreme_length_ratio,reject,,
19585,kde4,Serbian,"Li- tu- a- ni (querty ""lập trình viên"")",extreme_length_ratio,coding,audit_flag_manual_review:extreme_length_ratio,reject,,
19594,kde4,"Lithuanian qwerty ""programmer's""",Hy Lạp,extreme_length_ratio,coding;hardware,audit_flag_manual_review:extreme_length_ratio,reject,,
19644,kde4,"Basic links can only point to local files or directories. Please use ""Link to Location"" for remote URLs.",@ title: menu,extreme_length_ratio,ui_localization,audit_flag_manual_review:extreme_length_ratio,reject,,
19867,kde4,An Assistant dialog to simplify calculating derivatives of expressions,Name,extreme_length_ratio,ui_localization,audit_flag_manual_review:extreme_length_ratio,reject,,
19869,kde4,An Assistant dialog to simplify calculation of integrals,Name,extreme_length_ratio,ui_localization,audit_flag_manual_review:extreme_length_ratio,reject,,
19871,kde4,An Assistant dialog to simplify entering of matrices,Name,extreme_length_ratio,ui_localization,audit_flag_manual_review:extreme_length_ratio,reject,,
19873,kde4,An Assistant dialog to simplify calculating of Eigenvalues,Name,extreme_length_ratio,ui_localization,audit_flag_manual_review:extreme_length_ratio,reject,,
19875,kde4,An Assistant dialog to simplify calculating of EigenVectors,Name,extreme_length_ratio,ui_localization,audit_flag_manual_review:extreme_length_ratio,reject,,
19877,kde4,An Assistant dialog to simplify inverting of matrices,Name,extreme_length_ratio,ui_localization,audit_flag_manual_review:extreme_length_ratio,reject,,
19879,kde4,An Assistant dialog to simplify plotting of 2D functions,Name,extreme_length_ratio,coding;ui_localization,audit_flag_manual_review:extreme_length_ratio,reject,,
19882,kde4,An Assistant for running an external Script file,Name,extreme_length_ratio,coding,audit_flag_manual_review:extreme_length_ratio,reject,,
19884,kde4,An Assistant dialog to simplify solving of equations,Name,extreme_length_ratio,ui_localization,audit_flag_manual_review:extreme_length_ratio,reject,,
19886,kde4,KAlgebra backend for Cantor. Lets you use the same language you use in the KAlgebra application in Cantor worksheets.,Name,extreme_length_ratio,ui_localization,audit_flag_manual_review:extreme_length_ratio,reject,,
19888,kde4,Backend for the Maxima Computer Algebra System,Name,extreme_length_ratio,system,audit_flag_manual_review:extreme_length_ratio,reject,,
19890,kde4,Backend for Cantor for testing purposes,Name,extreme_length_ratio,ui_localization,audit_flag_manual_review:extreme_length_ratio,reject,,
19891,kde4,R,Comment,extreme_length_ratio,ui_localization,audit_flag_manual_review:extreme_length_ratio,reject,,
19892,kde4,Backend for The R Project for Statistical Computing,Name,extreme_length_ratio,ui_localization,audit_flag_manual_review:extreme_length_ratio,reject,,
19894,kde4,Backend for the Sage Mathematics Software,Name,extreme_length_ratio,ui_localization,audit_flag_manual_review:extreme_length_ratio,reject,,
19896,kde4,KDE Frontend to Mathematical Software.,Name,extreme_length_ratio,ui_localization,audit_flag_manual_review:extreme_length_ratio,reject,,
19902,kde4,Math Expression Solver and Plotter,Name,extreme_length_ratio,ui_localization,audit_flag_manual_review:extreme_length_ratio,reject,,
19904,kde4,An OpenGL-based 3D-renderer for molecules,Name,extreme_length_ratio,ui_localization,audit_flag_manual_review:extreme_length_ratio,reject,,
19907,kde4,Kalzium concentration Calculator,Name,extreme_length_ratio,ui_localization,audit_flag_manual_review:extreme_length_ratio,reject,,
19909,kde4,Facts about the chemical elements,Name,extreme_length_ratio,ui_localization,audit_flag_manual_review:extreme_length_ratio,reject,,
19910,kde4,Kalzium gas Calculator,Name,extreme_length_ratio,ui_localization,audit_flag_manual_review:extreme_length_ratio,reject,,
19912,kde4,Kalzium Nuclear Calculator,Name,extreme_length_ratio,ui_localization,audit_flag_manual_review:extreme_length_ratio,reject,,
19963,kde4,Shows the time in different parts of the world,Name,extreme_length_ratio,ui_localization,audit_flag_manual_review:extreme_length_ratio,reject,,
19968,kde4,This example script offers two actions: 1) Move selected vocabulary to a different lesson 2) Change the grade of selected words to known (highest grade),Name,extreme_length_ratio,coding,audit_flag_manual_review:extreme_length_ratio,reject,,
19970,kde4,Uses Google Dictionary (translate. google. com) to translate words,Name,extreme_length_ratio,ui_localization,audit_flag_manual_review:extreme_length_ratio,reject,,
19971,kde4,Google Images (online image fetching),Comment,extreme_length_ratio,ui_localization,audit_flag_manual_review:extreme_length_ratio,reject,,
19974,kde4,Uses LEO Dictionary (dict. leo. org) to translate words,Name,extreme_length_ratio,ui_localization,audit_flag_manual_review:extreme_length_ratio,reject,,
19976,kde4,Description of what the plugin does,Name,extreme_length_ratio,coding,audit_flag_manual_review:extreme_length_ratio,reject,,
19978,kde4,This script fetches sound files from http: / /commons. wikimedia. org.,GenericName,extreme_length_ratio,coding,audit_flag_manual_review:extreme_length_ratio,reject,,
19982,kde4,Graph Theory Tool for Professors and Students.,Name,extreme_length_ratio,ui_localization,audit_flag_manual_review:extreme_length_ratio,reject,,
19985,kde4,Simulate physics experiments,Name,extreme_length_ratio,ui_localization,audit_flag_manual_review:extreme_length_ratio,reject,,
20016,kde4,Macros,Chương trìnhTranslators: what this drgeo file contains,extreme_length_ratio,ai_ml,audit_flag_manual_review:extreme_length_ratio,reject,,
20020,kde4,Macro,Chương trìnhNAME OF TRANSLATORS,extreme_length_ratio,ui_localization,audit_flag_manual_review:extreme_length_ratio,reject,,
20028,kde4,n/ a,không áp dụng% 1 represents Kig version,extreme_length_ratio,ui_localization,audit_flag_manual_review:extreme_length_ratio,reject,,
20030,kde4,No,NAME OF TRANSLATORS,language_suspect; extreme_length_ratio,ui_localization,audit_flag_manual_review:extreme_length_ratio;language_suspect,reject,,
20055,kde4,Timer,Đồng hồ hẹn giờ@ info: status the current level chosen,extreme_length_ratio,ui_localization,audit_flag_manual_review:extreme_length_ratio,reject,,
20067,kde4,Luganda,Luganda@ item: inlistbox no language for that locale,language_suspect; extreme_length_ratio,ui_localization,audit_flag_manual_review:extreme_length_ratio;language_suspect,reject,,
20101,kde4,Grown-up Mode,NAME OF TRANSLATORS,language_suspect,ui_localization,audit_flag_manual_review:language_suspect,reject,,
20456,kde4,and:,Lỗi phân tích ngữ pháp tại% 1: Hàm tự gọi chính mình,extreme_length_ratio,coding,audit_flag_manual_review:extreme_length_ratio,reject,,
20473,kde4,The font size for the axis,Màu:,extreme_length_ratio,ui_localization,audit_flag_manual_review:extreme_length_ratio,reject,,
20477,kde4,5,thay đổi giá trị tham số bằng cách di chuyển con trượt,extreme_length_ratio,ui_localization,audit_flag_manual_review:extreme_length_ratio,reject,,
20478,kde4,pi/2,đọc giá trị tham số từ một danh sách,extreme_length_ratio,ui_localization,audit_flag_manual_review:extreme_length_ratio,reject,,
20480,kde4,cm,Không dùng bất cứ giá trị tham số nào,extreme_length_ratio,ui_localization,audit_flag_manual_review:extreme_length_ratio,reject,,
20481,kde4,Y-Axis,Giới hạn & dưới của dải vẽ theo ý người dùng:,extreme_length_ratio,ui_localization,audit_flag_manual_review:extreme_length_ratio,reject,,
20484,kde4,Font size of the axis labels,Màu:,extreme_length_ratio,ui_localization,audit_flag_manual_review:extreme_length_ratio,reject,,
20488,kde4,Recursive function is not allowed,Biến:,extreme_length_ratio,coding,audit_flag_manual_review:extreme_length_ratio,reject,,
20492,kde4,Title:,@ item: intable the author will be written here,language_suspect; extreme_length_ratio,ui_localization,audit_flag_manual_review:extreme_length_ratio;language_suspect,reject,,
20493,kde4,This is not a KDE Vocabulary document.,A generic name for a new lesson and its number.,language_suspect,documentation,audit_flag_manual_review:language_suspect,reject,,
20494,kde4,Level 7,@ item: inlistbox The grammatical type of a word,language_suspect; extreme_length_ratio,hardware,audit_flag_manual_review:extreme_length_ratio;language_suspect,reject,,
20495,kde4,Verb,The grammatical type of a word,language_suspect; extreme_length_ratio,hardware,audit_flag_manual_review:extreme_length_ratio;language_suspect,reject,,
20496,kde4,Noun,The grammatical type of a word,language_suspect; extreme_length_ratio,hardware,audit_flag_manual_review:extreme_length_ratio;language_suspect,reject,,
20497,kde4,Name,The grammatical type of a word,language_suspect; extreme_length_ratio,hardware,audit_flag_manual_review:extreme_length_ratio;language_suspect,reject,,
20498,kde4,Article,The grammatical type of a word,language_suspect,hardware,audit_flag_manual_review:language_suspect,reject,,
20499,kde4,Adjective,The grammatical type of a word,language_suspect,hardware,audit_flag_manual_review:language_suspect,reject,,
20500,kde4,Adverb,The grammatical type of a word,language_suspect,hardware,audit_flag_manual_review:language_suspect,reject,,
20501,kde4,Pronoun,The grammatical type of an entry,language_suspect,hardware,audit_flag_manual_review:language_suspect,reject,,
20502,kde4,Phrase,The grammatical type of a word,language_suspect,hardware,audit_flag_manual_review:language_suspect,reject,,
20503,kde4,Numeral,The grammatical type of a word,language_suspect,hardware,audit_flag_manual_review:language_suspect,reject,,
20504,kde4,Conjunction,The grammatical type of a word,language_suspect,hardware,audit_flag_manual_review:language_suspect,reject,,
20505,kde4,Preposition,The grammatical type of an entry,language_suspect,hardware,audit_flag_manual_review:language_suspect,reject,,
20506,kde4,Ordinal,"@ item: inlistbox A subtype of the grammatical word type: Numeral Cardinal (one, two, three,...)",language_suspect; extreme_length_ratio,hardware,audit_flag_manual_review:extreme_length_ratio;language_suspect,reject,,
20507,kde4,Cardinal,@ item: inlistbox A subtype of the grammatical word type: Article (the),language_suspect; extreme_length_ratio,hardware,audit_flag_manual_review:extreme_length_ratio;language_suspect,reject,,
20508,kde4,Definite,@ item: inlistbox A subtype of the grammatical word type: Article (a),language_suspect; extreme_length_ratio,hardware,audit_flag_manual_review:extreme_length_ratio;language_suspect,reject,,
20509,kde4,Indefinite,@ item: inlistbox A subtype of the grammatical word type: Verb with regular conjugation,language_suspect; extreme_length_ratio,hardware,audit_flag_manual_review:extreme_length_ratio;language_suspect,reject,,
20510,kde4,Regular,@ item: inlistbox A subtype of the grammatical word type: Verb with irregular conjugation,language_suspect; extreme_length_ratio,hardware,audit_flag_manual_review:extreme_length_ratio;language_suspect,reject,,
20511,kde4,Irregular,"@ item: inlistbox A subtype of the grammatical word type: Pronoun (my, your, his, her...)",language_suspect; extreme_length_ratio,hardware,audit_flag_manual_review:extreme_length_ratio;language_suspect,reject,,
20512,kde4,Possessive,"@ item: inlistbox A subtype of the grammatical word type: Pronoun (I, you, he...)",language_suspect; extreme_length_ratio,hardware,audit_flag_manual_review:extreme_length_ratio;language_suspect,reject,,
20513,kde4,Personal,EMAIL OF TRANSLATORS,language_suspect,ai_ml,audit_flag_manual_review:language_suspect,reject,,
20514,kde4,Male,tttrung@ hotmail. comEMAIL OF TRANSLATORS,language_suspect; extreme_length_ratio,ai_ml,audit_flag_manual_review:extreme_length_ratio;language_suspect,reject,,
20515,kde4,Female,tttrung@ hotmail. com@ item: inlistbox A subtype of the grammatical word type: Noun,language_suspect; extreme_length_ratio,ai_ml;hardware,audit_flag_manual_review:extreme_length_ratio;language_suspect,reject,,
20516,kde4,Future,The grammatical type of a word,language_suspect,hardware,audit_flag_manual_review:language_suspect,reject,,
20517,kde4,Error while reading file,The top level lesson which contains all other lessons of the document.,language_suspect,ai_ml;documentation,audit_flag_manual_review:language_suspect,reject,,
20518,kde4,Cannot write to file %1,"The name of the first language/ column of vocabulary, if we have to guess it.",language_suspect,ui_localization,audit_flag_manual_review:language_suspect,reject,,
20519,kde4,Original,"The name of the second, third... language/ column of vocabulary, if we have to guess it.",language_suspect; extreme_length_ratio,ui_localization,audit_flag_manual_review:extreme_length_ratio;language_suspect,reject,,
20520,kde4,Unknown error.,NAME OF TRANSLATORS,language_suspect,ui_localization,audit_flag_manual_review:language_suspect,reject,,
20522,kde4,"Historically known as eka-radon, eka-emanation before 1960. Ununoctium is a temporary IUPAC systematic element name.",NAME OF TRANSLATORS,language_suspect; extreme_length_ratio,system,audit_flag_manual_review:extreme_length_ratio;language_suspect,reject,,
20524,kde4,from the Latin'carbo 'for coal.,Tìm:,extreme_length_ratio,ui_localization,audit_flag_manual_review:extreme_length_ratio,reject,,
20525,kde4,"from the Greek'chroma 'for color, paint.",Tuần% 1,extreme_length_ratio,ai_ml,audit_flag_manual_review:extreme_length_ratio,reject,,
20527,kde4,"from the Greek'xenos' for foreigner, stranger, strange.",Năm trước,extreme_length_ratio,ui_localization,audit_flag_manual_review:extreme_length_ratio,reject,,
20528,kde4,"from the Greek'astatos' for unsteady, changing",Tháng sau,extreme_length_ratio,ui_localization,audit_flag_manual_review:extreme_length_ratio,reject,,
20529,kde4,from the Greek'aktis' for ray; 'aktinoeides' for radiating.,Tháng trước,extreme_length_ratio,ui_localization,audit_flag_manual_review:extreme_length_ratio,reject,,
20530,kde4,"Named after the German State (Bundesland) Hessen the Latin name of which is'Hassia '; in Hessen, many elements have been discovered.",Chọn một tuần,extreme_length_ratio,ui_localization,audit_flag_manual_review:extreme_length_ratio,reject,,
20543,kde4,A theme with a lot of contrast,Name,extreme_length_ratio,ui_localization,audit_flag_manual_review:extreme_length_ratio,reject,,
20545,kde4,A pen and paper theme,Name,extreme_length_ratio,ui_localization,audit_flag_manual_review:extreme_length_ratio,reject,,
20567,kde4,Clanbomber Huge Standard,Name,extreme_length_ratio,ui_localization,audit_flag_manual_review:extreme_length_ratio,reject,,
20577,kde4,Clanbomber Small Standard,Name,extreme_length_ratio,ui_localization,audit_flag_manual_review:extreme_length_ratio,reject,,
20579,kde4,Clanbomber Tiny Standard,Name,extreme_length_ratio,ui_localization,audit_flag_manual_review:extreme_length_ratio,reject,,
20583,kde4,Default Granatier Arena,Name,extreme_length_ratio,ui_localization,audit_flag_manual_review:extreme_length_ratio,reject,,
20603,kde4,Eat pills escaping ghosts,Name,extreme_length_ratio,coding,audit_flag_manual_review:extreme_length_ratio,reject,,
20610,kde4,Avoid the mummies at all costs!,Name,extreme_length_ratio,ui_localization,audit_flag_manual_review:extreme_length_ratio,reject,,
20612,kde4,The old game theme revisited,Name,extreme_length_ratio,ui_localization,audit_flag_manual_review:extreme_length_ratio,reject,,
20616,kde4,This is the original collection of KAtomic levels.,Name,extreme_length_ratio,ui_localization,audit_flag_manual_review:extreme_length_ratio,reject,,
20626,kde4,Poly-Tetra-Fluoro-Ethene,Name,extreme_length_ratio,ui_localization,audit_flag_manual_review:extreme_length_ratio,reject,,
20630,kde4,Acetic acid ethyl ester,Name,extreme_length_ratio,ui_localization,audit_flag_manual_review:extreme_length_ratio,reject,,
20644,kde4,Prussic Acid (Cyanic Acid),Name,extreme_length_ratio,ui_localization,audit_flag_manual_review:extreme_length_ratio,reject,,
20652,kde4,Acetyle salicylic acid,Name,extreme_length_ratio,ui_localization,audit_flag_manual_review:extreme_length_ratio,reject,,
20653,kde4,Meta-Di-Nitro-Benzene,Name,extreme_length_ratio,ui_localization,audit_flag_manual_review:extreme_length_ratio,reject,,
20659,kde4,"1,3,5,7-Cyclooctatetraene",Name,extreme_length_ratio,ui_localization,audit_flag_manual_review:extreme_length_ratio,reject,,
20672,kde4,Formic acid ethyl ester,Name,extreme_length_ratio,ui_localization,audit_flag_manual_review:extreme_length_ratio,reject,,
20699,kde4,"KBlocks, Egyptian style.",Name,extreme_length_ratio,ui_localization,audit_flag_manual_review:extreme_length_ratio,reject,,
20701,kde4,KBlocks Oxygen theme for KDE 4,Name,extreme_length_ratio,ui_localization,audit_flag_manual_review:extreme_length_ratio,reject,,
20707,kde4,A simple high-contrast theme for those who like it clean.,Name,extreme_length_ratio,ui_localization,audit_flag_manual_review:extreme_length_ratio,reject,,
20710,kde4,"Roads, cones and wheels.",Name,extreme_length_ratio,ui_localization,audit_flag_manual_review:extreme_length_ratio,reject,,
20716,kde4,Crystal-like theme for KBreakOut,Name,extreme_length_ratio,ui_localization,audit_flag_manual_review:extreme_length_ratio,reject,,
20718,kde4,Egyptian style breakout theme.,Name,extreme_length_ratio,ui_localization,audit_flag_manual_review:extreme_length_ratio,reject,,
20722,kde4,Simple KBreakOut theme,Name,extreme_length_ratio,ui_localization,audit_flag_manual_review:extreme_length_ratio,reject,,
20724,kde4,"Web 2.0 theme showcases graphical elements reminiscent of those used in popular'WEB 2.0 'movement, currently taking the interweb by storm.",Name,extreme_length_ratio,ui_localization,audit_flag_manual_review:extreme_length_ratio,reject,,
20729,kde4,Sounds that appear during a game,Name,extreme_length_ratio,ui_localization,audit_flag_manual_review:extreme_length_ratio,reject,,
20736,kde4,Egyptian style theme.,Name,extreme_length_ratio,ui_localization,audit_flag_manual_review:extreme_length_ratio,reject,,
20738,kde4,A theme based on real looking diamonds.,Name,extreme_length_ratio,ui_localization,audit_flag_manual_review:extreme_length_ratio,reject,,
20740,kde4,It is a fun time in the jungle! Help animals find their families. And watch out for those hard to find frogs.,Name,extreme_length_ratio,ui_localization,audit_flag_manual_review:extreme_length_ratio,reject,,
20744,kde4,Yellow and Red Reflection,Name,extreme_length_ratio,ui_localization,audit_flag_manual_review:extreme_length_ratio,reject,,
20748,kde4,"Hunt Gold, Dodge Enemies and Solve Puzzles",Comment,extreme_length_ratio,ui_localization,audit_flag_manual_review:extreme_length_ratio,reject,,
20749,kde4,A game of action and puzzle-solving,Name,extreme_length_ratio,ui_localization,audit_flag_manual_review:extreme_length_ratio,reject,,
20751,kde4,"A monochrome, black on white theme for KGoldrunner",Name,extreme_length_ratio,ui_localization,audit_flag_manual_review:extreme_length_ratio,reject,,
20753,kde4,A light and clean theme for KDE4,Name,extreme_length_ratio,ui_localization,audit_flag_manual_review:extreme_length_ratio,reject,,
20755,kde4,Help Matt Goldrunner escape the traps of ancient Egypt.,Name,extreme_length_ratio,ui_localization,audit_flag_manual_review:extreme_length_ratio,reject,,
20760,kde4,Kigo Default theme for KDE 4,Name,extreme_length_ratio,ui_localization,audit_flag_manual_review:extreme_length_ratio,reject,,
20765,kde4,"The rules used in the original BSD command line version of robots. Nothing fancy, just the basic game elements: no fastbots, no safe teleports, no pushing junkheaps, and a huge game grid. Due to its larger width, it is recommended that you use a theme with narrower tiles to better fit your screen.",Name,extreme_length_ratio,ui_localization;command_cli,audit_flag_manual_review:extreme_length_ratio,reject,,
20767,kde4,"An approximation of the rules used in Daleks, a robots-like game for early Apple computers. The hero is allotted one energy each round that can be used to power the sonic screwdriver. All other special features are disabled.",Description,extreme_length_ratio,coding;hardware,audit_flag_manual_review:extreme_length_ratio,reject,,
20768,kde4,"The default Killbots game type. Includes a medium size grid, safe teleports, fast enemies and pushable junkheaps.",Name,extreme_length_ratio,ui_localization,audit_flag_manual_review:extreme_length_ratio,reject,,
20770,kde4,"An easier version of the ""Killbots"" game type. Includes a bigger game grid prepopulated with junkheaps, a starting stash of energy and an increasing energy cap.",Name,extreme_length_ratio,ui_localization,audit_flag_manual_review:extreme_length_ratio,reject,,
20772,kde4,The player starts with 30 energy and cannot earn more. How many rounds can you survive and how many points can you collect before your energy and luck run out?,Description,extreme_length_ratio,coding,audit_flag_manual_review:extreme_length_ratio,reject,,
20774,kde4,Indiana Gnomes battles ghosts and bats on a misty mountainside. Sprites by Nicu Buculei. Background by Eugene Trounev.,Name,extreme_length_ratio,ai_ml,audit_flag_manual_review:extreme_length_ratio,reject,,
20776,kde4,Egyptian style theme with mad mummies.,Name,extreme_length_ratio,ui_localization,audit_flag_manual_review:extreme_length_ratio,reject,,
20778,kde4,The default Killbots theme.,Name,extreme_length_ratio,ui_localization,audit_flag_manual_review:extreme_length_ratio,reject,,
20782,kde4,Territory Capture Game,Name,extreme_length_ratio,ui_localization,audit_flag_manual_review:extreme_length_ratio,reject,,
20788,kde4,An Egyptian style theme for klines.,Name,extreme_length_ratio,ui_localization,audit_flag_manual_review:extreme_length_ratio,reject,,
20791,kde4,A metal style theme with bouncing balls,Name,extreme_length_ratio,ui_localization,audit_flag_manual_review:extreme_length_ratio,reject,,
20795,kde4,A layout resembling a fortress,Name,extreme_length_ratio,ui_localization,audit_flag_manual_review:extreme_length_ratio,reject,,
20797,kde4,A humanoid made up of Mahjongg tiles,Name,extreme_length_ratio,ui_localization,audit_flag_manual_review:extreme_length_ratio,reject,,
20801,kde4,A big arrow pointing in the right direction,Name,extreme_length_ratio,ui_localization,audit_flag_manual_review:extreme_length_ratio,reject,,
20803,kde4,The starship-city from Stargate Atlantis,Name,extreme_length_ratio,ui_localization,audit_flag_manual_review:extreme_length_ratio,reject,,
20805,kde4,A layout resembling Aztec buildings,Name,extreme_length_ratio,ui_localization,audit_flag_manual_review:extreme_length_ratio,reject,,
20807,kde4,Time to weight every decision carefully!,Name,extreme_length_ratio,ui_localization,audit_flag_manual_review:extreme_length_ratio,reject,,
20811,kde4,The bug. Let us take it apart!,Name,extreme_length_ratio,ui_localization,audit_flag_manual_review:extreme_length_ratio,reject,,
20814,kde4,Vista-styled castle layout,Name,extreme_length_ratio,ui_localization,audit_flag_manual_review:extreme_length_ratio,reject,,
20815,kde4,Cat,Thảm Description,extreme_length_ratio,coding,audit_flag_manual_review:extreme_length_ratio,reject,,
20816,kde4,Vista-styled cat layout,Name,extreme_length_ratio,ui_localization,audit_flag_manual_review:extreme_length_ratio,reject,,
20818,kde4,Four chains making up a single structure,Name,extreme_length_ratio,ai_ml,audit_flag_manual_review:extreme_length_ratio,reject,,
20820,kde4,What if the chess board was not square?,Name,extreme_length_ratio,ui_localization,audit_flag_manual_review:extreme_length_ratio,reject,,
20822,kde4,An electronic component with many connectors,Name,extreme_length_ratio,ui_localization,audit_flag_manual_review:extreme_length_ratio,reject,,
20825,kde4,A circular arena covered with columns of varying height,Name,extreme_length_ratio,ui_localization,audit_flag_manual_review:extreme_length_ratio,reject,,
20827,kde4,Vista-styled crab layout,Name,extreme_length_ratio,ui_localization,audit_flag_manual_review:extreme_length_ratio,reject,,
20830,kde4,Default KMahjongg game layout,Name,extreme_length_ratio,ui_localization,audit_flag_manual_review:extreme_length_ratio,reject,,
20833,kde4,A large carnivore bird in Mahjongg tiles,Name,extreme_length_ratio,ui_localization,audit_flag_manual_review:extreme_length_ratio,reject,,
20835,kde4,A layout for Star Trek fans,Name,extreme_length_ratio,ui_localization,audit_flag_manual_review:extreme_length_ratio,reject,,
20837,kde4,Something has exploded. Collect the pieces.,Name,extreme_length_ratio,ui_localization,audit_flag_manual_review:extreme_length_ratio,reject,,
20839,kde4,A layout consisting of six flowers,Name,extreme_length_ratio,ui_localization,audit_flag_manual_review:extreme_length_ratio,reject,,
20842,kde4,Diversely sized piles of matter,Name,extreme_length_ratio,ui_localization,audit_flag_manual_review:extreme_length_ratio,reject,,
20844,kde4,Regular patterns resembling a classical garden,Name,extreme_length_ratio,coding,audit_flag_manual_review:extreme_length_ratio,reject,,
20846,kde4,A layout resembling a girl's face,Name,extreme_length_ratio,ui_localization,audit_flag_manual_review:extreme_length_ratio,reject,,
20848,kde4,A small piece of empty space surrounded by a forest,Name,extreme_length_ratio,ui_localization,audit_flag_manual_review:extreme_length_ratio,reject,,
20850,kde4,A rectangular grid of varying height,Name,extreme_length_ratio,ui_localization,audit_flag_manual_review:extreme_length_ratio,reject,,
20852,kde4,The greek Sun god's sign,Name,extreme_length_ratio,ui_localization,audit_flag_manual_review:extreme_length_ratio,reject,,
20854,kde4,A pyramid with a hole in the middle,Name,extreme_length_ratio,hardware,audit_flag_manual_review:extreme_length_ratio,reject,,
20856,kde4,Concentric boxes with openings pointing in opposite directions,Name,extreme_length_ratio,ui_localization,audit_flag_manual_review:extreme_length_ratio,reject,,
20858,kde4,A large key made of Mahjongg tiles,Name,extreme_length_ratio,ui_localization,audit_flag_manual_review:extreme_length_ratio,reject,,
20859,kde4,KM,Description,extreme_length_ratio,coding,audit_flag_manual_review:extreme_length_ratio,reject,,
20860,kde4,Letters K and M. Do you have your favourite extension for that?,Description,extreme_length_ratio,coding,audit_flag_manual_review:extreme_length_ratio,reject,,
20861,kde4,A complex yet symmetric labyrinth,Name,extreme_length_ratio,ui_localization,audit_flag_manual_review:extreme_length_ratio,reject,,
20863,kde4,A scary embossed pagan mask,Name,extreme_length_ratio,ui_localization,audit_flag_manual_review:extreme_length_ratio,reject,,
20865,kde4,A layout resembling Maya pyramids,Name,extreme_length_ratio,hardware,audit_flag_manual_review:extreme_length_ratio,reject,,
20866,kde4,Maze,Name=NmapfeDescription,extreme_length_ratio,coding,audit_flag_manual_review:extreme_length_ratio,reject,,
20867,kde4,An extremely twisted maze. Beware of minotaurs!,Name,extreme_length_ratio,ui_localization,audit_flag_manual_review:extreme_length_ratio,reject,,
20869,kde4,An interweaved structure made up of Mahjongg tiles,Name,extreme_length_ratio,ui_localization,audit_flag_manual_review:extreme_length_ratio,reject,,
20871,kde4,A layout representing a small flying insect,Name,extreme_length_ratio,ui_localization,audit_flag_manual_review:extreme_length_ratio,reject,,
20873,kde4,A cross with thick ends,Name,extreme_length_ratio,ui_localization,audit_flag_manual_review:extreme_length_ratio,reject,,
20875,kde4,A mysterious pattern atop rectangular blocks,Name,extreme_length_ratio,ui_localization,audit_flag_manual_review:extreme_length_ratio,reject,,
20877,kde4,A fortress with five towers,Name,extreme_length_ratio,ui_localization,audit_flag_manual_review:extreme_length_ratio,reject,,
20879,kde4,A couple of vertical pillars supporting a flat surface,Name,extreme_length_ratio,ui_localization,audit_flag_manual_review:extreme_length_ratio,reject,,
20881,kde4,A sailing boat under the sun,Name,extreme_length_ratio,ai_ml,audit_flag_manual_review:extreme_length_ratio,reject,,
20883,kde4,Can you tear the pyramid apart?,Name,extreme_length_ratio,hardware,audit_flag_manual_review:extreme_length_ratio,reject,,
20885,kde4,A rocket for you to launch off the board,Name,extreme_length_ratio,ui_localization,audit_flag_manual_review:extreme_length_ratio,reject,,
20887,kde4,A shield and a sword made up of Mahjongg tiles,Name,extreme_length_ratio,ui_localization,audit_flag_manual_review:extreme_length_ratio,reject,,
20889,kde4,Vista-styled spider layout,Name,extreme_length_ratio,ui_localization,audit_flag_manual_review:extreme_length_ratio,reject,,
20891,kde4,Concentric squares of alterating height,Name,extreme_length_ratio,ui_localization,audit_flag_manual_review:extreme_length_ratio,reject,,
20893,kde4,Who said squares are flat?,Name,extreme_length_ratio,ai_ml,audit_flag_manual_review:extreme_length_ratio,reject,,
20895,kde4,A layout representing a football field,Name,extreme_length_ratio,ui_localization,audit_flag_manual_review:extreme_length_ratio,reject,,
20897,kde4,A staircase for those who dislike taking the same path twice,Name,extreme_length_ratio,ai_ml,audit_flag_manual_review:extreme_length_ratio,reject,,
20898,kde4,Star,Tiêu chuẩn Description,extreme_length_ratio,coding,audit_flag_manual_review:extreme_length_ratio,reject,,
20899,kde4,An asterisk-shaped embossed layout,Name,extreme_length_ratio,ui_localization,audit_flag_manual_review:extreme_length_ratio,reject,,
20901,kde4,A sci-fi space transport,Name,extreme_length_ratio,ui_localization,audit_flag_manual_review:extreme_length_ratio,reject,,
20904,kde4,A spiral with thick ends,Name,extreme_length_ratio,ui_localization,audit_flag_manual_review:extreme_length_ratio,reject,,
20906,kde4,A temple-shaped layout,Name,extreme_length_ratio,ui_localization,audit_flag_manual_review:extreme_length_ratio,reject,,
20908,kde4,A rectangular building with empty space in the middle,Name,extreme_length_ratio,ui_localization,audit_flag_manual_review:extreme_length_ratio,reject,,
20910,kde4,A doorway through a pyramid-shaped wall,Name,extreme_length_ratio,hardware,audit_flag_manual_review:extreme_length_ratio,reject,,
20913,kde4,Fans of Lara Croft may start digging,Name,extreme_length_ratio,ui_localization,audit_flag_manual_review:extreme_length_ratio,reject,,
20915,kde4,A T-shaped embossed object with a hole,Name,extreme_length_ratio,ui_localization,audit_flag_manual_review:extreme_length_ratio,reject,,
20921,kde4,Have you ever tried to represent waves in rectangular blocks?,Name,extreme_length_ratio,ui_localization,audit_flag_manual_review:extreme_length_ratio,reject,,
20922,kde4,Vi,Description,extreme_length_ratio,coding,audit_flag_manual_review:extreme_length_ratio,reject,,
20923,kde4,A V-shaped layout with thick lower corners,Name,extreme_length_ratio,ui_localization,audit_flag_manual_review:extreme_length_ratio,reject,,
20925,kde4,A rectangular well with stairs at all sides,Name,extreme_length_ratio,ai_ml,audit_flag_manual_review:extreme_length_ratio,reject,,
20927,kde4,A large letter X made of mahjongg tiles,Name,extreme_length_ratio,ui_localization,audit_flag_manual_review:extreme_length_ratio,reject,,
20947,kde4,KMines Oxygen theme for KDE 4,Name,extreme_length_ratio,ui_localization,audit_flag_manual_review:extreme_length_ratio,reject,,
20949,kde4,A spooky theme for KMines. Do n't get caught by the zombies in the graveyard!,Name,extreme_length_ratio,ui_localization,audit_flag_manual_review:extreme_length_ratio,reject,,
20951,kde4,A funny theme for KDE4 mines game,Name,extreme_length_ratio,ui_localization,audit_flag_manual_review:extreme_length_ratio,reject,,
20958,kde4,KNetWalk Default theme for KDE 4,Name,extreme_length_ratio,ui_localization,audit_flag_manual_review:extreme_length_ratio,reject,,
20960,kde4,KNetWalk Electronic theme for KDE 4,Name,extreme_length_ratio,ui_localization,audit_flag_manual_review:extreme_length_ratio,reject,,
20964,kde4,Let the floaters push you!,Name,extreme_length_ratio,ui_localization,audit_flag_manual_review:extreme_length_ratio,reject,,
20986,kde4,Welcome to the tutorial course for Kolf!,Comment,extreme_length_ratio,documentation,audit_flag_manual_review:extreme_length_ratio,reject,,
20987,kde4,"To hit the ball, press and hold the Down Arrow or left mouse button. How long you hold down the mouse button or key determines strength of the shot.",Comment,extreme_length_ratio,ui_localization,audit_flag_manual_review:extreme_length_ratio,reject,,
20988,kde4,"To aim the putter, press the Left (rotate counterclockwise) and Right (rotate clockwise) Arrow keys or use the mouse.",Comment,extreme_length_ratio,ai_ml,audit_flag_manual_review:extreme_length_ratio,reject,,
20989,kde4,"Bridges Bridges can have walls on the top, bottom, left, or right.",Comment,extreme_length_ratio,ui_localization,audit_flag_manual_review:extreme_length_ratio,reject,,
20990,kde4,Everything Here's a hole that has it all. Have fun with Kolf! -- Jason Katz-Brown,Comment,extreme_length_ratio,ui_localization,audit_flag_manual_review:extreme_length_ratio,reject,,
20991,kde4,Slopes Slopes are slanted areas of ground that push the ball in the direction that they slope. This direction is shown when you choose Hole- > Show Info.,Comment,extreme_length_ratio,ui_localization,audit_flag_manual_review:extreme_length_ratio,reject,,
20992,kde4,Hit the ball onto the slope and let it roll into cup.,Comment,extreme_length_ratio,ui_localization,audit_flag_manual_review:extreme_length_ratio,reject,,
20994,kde4,The steepness of a slope is shown when you choose Hole- > Show Info. Steepness goes from 8 (steepest) to 1 (shallowest).,Comment,extreme_length_ratio,ui_localization,audit_flag_manual_review:extreme_length_ratio,reject,,
20995,kde4,Walls Bounce the ball off of the red walls.,Comment,extreme_length_ratio,ui_localization,audit_flag_manual_review:extreme_length_ratio,reject,,
20996,kde4,"Sand Sand is yellow, and slows your ball down.",Comment,extreme_length_ratio,ui_localization,audit_flag_manual_review:extreme_length_ratio,reject,,
20997,kde4,"Puddles (Water) Hitting into a puddle (blue) adds a penalty stroke to your score, and your ball is placed outside the puddle.",Comment,extreme_length_ratio,ui_localization,audit_flag_manual_review:extreme_length_ratio,reject,,
20998,kde4,Windmills Windmills (brown base with moving arm) have brown walls (or half walls). The speed of the windmill arm may vary for each hole.,Comment,extreme_length_ratio,ui_localization,audit_flag_manual_review:extreme_length_ratio,reject,,
20999,kde4,"Black Holes Black Holes transport the ball to their exit, and eject it at a speed in direct relation to the speed your ball was traveling. Choose Hole- > Show Info to see which Black Hole goes to which exit and the direction the ball will come out.",Comment,extreme_length_ratio,ui_localization,audit_flag_manual_review:extreme_length_ratio,reject,,
21000,kde4,Floaters Floaters are moving platforms that carry a ball that lands on it. Floaters' speeds vary.,Name,extreme_length_ratio,ui_localization,audit_flag_manual_review:extreme_length_ratio,reject,,
21002,kde4,A simple ball dodging game,Name,extreme_length_ratio,ui_localization,audit_flag_manual_review:extreme_length_ratio,reject,,
21015,kde4,Shisen-Sho Mahjongg-like Tile Game,The Slick ThemeName,language_suspect,ui_localization,audit_flag_manual_review:language_suspect,reject,,
21023,kde4,Connect the dots to create squares,Name,extreme_length_ratio,ui_localization,audit_flag_manual_review:extreme_length_ratio,reject,,
21026,kde4,"KSudoku, Sudoku game & more for KDE",Name,extreme_length_ratio,command_cli,audit_flag_manual_review:extreme_length_ratio,reject,,
21034,kde4,A smaller samurai puzzle,Name,extreme_length_ratio,ai_ml,audit_flag_manual_review:extreme_length_ratio,reject,,
21037,kde4,A ksudoku theme with abstract artwork.,Name,extreme_length_ratio,command_cli,audit_flag_manual_review:extreme_length_ratio,reject,,
21039,kde4,KSudoku egyptian style theme,Name,extreme_length_ratio,command_cli,audit_flag_manual_review:extreme_length_ratio,reject,,
21047,kde4,Default theme for KTron.,Name,extreme_length_ratio,ui_localization,audit_flag_manual_review:extreme_length_ratio,reject,,
21049,kde4,A retro KTron theme with a distinctive touch of early 50s.,Name,extreme_length_ratio,ui_localization,audit_flag_manual_review:extreme_length_ratio,reject,,
21064,kde4,A clean and easy style with a distinctively royal touch.,Name,extreme_length_ratio,ui_localization,audit_flag_manual_review:extreme_length_ratio,reject,,
21070,kde4,"Futuristic, minimal card design.",Name,extreme_length_ratio,ui_localization,audit_flag_manual_review:extreme_length_ratio,reject,,
21073,kde4,Tigullio International,Name,extreme_length_ratio,ui_localization,audit_flag_manual_review:extreme_length_ratio,reject,,
21086,kde4,An ancient Egyptian card deck.,Name,extreme_length_ratio,ui_localization,audit_flag_manual_review:extreme_length_ratio,reject,,
21099,kde4,Chinese landscape with mountains and a waterfall,Name,extreme_length_ratio,ai_ml,audit_flag_manual_review:extreme_length_ratio,reject,,
21102,kde4,A green background with light geometric patterns,Name,extreme_length_ratio,ui_localization,audit_flag_manual_review:extreme_length_ratio,reject,,
21104,kde4,The Summertime Greens,Name,extreme_length_ratio,ui_localization,audit_flag_manual_review:extreme_length_ratio,reject,,
21106,kde4,Resembles the surface of a wood table,Name,extreme_length_ratio,ui_localization,audit_flag_manual_review:extreme_length_ratio,reject,,
21108,kde4,A colorful tileset designed for kids of all ages.,Name,extreme_length_ratio,ui_localization,audit_flag_manual_review:extreme_length_ratio,reject,,
21110,kde4,Japanese tileset with brightly-colored kanji on a soft woodgrain,Description,extreme_length_ratio,coding;ai_ml,audit_flag_manual_review:extreme_length_ratio,reject,,
21111,kde4,"Chinese tileset, inspired by the classic version shipped with KDE 3",Description,extreme_length_ratio,coding,audit_flag_manual_review:extreme_length_ratio,reject,,
21112,kde4,Art inspired by real Japanese Mahjongg tiles,Name,extreme_length_ratio,ui_localization,audit_flag_manual_review:extreme_length_ratio,reject,,
21115,kde4,Americanized tiles inspired by Japanese Mahjongg tiles,Name,extreme_length_ratio,ui_localization,audit_flag_manual_review:extreme_length_ratio,reject,,
21119,kde4,"Slicer plugin for libpala, the base library of Palapeli",Name,extreme_length_ratio,ui_localization,audit_flag_manual_review:extreme_length_ratio,reject,,
21120,kde4,Import into your Palapeli puzzle collection,Name,extreme_length_ratio,ui_localization,audit_flag_manual_review:extreme_length_ratio,reject,,
21123,kde4,"Eure-et-Loir département, France",Name,extreme_length_ratio,ui_localization,audit_flag_manual_review:extreme_length_ratio,reject,,
21129,kde4,Female panther chameleon,Name,extreme_length_ratio,ui_localization,audit_flag_manual_review:extreme_length_ratio,reject,,
21130,kde4,Classic jigsaw pieces,Name,extreme_length_ratio,coding,audit_flag_manual_review:extreme_length_ratio,reject,,
21135,kde4,A puzzle is being imported into the local puzzle collection,Name,extreme_length_ratio,ui_localization,audit_flag_manual_review:extreme_length_ratio,reject,,
21148,kde4,Copy,BềEthẻ được cung cấp bởi Warwick Allison Name,extreme_length_ratio,ui_localization,audit_flag_manual_review:extreme_length_ratio,reject,,
21199,kde4,KSmileTris,Bạn nhấn vào một vài hòn đá và làm chúng biến mất. Comment,extreme_length_ratio,coding,audit_flag_manual_review:extreme_length_ratio,reject,,
21200,kde4,Kwin4,Trò chơi kết thúc vì không còn hòn đá nào có thềEdi chuyển nữa. Name,extreme_length_ratio,ui_localization,audit_flag_manual_review:extreme_length_ratio,reject,,
21202,kde4,Comment=Luck,"Trò chơi kết thúc, bạn đã di chuyển được hòn đá cuối cùng. Comment",extreme_length_ratio,ui_localization,audit_flag_manual_review:extreme_length_ratio,reject,,
21303,kde4,Score,Bạn đã vượt qua vòng% 1 với% 2 nước đi,extreme_length_ratio,ui_localization,audit_flag_manual_review:extreme_length_ratio,reject,,
21335,kde4,Game Toolbar,NAME OF TRANSLATORS,language_suspect,ui_localization,audit_flag_manual_review:language_suspect,reject,,
21336,kde4,Your names,Tên người dịch: Nguyễn Ngọc TuấnEMAIL OF TRANSLATORS,extreme_length_ratio,ai_ml,audit_flag_manual_review:extreme_length_ratio,reject,,
21383,kde4,& Start,Mất kết nối với máy chủ. Bỏ trận đấu!,extreme_length_ratio,system,audit_flag_manual_review:extreme_length_ratio,reject,,
21391,kde4,CV,Chọn cổng để kết nối vào,extreme_length_ratio,ui_localization,audit_flag_manual_review:extreme_length_ratio,reject,,
21395,kde4,CI,Phiên bản của máy khách:,extreme_length_ratio,ui_localization,audit_flag_manual_review:extreme_length_ratio,reject,,
21397,kde4,Choose a port where the server listens on,PV,extreme_length_ratio,system,audit_flag_manual_review:extreme_length_ratio,reject,,
21401,kde4,Shows all water shots,:,extreme_length_ratio,ui_localization,audit_flag_manual_review:extreme_length_ratio,reject,,
21411,kde4,Switch Marker,The text may not be too wide. So please use some HTML- BR- tags to have something more or less as wide as in english. Thanks!,language_suspect; extreme_length_ratio,ai_ml,audit_flag_manual_review:extreme_length_ratio;language_suspect,reject,,
21414,kde4,Check positions,The text may not be too wide. So please use some HTML- BR- tags to have something more or less as wide as in english. Thanks!,language_suspect; extreme_length_ratio,ai_ml,audit_flag_manual_review:extreme_length_ratio;language_suspect,reject,,
21416,kde4,But it does not count because it is the sandbox!,The text may not be too wide. So please use some HTML- BR- tags to have something more or less as wide as in english. Thanks!,language_suspect,ai_ml,audit_flag_manual_review:language_suspect,reject,,
21427,kde4,Difficulty level,NAME OF TRANSLATORS,language_suspect,ui_localization,audit_flag_manual_review:language_suspect,reject,,
21429,kde4,Your emails,Email của người dịch scorpionfire@ vnoperamail. comA number between 1 and 99 is displayed in front of it.,extreme_length_ratio,ai_ml;hardware;ui_localization,audit_flag_manual_review:extreme_length_ratio,reject,,
21448,kde4,You should place %1 balls! You have placed %2. Do you want to give up this game?,& Bỏ qua,extreme_length_ratio,ui_localization,audit_flag_manual_review:extreme_length_ratio,reject,,
21450,kde4,Placed: 00 / 00,4,extreme_length_ratio,ui_localization,audit_flag_manual_review:extreme_length_ratio,reject,,
21451,kde4,Placed: %1 / %2,6,extreme_length_ratio,ui_localization,audit_flag_manual_review:extreme_length_ratio,reject,,
21470,kde4,Your emails,Email của những người dịch scorpionfirevn@ operamail. com,extreme_length_ratio,ai_ml;hardware,audit_flag_manual_review:extreme_length_ratio,reject,,
21602,kde4,DirectDraw Surface Info,Name,extreme_length_ratio,ui_localization,audit_flag_manual_review:extreme_length_ratio,reject,,
21608,kde4,XML Paper Specification Info,Name,extreme_length_ratio,ai_ml,audit_flag_manual_review:extreme_length_ratio,reject,,
21610,kde4,Mobipocket thumbnailer,Name,extreme_length_ratio,ai_ml,audit_flag_manual_review:extreme_length_ratio,reject,,
21681,kde4,Is native moving (possibly wobbling windows) active,NAME OF TRANSLATORS,language_suspect,system;ui_localization,audit_flag_manual_review:language_suspect,reject,,
21868,kde4,Insert closing braces on pressing Enter,Comment,extreme_length_ratio,ui_localization,audit_flag_manual_review:extreme_length_ratio,reject,,
21870,kde4,Export highlighted document to HTML,Name,extreme_length_ratio,ai_ml;documentation,audit_flag_manual_review:extreme_length_ratio,reject,,
21876,kde4,While saving check encoding of python files and add an encoding line,Name,extreme_length_ratio,coding,audit_flag_manual_review:extreme_length_ratio,reject,,
21877,kde4,Format of Time & Date insertion,Name,extreme_length_ratio,ui_localization,audit_flag_manual_review:extreme_length_ratio,reject,,
21879,kde4,Insert current Time & Date,Name,extreme_length_ratio,ui_localization,audit_flag_manual_review:extreme_length_ratio,reject,,
21902,kde4,Valencian (southern Catalan),Name,extreme_length_ratio,ui_localization,audit_flag_manual_review:extreme_length_ratio,reject,,
22068,kde4,Storage backend for KConfig,Name,extreme_length_ratio,ui_localization,audit_flag_manual_review:extreme_length_ratio,reject,,
22075,kde4,The default KDE file module providing the standard file dialog,Name,extreme_length_ratio,ui_localization,audit_flag_manual_review:extreme_length_ratio,reject,,
22124,kde4,The downloaded proxy configuration script is invalid,Name,extreme_length_ratio,coding,audit_flag_manual_review:extreme_length_ratio,reject,,
22126,kde4,The proxy configuration script could not be downloaded,Name,extreme_length_ratio,coding,audit_flag_manual_review:extreme_length_ratio,reject,,
22128,kde4,There was an error executing the proxy configuration script,Description,extreme_length_ratio,coding,audit_flag_manual_review:extreme_length_ratio,reject,,
22140,kde4,The contact is now connected,Name,extreme_length_ratio,ui_localization,audit_flag_manual_review:extreme_length_ratio,reject,,
22142,kde4,A Message has been received,Name,extreme_length_ratio,ui_localization,audit_flag_manual_review:extreme_length_ratio,reject,,
22147,kde4,Library to use Adium emoticons theme,Name,extreme_length_ratio,ui_localization,audit_flag_manual_review:extreme_length_ratio,reject,,
22149,kde4,Library to use KDE emoticons theme,Name,extreme_length_ratio,ui_localization,audit_flag_manual_review:extreme_length_ratio,reject,,
22151,kde4,Library to use Pidgin emoticons theme,Name,extreme_length_ratio,ui_localization,audit_flag_manual_review:extreme_length_ratio,reject,,
22159,kde4,Plasma applet container and background painter,Comment,extreme_length_ratio,ai_ml,audit_flag_manual_review:extreme_length_ratio,reject,,
22163,kde4,Scripting language extension for Plasma,Comment,extreme_length_ratio,coding,audit_flag_manual_review:extreme_length_ratio,reject,,
22166,kde4,Prevents the system from saving plasma remote widgets policies,Name,extreme_length_ratio,system;ui_localization,audit_flag_manual_review:extreme_length_ratio,reject,,
22168,kde4,A test desktop file to test the PackageMetaData class.,Name,extreme_length_ratio,coding;system,audit_flag_manual_review:extreme_length_ratio,reject,,
22180,kde4,Behavior,"Khả năng nhập xong từ trong tài liệu, đựa vào chiều hoặc vào bộ bật lên. Name",extreme_length_ratio,documentation,audit_flag_manual_review:extreme_length_ratio,reject,,
22184,kde4,Sound,Cấu hình Hệ thống Âm thanhName,extreme_length_ratio,system,audit_flag_manual_review:extreme_length_ratio,reject,,
22206,kde4,Kontact Administration,Name,extreme_length_ratio,ui_localization,audit_flag_manual_review:extreme_length_ratio,reject,,
22775,kde4,If the Word Wrap option is selected this entry determines the length (in characters) at which the editor will automatically start a new line.,Language,extreme_length_ratio,ui_localization,audit_flag_manual_review:extreme_length_ratio,reject,,
22793,kde4,Replace all matches,Mẫu,extreme_length_ratio,ui_localization,audit_flag_manual_review:extreme_length_ratio,reject,,
22803,kde4,ABC,ABCLanguage Section,extreme_length_ratio,ui_localization,audit_flag_manual_review:extreme_length_ratio,reject,,
22823,kde4,AWK,AWKLanguage Section,extreme_length_ratio,ui_localization,audit_flag_manual_review:extreme_length_ratio,reject,,
22839,kde4,C#,C# Language,extreme_length_ratio,ui_localization,audit_flag_manual_review:extreme_length_ratio,reject,,
22841,kde4,C,CLanguage,extreme_length_ratio,ui_localization,audit_flag_manual_review:extreme_length_ratio,reject,,
22850,kde4,D,DLanguage,extreme_length_ratio,ui_localization,audit_flag_manual_review:extreme_length_ratio,reject,,
22857,kde4,4GL,4GLLanguage Section,extreme_length_ratio,ui_localization,audit_flag_manual_review:extreme_length_ratio,reject,,
23056,kde4,as,Tác quyền © năm 2000- 2005 cua Các tác giả Kate,extreme_length_ratio,ui_localization,audit_flag_manual_review:extreme_length_ratio,reject,,
23058,kde4,From cursor,Không có số dòng lớn như vậy trong tài liệu này. Language,extreme_length_ratio,documentation,audit_flag_manual_review:extreme_length_ratio,reject,,
23063,kde4,The spelling program could not be started. Please make sure you have set the correct spelling program and that it is properly configured and in your PATH.,Phím tắt,extreme_length_ratio,coding;hardware,audit_flag_manual_review:extreme_length_ratio,reject,,
23066,kde4,Could not access view.,"Không thể khởi chạy chương trình chính tả. Hãy kiểm tra xem đã đặt chương trình chính tả đúng, đã cấu hình nó cho đúng, và nó có trong đường dẫn thực hiện (PATH) của bạn.",extreme_length_ratio,ui_localization,audit_flag_manual_review:extreme_length_ratio,reject,,
23072,kde4,Static,Ngoại lệ: không tìm thấy chức năng «% 1 »:% 2,extreme_length_ratio,ui_localization,audit_flag_manual_review:extreme_length_ratio,reject,,
23076,kde4,"Selection, then Current Word",Tĩnh,extreme_length_ratio,ui_localization,audit_flag_manual_review:extreme_length_ratio,reject,,
23079,kde4,Smart search text from:,"Tùy chọn này sẵn sàng chỉ nếu một đoạn văn bản được chọn trong tài liệu. Nếu nó sẵn sàng và được bật, chỉ đoạn đã chọn sẽ được in thôi.",extreme_length_ratio,ui_localization;documentation,audit_flag_manual_review:extreme_length_ratio,reject,,
23086,kde4,Automatically & show completion list,CHUẨN,extreme_length_ratio,ui_localization,audit_flag_manual_review:extreme_length_ratio,reject,,
23087,kde4,Show completions & when a word is at least,CHUẨN,extreme_length_ratio,ui_localization,audit_flag_manual_review:extreme_length_ratio,reject,,
23089,kde4,Enable the automatic completion list popup as default. The popup can be disabled on a view basis from the'Tools' menu.,Tô & sáng tất cả,extreme_length_ratio,ui_localization,audit_flag_manual_review:extreme_length_ratio,reject,,
23091,kde4,Failed to load file:,"Tự động hiển thị danh sách hoàn chỉnhTranslators: This is the first part of two strings which will comprise the sentence 'Show completions when a word is at least N characters'. The first part is on the right side of the N, which is represented by a spinbox widget, followed by the second part: 'characters long'. Characters is a ingeger number between and including 1 and 30. Feel free to leave the second part of the sentence blank if it suits your language better.",extreme_length_ratio,ai_ml;ui_localization,audit_flag_manual_review:extreme_length_ratio,reject,,
23092,kde4,Insert File Error,Hiển thị những cách hoàn chỉnh khi từ có ít nhấtThis is the second part of two strings that will comprise the sentence 'Show completions when a word is at least N characters',extreme_length_ratio,ui_localization,audit_flag_manual_review:extreme_length_ratio,reject,,
23093,kde4,"The file %1 does not exist or is not readable, aborting.",ký tự.,extreme_length_ratio,ui_localization,audit_flag_manual_review:extreme_length_ratio,reject,,
23098,kde4,"Data tools are only available when text is selected, or when the right mouse button is clicked over a word. If no data tools are offered even when text is selected, you need to install them. Some data tools are part of the KOffice package.",Chèn,extreme_length_ratio,ai_ml;system;ui_localization;command_cli,audit_flag_manual_review:extreme_length_ratio,reject,,
23101,kde4,Edit Entry,Tập tin% 1 không tồn tại hoặc không có khả năng đọc nên hủy bỏ.,extreme_length_ratio,ui_localization,audit_flag_manual_review:extreme_length_ratio,reject,,
23108,kde4,"A list of filename masks, separated by semicolons. This can be used to limit the usage of this entity to files with matching names. Use the wizard button to the right of the mimetype entry below to easily fill out both lists.",Cấu hình Đánh dấu Tự động,extreme_length_ratio,ui_localization,audit_flag_manual_review:extreme_length_ratio,reject,,
23109,kde4,"A list of mime types, separated by semicolon. This can be used to limit the usage of this entity to files with matching mime types. Use the wizard button on the right to get a list of existing file types to choose from, using it will fill in the file masks as well.",Sửa đổi mục nhập,extreme_length_ratio,ui_localization,audit_flag_manual_review:extreme_length_ratio,reject,,
23110,kde4,"Click this button to display a checkable list of mimetypes available on your system. When used, the file masks entry above will be filled in with the corresponding masks.",& Mẫu:,extreme_length_ratio,ai_ml;system;ui_localization;command_cli,audit_flag_manual_review:extreme_length_ratio,reject,,
23112,kde4,& Patterns,"Nếu bật, cách khớp mẫu sẽ phân biệt chữ hoa/ thường, nếu không thì không.",extreme_length_ratio,ui_localization,audit_flag_manual_review:extreme_length_ratio,reject,,
23114,kde4,Mime Types,"Nếu bật, cách khớp mẫu sẽ khớp mức tối thiểu. Nếu bạn chưa biết thuật ngữ này là gì, hãy đọc Phụ lục về biểu thức chính quy trong Sổ tay Kate [chưa dịch: Kate Manual → Appendix: Regular Expressions).",extreme_length_ratio,documentation,audit_flag_manual_review:extreme_length_ratio,reject,,
23117,kde4,Press this button to create a new autobookmark entity.,"Danh sách các kiểu MIME, định giới bằng dấu chấm phẩy. Có thể sử dụng danh sách này để giới hạn cách sử dụng thực thể này là chỉ với những tập tin có kiểu MIME khớp. Hãy dùng cái nút trợ lý bên phải để xem danh sách các kiểu tập tin tồn tại có thể chọn; dùng nó sẽ cũng điền vào những bộ lọc tập tin.",extreme_length_ratio,ui_localization,audit_flag_manual_review:extreme_length_ratio,reject,,
23119,kde4,& Edit...,Hãy chọn những kiểu MIME cho mẫu này Ghi chú: việc này sẽ cũng tự động sửa đổi những phần mở rộng tập tin tương ứng.,extreme_length_ratio,ui_localization,audit_flag_manual_review:extreme_length_ratio,reject,,
23120,kde4,Press this button to edit the currently selected entity.,& Mẫu,extreme_length_ratio,ui_localization,audit_flag_manual_review:extreme_length_ratio,reject,,
23121,kde4,Word Completion Plugin,Mẫu,extreme_length_ratio,ui_localization,audit_flag_manual_review:extreme_length_ratio,reject,,
23124,kde4,Configure...,"Danh sách này hiển thị các thực thể Đánh dấu tự động đã cấu hình. Khi tài liệu được mở, mỗi thực thể có được dùng bằng cách theo đây: Thực thể bị bỏ qua nếu không có bộ lọc kiểu MIME/ tập tin khớp tài liệu. Nếu không, mọi dòng của tài liệu được so với mẫu, và mỗi dòng khớp có Đánh dấu. Hãy dùng những cái nút bên dưới, để quản lý tập hợp thực thể này.",extreme_length_ratio,ui_localization;documentation,audit_flag_manual_review:extreme_length_ratio,reject,,
23130,kde4,Select the MimeTypes you want highlighted using the '%1 'syntax highlight rules. Please note that this will automatically edit the associated file extensions as well.,Cấu hình Bổ sung hoàn chỉnh từ,extreme_length_ratio,ui_localization,audit_flag_manual_review:extreme_length_ratio,reject,,
23291,kde4,Server CA,Nhà cầm quyền chứng nhận máy phục vụPersonal certificate authority,extreme_length_ratio,system,audit_flag_manual_review:extreme_length_ratio,reject,,
23292,kde4,Personal CA,Nhà cầm quyền chứng nhận cá nhânSecure MIME certificate authority,extreme_length_ratio,ui_localization,audit_flag_manual_review:extreme_length_ratio,reject,,
23384,kde4,Sunday,Chủ NhậtIndian National month 1 - ShortNamePossessive,extreme_length_ratio,ui_localization,audit_flag_manual_review:extreme_length_ratio,reject,,
23385,kde4,of Cha,của Sha`banIndian National month 2 - ShortNamePossessive,extreme_length_ratio,ui_localization,audit_flag_manual_review:extreme_length_ratio,reject,,
23386,kde4,of Vai,Th3Indian National month 3 - ShortNamePossessive,extreme_length_ratio,ai_ml,audit_flag_manual_review:extreme_length_ratio,reject,,
23387,kde4,of Jya,Th1Indian National month 4 - ShortNamePossessive,extreme_length_ratio,ui_localization,audit_flag_manual_review:extreme_length_ratio,reject,,
23388,kde4,of Ā sh,KhoIndian National month 5 - ShortNamePossessive,extreme_length_ratio,ui_localization,audit_flag_manual_review:extreme_length_ratio,reject,,
23389,kde4,of Shr,của Sha`banIndian National month 6 - ShortNamePossessive,extreme_length_ratio,ui_localization,audit_flag_manual_review:extreme_length_ratio,reject,,
23390,kde4,of Bh ā,Tháng BaIndian National month 7 - ShortNamePossessive,extreme_length_ratio,ai_ml,audit_flag_manual_review:extreme_length_ratio,reject,,
23391,kde4,of Ā sw,EsfIndian National month 8 - ShortNamePossessive,extreme_length_ratio,ui_localization,audit_flag_manual_review:extreme_length_ratio,reject,,
23392,kde4,of Kā r,Th3Indian National month 9 - ShortNamePossessive,extreme_length_ratio,ui_localization,audit_flag_manual_review:extreme_length_ratio,reject,,
23393,kde4,of Agr,Th4Indian National month 10 - ShortNamePossessive,extreme_length_ratio,ui_localization,audit_flag_manual_review:extreme_length_ratio,reject,,
23394,kde4,of Pau,TamuzIndian National month 11 - ShortNamePossessive,extreme_length_ratio,ui_localization,audit_flag_manual_review:extreme_length_ratio,reject,,
23395,kde4,of M ā g,Th3Indian National month 12 - ShortNamePossessive,extreme_length_ratio,ui_localization,audit_flag_manual_review:extreme_length_ratio,reject,,
23396,kde4,of Ph ā,KhoIndian National month 1 - LongNamePossessive,extreme_length_ratio,ui_localization,audit_flag_manual_review:extreme_length_ratio,reject,,
23397,kde4,of Chaitra,của MuharramIndian National month 2 - LongNamePossessive,extreme_length_ratio,ai_ml;hardware,audit_flag_manual_review:extreme_length_ratio,reject,,
23403,kde4,of Ā shwin,HeshvanIndian National month 8 - LongNamePossessive,extreme_length_ratio,ui_localization,audit_flag_manual_review:extreme_length_ratio,reject,,
23406,kde4,of Paush,Tháng BaIndian National month 11 - LongNamePossessive,extreme_length_ratio,ai_ml,audit_flag_manual_review:extreme_length_ratio,reject,,
23407,kde4,of Mā gh,Tháng BaIndian National month 12 - LongNamePossessive,extreme_length_ratio,ai_ml,audit_flag_manual_review:extreme_length_ratio,reject,,
23409,kde4,Cha,KhaIndian National month 2 - ShortName,extreme_length_ratio,ai_ml,audit_flag_manual_review:extreme_length_ratio,reject,,
23410,kde4,Vai,Th3Indian National month 3 - ShortName,extreme_length_ratio,ai_ml,audit_flag_manual_review:extreme_length_ratio,reject,,
23411,kde4,Jya,Th1Indian National month 4 - ShortName,extreme_length_ratio,ui_localization,audit_flag_manual_review:extreme_length_ratio,reject,,
23412,kde4,Ā sh,KhoIndian National month 5 - ShortName,extreme_length_ratio,ui_localization,audit_flag_manual_review:extreme_length_ratio,reject,,
23413,kde4,Shr,ShaIndian National month 6 - ShortName,extreme_length_ratio,ai_ml,audit_flag_manual_review:extreme_length_ratio,reject,,
23414,kde4,Bh ā,Tháng BaIndian National month 7 - ShortName,extreme_length_ratio,ai_ml,audit_flag_manual_review:extreme_length_ratio,reject,,
23415,kde4,Ā sw,EsfIndian National month 8 - ShortName,extreme_length_ratio,ui_localization,audit_flag_manual_review:extreme_length_ratio,reject,,
23416,kde4,K ā r,Th3Indian National month 9 - ShortName,extreme_length_ratio,ui_localization,audit_flag_manual_review:extreme_length_ratio,reject,,
23417,kde4,Agr,ArbIndian National month 10 - ShortName,extreme_length_ratio,ui_localization,audit_flag_manual_review:extreme_length_ratio,reject,,
23418,kde4,Pau,Tạm dừngIndian National month 11 - ShortName,extreme_length_ratio,ui_localization,audit_flag_manual_review:extreme_length_ratio,reject,,
23419,kde4,M ā g,Th3Indian National month 12 - ShortName,extreme_length_ratio,ui_localization,audit_flag_manual_review:extreme_length_ratio,reject,,
23420,kde4,Ph ā,KhoIndian National month 1 - LongName,extreme_length_ratio,ui_localization,audit_flag_manual_review:extreme_length_ratio,reject,,
23421,kde4,Chaitra,Dây: Indian National month 2 - LongName,extreme_length_ratio,ai_ml,audit_flag_manual_review:extreme_length_ratio,reject,,
23427,kde4,Ā shwin,HeshvanIndian National month 8 - LongName,extreme_length_ratio,ui_localization,audit_flag_manual_review:extreme_length_ratio,reject,,
23430,kde4,Paush,Tạm dừngIndian National month 11 - LongName,extreme_length_ratio,ui_localization,audit_flag_manual_review:extreme_length_ratio,reject,,
23431,kde4,Mā gh,Tháng BaIndian National month 12 - LongName,extreme_length_ratio,ai_ml,audit_flag_manual_review:extreme_length_ratio,reject,,
23433,kde4,Som,JomIndian National weekday 2 - ShortDayName,extreme_length_ratio,ui_localization,audit_flag_manual_review:extreme_length_ratio,reject,,
23434,kde4,Mañ,Indian National weekday 3 - ShortDayName,extreme_length_ratio,ui_localization,audit_flag_manual_review:extreme_length_ratio,reject,,
23435,kde4,Bud,Indian National weekday 4 - ShortDayName,extreme_length_ratio,ui_localization,audit_flag_manual_review:extreme_length_ratio,reject,,
23436,kde4,Gur,Indian National weekday 5 - ShortDayName,extreme_length_ratio,ui_localization,audit_flag_manual_review:extreme_length_ratio,reject,,
23437,kde4,Suk,CNIndian National weekday 6 - ShortDayName,extreme_length_ratio,ui_localization,audit_flag_manual_review:extreme_length_ratio,reject,,
23438,kde4,San,SivanIndian National weekday 7 - ShortDayName,extreme_length_ratio,ui_localization,audit_flag_manual_review:extreme_length_ratio,reject,,
23439,kde4,Rav,Indian National weekday 1 - LongDayName,extreme_length_ratio,ui_localization,audit_flag_manual_review:extreme_length_ratio,reject,,
23484,kde4,Arb,ArbEthiopian weekday 6 - LongDayName,extreme_length_ratio,ui_localization,audit_flag_manual_review:extreme_length_ratio,reject,,
23508,kde4,Far,FarOrdibehesht short,extreme_length_ratio,ui_localization,audit_flag_manual_review:extreme_length_ratio,reject,,
23509,kde4,Ord,OrdKhordad short,extreme_length_ratio,ui_localization,audit_flag_manual_review:extreme_length_ratio,reject,,
23512,kde4,Mor,MorShahrivar short,extreme_length_ratio,ui_localization,audit_flag_manual_review:extreme_length_ratio,reject,,
23540,kde4,2sh,2shSe shanbe short,extreme_length_ratio,ui_localization,audit_flag_manual_review:extreme_length_ratio,reject,,
23541,kde4,3sh,3shChahar shanbe short,extreme_length_ratio,ui_localization,audit_flag_manual_review:extreme_length_ratio,reject,,
23542,kde4,4sh,4shPanj shanbe short,extreme_length_ratio,ui_localization,audit_flag_manual_review:extreme_length_ratio,reject,,
23545,kde4,shn,shnYek- shanbe short,extreme_length_ratio,ui_localization,audit_flag_manual_review:extreme_length_ratio,reject,,
23594,kde4,of Tho,KhoCoptic month 2 - ShortNamePossessive,extreme_length_ratio,ui_localization,audit_flag_manual_review:extreme_length_ratio,reject,,
23595,kde4,of Pao,TamuzCoptic month 3 - ShortNamePossessive,extreme_length_ratio,ui_localization,audit_flag_manual_review:extreme_length_ratio,reject,,
23596,kde4,of Hat,ShvatCoptic month 4 - ShortNamePossessive,extreme_length_ratio,ui_localization,audit_flag_manual_review:extreme_length_ratio,reject,,
23597,kde4,of Kia,NisanCoptic month 5 - ShortNamePossessive,extreme_length_ratio,ui_localization,audit_flag_manual_review:extreme_length_ratio,reject,,
23598,kde4,of Tob,Th2Coptic month 6 - ShortNamePossessive,extreme_length_ratio,ui_localization,audit_flag_manual_review:extreme_length_ratio,reject,,
23599,kde4,of Mes,Tháng BaEthiopian month 2 - ShortNamePossessive,extreme_length_ratio,ui_localization,audit_flag_manual_review:extreme_length_ratio,reject,,
23600,kde4,of Par,Th3Coptic month 8 - ShortNamePossessive,extreme_length_ratio,ui_localization,audit_flag_manual_review:extreme_length_ratio,reject,,
23601,kde4,of Pam,TamuzCoptic month 9 - ShortNamePossessive,extreme_length_ratio,ui_localization,audit_flag_manual_review:extreme_length_ratio,reject,,
23602,kde4,of Pas,Tháng BaCoptic month 10 - ShortNamePossessive,extreme_length_ratio,ui_localization,audit_flag_manual_review:extreme_length_ratio,reject,,
23603,kde4,of Pan,Th1Coptic month 11 - ShortNamePossessive,extreme_length_ratio,ui_localization,audit_flag_manual_review:extreme_length_ratio,reject,,
23604,kde4,of Epe,Th2Coptic month 12 - ShortNamePossessive,extreme_length_ratio,ui_localization,audit_flag_manual_review:extreme_length_ratio,reject,,
23605,kde4,of Meo,Th3Coptic month 13 - ShortNamePossessive,extreme_length_ratio,ui_localization,audit_flag_manual_review:extreme_length_ratio,reject,,
23606,kde4,of Kou,KhoCoptic month 1 - LongNamePossessive,extreme_length_ratio,ui_localization,audit_flag_manual_review:extreme_length_ratio,reject,,
23611,kde4,of Tobe,Tháng MườiCoptic month 6 - LongNamePossessive,extreme_length_ratio,ui_localization,audit_flag_manual_review:extreme_length_ratio,reject,,
23617,kde4,of Epep,Th9Coptic month 12 - LongNamePossessive,extreme_length_ratio,ui_localization,audit_flag_manual_review:extreme_length_ratio,reject,,
23620,kde4,Tho,ThlCoptic month 2 - ShortName,extreme_length_ratio,ui_localization,audit_flag_manual_review:extreme_length_ratio,reject,,
23621,kde4,Pao,Tạm dừngCoptic month 3 - ShortName,extreme_length_ratio,ui_localization,audit_flag_manual_review:extreme_length_ratio,reject,,
23622,kde4,Hat,T7Coptic month 4 - ShortName,extreme_length_ratio,ui_localization,audit_flag_manual_review:extreme_length_ratio,reject,,
23623,kde4,Kia,KhaCoptic month 5 - ShortName,extreme_length_ratio,ui_localization,audit_flag_manual_review:extreme_length_ratio,reject,,
23624,kde4,Tob,JomCoptic month 6 - ShortName,extreme_length_ratio,ui_localization,audit_flag_manual_review:extreme_length_ratio,reject,,
23625,kde4,Mes,CóEthiopian month 2 - ShortName,extreme_length_ratio,ui_localization,audit_flag_manual_review:extreme_length_ratio,reject,,
23626,kde4,Par,Th3Coptic month 8 - ShortName,extreme_length_ratio,ui_localization,audit_flag_manual_review:extreme_length_ratio,reject,,
23627,kde4,Pam,sángCoptic month 9 - ShortName,extreme_length_ratio,ui_localization,audit_flag_manual_review:extreme_length_ratio,reject,,
23628,kde4,Pas,PageUp (trang lên) toolbar position stringCoptic month 10 - ShortName,extreme_length_ratio,ui_localization,audit_flag_manual_review:extreme_length_ratio,reject,,
23629,kde4,Pan,ChuẩnCoptic month 11 - ShortName,extreme_length_ratio,ui_localization,audit_flag_manual_review:extreme_length_ratio,reject,,
23630,kde4,Epe,Phím escCoptic month 12 - ShortName,extreme_length_ratio,ui_localization,audit_flag_manual_review:extreme_length_ratio,reject,,
23631,kde4,Meo,T2Coptic month 13 - ShortName,extreme_length_ratio,ui_localization,audit_flag_manual_review:extreme_length_ratio,reject,,
23632,kde4,Kou,KhoCoptic month 1 - LongName,extreme_length_ratio,ui_localization,audit_flag_manual_review:extreme_length_ratio,reject,,
23634,kde4,Paope,Thuộc tínhCoptic month 3 - LongName,extreme_length_ratio,ui_localization,audit_flag_manual_review:extreme_length_ratio,reject,,
23635,kde4,Hathor,Tác giảCoptic month 4 - LongName,extreme_length_ratio,ui_localization,audit_flag_manual_review:extreme_length_ratio,reject,,
23636,kde4,Kiahk,KhoCoptic month 5 - LongName,extreme_length_ratio,ui_localization,audit_flag_manual_review:extreme_length_ratio,reject,,
23637,kde4,Tobe,JomCoptic month 6 - LongName,extreme_length_ratio,ui_localization,audit_flag_manual_review:extreme_length_ratio,reject,,
23642,kde4,Paone,Không cóCoptic month 11 - LongName,extreme_length_ratio,ui_localization,audit_flag_manual_review:extreme_length_ratio,reject,,
23643,kde4,Epep,Phím escCoptic month 12 - LongName,extreme_length_ratio,ui_localization,audit_flag_manual_review:extreme_length_ratio,reject,,
23644,kde4,Mesore,& Phục hồiCoptic month 13 - LongName,extreme_length_ratio,ui_localization,audit_flag_manual_review:extreme_length_ratio,reject,,
23646,kde4,Pes,PageUp (trang lên) Coptic weekday 2 - ShortDayName,extreme_length_ratio,ui_localization,audit_flag_manual_review:extreme_length_ratio,reject,,
23647,kde4,Psh,Tạm dừngCoptic weekday 3 - ShortDayName,extreme_length_ratio,ui_localization,audit_flag_manual_review:extreme_length_ratio,reject,,
23648,kde4,Pef,PageUp (trang lên) Coptic weekday 4 - ShortDayName,extreme_length_ratio,ui_localization,audit_flag_manual_review:extreme_length_ratio,reject,,
23649,kde4,Pti,Coptic weekday 5 - ShortDayName,extreme_length_ratio,ui_localization,audit_flag_manual_review:extreme_length_ratio,reject,,
23650,kde4,Pso,Tạm dừngCoptic weekday 6 - ShortDayName,extreme_length_ratio,ui_localization,audit_flag_manual_review:extreme_length_ratio,reject,,
23651,kde4,Psa,Tạm dừngCoptic weekday 7 - ShortDayName,extreme_length_ratio,ui_localization,audit_flag_manual_review:extreme_length_ratio,reject,,
23652,kde4,Tky,Coptic weekday 1 - LongDayName,extreme_length_ratio,ui_localization,audit_flag_manual_review:extreme_length_ratio,reject,,
23653,kde4,Pesnau,Tạm dừngCoptic weekday 2 - LongDayName,extreme_length_ratio,ui_localization,audit_flag_manual_review:extreme_length_ratio,reject,,
23656,kde4,Ptiou,Coptic weekday 5 - LongDayName,extreme_length_ratio,ui_localization,audit_flag_manual_review:extreme_length_ratio,reject,,
23657,kde4,Psoou,Coptic weekday 6 - LongDayName,extreme_length_ratio,ui_localization,audit_flag_manual_review:extreme_length_ratio,reject,,
23660,kde4,of Teq,TevetEthiopian month 3 - ShortNamePossessive,extreme_length_ratio,ui_localization,audit_flag_manual_review:extreme_length_ratio,reject,,
23661,kde4,of Hed,Th2Ethiopian month 4 - ShortNamePossessive,extreme_length_ratio,ui_localization,audit_flag_manual_review:extreme_length_ratio,reject,,
23662,kde4,of Tah,Tháng BaEthiopian month 5 - ShortNamePossessive,extreme_length_ratio,ui_localization,audit_flag_manual_review:extreme_length_ratio,reject,,
23663,kde4,of Ter,TirEthiopian month 6 - LongNamePossessive,extreme_length_ratio,ui_localization,audit_flag_manual_review:extreme_length_ratio,reject,,
23664,kde4,of Yak,Th1Ethiopian month 7 - ShortNamePossessive,extreme_length_ratio,ui_localization,audit_flag_manual_review:extreme_length_ratio,reject,,
23665,kde4,of Mag,Th3Ethiopian month 8 - ShortNamePossessive,extreme_length_ratio,ui_localization,audit_flag_manual_review:extreme_length_ratio,reject,,
23666,kde4,of Miy,Th5Ethiopian month 9 - ShortNamePossessive,extreme_length_ratio,ui_localization,audit_flag_manual_review:extreme_length_ratio,reject,,
23667,kde4,of Gen,Th1Ethiopian month 10 - ShortNamePossessive,extreme_length_ratio,ui_localization,audit_flag_manual_review:extreme_length_ratio,reject,,
23668,kde4,of Sen,Th9Ethiopian month 11 - ShortNamePossessive,extreme_length_ratio,ui_localization,audit_flag_manual_review:extreme_length_ratio,reject,,
23669,kde4,of Ham,TamuzEthiopian month 12 - ShortNamePossessive,extreme_length_ratio,ui_localization,audit_flag_manual_review:extreme_length_ratio,reject,,
23670,kde4,of Neh,Tháng BaEthiopian month 13 - ShortNamePossessive,extreme_length_ratio,ui_localization,audit_flag_manual_review:extreme_length_ratio,reject,,
23671,kde4,of Pag,TamuzEthiopian month 1 - LongNamePossessive,extreme_length_ratio,ui_localization,audit_flag_manual_review:extreme_length_ratio,reject,,
23674,kde4,of Hedar,Th3Ethiopian month 4 - LongNamePossessive,extreme_length_ratio,ui_localization,audit_flag_manual_review:extreme_length_ratio,reject,,
23680,kde4,of Sene,Th9Ethiopian month 11 - LongNamePossessive,extreme_length_ratio,ui_localization,audit_flag_manual_review:extreme_length_ratio,reject,,
23681,kde4,of Hamle,TamuzEthiopian month 12 - LongNamePossessive,extreme_length_ratio,ai_ml,audit_flag_manual_review:extreme_length_ratio,reject,,
23682,kde4,of Nehase,của Sha`banEthiopian month 13 - LongNamePossessive,extreme_length_ratio,ui_localization,audit_flag_manual_review:extreme_length_ratio,reject,,
23684,kde4,Teq,T3Ethiopian month 3 - ShortName,extreme_length_ratio,ui_localization,audit_flag_manual_review:extreme_length_ratio,reject,,
23685,kde4,Hed,T4Ethiopian month 4 - ShortName,extreme_length_ratio,ui_localization,audit_flag_manual_review:extreme_length_ratio,reject,,
23686,kde4,Tah,RácEthiopian month 5 - ShortName,extreme_length_ratio,ui_localization,audit_flag_manual_review:extreme_length_ratio,reject,,
23687,kde4,Ter,T3Ethiopian month 6 - LongName,extreme_length_ratio,ui_localization,audit_flag_manual_review:extreme_length_ratio,reject,,
23688,kde4,Yak,Th1Ethiopian month 7 - ShortName,extreme_length_ratio,ui_localization,audit_flag_manual_review:extreme_length_ratio,reject,,
23689,kde4,Mag,Th3Ethiopian month 8 - ShortName,extreme_length_ratio,ui_localization,audit_flag_manual_review:extreme_length_ratio,reject,,
23690,kde4,Miy,Th5Ethiopian month 9 - ShortName,extreme_length_ratio,ui_localization,audit_flag_manual_review:extreme_length_ratio,reject,,
23691,kde4,Gen,Hy LạpEthiopian month 10 - ShortName,extreme_length_ratio,ui_localization,audit_flag_manual_review:extreme_length_ratio,reject,,
23692,kde4,Sen,& GởiEthiopian month 11 - ShortName,extreme_length_ratio,ui_localization,audit_flag_manual_review:extreme_length_ratio,reject,,
23693,kde4,Ham,sángEthiopian weekday 5 - ShortDayName,extreme_length_ratio,ui_localization,audit_flag_manual_review:extreme_length_ratio,reject,,
23694,kde4,Neh,MehEthiopian month 13 - ShortName,extreme_length_ratio,ui_localization,audit_flag_manual_review:extreme_length_ratio,reject,,
23695,kde4,Pag,PageUp (trang lên) Ethiopian month 1 - LongName,extreme_length_ratio,ui_localization,audit_flag_manual_review:extreme_length_ratio,reject,,
23698,kde4,Hedar,AdarEthiopian month 4 - LongName,extreme_length_ratio,ui_localization,audit_flag_manual_review:extreme_length_ratio,reject,,
23699,kde4,Tahsas,Tác vụEthiopian month 5 - LongName,extreme_length_ratio,ui_localization,audit_flag_manual_review:extreme_length_ratio,reject,,
23701,kde4,Magabit,của RajabEthiopian month 8 - LongName,extreme_length_ratio,ui_localization,audit_flag_manual_review:extreme_length_ratio,reject,,
23703,kde4,Genbot,Th2Ethiopian month 10 - LongName,extreme_length_ratio,ui_localization,audit_flag_manual_review:extreme_length_ratio,reject,,
23704,kde4,Sene,& GởiEthiopian month 11 - LongName,extreme_length_ratio,ui_localization,audit_flag_manual_review:extreme_length_ratio,reject,,
23705,kde4,Hamle,TênEthiopian month 12 - LongName,extreme_length_ratio,ai_ml,audit_flag_manual_review:extreme_length_ratio,reject,,
23706,kde4,Nehase,TênEthiopian month 13 - LongName,extreme_length_ratio,ui_localization,audit_flag_manual_review:extreme_length_ratio,reject,,
23707,kde4,Pagumen,PageUp (trang lên) Ethiopian weekday 1 - ShortDayName,extreme_length_ratio,ui_localization,audit_flag_manual_review:extreme_length_ratio,reject,,
23708,kde4,Seg,Th9Ethiopian weekday 2 - ShortDayName,extreme_length_ratio,ui_localization,audit_flag_manual_review:extreme_length_ratio,reject,,
23709,kde4,Mak,Th3Ethiopian weekday 3 - ShortDayName,extreme_length_ratio,ui_localization,audit_flag_manual_review:extreme_length_ratio,reject,,
23710,kde4,Rob,JomEthiopian weekday 4 - LongDayName,extreme_length_ratio,ui_localization,audit_flag_manual_review:extreme_length_ratio,reject,,
23711,kde4,Qed,T4Ethiopian weekday 7 - ShortDayName,extreme_length_ratio,ui_localization,audit_flag_manual_review:extreme_length_ratio,reject,,
23712,kde4,Ehu,T5Ethiopian weekday 1 - LongDayName,extreme_length_ratio,ui_localization,audit_flag_manual_review:extreme_length_ratio,reject,,
23713,kde4,Segno,& GởiEthiopian weekday 2 - LongDayName,extreme_length_ratio,ui_localization,audit_flag_manual_review:extreme_length_ratio,reject,,
23715,kde4,Hamus,Tạm dừngEthiopian weekday 5 - LongDayName,extreme_length_ratio,ui_localization,audit_flag_manual_review:extreme_length_ratio,reject,,
23716,kde4,Qedame,TênEthiopian weekday 7 - LongDayName,extreme_length_ratio,ui_localization,audit_flag_manual_review:extreme_length_ratio,reject,,
23852,kde4,Pause,Tạm dừngconcatenation of dates and time,extreme_length_ratio,ui_localization,audit_flag_manual_review:extreme_length_ratio,reject,,
24114,kde4,The certificate is not signed by any trusted certificate authority,SSL error,extreme_length_ratio,ui_localization,audit_flag_manual_review:extreme_length_ratio,reject,,
24116,kde4,The certificate is unsuitable for this purpose,SSL error,extreme_length_ratio,ui_localization,audit_flag_manual_review:extreme_length_ratio,reject,,
24117,kde4,The root certificate authority's certificate is not trusted for this purpose,SSL error,extreme_length_ratio,ui_localization,audit_flag_manual_review:extreme_length_ratio,reject,,
24118,kde4,The certificate authority's certificate is marked to reject this certificate's purpose,SSL error,extreme_length_ratio,ui_localization,audit_flag_manual_review:extreme_length_ratio,reject,,
24186,kde4,'%1 'missing.,"Thiếu «% 1 ». @ info: shell message on appcmd -- version; do not translate 'Development Platform'% 3 application name, other% n version strings",extreme_length_ratio,command_cli,audit_flag_manual_review:extreme_length_ratio,reject,,
24187,kde4,Qt: %1 KDE Development Platform: %2 %3: %4,"the 2nd argument is a list of name+address, one on each line",language_suspect,ui_localization,audit_flag_manual_review:language_suspect,reject,,
24229,kde4,Not specified,Chưa xác địnhreplace this with information about your translation team,extreme_length_ratio,ui_localization,audit_flag_manual_review:extreme_length_ratio,reject,,
24235,kde4,40,40dictionary variant,extreme_length_ratio,ui_localization,audit_flag_manual_review:extreme_length_ratio,reject,,
24236,kde4,60,60dictionary variant,extreme_length_ratio,ui_localization,audit_flag_manual_review:extreme_length_ratio,reject,,
24237,kde4,80,80dictionary variant,extreme_length_ratio,ui_localization,audit_flag_manual_review:extreme_length_ratio,reject,,
24255,kde4,extended,"kéo dàidictionary name.% 1- language,% 2- country and% 3 variant name",extreme_length_ratio,ui_localization,audit_flag_manual_review:extreme_length_ratio,reject,,
24256,kde4,%1 (%2) [%3],% 1 (% 2) [% 3] dictionary name.% 1- language and% 2- country name,language_suspect; extreme_length_ratio,ui_localization,audit_flag_manual_review:extreme_length_ratio;language_suspect,reject,,
24275,kde4,Arabic,Ả RậpKCharselect unicode block name,extreme_length_ratio,coding,audit_flag_manual_review:extreme_length_ratio,reject,,
24277,kde4,Thai,TháiKCharselect unicode block name,extreme_length_ratio,coding;ai_ml,audit_flag_manual_review:extreme_length_ratio,reject,,
24310,kde4,Other,KhácKCharselect unicode block name,extreme_length_ratio,coding,audit_flag_manual_review:extreme_length_ratio,reject,,
24311,kde4,%1 (%2),% 1 (% 2) @ tag/ modifier/ modifier@ title/ plain,extreme_length_ratio,ai_ml,audit_flag_manual_review:extreme_length_ratio,reject,,
24315,kde4,%1,@ item/ plain,extreme_length_ratio,ai_ml,audit_flag_manual_review:extreme_length_ratio,reject,,
24318,kde4,Note: %1,concatenation of dates and time,language_suspect,ui_localization,audit_flag_manual_review:language_suspect,reject,,
24324,kde4,%2,[Thuộc tính] @ filename/ plain,extreme_length_ratio,ai_ml,audit_flag_manual_review:extreme_length_ratio,reject,,
24328,kde4,%1(%2),"% 1 (% 2) @ command- with- section/ rich% 1 is the command name,% 2 is its man section",language_suspect; extreme_length_ratio,command_cli,audit_flag_manual_review:extreme_length_ratio;language_suspect,reject,,
24330,kde4,%1,Lỗi:% 1:% 2@ placeholder/ plain,extreme_length_ratio,ai_ml,audit_flag_manual_review:extreme_length_ratio,reject,,
24335,kde4,& lt; %1 gt;,"Vui lòng thông báo lỗi nào cho% 2. @ email- with- name/ plain% 1 is name,% 2 is address",extreme_length_ratio,ai_ml,audit_flag_manual_review:extreme_length_ratio,reject,,
24336,kde4,%1,Vui lòng thông báo lỗi nào cho% 2.,extreme_length_ratio,ui_localization,audit_flag_manual_review:extreme_length_ratio,reject,,
24337,kde4,$%1,% 1% @ envar/ rich,extreme_length_ratio,ui_localization,audit_flag_manual_review:extreme_length_ratio,reject,,
24347,kde4,Down,PageDown (xuống trang),extreme_length_ratio,ui_localization,audit_flag_manual_review:extreme_length_ratio,reject,,
24354,kde4,Left,Tráitoolbar position string,extreme_length_ratio,ui_localization,audit_flag_manual_review:extreme_length_ratio,reject,,
24365,kde4,Right,Phảitoolbar position string,extreme_length_ratio,ui_localization,audit_flag_manual_review:extreme_length_ratio,reject,,
24379,kde4,Payload,Trọng tảiProgram name followed by 'Add On Installer',extreme_length_ratio,coding;hardware;command_cli,audit_flag_manual_review:extreme_length_ratio,reject,,
24603,kde4,modified,đã sửa đổiDocument/ application separator in titlebar,extreme_length_ratio,documentation,audit_flag_manual_review:extreme_length_ratio,reject,,
24821,kde4,invalid button,"nút không hợp lệa kind of mouse gesture: hold down one mouse button, then press another button",extreme_length_ratio,ui_localization,audit_flag_manual_review:extreme_length_ratio,reject,,
24868,kde4,Document Forward,Tới,extreme_length_ratio,documentation,audit_flag_manual_review:extreme_length_ratio,reject,,
24893,kde4,Ambiguous shortcut detected,beginning (of line),language_suspect,ui_localization,audit_flag_manual_review:language_suspect,reject,,
24959,kde4,Symbols,Ký hiệu toán họcKCharSelect section name,extreme_length_ratio,ui_localization,audit_flag_manual_review:extreme_length_ratio,reject,,
24973,kde4,Bengali,Ban- tíchKCharselect unicode block name,extreme_length_ratio,coding,audit_flag_manual_review:extreme_length_ratio,reject,,
24976,kde4,Tamil,TháiKCharselect unicode block name,extreme_length_ratio,coding,audit_flag_manual_review:extreme_length_ratio,reject,,
24980,kde4,Lao,KCharselect unicode block name,extreme_length_ratio,coding,audit_flag_manual_review:extreme_length_ratio,reject,,
24989,kde4,Tagalog,Bản ghi đổiKCharselect unicode block name,extreme_length_ratio,coding,audit_flag_manual_review:extreme_length_ratio,reject,,
24991,kde4,Buhid,KCharselect unicode block name,extreme_length_ratio,coding,audit_flag_manual_review:extreme_length_ratio,reject,,
24993,kde4,Khmer,KCharselect unicode block name,extreme_length_ratio,coding,audit_flag_manual_review:extreme_length_ratio,reject,,
24996,kde4,Limbu,KCharselect unicode block name,extreme_length_ratio,coding,audit_flag_manual_review:extreme_length_ratio,reject,,
25057,kde4,Vai,Th3dictionary variant,extreme_length_ratio,ai_ml,audit_flag_manual_review:extreme_length_ratio,reject,,
25059,kde4,Bamum,TamuzKCharselect unicode block name,extreme_length_ratio,coding,audit_flag_manual_review:extreme_length_ratio,reject,,
25069,kde4,Cham,Khadictionary variant,extreme_length_ratio,ui_localization,audit_flag_manual_review:extreme_length_ratio,reject,,
25115,kde4,Square,Nguồn: @ item: inmenu numbered lists,extreme_length_ratio,ui_localization,audit_flag_manual_review:extreme_length_ratio,reject,,
25156,kde4,Shortcut '%1' in Application %2 for action %3,"% 1 is the number of conflicts (hidden),% 2 is the key sequence of the shortcut that is problematic",language_suspect,ui_localization,audit_flag_manual_review:language_suspect,reject,,
25181,kde4,Top,Trêntoolbar position string,extreme_length_ratio,ui_localization,audit_flag_manual_review:extreme_length_ratio,reject,,
25233,kde4,Print Frame...,In khung...,language_suspect,hardware,audit_flag_manual_review:language_suspect,reject,,
25605,kde4,Aspell,@ item: inlistbox Spell checker,extreme_length_ratio,ui_localization,audit_flag_manual_review:extreme_length_ratio,reject,,
25606,kde4,Hspell,@ item: inlistbox Spell checker,extreme_length_ratio,ui_localization,audit_flag_manual_review:extreme_length_ratio,reject,,
25661,kde4,Named Colors,"% 1 is the number of paths,% 2 is the list of paths (with newlines between them)",language_suspect; extreme_length_ratio,ui_localization,audit_flag_manual_review:extreme_length_ratio;language_suspect,reject,,
25852,kde4,Ahd,Yaum al- Ithnain,extreme_length_ratio,ai_ml,audit_flag_manual_review:extreme_length_ratio,reject,,
25942,kde4,Gregorian (Proleptic),Th1,extreme_length_ratio,ui_localization,audit_flag_manual_review:extreme_length_ratio,reject,,
25975,kde4,Mes,PageUp (trang lên) toolbar position string,extreme_length_ratio,ui_localization,audit_flag_manual_review:extreme_length_ratio,reject,,
25995,kde4,Psa,Tevetof February,extreme_length_ratio,ui_localization,audit_flag_manual_review:extreme_length_ratio,reject,,
26026,kde4,Miy,PageUp (trang lên),extreme_length_ratio,ui_localization,audit_flag_manual_review:extreme_length_ratio,reject,,
26044,kde4,"This word was considered to be an ""unknown word"" because it does not match any entry in the dictionary currently in use. It may also be a word in a foreign language. If the word is not misspelled, you may add it to the dictionary by clicking Add to Dictionary. If you don't want to add the unknown word to the dictionary, but you want to leave it unchanged, click Ignoreor Ignore All. However, if the word is misspelled, you can try to find the correct replacement in the list below. If you cannot find a replacement there, you may type it in the text box below, and click Replaceor Replace All.",Văn lệnh,extreme_length_ratio,command_cli,audit_flag_manual_review:extreme_length_ratio,reject,,
26067,kde4,An error occurred while attempting to run a script on this page. %1,% 1%,extreme_length_ratio,coding,audit_flag_manual_review:extreme_length_ratio,reject,,
26068,kde4,%1%,Tổ hợp phím «% 1 » đã được gán cho hành động «% 2 ». Bạn có muốn gán lại nó từ hành động này đến điều hiện thời không?,extreme_length_ratio,ui_localization,audit_flag_manual_review:extreme_length_ratio,reject,,
26069,kde4,"The '%1' key combination has already been allocated to the ""%2"" action. Do you want to reassign it from that action to the current one?",Đã mở.,extreme_length_ratio,ui_localization,audit_flag_manual_review:extreme_length_ratio,reject,,
26104,kde4,Do you really want to trash '%1'?,Mạng,extreme_length_ratio,system,audit_flag_manual_review:extreme_length_ratio,reject,,
26120,kde4,An error occurred while loading %1:,& Rác,extreme_length_ratio,ui_localization,audit_flag_manual_review:extreme_length_ratio,reject,,
26537,kde4,red1,xanh da trời thắm1color,extreme_length_ratio,ui_localization,audit_flag_manual_review:extreme_length_ratio,reject,,
26538,kde4,red2,xanh da trời thắm2color,extreme_length_ratio,ui_localization,audit_flag_manual_review:extreme_length_ratio,reject,,
26539,kde4,red3,xanh da trời thắm3color,extreme_length_ratio,ui_localization,audit_flag_manual_review:extreme_length_ratio,reject,,
26540,kde4,red4,xanh da trời thắm4color,extreme_length_ratio,ui_localization,audit_flag_manual_review:extreme_length_ratio,reject,,
26978,kde4,Warning,program name follows in a line edit below,language_suspect; extreme_length_ratio,coding;hardware,audit_flag_manual_review:extreme_length_ratio;language_suspect,reject,,
27030,kde4,"NO, there were errors:",The certificate is trusted,language_suspect,ui_localization,audit_flag_manual_review:language_suspect,reject,,
27140,kde4,r,đwrite permission,extreme_length_ratio,ui_localization,audit_flag_manual_review:extreme_length_ratio,reject,,
27141,kde4,w,gexecute permission,extreme_length_ratio,ui_localization,audit_flag_manual_review:extreme_length_ratio,reject,,
27174,kde4,Device usage:,Tên thiết bịAvailable space out of total partition size (percent used),extreme_length_ratio,ai_ml;hardware,audit_flag_manual_review:extreme_length_ratio,reject,,
27244,kde4,Unmounted Icon,Biểu tượng không gắn kếtAvailable space out of total partition size (percent used),extreme_length_ratio,ai_ml,audit_flag_manual_review:extreme_length_ratio,reject,,
27533,kde4,Enter descriptive label here,Mô tả,extreme_length_ratio,coding,audit_flag_manual_review:extreme_length_ratio,reject,,
27582,kde4,"Unexpected end of data, some information may be lost.",cỡ% 1,extreme_length_ratio,ui_localization,audit_flag_manual_review:extreme_length_ratio,reject,,
27596,kde4,Invalid URL,Những tên tập tin đã yêu cầu% 1 có vẻ không phải là hợp lệ. Hãy kiểm tra xem mỗi tên tập tin nằm bên trong dấu trích dẫn đôi.,extreme_length_ratio,ui_localization,audit_flag_manual_review:extreme_length_ratio,reject,,
27597,kde4,The requested filenames %1 do not appear to be valid; make sure every filename is enclosed in double quotes.,Lỗi tên tập tin,extreme_length_ratio,ui_localization,audit_flag_manual_review:extreme_length_ratio,reject,,
27607,kde4,Create,KDE đã yêu cầu truy cập ví mở «% 1 ».,extreme_length_ratio,ui_localization,audit_flag_manual_review:extreme_length_ratio,reject,,
27618,kde4,KWallet - The KDE Wallet System,"Chào mừng bạn dùng KWallet, Hệ thống Ví KDE. Trình KWallet cho bạn khả năng lưu các mật khẩu và thông tin cá nhân khác vào đĩa trong một tập tin đã mật mã, ngăn cản người khác xem thông tin này. Trợ lý này sẽ giải thích chương trình KWallet và giúp đỡ bạn cấu hình nó lần đầu tiên.",extreme_length_ratio,system,audit_flag_manual_review:extreme_length_ratio,reject,,
27619,kde4,"Welcome to KWallet, the KDE Wallet System. KWallet allows you to store your passwords and other personal information on disk in an encrypted file, preventing others from viewing the information. This wizard will tell you about KWallet and help you configure it for the first time.",Thiết lập cơ & bản (đệ nghị),extreme_length_ratio,hardware;system;ui_localization,audit_flag_manual_review:extreme_length_ratio,reject,,
27621,kde4,& Advanced setup,"Nhiều ứng dụng khác nhau có thể cố sử dụng ví KDE để lưu mật khẩu hay thông tin khác như dữ liệu trong đơn Mạng và tập tin cookie. Nếu bạn muốn cho phép những ứng dụng này sử dụng ví mình, bạn cần phải hiệu lực nó ngay bây giờ, và chọn mật khẩu cho nó. Mật khẩu bạn chọn không thể được phục hồi nếu bị mất, và sẽ cho phép mọi người biết nó, lấy tất cả các thông tin nằm trong ví này.",extreme_length_ratio,system,audit_flag_manual_review:extreme_length_ratio,reject,,
27622,kde4,"Various applications may attempt to use the KDE wallet to store passwords or other information such as web form data and cookies. If you would like these applications to use the wallet, you must enable it now and choose a password. The password you choose cannot be recovered if it is lost, and will allow anyone who knows it to obtain all the information contained in the wallet.","Có, tôi muốn sử dụng ví KDE để lưu thông tin cá nhân mình.",extreme_length_ratio,ai_ml,audit_flag_manual_review:extreme_length_ratio,reject,,
27625,kde4,Verify password:,"Hệ thống Ví KDE lưu dữ liệu của bạn vào một tập tin ví trên đĩa cứng cục bộ. Dữ liệu được ghi chỉ bằng dạng thức đã mật mã, hiện thời bằng thuật toán Blowfish, dùng mật khẩu của bạn là khoá. Khi ví được mở, ứng dụng quản lý ví sẽ khởi chạy và xuất hiện biểu tượng trên khay hệ thống. Bạn có thể sử dụng ứng dụng này để quản lý các ví mình. Nó cho phép bạn ngay cả kéo ví và nội dung ví, cho bạn khả năng sao chép dễ dàng ví sang hệ thống từ xa.",extreme_length_ratio,system,audit_flag_manual_review:extreme_length_ratio,reject,,
27636,kde4,Add a bookmark for the current document,? mục,extreme_length_ratio,documentation,audit_flag_manual_review:extreme_length_ratio,reject,,
27652,kde4,Cryptography Configuration...,Dây:,extreme_length_ratio,ui_localization,audit_flag_manual_review:extreme_length_ratio,reject,,
27668,kde4,Desktop: %1,Tập tin mục nhập môi trường% 1 có mục nhập trình đơn không hợp lệ% 2.,extreme_length_ratio,ui_localization,audit_flag_manual_review:extreme_length_ratio,reject,,
27680,kde4,"Please provide a description, URL and icon for this Quick Access entry.",Ngược lại,extreme_length_ratio,coding,audit_flag_manual_review:extreme_length_ratio,reject,,
27688,kde4,"This is the currently listed location. The drop-down list also lists commonly used locations. This includes standard locations, such as your home folder, as well as locations that have been visited recently.",1 ngày 23: 59: 00,extreme_length_ratio,ui_localization,audit_flag_manual_review:extreme_length_ratio,reject,,
27742,kde4,Auto brackets feature disabled,"This is a localized string for default time & date printing on kate document.% d means day in XX format.% m means month in XX format.% Y means year in XXXX format.% H means hours in XX format.% M means minutes in XX format. Please, if in your language time or date is written in a different order, change it here",language_suspect; extreme_length_ratio,documentation,audit_flag_manual_review:extreme_length_ratio;language_suspect,reject,,
27776,kde4,Automatically & show completion list,"Tự động hiển thị danh sách hoàn chỉnhTranslators: This is the first part of two strings which will comprise the sentence 'Show completions when a word is at least N characters'. The first part is on the right side of the N, which is represented by a spinbox widget, followed by the second part: 'characters long'. Characters is a ingeger number between and including 1 and 30. Feel free to leave the second part of the sentence blank if it suits your language better.",extreme_length_ratio,ui_localization,audit_flag_manual_review:extreme_length_ratio,reject,,
27786,kde4,Keyboard Shortcut,"% 1 is the name of a plasmoid,% 2 the name of the machine that plasmoid is published on",language_suspect; extreme_length_ratio,ui_localization,audit_flag_manual_review:extreme_length_ratio;language_suspect,reject,,
27787,kde4,Share,"Package file, name of the widget",language_suspect; extreme_length_ratio,system;ui_localization,audit_flag_manual_review:extreme_length_ratio;language_suspect,reject,,
27788,kde4,Could not locate the %1 package required for the %2 widget.,"API or programming language the widget was written in, name of the widget",language_suspect,coding;hardware;system;ui_localization,audit_flag_manual_review:language_suspect,reject,,
27789,kde4,Could not create a %1 ScriptEngine for the %2 widget.,"Package file, name of the widget",language_suspect,coding;system;ui_localization,audit_flag_manual_review:language_suspect,reject,,
27790,kde4,Could not open the %1 package required for the %2 widget.,% 1 is the name of the applet,language_suspect,system;ui_localization,audit_flag_manual_review:language_suspect,reject,,
27791,kde4,Remove this %1,% 1 is the name of the applet,language_suspect,ui_localization,audit_flag_manual_review:language_suspect,reject,,
27792,kde4,This menu needs to be configured,% 1 is the name of the containment,language_suspect,ai_ml;ui_localization,audit_flag_manual_review:language_suspect,reject,,
27793,kde4,Wallpaper,% 1 is the name of the containment,language_suspect,ai_ml,audit_flag_manual_review:language_suspect,reject,,
27794,kde4,Do you really want to remove this %1?,@ title: window% 1 is the name of the containment,language_suspect,ai_ml;ui_localization,audit_flag_manual_review:language_suspect,reject,,
27796,kde4,Invalid,"Error message, access to a remote service failed.",language_suspect; extreme_length_ratio,ai_ml;system,audit_flag_manual_review:extreme_length_ratio;language_suspect,reject,,
27797,kde4,Invalid token.,"Error message, access to a remote service failed.",language_suspect,ai_ml;system,audit_flag_manual_review:language_suspect,reject,,
27798,kde4,Matching password required.,"Error message, access to a remote service failed.",language_suspect,ai_ml;system,audit_flag_manual_review:language_suspect,reject,,
27799,kde4,Unknown error.,"Error message, tried to start an invalid service",language_suspect,system,audit_flag_manual_review:language_suspect,reject,,
28278,kde4,Album Name,NAME OF TRANSLATORS,language_suspect,ui_localization,audit_flag_manual_review:language_suspect,reject,,
28313,kde4,All downloads finished,Name,extreme_length_ratio,ui_localization,audit_flag_manual_review:extreme_length_ratio,reject,,
28315,kde4,An Error has Occurred,Name,extreme_length_ratio,ui_localization,audit_flag_manual_review:extreme_length_ratio,reject,,
28317,kde4,User Notified of Information,Name,extreme_length_ratio,ui_localization,audit_flag_manual_review:extreme_length_ratio,reject,,
28319,kde4,Allows files to be downloaded using Bittorrent,Name,extreme_length_ratio,ui_localization,audit_flag_manual_review:extreme_length_ratio,reject,,
28322,kde4,Tries to find checksums for a specified URL,Name,extreme_length_ratio,ui_localization,audit_flag_manual_review:extreme_length_ratio,reject,,
28325,kde4,Fetch contents with custom scripts.,Name,extreme_length_ratio,coding,audit_flag_manual_review:extreme_length_ratio,reject,,
28327,kde4,Classic file downloader plugin,Name,extreme_length_ratio,coding,audit_flag_manual_review:extreme_length_ratio,reject,,
28329,kde4,Allows files to be downloaded from Metalink,Name,extreme_length_ratio,ui_localization,audit_flag_manual_review:extreme_length_ratio,reject,,
28332,kde4,Allows KGet to search through mirror search engines for files,Name,extreme_length_ratio,ui_localization,audit_flag_manual_review:extreme_length_ratio,reject,,
28351,kde4,Configure Video Devices,Name,extreme_length_ratio,hardware,audit_flag_manual_review:extreme_length_ratio,reject,,
28364,kde4,The group where the contact resides,Name,extreme_length_ratio,ui_localization,audit_flag_manual_review:extreme_length_ratio,reject,,
28366,kde4,The specified contact,Name,extreme_length_ratio,ui_localization,audit_flag_manual_review:extreme_length_ratio,reject,,
28370,kde4,An incoming message has been received,Comment,extreme_length_ratio,ui_localization,audit_flag_manual_review:extreme_length_ratio,reject,,
28372,kde4,An incoming message in the active chat window has been received,Name,extreme_length_ratio,ui_localization,audit_flag_manual_review:extreme_length_ratio,reject,,
28374,kde4,An outgoing message has been sent,Name,extreme_length_ratio,ui_localization,audit_flag_manual_review:extreme_length_ratio,reject,,
28376,kde4,A contact has come online,Name,extreme_length_ratio,ui_localization,audit_flag_manual_review:extreme_length_ratio,reject,,
28378,kde4,A contact has gone offline,Name,extreme_length_ratio,ui_localization,audit_flag_manual_review:extreme_length_ratio,reject,,
28380,kde4,A contact's online status has changed,Name,extreme_length_ratio,ui_localization,audit_flag_manual_review:extreme_length_ratio,reject,,
28382,kde4,A highlighted message has been received,Name,extreme_length_ratio,ui_localization,audit_flag_manual_review:extreme_length_ratio,reject,,
28384,kde4,A message marked with a low priority has been received,Name,extreme_length_ratio,ui_localization,audit_flag_manual_review:extreme_length_ratio,reject,,
28386,kde4,New email has arrived in your Yahoo inbox,Name,extreme_length_ratio,ai_ml,audit_flag_manual_review:extreme_length_ratio,reject,,
28388,kde4,New email has arrived in your MSN inbox,Name,extreme_length_ratio,ai_ml,audit_flag_manual_review:extreme_length_ratio,reject,,
28390,kde4,An ICQ user has authorized/ declined your authorization request,Name,extreme_length_ratio,command_cli,audit_flag_manual_review:extreme_length_ratio,reject,,
28392,kde4,An IRC event has occurred,Name,extreme_length_ratio,ui_localization,audit_flag_manual_review:extreme_length_ratio,reject,,
28394,kde4,An error on connection has occurred,Name,extreme_length_ratio,ui_localization,audit_flag_manual_review:extreme_length_ratio,reject,,
28396,kde4,The connection have been lost,Name,extreme_length_ratio,ui_localization,audit_flag_manual_review:extreme_length_ratio,reject,,
28398,kde4,Kopete cannot connect to the service,Name,extreme_length_ratio,system,audit_flag_manual_review:extreme_length_ratio,reject,,
28400,kde4,The network is experiencing problems,Name,extreme_length_ratio,system,audit_flag_manual_review:extreme_length_ratio,reject,,
28402,kde4,An internal service error has occurred,Name,extreme_length_ratio,system,audit_flag_manual_review:extreme_length_ratio,reject,,
28404,kde4,A contact has sent you a buzz/ nudge.,Name,extreme_length_ratio,ui_localization,audit_flag_manual_review:extreme_length_ratio,reject,,
28406,kde4,A message was filtered by the Privacy Plugin,Name,extreme_length_ratio,ui_localization,audit_flag_manual_review:extreme_length_ratio,reject,,
28408,kde4,An ICQ user is reading your status message,Name,extreme_length_ratio,ui_localization,audit_flag_manual_review:extreme_length_ratio,reject,,
28410,kde4,A service message has been received (e. g. authorization request),Name,extreme_length_ratio,system,audit_flag_manual_review:extreme_length_ratio,reject,,
28412,kde4,Contact list has been received/ exported/ deleted,Comment,extreme_length_ratio,ui_localization,audit_flag_manual_review:extreme_length_ratio,reject,,
28435,kde4,Encrypt chat sessions with Off-The-Record encryption,Name,extreme_length_ratio,ui_localization,audit_flag_manual_review:extreme_length_ratio,reject,,
28438,kde4,Pipe messages through an external program or script,Name,extreme_length_ratio,coding;hardware,audit_flag_manual_review:extreme_length_ratio,reject,,
28453,kde4,Displays a preview of pictures in chats,Comment,extreme_length_ratio,ui_localization,audit_flag_manual_review:extreme_length_ratio,reject,,
28457,kde4,Serverless Link Local XMPP Messaging,Name,extreme_length_ratio,system,audit_flag_manual_review:extreme_length_ratio,reject,,
28459,kde4,Gadu-Gadu: the Polish IM service,Name,extreme_length_ratio,system,audit_flag_manual_review:extreme_length_ratio,reject,,
28466,kde4,"XMPP, Jabber, Google Talk",Name,extreme_length_ratio,ui_localization,audit_flag_manual_review:extreme_length_ratio,reject,,
28468,kde4,Communicate at the same time with Meanwhile,Name,extreme_length_ratio,ui_localization,audit_flag_manual_review:extreme_length_ratio,reject,,
28472,kde4,Seek and Chat with ICQ,Name,extreme_length_ratio,ui_localization,audit_flag_manual_review:extreme_length_ratio,reject,,
28474,kde4,A popular Chinese IM system,Name,extreme_length_ratio,system,audit_flag_manual_review:extreme_length_ratio,reject,,
28476,kde4,Skype protocol plugin (a wrapper),Name,extreme_length_ratio,ui_localization,audit_flag_manual_review:extreme_length_ratio,reject,,
28478,kde4,Send SMS messages to mobile phones,Name,extreme_length_ratio,ui_localization,audit_flag_manual_review:extreme_length_ratio,reject,,
28486,kde4,Yahoo! Messenger IM and video chat,Name,extreme_length_ratio,ui_localization,audit_flag_manual_review:extreme_length_ratio,reject,,
28511,kde4,Allows managing SSH or Telnet sessions through KRDC,Comment,extreme_length_ratio,ui_localization,audit_flag_manual_review:extreme_length_ratio,reject,,
28516,kde4,Allows managing NX sessions through KRDC,Name,extreme_length_ratio,ui_localization,audit_flag_manual_review:extreme_length_ratio,reject,,
28518,kde4,Allows managing RDP sessions through KRDC,Name,extreme_length_ratio,ui_localization,audit_flag_manual_review:extreme_length_ratio,reject,,
28523,kde4,Allows managing VNC sessions through KRDC,Comment,extreme_length_ratio,ui_localization,audit_flag_manual_review:extreme_length_ratio,reject,,
28524,kde4,Qt based Framebuffer for KRfb.,Name,extreme_length_ratio,hardware,audit_flag_manual_review:extreme_length_ratio,reject,,
28526,kde4,X11 XDamage/ XShm based Framebuffer for KRfb.,Name,extreme_length_ratio,hardware,audit_flag_manual_review:extreme_length_ratio,reject,,
28527,kde4,X11 Framebuffer for KRfb,Name,extreme_length_ratio,hardware,audit_flag_manual_review:extreme_length_ratio,reject,,
28535,kde4,Received incoming connection,Name,extreme_length_ratio,ui_localization,audit_flag_manual_review:extreme_length_ratio,reject,,
28537,kde4,Could not call process to handle connection,Name,extreme_length_ratio,system,audit_flag_manual_review:extreme_length_ratio,reject,,
28543,kde4,User refuses connection,Name,extreme_length_ratio,ui_localization,audit_flag_manual_review:extreme_length_ratio,reject,,
28549,kde4,The invited party sent an invalid password. Connection refused.,Name,extreme_length_ratio,ui_localization,audit_flag_manual_review:extreme_length_ratio,reject,,
28551,kde4,"Connection requested, user must accept",Name,extreme_length_ratio,ui_localization,audit_flag_manual_review:extreme_length_ratio,reject,,
28553,kde4,New connection automatically established,Name,extreme_length_ratio,ui_localization,audit_flag_manual_review:extreme_length_ratio,reject,,
28557,kde4,"Received unexpected connection, abort",Name,extreme_length_ratio,ui_localization,audit_flag_manual_review:extreme_length_ratio,reject,,
28558,kde4,MSN Plugin,Giao thức để kết nối tới trình quản lý kết nối Telepathy. Name,extreme_length_ratio,ui_localization,audit_flag_manual_review:extreme_length_ratio,reject,,
28566,kde4,LISa,Trình theo dõi tin tức RDFName,extreme_length_ratio,ui_localization,audit_flag_manual_review:extreme_length_ratio,reject,,
28596,kde4,Netmeeting,Trạng thái kết nối SUSE có khả năng smpppd (SMPPPD) Name,extreme_length_ratio,ui_localization,audit_flag_manual_review:extreme_length_ratio,reject,,
28668,kde4,"Name / Address field Here you can enter the host name or address. The host may be specified in a number of ways: single host This is the most common format. You may specify a host either by an abbreviated name recognized by the resolver, the fully qualified domain name, or an IP address. netgroups NIS netgroups may be given as @group. Only the host part of each netgroup members is consider in checking for membership. Empty host parts or those containing a single dash (-) are ignored. wildcards Machine names may contain the wildcard characters * and?. This can be used to make the exports file more compact; for instance, *. cs. foo. edu matches all hosts in the domain cs. foo. edu. However, these wildcard characters do not match the dots in a domain name, so the above pattern does not include hosts such as a. b. cs. foo. edu. IP networks You can also export directories to all hosts on an IP (sub-) network simultaneously. This is done by specifying an IP address and netmask pair as address/ netmask where the netmask can be specified in dotted-decimal format, or as a contiguous mask length (for example, either ` / 255.255.252.0 'or ` / 22' appended to the network base address result in identical subnetworks with 10 bits of host).","Trường Tên/ Địa chỉ Ở đây bạn có khả năng nhập vào tên hay địa chỉ của máy. Có thể xác định máy bằng vài cách khác nhau: máy đơn Đây là định dạng thường nhất. Bạn có thể xác định máy riêng bằng nhập vào hoặc tên viết tắt do bộ giải quyết nhận diện, hoặc tên miền có khả năng đầy đủ (FQDN), hoặc địa chỉ IP. nhóm mạng Nhóm mạng (netgroup) kiểu NIS có thể được xác định là « @ group ». Chỉ phần máy của mỗi thành viên nhóm mạng được xử lý khi kiểm tra trạng thái thành viên. Phần máy còn rỗng hay chỉ chứa một dấu gạch « - » bị bỏ qua. ký tự đại diện Tên máy có thể chứa ký tự đại diện « * » và «? ». Bạn có thể sử dụng ký tự như vậy để khiến tập tin xuất gọn hơn, v. d. « *. cs. phu. edu » tương ứng với mọi máy của miền « cs. phu. edu ». Tuy nhiên, ký tự đại diện không khớp với dấu chấm trong tên miền, vì thế mẫu nói trên không chứa máy có tên như « a. b. cs. phu. edu ». mạng IP Bạn cũng có khả năng xuất khẩu đồng thời thư mục ra mọi máy trên mạng (phụ) IP. Để làm như thế, xác định một cặp địa chỉ IP và mặt nạ mạng dạng « địa chỉ IP/ mặt nặ mạng », trong đó mặt nạ mạng được ghi rõ hoặc theo định dạng chấm chấm hoặc theo độ dài mặt nạ tiếp cận: hoặc « / 255. 255. 252. 0 » hoặc « / 22 » được phụ thêm vào địa chỉ cơ sở của mạng có kết quả là mạng phụ trùng có máy 10 bit.",very_long_pair,ai_ml;system,audit_flag_manual_review:very_long_pair,approve,,
28681,kde4,"No hide This option is based on the option of the same name provided in IRIX NFS. Normally, if a server exports two filesystems one of which is mounted on the other, then the client will have to mount both filesystems explicitly to get access to them. If it just mounts the parent, it will see an empty directory at the place where the other filesystem is mounted. That filesystem is ""hidden"". Setting the nohide option on a filesystem causes it not to be hidden, and an appropriately authorized client will be able to move from the parent to that filesystem without noticing the change. However, some NFS clients do not cope well with this situation as, for instance, it is then possible for two files in the one apparent filesystem to have the same inode number. The nohide option is currently only effective on single host exports. It does not work reliably with netgroup, subnet, or wildcard exports. This option can be very useful in some situations, but it should be used with due care, and only after confirming that the client system copes with the situation effectively.","Không ẩn Tùy chọn này dựa vào tùy chọn cùng tên được cung cấp trong NFS kiểu IRIX. Bình thường, nếu trình phục vụ xuất khẩu hai hệ thống tập tin, một điều được gắn kết với điều khác, ứng dụng khách phải gắn kết riêng mỗi hệ thống tập tin để truy cập nó. Nếu nó chỉ gắn kết điều cha, nó sẽ gặp chỉ thư mục rỗng ở nơi gắn kết hệ thống tập tin khác, vì nó « bị ẩn ». Việc đặt tùy chọn « không ẩn » cho hệ thống tập tin thì gây ra nó không ẩn: ứng dụng khách đã xác thức đúng có khả năng chuyển đổi giữa hệ thống tập tin cha và hệ thống tập tin con, không phát hiện thay đổi nào. Tuy nhiên, một số ứng dụng khách NFS không quản lý được trường hợp này, chẳng hạn, hiển thị hai tập tin có vẻ nằm trên cùng một hệ thống tập tin còn có cùng một số hiệu nút thông tin (inode). Tùy chọn « không ẩn » hiện thời chỉ có tác động trong việc xuất khẩu máy đơn. Nó chưa hoạt động được trong việc xuất khẩu kiểu nhóm mạng, mạng phụ hay ký tự đại diện. Tùy chọn này có thể rất hữu ích trong một số trường hợp riêng, nhưng khuyên bạn sử dụng nó một cách cẩn thận, chỉ sau khi xác nhận hệ thống khách có khả năng quản lý đúng trường hợp.",very_long_pair,ai_ml;system;ui_localization;command_cli,audit_flag_manual_review:very_long_pair,approve,,
28683,kde4,"No subtree check This option disables subtree checking, which has mild security implications, but can improve reliability is some circumstances. If a subdirectory of a filesystem is exported, but the whole filesystem is not, then whenever a NFS request arrives, the server must check not only that the accessed file is in the appropriate filesystem (which is easy) but also that it is in the exported tree (which is harder). This check is called the subtree_check. In order to perform this check, the server must include some information about the location of the file in the ""filehandle"" that is given to the client. This can cause problems with accessing files that are renamed while a client has them open (though in many simple cases it will still work). subtree checking is also used to make sure that files inside directories to which only root has access can only be accessed if the filesystem is exported with no_root_squash (see below), even the file itself allows more general access. As a general guide, a home directory filesystem, which is normally exported at the root and may see lots of file renames, should be exported with subtree checking disabled. A filesystem which is mostly read-only, and at least does not see many file renames (e. g. / usr or / var) and for which subdirectories may be exported, should probably be exported with subtree checks enabled.","Không kiểm tra cây phụ Tùy chọn này vô hiệu hoá khả năng kiểm tra cây phụ, mà có ẩn ý bảo mật nhưng có thể tăng độ đáng tin cậy trong một số trường hợp riêng. Nếu thư mục con của hệ thống tập tin được xuất khẩu, còn không xuất toàn bộ hệ thống tập tin, trong trường hợp đó khi nào nhận yêu cầu NFS, trình phục vụ phải kiểm tra không phải chỉ nếu tập tin đã truy cập có phải nằm trên hệ thống tập tin thích hợp (việc dễ), nhưng cũng nếu nó nằm trong cây đã xuất (việc khó hơn). Việc kiểm tra này được gọi như là « kiểm tra cây phụ » (subtree_ check). Để thực hiện việc kiểm tra này, trình phục vụ phải chèn một vài thông tin về vị tri của tập tin vào « filehandle » được cung cấp cho ứng dụng khách. Vẫn có thể gây ra sự khó khăn trong việc truy cập tập tin đã nhận tên mới trong khi ứng dụng khách xử lý nó (dù rong nhiều trường hợp đơn giản không có sao). Khả năng kiểm tra cây phụ cũng được dùng để thẩm tra các tập tin bên trong thư mục chỉ cho người chủ có quyền truy cập vẫn còn cho phép truy cập chỉ nếu hệ thống tập tin được xuất khẩu với đối số « no_ root_ squash » (xem dưới), thậm chí nếu tập tin chính nó cho phép truy cập chung hơn. Nói chung, hệ thống tập tin thư mục chính của người dùng, mà bình thường được xuất khẩu từ thư mục gốc thì có nhiều tập tin có thể nhận tên mới, nên được xuất với khả năng kiểm tra cây phụ bị tắt. Còn hệ thống tập tin phần lớn chỉ cho quyền đọc thì ít nhất không có nhiều tập tin sẽ nhận tên mới (v. d. / usr hay / var) mà cũng có thư mục con sẽ được xuất, rất có thể nên được xuất với khả năng kiểm tra cây phụ được bật.",very_long_pair,system;ui_localization;command_cli;documentation,audit_flag_manual_review:very_long_pair,approve,,
29387,kde4,Tuning,Dùng trình điều khiển của & khách,extreme_length_ratio,ui_localization,audit_flag_manual_review:extreme_length_ratio,reject,,
29399,kde4,This is a username which will be used for access this directory if guests are allowed,Vùng & in chính:,extreme_length_ratio,ui_localization,audit_flag_manual_review:extreme_length_ratio,reject,,
29400,kde4,This controls whether this share is seen in the list of available shares in a net view and in the browse list.,Ghi & lưu,extreme_length_ratio,ai_ml,audit_flag_manual_review:extreme_length_ratio,reject,,
29401,kde4,"Checkbox lets you \\""turn off\\ ""a service. If not checked, then ALL attempts to connect to the service will fail. Such failures are logged.",& Trạng thái,extreme_length_ratio,ai_ml;system,audit_flag_manual_review:extreme_length_ratio,reject,,
29406,kde4,Group Name Already in Use,% 1 is the name of the group,language_suspect,ui_localization,audit_flag_manual_review:language_suspect,reject,,
29427,kde4,Checksum,signature of a file,language_suspect,ui_localization,audit_flag_manual_review:language_suspect,reject,,
29435,kde4,Type,Tập tinthe used hash for verification,extreme_length_ratio,ui_localization,audit_flag_manual_review:extreme_length_ratio,reject,,
29436,kde4,Hash,"verification- result of a file, can be true/ false",language_suspect; extreme_length_ratio,ui_localization,audit_flag_manual_review:extreme_length_ratio;language_suspect,reject,,
29461,kde4,%1 would become %2,the string that is used to modify an url,language_suspect,ui_localization,audit_flag_manual_review:language_suspect,reject,,
29462,kde4,Change string,the mode defines how the url should be changed,language_suspect,ui_localization,audit_flag_manual_review:language_suspect,reject,,
29463,kde4,Change mode,the type of the checksum e. g. md5,language_suspect,ui_localization,audit_flag_manual_review:language_suspect,reject,,
29476,kde4,Select a directory to move the data to.,Choked,extreme_length_ratio,ui_localization,audit_flag_manual_review:extreme_length_ratio,reject,,
29493,kde4,Priority,Number of paralell connections to the mirror,language_suspect; extreme_length_ratio,ui_localization,audit_flag_manual_review:extreme_length_ratio;language_suspect,reject,,
29494,kde4,Preview,Percent of File Downloaded,language_suspect,ui_localization,audit_flag_manual_review:language_suspect,reject,,
29535,kde4,Ultimate,"Signature here is meant in cryptographic terms, so the signature of a file.",language_suspect; extreme_length_ratio,ui_localization,audit_flag_manual_review:extreme_length_ratio;language_suspect,reject,,
29536,kde4,Unlimited,pgp signature is verified,language_suspect,ui_localization,audit_flag_manual_review:language_suspect,reject,,
29548,kde4,Add checksum,Adds the item and reopens the dialog to add a further item,language_suspect,ui_localization,audit_flag_manual_review:language_suspect,reject,,
29550,kde4,Import dropped files,"comma, to seperate members of a list",language_suspect,ui_localization,audit_flag_manual_review:language_suspect,reject,,
29554,kde4,Define the saving location.,file as in file on hard drive,language_suspect,ui_localization,audit_flag_manual_review:language_suspect,reject,,
29578,kde4,%1(%2) %3,"% 1 filename,% 2 percent complete,% 3 downloaded out of% 4 total size",language_suspect; extreme_length_ratio,ui_localization,audit_flag_manual_review:extreme_length_ratio;language_suspect,reject,,
29579,kde4,%1(%2% %3/ %4) Speed: %5/ s,"% 1 filename,% 2 percent complete,% 3 downloaded out of% 4 total size,% 5 status",language_suspect,ui_localization,audit_flag_manual_review:language_suspect,reject,,
29635,kde4,Remove Selected,Bỏ,extreme_length_ratio,ui_localization,audit_flag_manual_review:extreme_length_ratio,reject,,
29716,kde4,Remove Webseed,Bỏ,extreme_length_ratio,ui_localization,audit_flag_manual_review:extreme_length_ratio,reject,,
29750,kde4,Create checksums:,These entries are optional.,language_suspect,ui_localization,audit_flag_manual_review:language_suspect,reject,,
29760,kde4,TextLabel,"hash type as in md5t, sha1 etc.",language_suspect,ui_localization,audit_flag_manual_review:language_suspect,reject,,
29761,kde4,Hash type:,"hash as a hash of type md5, sha1 etc.",language_suspect,ui_localization,audit_flag_manual_review:language_suspect,reject,,
29770,kde4,Show:,filter: show all file types,extreme_length_ratio,ui_localization,audit_flag_manual_review:extreme_length_ratio,reject,,
29811,kde4,of,Đang lưu URL% 1,extreme_length_ratio,ui_localization,audit_flag_manual_review:extreme_length_ratio,reject,,
30421,kde4,Remote View Toolbar,NAME OF TRANSLATORS,language_suspect,ui_localization,audit_flag_manual_review:language_suspect,reject,,
30477,kde4,Turkish (tr),Thổ Nhĩ Kỳ (tr) label for soundsettings in preferences dialog,extreme_length_ratio,ui_localization;documentation,audit_flag_manual_review:extreme_length_ratio,reject,,
30522,kde4,"Switches to full screen. If the remote desktop has a different screen resolution, Remote Desktop Connection will automatically switch to the nearest resolution.",% 1 - Kết nối màn hình từ xa,extreme_length_ratio,ui_localization,audit_flag_manual_review:extreme_length_ratio,reject,,
30526,kde4,Shared Desktop,"Phóng to hết cỡ. Nếu màn hình ở xa có độ phân giải khác, Trình kết nối màn hình từ xa sẽ tự động dùng độ phân giải thích hợp.",extreme_length_ratio,ui_localization,audit_flag_manual_review:extreme_length_ratio,reject,,
30528,kde4,default,Thiết kết trình xem và giao thức VNC gốc,extreme_length_ratio,ui_localization,audit_flag_manual_review:extreme_length_ratio,reject,,
30531,kde4,Scope:,"Kết nối chất lượng cao, mặc định (Mã hóa Hextile)",extreme_length_ratio,ui_localization,audit_flag_manual_review:extreme_length_ratio,reject,,
30641,kde4,Akonadi Management and Debugging Console,Name,extreme_length_ratio,coding,audit_flag_manual_review:extreme_length_ratio,reject,,
30648,kde4,Configure Internal Browser Component,Name,extreme_length_ratio,ui_localization,audit_flag_manual_review:extreme_length_ratio,reject,,
30655,kde4,Akregator Online Feed Reader Support,Name,extreme_length_ratio,ui_localization,audit_flag_manual_review:extreme_length_ratio,reject,,
30660,kde4,A new feed was remotely added to Akregator,Name,extreme_length_ratio,ui_localization,audit_flag_manual_review:extreme_length_ratio,reject,,
30665,kde4,A KDE Blogging Client,Name,extreme_length_ratio,command_cli,audit_flag_manual_review:extreme_length_ratio,reject,,
30666,kde4,Letter home/ private address,Name,extreme_length_ratio,ui_localization,audit_flag_manual_review:extreme_length_ratio,reject,,
30667,kde4,Letter business/ work address,Name,extreme_length_ratio,ui_localization,audit_flag_manual_review:extreme_length_ratio,reject,,
30679,kde4,An Akonadi serializer plugin for KAlarm events,Name,extreme_length_ratio,ui_localization,audit_flag_manual_review:extreme_length_ratio,reject,,
30685,kde4,Loads data from a KAlarm calendar file,Thư mục,extreme_length_ratio,ui_localization,audit_flag_manual_review:extreme_length_ratio,reject,,
30693,kde4,Provides access to an alarm calendar stored in a single local file,Name,extreme_length_ratio,ui_localization,audit_flag_manual_review:extreme_length_ratio,reject,,
30695,kde4,"Provides access to an alarm calendar stored in a local directory, in which each calendar item is stored in a separate file",Name,extreme_length_ratio,ui_localization,audit_flag_manual_review:extreme_length_ratio,reject,,
30697,kde4,Provides access to an alarm calendar in a remote file using KDE's network framework KIO,Name,extreme_length_ratio,hardware;system,audit_flag_manual_review:extreme_length_ratio,reject,,
30711,kde4,Configuration of S/ MIME certificate validation options,Name,extreme_length_ratio,ui_localization,audit_flag_manual_review:extreme_length_ratio,reject,,
30713,kde4,Kleopatra Decrypt/ Verify All Files In Folder,Name,extreme_length_ratio,ui_localization,audit_flag_manual_review:extreme_length_ratio,reject,,
30714,kde4,Decrypt/ Verify All Files In Folder,Name,extreme_length_ratio,ui_localization,audit_flag_manual_review:extreme_length_ratio,reject,,
30716,kde4,Certificate Manager and Unified Crypto GUI,Name,extreme_length_ratio,ui_localization,audit_flag_manual_review:extreme_length_ratio,reject,,
30717,kde4,Kleopatra Sign/ Encrypt Files,Name,extreme_length_ratio,ui_localization,audit_flag_manual_review:extreme_length_ratio,reject,,
30722,kde4,Kleopatra Sign/ Encrypt Folders,Name,extreme_length_ratio,ui_localization,audit_flag_manual_review:extreme_length_ratio,reject,,
30723,kde4,"Archive, Sign & Encrypt Folder",Name,extreme_length_ratio,ui_localization,audit_flag_manual_review:extreme_length_ratio,reject,,
30724,kde4,Archive & Encrypt Folder,Name,extreme_length_ratio,ui_localization,audit_flag_manual_review:extreme_length_ratio,reject,,
30726,kde4,A bodypart formatter plugin for application/ octet-stream,Comment,extreme_length_ratio,ui_localization,audit_flag_manual_review:extreme_length_ratio,reject,,
30740,kde4,There was an error while checking for new mail,Name,extreme_length_ratio,ai_ml,audit_flag_manual_review:extreme_length_ratio,reject,,
30751,kde4,Protect your privacy by signing and verifying postings,Name,extreme_length_ratio,ui_localization,audit_flag_manual_review:extreme_length_ratio,reject,,
30756,kde4,Setup actions for notes,Name,extreme_length_ratio,ui_localization,audit_flag_manual_review:extreme_length_ratio,reject,,
30847,kde4,"For each day this plugin shows its daynumber of the year at the top of the agenda view. For example, February 1 is day 32 of the year.",Name,extreme_length_ratio,ui_localization,audit_flag_manual_review:extreme_length_ratio,reject,,
30849,kde4,Shows all dates in KOrganizer also in the Jewish calendar system.,Name,extreme_length_ratio,system,audit_flag_manual_review:extreme_length_ratio,reject,,
30851,kde4,This plugin provides the Wikipedia Picture of the Day,Name,extreme_length_ratio,ui_localization,audit_flag_manual_review:extreme_length_ratio,reject,,
30853,kde4,This plugin allows you to print out journal entries (diary entries).,Name,extreme_length_ratio,ui_localization,audit_flag_manual_review:extreme_length_ratio,reject,,
30855,kde4,This plugin allows you to print out events and to-dos in list form.,Name,extreme_length_ratio,ui_localization,audit_flag_manual_review:extreme_length_ratio,reject,,
30857,kde4,This plugin allows you to print out a list of all upcoming events and to-dos.,Name,extreme_length_ratio,ui_localization,audit_flag_manual_review:extreme_length_ratio,reject,,
30859,kde4,This plugin allows you to print out a yearly calendar.,Name,extreme_length_ratio,ui_localization,audit_flag_manual_review:extreme_length_ratio,reject,,
30860,kde4,Wikipedia'This Day in History 'Plugin,Comment,extreme_length_ratio,ui_localization,audit_flag_manual_review:extreme_length_ratio,reject,,
30861,kde4,This plugin provides links to Wikipedia's'This Day in History 'pages,Name,extreme_length_ratio,ui_localization,audit_flag_manual_review:extreme_length_ratio,reject,,
30863,kde4,Provides access to birthday dates of contacts in the KDE address book as calendar events,Name,extreme_length_ratio,ui_localization,audit_flag_manual_review:extreme_length_ratio,reject,,
30865,kde4,Allows to post calendar journal entries as blog entries,Name,extreme_length_ratio,ui_localization,audit_flag_manual_review:extreme_length_ratio,reject,,
30866,kde4,GroupDAV Server (e. g. OpenGroupware),Comment,extreme_length_ratio,system,audit_flag_manual_review:extreme_length_ratio,reject,,
30867,kde4,"Provides access to contacts stored in address books on GroupDAV enabled servers, e. g. OpenGroupware",Name,extreme_length_ratio,system,audit_flag_manual_review:extreme_length_ratio,reject,,
30869,kde4,Provides access to contacts stored on a Groupware server.,Name,extreme_length_ratio,system,audit_flag_manual_review:extreme_length_ratio,reject,,
30872,kde4,Provides access to contacts stored on a Kolab server using IMAP via KMail or Kontact,Name,extreme_length_ratio,ai_ml;system,audit_flag_manual_review:extreme_length_ratio,reject,,
30874,kde4,Provides access to a calendar stored on a Kolab server using IMAP via KMail or Kontact,Name,extreme_length_ratio,ai_ml;system,audit_flag_manual_review:extreme_length_ratio,reject,,
30877,kde4,Provides access to a calendar in a remote file using KDE's network framework KIO,Name,extreme_length_ratio,hardware;system,audit_flag_manual_review:extreme_length_ratio,reject,,
30879,kde4,Provides access to contacts stored on an Open-Xchange server,Name,extreme_length_ratio,system,audit_flag_manual_review:extreme_length_ratio,reject,,
30881,kde4,Behavior,Name=Thái đềEcủa cửa sềEbehavior) Comment,extreme_length_ratio,ui_localization,audit_flag_manual_review:extreme_length_ratio,reject,,
30889,kde4,TAR (PGP®-compatible),Name,extreme_length_ratio,ui_localization,audit_flag_manual_review:extreme_length_ratio,reject,,
30891,kde4,TAR (with bzip2 compression),Name,extreme_length_ratio,ui_localization,audit_flag_manual_review:extreme_length_ratio,reject,,
30897,kde4,Keys for Qualified Signatures,Name,extreme_length_ratio,ui_localization,audit_flag_manual_review:extreme_length_ratio,reject,,
30901,kde4,Extension to push emails into Nepomuk,Name,extreme_length_ratio,ai_ml,audit_flag_manual_review:extreme_length_ratio,reject,,
30908,kde4,"Extension to push events, journals and todos into Nepomuk",Name,extreme_length_ratio,ui_localization,audit_flag_manual_review:extreme_length_ratio,reject,,
30910,kde4,Extension to push contacts into Nepomuk,Name,extreme_length_ratio,ui_localization,audit_flag_manual_review:extreme_length_ratio,reject,,
30912,kde4,Configuration of the Akonadi Personal Information Management framework,Name,extreme_length_ratio,hardware,audit_flag_manual_review:extreme_length_ratio,reject,,
30916,kde4,Provides access to contacts stored in Akonadi address book folders,Name,extreme_length_ratio,ui_localization,audit_flag_manual_review:extreme_length_ratio,reject,,
30918,kde4,Provides access to calendars stored in Akonadi calendar folders,Name,extreme_length_ratio,ui_localization,audit_flag_manual_review:extreme_length_ratio,reject,,
30920,kde4,Tool to migrate the old kresource based address book to Akonadi.,Name,extreme_length_ratio,ui_localization,audit_flag_manual_review:extreme_length_ratio,reject,,
30922,kde4,An Akonadi serializer plugin for addressee objects,Name,extreme_length_ratio,ui_localization,audit_flag_manual_review:extreme_length_ratio,reject,,
30924,kde4,An Akonadi serializer plugin for bookmark objects,Name,extreme_length_ratio,ui_localization,audit_flag_manual_review:extreme_length_ratio,reject,,
30926,kde4,An Akonadi serializer plugin for contact group objects,Name,extreme_length_ratio,ui_localization,audit_flag_manual_review:extreme_length_ratio,reject,,
30928,kde4,"An Akonadi serializer plugin for events, tasks and journal entries",Name,extreme_length_ratio,ui_localization,audit_flag_manual_review:extreme_length_ratio,reject,,
30930,kde4,An Akonadi serializer plugin for mail objects,Name,extreme_length_ratio,ai_ml,audit_flag_manual_review:extreme_length_ratio,reject,,
30932,kde4,An Akonadi serializer plugin for Microblog,Name,extreme_length_ratio,ui_localization,audit_flag_manual_review:extreme_length_ratio,reject,,
30934,kde4,Provides access to birthday and anniversary dates of contacts in your address book as calendar events,Name,extreme_length_ratio,ui_localization,audit_flag_manual_review:extreme_length_ratio,reject,,
30936,kde4,The address book with personal contacts,Name,extreme_length_ratio,ui_localization,audit_flag_manual_review:extreme_length_ratio,reject,,
30939,kde4,Loads data from a notes file,Name,extreme_length_ratio,ui_localization,audit_flag_manual_review:extreme_length_ratio,reject,,
30941,kde4,Connects to an IMAP e-mail server.,Name,extreme_length_ratio,ai_ml;system,audit_flag_manual_review:extreme_length_ratio,reject,,
30945,kde4,Loads data from a traditional KDE calendar resource,Name,extreme_length_ratio,ui_localization,audit_flag_manual_review:extreme_length_ratio,reject,,
30947,kde4,An agent for debugging purpose,Name,extreme_length_ratio,coding,audit_flag_manual_review:extreme_length_ratio,reject,,
30949,kde4,Provides access to Kolab groupware folders on an IMAP server (IMAP accounts need to be set up separately).,Name,extreme_length_ratio,system,audit_flag_manual_review:extreme_length_ratio,reject,,
30951,kde4,Loads data from a local bookmarks file,Name,extreme_length_ratio,ui_localization,audit_flag_manual_review:extreme_length_ratio,reject,,
30953,kde4,Loads data from a local maildir folder,Name,extreme_length_ratio,ai_ml,audit_flag_manual_review:extreme_length_ratio,reject,,
30955,kde4,Dummy Resource implementing mail transport interface,Name,extreme_length_ratio,ai_ml,audit_flag_manual_review:extreme_length_ratio,reject,,
30959,kde4,Shows your microblog data from Twitter or Identi. ca.,Name,extreme_length_ratio,ui_localization,audit_flag_manual_review:extreme_length_ratio,reject,,
30961,kde4,Virtual folders for selecting messages which have Nepomuk Tags.,Name,extreme_length_ratio,ui_localization,audit_flag_manual_review:extreme_length_ratio,reject,,
30963,kde4,Makes it possible to read articles from a news server,Name,extreme_length_ratio,system,audit_flag_manual_review:extreme_length_ratio,reject,,
30965,kde4,Makes it possible to work with an OpenChange / Exchange server,Name,extreme_length_ratio,system,audit_flag_manual_review:extreme_length_ratio,reject,,
30968,kde4,Loads data from a directory with VCards,Name,extreme_length_ratio,ui_localization,audit_flag_manual_review:extreme_length_ratio,reject,,
30970,kde4,Loads data from a VCard file,Name,extreme_length_ratio,ui_localization,audit_flag_manual_review:extreme_length_ratio,reject,,
30989,kde4,This conduit backs up NotePad drawings to a local folder.,GốcComment,extreme_length_ratio,ui_localization,audit_flag_manual_review:extreme_length_ratio,reject,,
30990,kde4,NULL,Ô' ng dẫn này đồng bộ hoá Pilot với KOrganizer datebook. Name,extreme_length_ratio,ui_localization,audit_flag_manual_review:extreme_length_ratio,reject,,
31000,kde4,This conduit syncs the handheld keyring database with a database stored on the pc.,KPilotDaemonName,extreme_length_ratio,ui_localization,audit_flag_manual_review:extreme_length_ratio,reject,,
31013,kde4,"This plugin provides a timespan view for korganizer (like the to-do or month views). If you enable this plugin, you can switch to the timespan view and view your events like in a Gantt diagram.",SềEđịa chềEComment,extreme_length_ratio,hardware,audit_flag_manual_review:extreme_length_ratio,reject,,
31040,kde4,SMS,Plugin cho Rename DialogName,extreme_length_ratio,ui_localization,audit_flag_manual_review:extreme_length_ratio,reject,,
31042,kde4,Yahoo,Plugin cho Rename DialogComment,extreme_length_ratio,ui_localization,audit_flag_manual_review:extreme_length_ratio,reject,,
31049,kde4,KAddressBook Import/ Export Plugin,A4Name,extreme_length_ratio,ui_localization,audit_flag_manual_review:extreme_length_ratio,reject,,
31072,kde4,KAB Opera XXPort Plugin,Thử,extreme_length_ratio,ui_localization,audit_flag_manual_review:extreme_length_ratio,reject,,
31081,kde4,Default,Hồ sơ chuẩn cho phép xem trước HTML - I' t bảo mật hơn! Name,extreme_length_ratio,ai_ml,audit_flag_manual_review:extreme_length_ratio,reject,,
31083,kde4,High Contrast,"Hầu hết các chức năng tắt, Thiết lập toàn cục của KDE được dùng Name",extreme_length_ratio,ui_localization,audit_flag_manual_review:extreme_length_ratio,reject,,
31085,kde4,HTML,Đặt mọi tuỳ chọn cần thiết để có bảo mật tối đa Name,extreme_length_ratio,ai_ml,audit_flag_manual_review:extreme_length_ratio,reject,,
31120,kde4,Components,Ô' ng dẫn này đồng bộ hoá Pilot với KOrganizer datebook. Comment,extreme_length_ratio,ui_localization,audit_flag_manual_review:extreme_length_ratio,reject,,
31125,kde4,karmPart,Ô' ng dẫn này đồng bộ hoá Pilot với KOrganizer datebook. Name,extreme_length_ratio,ui_localization,audit_flag_manual_review:extreme_length_ratio,reject,,
31130,kde4,KArm,Alarm/ reminder message scheduler: bắt đầu vào tray icon hệ thốngName,extreme_length_ratio,system,audit_flag_manual_review:extreme_length_ratio,reject,,
31163,kde4,Personal,"print, printer, printing management, in, máy in, quản lí Keywords",extreme_length_ratio,ui_localization,audit_flag_manual_review:extreme_length_ratio,reject,,
31187,kde4,News,Trình quản lí cửa sềEcủa KDE Comment,extreme_length_ratio,ui_localization,audit_flag_manual_review:extreme_length_ratio,reject,,
31194,kde4,This conduit syncs the Memo Pad application with KNotes.,KNotesName,extreme_length_ratio,ui_localization,audit_flag_manual_review:extreme_length_ratio,reject,,
31229,kde4,Phone Numbers,"Số điện thoại ở nhà@ title: column, the preferred email addresses of a person",extreme_length_ratio,ai_ml,audit_flag_manual_review:extreme_length_ratio,reject,,
31231,kde4,All EMails,EmailName of toplevel contact collection,language_suspect,ai_ml,audit_flag_manual_review:language_suspect,reject,,
31282,kde4,EMail (preferred),Phố,extreme_length_ratio,ai_ml,audit_flag_manual_review:extreme_length_ratio,reject,,
31303,kde4,(c) 2007-2009 The KDE PIM Team,"(c) 1997- 2002, The KDE PIM Team",language_suspect,ui_localization,audit_flag_manual_review:language_suspect,reject,,
31317,kde4,Preferred Address,Phố,extreme_length_ratio,ui_localization,audit_flag_manual_review:extreme_length_ratio,reject,,
31327,kde4,Delimiter,Các trường đã chọn@ option: radio Field separator,extreme_length_ratio,ui_localization,audit_flag_manual_review:extreme_length_ratio,reject,,
31328,kde4,Comma,Công ti@ option: radio Field separator,extreme_length_ratio,ui_localization,audit_flag_manual_review:extreme_length_ratio,reject,,
31333,kde4,"""",@ item: inlistbox Quote character option,extreme_length_ratio,ui_localization,audit_flag_manual_review:extreme_length_ratio,reject,,
31334,kde4,',@ item: inlistbox Quote character option,extreme_length_ratio,ui_localization,audit_flag_manual_review:extreme_length_ratio,reject,,
31335,kde4,None,Phone@ label: textbox Title of the contact,language_suspect; extreme_length_ratio,ui_localization,audit_flag_manual_review:extreme_length_ratio;language_suspect,reject,,
31337,kde4,y: year with 2 digits Y: year with 4 digits m: month with 1 or 2 digits M: month with 2 digits d: day with 1 or 2 digits D: day with 2 digits H: hours with 2 digits I: minutes with 2 digits S: seconds with 2 digits,@ label: listbox,extreme_length_ratio,ui_localization,audit_flag_manual_review:extreme_length_ratio,reject,,
31343,kde4,Latin1,Latvia@ item: inlistbox Codec setting,extreme_length_ratio,coding,audit_flag_manual_review:extreme_length_ratio,reject,,
31359,kde4,Email,Email@ label Displays an image,extreme_length_ratio,ai_ml;ui_localization,audit_flag_manual_review:extreme_length_ratio,reject,,
31377,kde4,Stop,@ action: button Start searching,extreme_length_ratio,ui_localization,audit_flag_manual_review:extreme_length_ratio,reject,,
31389,kde4,"When trying to read the vCard, there was an error opening the file %1: %2",@ info,extreme_length_ratio,ui_localization,audit_flag_manual_review:extreme_length_ratio,reject,,
31413,kde4,Details font:,Cỡ,extreme_length_ratio,ai_ml,audit_flag_manual_review:extreme_length_ratio,reject,,
31422,kde4,Category & members,Tên,extreme_length_ratio,ui_localization,audit_flag_manual_review:extreme_length_ratio,reject,,
31429,kde4,Remove,& Xuất ra danh sáchstreet/ postal,extreme_length_ratio,ui_localization,audit_flag_manual_review:extreme_length_ratio,reject,,
31432,kde4,This is the preferred phone number,Email@ label: textbox Inputfield for an email address,language_suspect,ai_ml,audit_flag_manual_review:language_suspect,reject,,
31479,kde4,Dates,Khởi động trong mode 'editor onlý,extreme_length_ratio,ui_localization,audit_flag_manual_review:extreme_length_ratio,reject,,
31480,kde4,Family,Khởi động trong mode 'editor onlý,extreme_length_ratio,ui_localization,audit_flag_manual_review:extreme_length_ratio,reject,,
31487,kde4,Shows contact editor with given email address,Cô,extreme_length_ratio,ai_ml,audit_flag_manual_review:extreme_length_ratio,reject,,
31496,kde4,%1:,Danh sách & phân phốị.. @ label: textbox Name of the distribution list,extreme_length_ratio,ui_localization,audit_flag_manual_review:extreme_length_ratio,reject,,
31498,kde4,Misc,Danh sách & phân phốị..,extreme_length_ratio,ui_localization,audit_flag_manual_review:extreme_length_ratio,reject,,
31504,kde4,Type:,& Xuất ra danh sách@ item: inlistbox Latitude direction,extreme_length_ratio,ui_localization,audit_flag_manual_review:extreme_length_ratio,reject,,
31506,kde4,Boolean,South Korea@ item: inlistbox Longtitude direction,extreme_length_ratio,ui_localization,audit_flag_manual_review:extreme_length_ratio,reject,,
31517,kde4,& Remove,Danh sá ch các tác giả và người bảo dưỡng,extreme_length_ratio,ui_localization,audit_flag_manual_review:extreme_length_ratio,reject,,
31541,kde4,No LDAP IO Slave Available,Kenya,extreme_length_ratio,ai_ml,audit_flag_manual_review:extreme_length_ratio,reject,,
31548,kde4,Start a chat with the selected contact.,Dr.,extreme_length_ratio,ui_localization,audit_flag_manual_review:extreme_length_ratio,reject,,
31550,kde4,& Merge Contacts,Mr.,extreme_length_ratio,ui_localization,audit_flag_manual_review:extreme_length_ratio,reject,,
31554,kde4,Show Jump Bar,I,extreme_length_ratio,ui_localization,audit_flag_manual_review:extreme_length_ratio,reject,,
31555,kde4,Hide Jump Bar,II,extreme_length_ratio,ui_localization,audit_flag_manual_review:extreme_length_ratio,reject,,
31556,kde4,Set as Personal Contact Data,III,extreme_length_ratio,ui_localization,audit_flag_manual_review:extreme_length_ratio,reject,,
31557,kde4,Select Categories...,Jr.,extreme_length_ratio,ui_localization,audit_flag_manual_review:extreme_length_ratio,reject,,
31558,kde4,Distribution List: %1,Sr.,extreme_length_ratio,ui_localization,audit_flag_manual_review:extreme_length_ratio,reject,,
31565,kde4,Parse name automatically,Togo@ label: textbox Name of the contact,language_suspect,ui_localization,audit_flag_manual_review:language_suspect,reject,,
31566,kde4,Mr.,Chọn trường để hiện thị,extreme_length_ratio,ui_localization,audit_flag_manual_review:extreme_length_ratio,reject,,
31570,kde4,I,SửaKAddressbook default view name,extreme_length_ratio,ui_localization,audit_flag_manual_review:extreme_length_ratio,reject,,
31571,kde4,II,Các trường đã chọn,extreme_length_ratio,ui_localization,audit_flag_manual_review:extreme_length_ratio,reject,,
31572,kde4,III,Danh sách & nhập vào,extreme_length_ratio,ui_localization,audit_flag_manual_review:extreme_length_ratio,reject,,
31573,kde4,Jr.,File sẽ xuất raCategory to filter on,extreme_length_ratio,ui_localization,audit_flag_manual_review:extreme_length_ratio,reject,,
31579,kde4,& View,Danh sách & phân phốị.. @ title: group Selection of contacts that must be exported,extreme_length_ratio,ui_localization,audit_flag_manual_review:extreme_length_ratio,reject,,
31581,kde4,& Tools,Không cất được sổ địa chỉ@ item Contact category,extreme_length_ratio,ui_localization,audit_flag_manual_review:extreme_length_ratio,reject,,
31583,kde4,Select Fields to Display,Phố,extreme_length_ratio,ui_localization,audit_flag_manual_review:extreme_length_ratio,reject,,
31584,kde4,& Selected fields:,Phố,extreme_length_ratio,ui_localization,audit_flag_manual_review:extreme_length_ratio,reject,,
31601,kde4,No import plugin available for %1.,Laos,extreme_length_ratio,ai_ml,audit_flag_manual_review:extreme_length_ratio,reject,,
31610,kde4,Distribution List Editor,Tab,extreme_length_ratio,ui_localization,audit_flag_manual_review:extreme_length_ratio,reject,,
31620,kde4,"Header, Border & Separator Color",II,extreme_length_ratio,ui_localization,audit_flag_manual_review:extreme_length_ratio,reject,,
31624,kde4,Cards,Nhập vào tự sổ danh sách của kde2,extreme_length_ratio,ui_localization,audit_flag_manual_review:extreme_length_ratio,reject,,
31628,kde4,Colors,Nhập vào tự sổ danh sách của kde2,extreme_length_ratio,ui_localization,audit_flag_manual_review:extreme_length_ratio,reject,,
31639,kde4,%1: %2,Antigua and Barbuda,language_suspect,ui_localization,audit_flag_manual_review:language_suspect,reject,,
31660,kde4,Could not find a KDE 2 address book %1.,Brazil,extreme_length_ratio,ui_localization,audit_flag_manual_review:extreme_length_ratio,reject,,
31661,kde4,Override previously imported entries?,Brunei,extreme_length_ratio,ui_localization,audit_flag_manual_review:extreme_length_ratio,reject,,
31665,kde4,MS Exchange Personal Address Book Files (*. pab),Campuchia,extreme_length_ratio,ui_localization,audit_flag_manual_review:extreme_length_ratio,reject,,
31666,kde4,Could not find a MS Exchange Personal Address Book %1.,Cameroon,extreme_length_ratio,ui_localization,audit_flag_manual_review:extreme_length_ratio,reject,,
31746,kde4,Guatemala,#: entryeditorwidget. cpp: 551the --- the,language_suspect,ui_localization,audit_flag_manual_review:language_suspect,reject,,
31757,kde4,Iraq,"Micronesia, Federated States Of",language_suspect; extreme_length_ratio,ui_localization,audit_flag_manual_review:extreme_length_ratio;language_suspect,reject,,
31796,kde4,Mongolia,St. Kitts and Nevis,language_suspect,ui_localization,audit_flag_manual_review:language_suspect,reject,,
31798,kde4,Morocco,St. Vincent and the Grenadines,language_suspect,ui_localization,audit_flag_manual_review:language_suspect,reject,,
31800,kde4,Myanmar,Sao Tome and Principe,language_suspect,ui_localization,audit_flag_manual_review:language_suspect,reject,,
31828,kde4,Qatar,Trinidad and Tobago,language_suspect,ui_localization,audit_flag_manual_review:language_suspect,reject,,
31832,kde4,St. Kitts and Nevis,Turks and Caicos Islands,language_suspect,ai_ml,audit_flag_manual_review:language_suspect,reject,,
31852,kde4,Syria,địa chỉ@ action: intoolbar Create ne contact,extreme_length_ratio,ui_localization,audit_flag_manual_review:extreme_length_ratio,reject,,
31860,kde4,Tunisia,Hiển thị trình sửa contact với email đã chỉ định,extreme_length_ratio,ai_ml,audit_flag_manual_review:extreme_length_ratio,reject,,
31979,kde4,A D-Bus service that provides an interface to cvs,Name,extreme_length_ratio,system,audit_flag_manual_review:extreme_length_ratio,reject,,
31981,kde4,KDE Template Generator,Name,extreme_length_ratio,ui_localization,audit_flag_manual_review:extreme_length_ratio,reject,,
32015,kde4,Backtrace navigation tool view,Name,extreme_length_ratio,ui_localization,audit_flag_manual_review:extreme_length_ratio,reject,,
32018,kde4,File system browser tool view,Name,extreme_length_ratio,system,audit_flag_manual_review:extreme_length_ratio,reject,,
32022,kde4,Toolview allowing to search in all open files or files in the filesystem,Name,extreme_length_ratio,system,audit_flag_manual_review:extreme_length_ratio,reject,,
32030,kde4,Compile or Make and parse error messages,Name,extreme_length_ratio,ui_localization,audit_flag_manual_review:extreme_length_ratio,reject,,
32032,kde4,Look up definitions/ declarations with CTags,Name,extreme_length_ratio,ui_localization,audit_flag_manual_review:extreme_length_ratio,reject,,
32033,kde4,Kate Javascript Console Window,Name,extreme_length_ratio,coding;ui_localization,audit_flag_manual_review:extreme_length_ratio,reject,,
32034,kde4,Select Smallest Enclosing Block,Name,extreme_length_ratio,ui_localization,audit_flag_manual_review:extreme_length_ratio,reject,,
32036,kde4,Test for the KJS Wrapper,Name,extreme_length_ratio,ui_localization,audit_flag_manual_review:extreme_length_ratio,reject,,
32038,kde4,Toolview embedding a terminal widget,Name,extreme_length_ratio,ui_localization;command_cli,audit_flag_manual_review:extreme_length_ratio,reject,,
32043,kde4,Adds a menu entry for speaking the text,Name,extreme_length_ratio,ui_localization,audit_flag_manual_review:extreme_length_ratio,reject,,
32049,kde4,Quickly switch to another already opened document,Name,extreme_length_ratio,documentation,audit_flag_manual_review:extreme_length_ratio,reject,,
32052,kde4,Kate Snippets TNG datafile editor,Name,extreme_length_ratio,ui_localization,audit_flag_manual_review:extreme_length_ratio,reject,,
32054,kde4,Snippets plugin with code completion support,Name,extreme_length_ratio,coding,audit_flag_manual_review:extreme_length_ratio,reject,,
32056,kde4,Extract and show reference symbols from source,Name,extreme_length_ratio,documentation,audit_flag_manual_review:extreme_length_ratio,reject,,
32058,kde4,Adds a tab bar to Kate's main window,Name,extreme_length_ratio,ai_ml;ui_localization,audit_flag_manual_review:extreme_length_ratio,reject,,
32070,kde4,Visualization of Performance Profiling Data,Name,extreme_length_ratio,ui_localization,audit_flag_manual_review:extreme_length_ratio,reject,,
32080,kde4,Remove any changes made locally. Warning - this cannot be undone.,Name,extreme_length_ratio,ui_localization,audit_flag_manual_review:extreme_length_ratio,reject,,
32082,kde4,Rename a file locally and in the repository. Use this rather than adding and deleting to rename a file.,Name,extreme_length_ratio,ui_localization,audit_flag_manual_review:extreme_length_ratio,reject,,
32084,kde4,Put folder into an existing repository to put it under revision control.,Name,extreme_length_ratio,ui_localization,audit_flag_manual_review:extreme_length_ratio,reject,,
32086,kde4,Checkout out files from an existing repository into this folder.,Name,extreme_length_ratio,ui_localization,audit_flag_manual_review:extreme_length_ratio,reject,,
32088,kde4,Switch given working copy to another branch,Name,extreme_length_ratio,ui_localization,audit_flag_manual_review:extreme_length_ratio,reject,,
32092,kde4,See who wrote each line of the file and in what revision,Name,extreme_length_ratio,ui_localization,audit_flag_manual_review:extreme_length_ratio,reject,,
32095,kde4,Checkout out an unversioned copy of a tree from a repository,Name,extreme_length_ratio,ui_localization,audit_flag_manual_review:extreme_length_ratio,reject,,
32097,kde4,Show local changes since last update,Name,extreme_length_ratio,ui_localization,audit_flag_manual_review:extreme_length_ratio,reject,,
32109,kde4,Computer-Aided Translation System,Name,extreme_length_ratio,ai_ml;system,audit_flag_manual_review:extreme_length_ratio,reject,,
32111,kde4,Development style for searching accelerator and style guide conflicts,Name,extreme_length_ratio,documentation,audit_flag_manual_review:extreme_length_ratio,reject,,
32137,kde4,This creates a suitable beginning of a docbook chapter for a Kate plugin.,@ item: inmenu,extreme_length_ratio,ui_localization,audit_flag_manual_review:extreme_length_ratio,reject,,
32141,kde4,This template will create the basics of a kate highlight definition file.,@ info: credit,extreme_length_ratio,ui_localization,audit_flag_manual_review:extreme_length_ratio,reject,,
32472,kde4,& Mail...,"Nhấn Thư... để gửi tài liệu hiện thời qua email. Để chọn vài tập tin để gửi, nhấn Hiển thị mọi tài liệunbsp; gt; gt;.",extreme_length_ratio,ai_ml;documentation,audit_flag_manual_review:extreme_length_ratio,reject,,
32531,kde4,New...,Không lưu được tập tin. Xin kiểm tra quyền ghi của bạn đối với tập tin.,extreme_length_ratio,ui_localization,audit_flag_manual_review:extreme_length_ratio,reject,,
32533,kde4,Column,"Không mở được tập tin '% 1'; nó không phải là tập tin thông thường, nó là một thư mục.",extreme_length_ratio,ui_localization,audit_flag_manual_review:extreme_length_ratio,reject,,
32534,kde4,The file '%1 'could not be parsed. Please check that the file is well-formed XML.,Mở phiên chạy,extreme_length_ratio,ai_ml,audit_flag_manual_review:extreme_length_ratio,reject,,
32545,kde4,Position,"Nếu chọn tùy chọn này, thì sẽ hiển thị đường dẫn đầy đủ đến tài liệu trong đầu đề cửa sổ.",extreme_length_ratio,ui_localization;documentation,audit_flag_manual_review:extreme_length_ratio,reject,,
32546,kde4,R/ O,Đồng bộ hoá bộ mô phỏng & thiết bị cuối với tài liệu hiện thời,extreme_length_ratio,hardware;documentation,audit_flag_manual_review:extreme_length_ratio,reject,,
32547,kde4,OVR,"Nếu chọn, Konsole sẽ cd (chuyển thư mục) tới thư mục của tài liệu hiện thời khi bắt đầu chạy và khi tài liệu hiện thời thay đổi, nếu tài liệu là tập tin trên máy.",extreme_length_ratio,documentation,audit_flag_manual_review:extreme_length_ratio,reject,,
32551,kde4,& Show full path in title,"Bạn có thể chọn mẫu cho các dạng tập tin từ hộp kết hợp và sửa nó ở đây. Chuỗi% s trong mẫu sẽ được thay thế bằng những gì nhập vào, và thu được kết quả của biểu thức chính quy sẽ tìm kiếm.",extreme_length_ratio,ui_localization,audit_flag_manual_review:extreme_length_ratio,reject,,
32553,kde4,Sync & terminal emulator with active document,Lỗi:,extreme_length_ratio,command_cli;documentation,audit_flag_manual_review:extreme_length_ratio,reject,,
32554,kde4,"If this is checked, the built in Konsole will cd to the directory of the active document when started and whenever the active document changes, if the document is a local file.",Lỗi công cụ grep,extreme_length_ratio,documentation,audit_flag_manual_review:extreme_length_ratio,reject,,
32557,kde4,Find,Chỉ ra tên cho phiên chạy hiện thời,extreme_length_ratio,ui_localization,audit_flag_manual_review:extreme_length_ratio,reject,,
32560,kde4,Error:,Tập tin này đã thay đổi (đã tạo) trên đĩa bởi một chương trình khác.,extreme_length_ratio,ui_localization,audit_flag_manual_review:extreme_length_ratio,reject,,
32573,kde4,Use this command to create a new document,KWrite,extreme_length_ratio,command_cli;documentation,audit_flag_manual_review:extreme_length_ratio,reject,,
32647,kde4,& File,NAME OF TRANSLATORS,language_suspect,ui_localization,audit_flag_manual_review:language_suspect,reject,,
32715,kde4,"Extract Archive Here, Autodetect Subfolder",Comment,extreme_length_ratio,ui_localization,audit_flag_manual_review:extreme_length_ratio,reject,,
32716,kde4,Plugin for handling of archive formats for the Kerfuffle library,Name,extreme_length_ratio,ui_localization,audit_flag_manual_review:extreme_length_ratio,reject,,
32720,kde4,bkisofs plugin for Kerfuffle,Name,extreme_length_ratio,ui_localization,audit_flag_manual_review:extreme_length_ratio,reject,,
32726,kde4,KArchive plugin for Kerfuffle,Name,extreme_length_ratio,ui_localization,audit_flag_manual_review:extreme_length_ratio,reject,,
32728,kde4,LibArchive Plugin for Kerfuffle,Name,extreme_length_ratio,ui_localization,audit_flag_manual_review:extreme_length_ratio,reject,,
32730,kde4,libbz2 plugin for Kerfuffle,Name,extreme_length_ratio,ui_localization,audit_flag_manual_review:extreme_length_ratio,reject,,
32732,kde4,libgz plugin for Kerfuffle,Name,extreme_length_ratio,ui_localization,audit_flag_manual_review:extreme_length_ratio,reject,,
32734,kde4,libxz plugin for Kerfuffle,Name,extreme_length_ratio,ui_localization,audit_flag_manual_review:extreme_length_ratio,reject,,
32744,kde4,Irkick global notification event,Name,extreme_length_ratio,ui_localization,audit_flag_manual_review:extreme_length_ratio,reject,,
32747,kde4,Irkick has triggered an application,Name,extreme_length_ratio,ui_localization,audit_flag_manual_review:extreme_length_ratio,reject,,
32772,kde4,A test structure for dynamic arrays,Name,extreme_length_ratio,ui_localization,audit_flag_manual_review:extreme_length_ratio,reject,,
32774,kde4,Structure for Executable Linking Format (ELF),Name,extreme_length_ratio,ui_localization,audit_flag_manual_review:extreme_length_ratio,reject,,
32776,kde4,A test structure for enums,Name,extreme_length_ratio,ui_localization,audit_flag_manual_review:extreme_length_ratio,reject,,
32778,kde4,A test structure containing the PNG file header (file must be set to big-endian),Name,extreme_length_ratio,ai_ml,audit_flag_manual_review:extreme_length_ratio,reject,,
32780,kde4,A few more test structures,Name,extreme_length_ratio,ui_localization,audit_flag_manual_review:extreme_length_ratio,reject,,
32782,kde4,A few test structures,Name,extreme_length_ratio,ui_localization,audit_flag_manual_review:extreme_length_ratio,reject,,
32787,kde4,System tray icon for managing print jobs,Comment,extreme_length_ratio,system,audit_flag_manual_review:extreme_length_ratio,reject,,
32791,kde4,Missing Printer Driver,Name,extreme_length_ratio,hardware,audit_flag_manual_review:extreme_length_ratio,reject,,
32812,kde4,KMilo,Trình Bổ Sung Cho Máy AsusComment,extreme_length_ratio,ui_localization,audit_flag_manual_review:extreme_length_ratio,reject,,
32821,kde4,KEdit,Trình Bổ Sung Theo Dõi Vi Xử LýComment,extreme_length_ratio,ui_localization,audit_flag_manual_review:extreme_length_ratio,reject,,
32847,kde4,Edit,SửaNAME OF TRANSLATORS,extreme_length_ratio,ui_localization,audit_flag_manual_review:extreme_length_ratio,reject,,
32900,kde4,Stacked Bar Chart,Cột,extreme_length_ratio,ui_localization,audit_flag_manual_review:extreme_length_ratio,reject,,
32916,kde4,Bars,Trình biên soạn Dữ Liệu KChart,extreme_length_ratio,ui_localization,audit_flag_manual_review:extreme_length_ratio,reject,,
32935,kde4,Customize with & Wizard...,& Pie,extreme_length_ratio,ui_localization,audit_flag_manual_review:extreme_length_ratio,reject,,
32955,kde4,Here you set the color in which the background of the chart is painted.,Tiêu đề - Y:,extreme_length_ratio,ai_ml,audit_flag_manual_review:extreme_length_ratio,reject,,
32957,kde4,"You can select a background image from this list. Initially, the installed KDE wallpapers will be offered. If you do not find what you are looking for here, you can select any image file by clicking on the Browse button below.",Định dạng trục - Y,extreme_length_ratio,ui_localization;command_cli,audit_flag_manual_review:extreme_length_ratio,reject,,
32960,kde4,This area will always display the currently selected background image. Note that the image will be scaled and thus might have a different ratio than it originally had.,Màu & nền,extreme_length_ratio,ui_localization,audit_flag_manual_review:extreme_length_ratio,reject,,
32964,kde4,"If you check this box, the selected image will be scaled to fit the total size of the selected area. Image ratio will be adjusted to match the area size and height if necessary.",Không,extreme_length_ratio,ui_localization,audit_flag_manual_review:extreme_length_ratio,reject,,
32965,kde4,"If you check this box, the selected image will be centered over the selected area. If the image is larger then the area, you will only see the middle part of it.",& Duyệt...,extreme_length_ratio,ui_localization,audit_flag_manual_review:extreme_length_ratio,reject,,
32967,kde4,Data+Axes+Legend,Khu vực này luôn luôn hiển thị ảnh nền đã đưọc chọn gần đâỵ Chú ý là ảnh sẽ được tỉ lệ hoá khác với kích thước thật của nó.,extreme_length_ratio,ui_localization,audit_flag_manual_review:extreme_length_ratio,reject,,
32968,kde4,Data+Axes,"Trong hộp này, bạn có thể đặt nhiều thiết lập điều khiển sự hiển thị của hình nền.",extreme_length_ratio,ui_localization,audit_flag_manual_review:extreme_length_ratio,reject,,
32970,kde4,Bottom Axis,"Bạn có thể chọn độ sáng của ảnh sao cho nó không làm ảnh hưởng đến chart. Ảnh khác nhau sẽ đòi hỏi thiết lập khác nhau, nhưng 25% sẽ là giá trị khuyến nghị.",extreme_length_ratio,ui_localization,audit_flag_manual_review:extreme_length_ratio,reject,,
32971,kde4,Header A,"Nếu bạn chọn hộp này, ảnh được chọn sẽ bị tỉ lệ hoá để khớp vào cỡ chart.",extreme_length_ratio,ui_localization,audit_flag_manual_review:extreme_length_ratio,reject,,
32972,kde4,Header C,"Nếu bạn chọn hộp này, ảnh được chọn sẽ bị trung tâm hoá trên chart. Nếu ảnh to hơn chart, bạn sẽ chỉ nhìn thấy phần giữa của nó. Thiết lập này chỉ dùng được nếu Tỉ lệ hoá không được chọn.",extreme_length_ratio,ui_localization,audit_flag_manual_review:extreme_length_ratio,reject,,
32976,kde4,Footer 1 A,Trang này cho phép bạn cấu hình màu mà chart sẽ hiển thị. Mỗi phần của chart sẽ được chỉ định một màu khác nhaụ,extreme_length_ratio,ui_localization,audit_flag_manual_review:extreme_length_ratio,reject,,
32981,kde4,Footer 2 C,"Bạn có thể cấu hình màu sẽ được dùng cho chart grid. Tất nhiên, thiết lập này chỉ có tác dụng nếu Chế Độ Vẽ grid được bật.",extreme_length_ratio,ui_localization,audit_flag_manual_review:extreme_length_ratio,reject,,
32983,kde4,Footer 3 B,Màu này sẽ được dùng cho việc hiển thị tiêu đề của trục X (Ngang). Thiết lập này sẽ ghi đè thiết lập Màu tiêu đề,extreme_length_ratio,ui_localization,audit_flag_manual_review:extreme_length_ratio,reject,,
32987,kde4,& Line color:,Màu này sẽ được dùng cho việc hiển thị màu trục Y (thẳng đứng). Nó chỉ có hiệu nghiệm nếu chart được cấu hình có trục thứ hai Y. Thiết lập này sẽ ghi đè thiết lập Màu Tiêu Đề,extreme_length_ratio,ai_ml;ui_localization,audit_flag_manual_review:extreme_length_ratio,reject,,
32988,kde4,This is the color that is used for drawing lines like axes.,Màu nhãn X,extreme_length_ratio,ui_localization,audit_flag_manual_review:extreme_length_ratio,reject,,
32990,kde4,"Here you can configure the color that is used for the chart grid. Of course, this setting will only take effect if grid drawing is turned on.",Màu nhãn Y,extreme_length_ratio,ui_localization,audit_flag_manual_review:extreme_length_ratio,reject,,
32992,kde4,This color is used for displaying titles for the X (horizontal) axis. This setting overrides the setting Title Color.,Màu nhãn Y (trục thứ 2),extreme_length_ratio,ui_localization,audit_flag_manual_review:extreme_length_ratio,reject,,
32993,kde4,& Y-title color:,"Bạn có thể cấu hình màu sẽ được dùng cho nhãn của trục thứ hai Y (dọc). Tất nhiên, thiết lập này sẽ chỉ hiệu nghiệm nếu chart có cả hai trục.",extreme_length_ratio,ai_ml;ui_localization,audit_flag_manual_review:extreme_length_ratio,reject,,
32994,kde4,This color is used for displaying titles for the Y (vertical) axis. This setting overrides the setting Title Color.,Vùng,extreme_length_ratio,ui_localization,audit_flag_manual_review:extreme_length_ratio,reject,,
32996,kde4,This color is used for displaying titles for the second Y (vertical) axis. It only takes effect if the chart is configured to have a second Y axis. This setting overrides the setting Title Color.,Dữ liệu trong:,extreme_length_ratio,ui_localization,audit_flag_manual_review:extreme_length_ratio,reject,,
33000,kde4,Here you can configure the color that is used for labeling the Y (vertical) axis,& Font,extreme_length_ratio,ui_localization,audit_flag_manual_review:extreme_length_ratio,reject,,
33002,kde4,"Here you can configure the color that is used for labeling the second Y (vertical) axis. Of course, this setting only takes effect if the chart is configured to have two vertical axes.",& Dòng,extreme_length_ratio,ui_localization,audit_flag_manual_review:extreme_length_ratio,reject,,
33016,kde4,Chart & Sub-type,Màu,extreme_length_ratio,ui_localization,audit_flag_manual_review:extreme_length_ratio,reject,,
33043,kde4,Rotation around the X-axis in degrees:,Legend,extreme_length_ratio,ui_localization,audit_flag_manual_review:extreme_length_ratio,reject,,
33044,kde4,Rotation around the Y-axis in degrees:,Legend,extreme_length_ratio,ui_localization,audit_flag_manual_review:extreme_length_ratio,reject,,
33051,kde4,Polar marker,"Nếu bạn chọn hộp này, ảnh được chọn sẽ bị trung tâm hoá trên chart. Nếu ảnh to hơn chart, bạn sẽ chỉ nhìn thấy phần giữa của nó. Thiết lập này chỉ dùng được nếu Tỉ lệ hoá không được chọn.",extreme_length_ratio,ui_localization,audit_flag_manual_review:extreme_length_ratio,reject,,
33057,kde4,Setup Axes,"Bạn có thể cấu hình màu sẽ được dùng cho nhãn của trục thứ hai Y (dọc). Tất nhiên, thiết lập này sẽ chỉ hiệu nghiệm nếu chart có cả hai trục.",extreme_length_ratio,ai_ml;ui_localization,audit_flag_manual_review:extreme_length_ratio,reject,,
33059,kde4,X axis:,"Bạn có thể cấu hình màu sẽ được dùng cho nhãn của trục thứ hai Y (dọc). Tất nhiên, thiết lập này sẽ chỉ hiệu nghiệm nếu chart có cả hai trục.",extreme_length_ratio,ai_ml;ui_localization,audit_flag_manual_review:extreme_length_ratio,reject,,
33061,kde4,Border:,Bạn có thể cấu hình màu sẽ được dùng cho nhãn trục Y (dọc).,extreme_length_ratio,ui_localization,audit_flag_manual_review:extreme_length_ratio,reject,,
33063,kde4,Depth 3D:,"Bạn có thể cấu hình màu sẽ được dùng cho nhãn của trục thứ hai Y (dọc). Tất nhiên, thiết lập này sẽ chỉ hiệu nghiệm nếu chart có cả hai trục.",extreme_length_ratio,ai_ml;ui_localization,audit_flag_manual_review:extreme_length_ratio,reject,,
33066,kde4,Y-label 2 format:,Nối,extreme_length_ratio,ui_localization,audit_flag_manual_review:extreme_length_ratio,reject,,
33122,kde4,Configure Kivio...,NAME OF TRANSLATORS,language_suspect,ui_localization,audit_flag_manual_review:language_suspect,reject,,
33151,kde4,End,Kết thúcStencils,extreme_length_ratio,ui_localization,audit_flag_manual_review:extreme_length_ratio,reject,,
33221,kde4,Basic flowcharting manual operation shape,Stencils,extreme_length_ratio,documentation,audit_flag_manual_review:extreme_length_ratio,reject,,
33274,kde4,Multivalued Attribute shape used in ER diagrams,Stencils,extreme_length_ratio,hardware,audit_flag_manual_review:extreme_length_ratio,reject,,
33282,kde4,Derived Attribute shape used in ER diagrams,Stencils,extreme_length_ratio,hardware,audit_flag_manual_review:extreme_length_ratio,reject,,
33420,kde4,Cisco - Content Transformation Engine (CTE),Stencils,extreme_length_ratio,ui_localization,audit_flag_manual_review:extreme_length_ratio,reject,,
33455,kde4,Cisco - SVX (interchangeable with End office),Stencils,extreme_length_ratio,ui_localization,audit_flag_manual_review:extreme_length_ratio,reject,,
33797,kde4,& Zoom,Bạn không thể xoá riêng chỉ trang này của tài liệụ,extreme_length_ratio,ui_localization,audit_flag_manual_review:extreme_length_ratio,reject,,
33817,kde4,Change Stencil Horizontal Alignment,Chọn,extreme_length_ratio,ui_localization,audit_flag_manual_review:extreme_length_ratio,reject,,
33833,kde4,Line & end style:,tên,extreme_length_ratio,ui_localization,audit_flag_manual_review:extreme_length_ratio,reject,,
33838,kde4,Name,Di chuyển Layer xuống,extreme_length_ratio,ui_localization,audit_flag_manual_review:extreme_length_ratio,reject,,
33948,kde4,You are going to remove the active page. Do you want to continue?,Trang% 1,extreme_length_ratio,ui_localization,audit_flag_manual_review:extreme_length_ratio,reject,,
33968,kde4,Stencils,Trang đã chọn Xuất chỉ trang đã chọn vào file.,extreme_length_ratio,ui_localization,audit_flag_manual_review:extreme_length_ratio,reject,,
33977,kde4,Arrowhead at Origin,"Chất lượng Không phải mọi định file đều dùng cái nàỵ Nhưng nếu vậy, nó sẽ ảnh hưởng tới chất lượng của ảnh sẽ xuất. 100 là chất lượng tốt nhất. Chất lượng càng cao, ảnh càng đẹp. Ngược lại, cỡ ảnh sẽ lớn.",extreme_length_ratio,ui_localization,audit_flag_manual_review:extreme_length_ratio,reject,,
33979,kde4,Show Page,"Viền Đặt một viền trống xung quanh cạnh của ảnh. Nó có thể dùng vì một lí do nào đó, ví dụ stencil không khớp với trang xuất với viền 0- pixel (mặc định).",extreme_length_ratio,ui_localization,audit_flag_manual_review:extreme_length_ratio,reject,,
33983,kde4,Export the selected stencils on the current page,Bề rộng:,extreme_length_ratio,ui_localization,audit_flag_manual_review:extreme_length_ratio,reject,,
33993,kde4,"Quality Not all file formats use this. But for those that do, this affects the quality of the image that gets exported. 100 is the maximum quality. The higher the number, the better the picture looks. The downside is the higher the number, the larger the filesize.",Từ & Deletion,extreme_length_ratio,ui_localization,audit_flag_manual_review:extreme_length_ratio,reject,,
33995,kde4,"Border Places a blank border around the edges of the image. This can be used if for one reason or another, the stencils do n't fit into the export page with a 0-pixel border (default).",Phóng to,extreme_length_ratio,ui_localization,audit_flag_manual_review:extreme_length_ratio,reject,,
34000,kde4,Toggles the ability to change the width of the selected stencils,Chọn mở rộng,extreme_length_ratio,ui_localization,audit_flag_manual_review:extreme_length_ratio,reject,,
34002,kde4,Toggles the ability to change the height of the selected stencils,& Trang,extreme_length_ratio,ui_localization,audit_flag_manual_review:extreme_length_ratio,reject,,
34004,kde4,Toggles the ability to change the aspect ratio of the selected stencils,Công cụ,extreme_length_ratio,ui_localization,audit_flag_manual_review:extreme_length_ratio,reject,,
34006,kde4,Toggles the ability to protect the x position of the selected stencils,Định dạng,extreme_length_ratio,ui_localization,audit_flag_manual_review:extreme_length_ratio,reject,,
34008,kde4,Toggles the ability to protect the y position of the selected stencils,Bảo vệ Xoá,extreme_length_ratio,ui_localization,audit_flag_manual_review:extreme_length_ratio,reject,,
34009,kde4,Deletion,Tỉ lệ & Aspect (Giữa chiều rộng và dài của hình chữ nhật) untitled stencil,extreme_length_ratio,ui_localization,audit_flag_manual_review:extreme_length_ratio,reject,,
34437,kde4,Inversed Subtract,Trừ,extreme_length_ratio,ui_localization,audit_flag_manual_review:extreme_length_ratio,reject,,
34480,kde4,Color Selector,Bộ,extreme_length_ratio,ui_localization,audit_flag_manual_review:extreme_length_ratio,reject,,
34588,kde4,Automatically add new words to suggestion list,Thêm...,extreme_length_ratio,ui_localization,audit_flag_manual_review:extreme_length_ratio,reject,,
34600,kde4,Confirmation Required,Số:,extreme_length_ratio,ui_localization,audit_flag_manual_review:extreme_length_ratio,reject,,
34603,kde4,Could not load embedded object: %1,sai,extreme_length_ratio,ai_ml,audit_flag_manual_review:extreme_length_ratio,reject,,
34605,kde4,Error while saving embedded documents,Ngày:,extreme_length_ratio,documentation,audit_flag_manual_review:extreme_length_ratio,reject,,
34623,kde4,Different footer for even and odd pages,Vị trí,extreme_length_ratio,ui_localization,audit_flag_manual_review:extreme_length_ratio,reject,,
34625,kde4,Spacing between footer and body:,Đỉnh:,extreme_length_ratio,ui_localization,audit_flag_manual_review:extreme_length_ratio,reject,,
34632,kde4,Mid:,Vấn đề với bố cục trang,extreme_length_ratio,ui_localization,audit_flag_manual_review:extreme_length_ratio,reject,,
34633,kde4,lt; sheetgt; The sheet name lt; pagegt; The current page lt; pagesgt; The total number of pages lt; namegt; The filename or URL lt; filegt; The filename with complete path or the URL,Xóa hình,extreme_length_ratio,ui_localization,audit_flag_manual_review:extreme_length_ratio,reject,,
34634,kde4,lt; timegt; The current time lt; dategt; The current date lt; authorgt; Your full name lt; orggt; Your organization lt; emailgt; Your email address,Xóa trang,extreme_length_ratio,ai_ml,audit_flag_manual_review:extreme_length_ratio,reject,,
34642,kde4,Resize,Footer khác nhau cho trang lẻ và chẵn,extreme_length_ratio,ui_localization,audit_flag_manual_review:extreme_length_ratio,reject,,
34644,kde4,Shear,Khoảng cách giữa footer và thân:,extreme_length_ratio,ui_localization,audit_flag_manual_review:extreme_length_ratio,reject,,
34646,kde4,Cross,Header khác nhau cho trang lẻ và chẵn,extreme_length_ratio,ui_localization,audit_flag_manual_review:extreme_length_ratio,reject,,
34655,kde4,Select Char,lt; sheetgt; Tên của tờ lt; pagegt; Trang hiện tại lt; pagesgt; Tổng số trang lt; namegt; Tên tập tin hoặc đường liên kết lt; filegt; Tên tập tin với đầy đủ đường dẫn hoặc đường liên kết,extreme_length_ratio,ui_localization,audit_flag_manual_review:extreme_length_ratio,reject,,
34656,kde4,Change font,lt; timegt; Thời điểm hiện tại lt; dategt; Ngày hôm nay lt; authorgt; Tên đầy đủ của bạn lt; orggt; Tổ chức của bạn lt; emailgt; Địa chỉ thư điện tử của bạn,extreme_length_ratio,ai_ml,audit_flag_manual_review:extreme_length_ratio,reject,,
34679,kde4,No description available,Tên:,extreme_length_ratio,coding;ai_ml,audit_flag_manual_review:extreme_length_ratio,reject,,
34684,kde4,*. svg *. wmf *. qpic_BAR_Clipart (*. svg *. wmf *. qpic),& Ngang,extreme_length_ratio,command_cli,audit_flag_manual_review:extreme_length_ratio,reject,,
34719,kde4,Convert first letter of a sentence to uppercase.,& Dọc,extreme_length_ratio,ui_localization,audit_flag_manual_review:extreme_length_ratio,reject,,
34744,kde4,Current Time (variable),Fax:,extreme_length_ratio,coding,audit_flag_manual_review:extreme_length_ratio,reject,,
34746,kde4,This Dialog Allows You to Set the Format of the Time Variable,Mã bưu điện:,extreme_length_ratio,coding;ui_localization,audit_flag_manual_review:extreme_length_ratio,reject,,
34784,kde4,File Name without Extension,Phải:,extreme_length_ratio,ui_localization,audit_flag_manual_review:extreme_length_ratio,reject,,
34801,kde4,Detect when a new sentence is started and always ensure that the first character is an uppercase character.,Thay thế Text,extreme_length_ratio,ui_localization,audit_flag_manual_review:extreme_length_ratio,reject,,
34802,kde4,Convert & two uppercase characters to one uppercase and one lowercase character (e. g. PErfect to Perfect),Đường Head:,extreme_length_ratio,ui_localization,audit_flag_manual_review:extreme_length_ratio,reject,,
34803,kde4,Detect when a URL (Uniform Resource Locator) is typed and provide formatting that matches the way an Internet browser would show a URL.,Phố:,extreme_length_ratio,ui_localization,audit_flag_manual_review:extreme_length_ratio,reject,,
34805,kde4,Remove spaces at the beginning and end of paragraphs,Xem trước:,extreme_length_ratio,ui_localization,audit_flag_manual_review:extreme_length_ratio,reject,,
34807,kde4,"When typing '1) 'or similar in front of a paragraph, automatically convert the paragraph to use that numbering style. This has the advantage that further paragraphs will also be numbered and the spacing is done correctly.",Phố:,extreme_length_ratio,ui_localization,audit_flag_manual_review:extreme_length_ratio,reject,,
34809,kde4,"When typing '* 'or '-' in front of a paragraph, automatically convert the paragraph to use that list-style. Using a list-style formatting means that a correct bullet is used to draw the list.",Tuỳ biến,extreme_length_ratio,coding,audit_flag_manual_review:extreme_length_ratio,reject,,
34814,kde4,Replacements and exceptions for language:,Dấu cách,extreme_length_ratio,ui_localization,audit_flag_manual_review:extreme_length_ratio,reject,,
34828,kde4,Find string is the same as replace string!,Chọn,extreme_length_ratio,ui_localization,audit_flag_manual_review:extreme_length_ratio,reject,,
34842,kde4,Completion list saved. It will be used for all documents from now on.,Chọn,extreme_length_ratio,documentation,audit_flag_manual_review:extreme_length_ratio,reject,,
34843,kde4,Completion List Saved,Chọn,extreme_length_ratio,ui_localization,audit_flag_manual_review:extreme_length_ratio,reject,,
34854,kde4,Day,Mở tài liệu đã tồn tạị,extreme_length_ratio,documentation,audit_flag_manual_review:extreme_length_ratio,reject,,
34885,kde4,Autocorrect (remove start and end line space),Dấu cách,extreme_length_ratio,ui_localization,audit_flag_manual_review:extreme_length_ratio,reject,,
35235,kde4,Your names,"Nguyen Hung Vu( Nguyễn Hưng Vũ) Nguyen Vu Hung, nhóm Việt hóa KDEEMAIL OF TRANSLATORS",extreme_length_ratio,ai_ml,audit_flag_manual_review:extreme_length_ratio,reject,,
35236,kde4,Your emails,"vuhung@ fedụuec. ac. jp vuhung@ techviet. com, kde- l10n- vi@ lists. kde. org",extreme_length_ratio,ai_ml,audit_flag_manual_review:extreme_length_ratio,reject,,
35429,kde4,Form,Hiệu ứng Quét Trang trình diễn,extreme_length_ratio,ui_localization,audit_flag_manual_review:extreme_length_ratio,reject,,
35439,kde4,°,Nhảy tới Trang:,extreme_length_ratio,ui_localization,audit_flag_manual_review:extreme_length_ratio,reject,,
35458,kde4,%,Không bút,extreme_length_ratio,ui_localization,audit_flag_manual_review:extreme_length_ratio,reject,,
35478,kde4,Style:,Chuyển & bằng tay đến bước tiếp theo,extreme_length_ratio,ui_localization,audit_flag_manual_review:extreme_length_ratio,reject,,
35487,kde4,& Sharpness:,Số,extreme_length_ratio,ui_localization,audit_flag_manual_review:extreme_length_ratio,reject,,
35520,kde4,%,Đường thẳng cắt chéo,extreme_length_ratio,ui_localization,audit_flag_manual_review:extreme_length_ratio,reject,,
35528,kde4,Plain,Thay cỡ đối tượng sang trái - trên,extreme_length_ratio,ai_ml,audit_flag_manual_review:extreme_length_ratio,reject,,
35550,kde4,Pyramid,& Mở rộng Nội dung tới Chiều cao đối tượng,extreme_length_ratio,hardware,audit_flag_manual_review:extreme_length_ratio,reject,,
35559,kde4,Read-only content cannot be changed. No modifications will be accepted.,Đầu đề slide,extreme_length_ratio,ui_localization,audit_flag_manual_review:extreme_length_ratio,reject,,
35585,kde4,Extend Text Contents to Height,Pie,extreme_length_ratio,ui_localization,audit_flag_manual_review:extreme_length_ratio,reject,,
35588,kde4,Align Objects Top,Ảnh,extreme_length_ratio,ui_localization,audit_flag_manual_review:extreme_length_ratio,reject,,
35591,kde4,Align Objects Centered (horizontal),Text,extreme_length_ratio,ui_localization,audit_flag_manual_review:extreme_length_ratio,reject,,
35593,kde4,Closed Freehand,Số,extreme_length_ratio,ui_localization,audit_flag_manual_review:extreme_length_ratio,reject,,
35597,kde4,Interface,Bạn có vể như chưa cài đặt PERL Nó cần để hoán chuyển tài liệu nàỵ Hãy cài đặt PERL và thử lạị,extreme_length_ratio,command_cli;documentation,audit_flag_manual_review:extreme_length_ratio,reject,,
35608,kde4,Background object color:,Hiện,extreme_length_ratio,ui_localization,audit_flag_manual_review:extreme_length_ratio,reject,,
35624,kde4,Autosave (min):,Ẩn,extreme_length_ratio,ui_localization,audit_flag_manual_review:extreme_length_ratio,reject,,
35652,kde4,Invalid OASIS OpenDocument file. No office: body tag found.,Ảnh (% 1),extreme_length_ratio,documentation,audit_flag_manual_review:extreme_length_ratio,reject,,
35653,kde4,Invalid OASIS OpenDocument file. No tag found inside office: body.,Slide% 1,extreme_length_ratio,documentation,audit_flag_manual_review:extreme_length_ratio,reject,,
35654,kde4,You do not appear to have PERL installed. It is needed to convert this document. Please install PERL and try again.,Xoá đối tượng,extreme_length_ratio,ai_ml;command_cli;documentation,audit_flag_manual_review:extreme_length_ratio,reject,,
35684,kde4,Play,Joêmk slide trong presetation,extreme_length_ratio,ui_localization,audit_flag_manual_review:extreme_length_ratio,reject,,
35687,kde4,Disappear to Right,Arc,extreme_length_ratio,ui_localization,audit_flag_manual_review:extreme_length_ratio,reject,,
35716,kde4,Add New Help Line,Ảnh,extreme_length_ratio,ui_localization,audit_flag_manual_review:extreme_length_ratio,reject,,
35723,kde4,Resize,Bạn có muốn tải một cấu hình có thể đã được dùng cho HTML Presentation mà bạn đã cất gần đâỷ,extreme_length_ratio,ai_ml,audit_flag_manual_review:extreme_length_ratio,reject,,
35757,kde4,Arc,Đối tượng & Sticky,extreme_length_ratio,ui_localization,audit_flag_manual_review:extreme_length_ratio,reject,,
35763,kde4,Draw border around the slides,Số,extreme_length_ratio,ui_localization,audit_flag_manual_review:extreme_length_ratio,reject,,
35770,kde4,pt,Nâng đối tượng,extreme_length_ratio,ui_localization,audit_flag_manual_review:extreme_length_ratio,reject,,
35796,kde4,No chart component registered,& Màu,extreme_length_ratio,ui_localization,audit_flag_manual_review:extreme_length_ratio,reject,,
35802,kde4,Do you want to load a previously saved configuration which will be used for this HTML Presentation?,800x600,extreme_length_ratio,ai_ml,audit_flag_manual_review:extreme_length_ratio,reject,,
35803,kde4,*. kpweb_BAR_KPresenter HTML Presentation (*. kpweb),1024x768,extreme_length_ratio,ai_ml,audit_flag_manual_review:extreme_length_ratio,reject,,
35808,kde4,Change Outline Color,...,extreme_length_ratio,ui_localization,audit_flag_manual_review:extreme_length_ratio,reject,,
35865,kde4,Align & Bottom,"Nhập tên, email vào đầu đề trang web presentation. Và cũng nhập luôn đường dẫn đến nơi mà web presentation sẽ được tạo (Nó phải là một thư mục).",extreme_length_ratio,ai_ml,audit_flag_manual_review:extreme_length_ratio,reject,,
35874,kde4,Outline Style,"Bạn có thể chỉ định tiêu đề của mỗi slide Nhấn vào slide trong danh sách và nhập tiêu đề vào textbox. Nếu bạn nhấn vào tiêu đề, KPresenter mainview sẽ trượt tới slide này và bạn sẽ không nhìn thấy nó.",extreme_length_ratio,ai_ml,audit_flag_manual_review:extreme_length_ratio,reject,,
36082,kde4,Vertical spacing:,Dọc,extreme_length_ratio,ui_localization,audit_flag_manual_review:extreme_length_ratio,reject,,
36193,kde4,Intersect (Shortcut T),Ngắn,extreme_length_ratio,ui_localization,audit_flag_manual_review:extreme_length_ratio,reject,,
36195,kde4,Subtract (Shortcut S),Ngắn,extreme_length_ratio,ui_localization,audit_flag_manual_review:extreme_length_ratio,reject,,
36270,kde4,Gaussian distribution,Chọn,extreme_length_ratio,ui_localization,audit_flag_manual_review:extreme_length_ratio,reject,,
36370,kde4,Vertical Radius:,Dọc,extreme_length_ratio,ui_localization,audit_flag_manual_review:extreme_length_ratio,reject,,
36725,kde4,Swap Foreground and Background Color,Màu Mặt,extreme_length_ratio,ui_localization,audit_flag_manual_review:extreme_length_ratio,reject,,
36726,kde4,Reset Foreground and Background Color,Màu Mặt,extreme_length_ratio,ui_localization,audit_flag_manual_review:extreme_length_ratio,reject,,
36786,kde4,Mirror Vertically,Dọc,extreme_length_ratio,ui_localization,audit_flag_manual_review:extreme_length_ratio,reject,,
36837,kde4,Show Dockers,Đá,extreme_length_ratio,ui_localization,audit_flag_manual_review:extreme_length_ratio,reject,,
36925,kde4,Open,Cho layer hiện tại lên trên,extreme_length_ratio,ui_localization,audit_flag_manual_review:extreme_length_ratio,reject,,
36962,kde4,Repeat:,Lặp lại: the gradient will be drawn with the color order reversed,extreme_length_ratio,ui_localization,audit_flag_manual_review:extreme_length_ratio,reject,,
37045,kde4,dabs per actual radius,Dọc,extreme_length_ratio,ui_localization,audit_flag_manual_review:extreme_length_ratio,reject,,
37115,kde4,Wavelet Noise Reducer,Chọn,extreme_length_ratio,ui_localization,audit_flag_manual_review:extreme_length_ratio,reject,,
37116,kde4,& Wavelet Noise Reducer,Chọn,extreme_length_ratio,ui_localization,audit_flag_manual_review:extreme_length_ratio,reject,,
37119,kde4,& Gaussian Noise Reduction,Chọn,extreme_length_ratio,ui_localization,audit_flag_manual_review:extreme_length_ratio,reject,,
37147,kde4,Select a Background,nền,extreme_length_ratio,ui_localization,audit_flag_manual_review:extreme_length_ratio,reject,,
37225,kde4,Invalid image size,ảnh,extreme_length_ratio,ui_localization,audit_flag_manual_review:extreme_length_ratio,reject,,
37259,kde4,Paint a path,Đo,extreme_length_ratio,ai_ml,audit_flag_manual_review:extreme_length_ratio,reject,,
37266,kde4,GRAY/ Alpha16 Histogram,Xám,extreme_length_ratio,hardware,audit_flag_manual_review:extreme_length_ratio,reject,,
37311,kde4,Erase parts of a selection with a brush,& Hiện,extreme_length_ratio,ui_localization,audit_flag_manual_review:extreme_length_ratio,reject,,
37316,kde4,Choose Brush to Add,Ẩn,extreme_length_ratio,ui_localization,audit_flag_manual_review:extreme_length_ratio,reject,,
37321,kde4,& Add...,Tẩy các phần của phần chọn bằng một cái chổi,extreme_length_ratio,ui_localization,audit_flag_manual_review:extreme_length_ratio,reject,,
37386,kde4,Watercolor Physics Simulation Filter,Tên,extreme_length_ratio,ui_localization,audit_flag_manual_review:extreme_length_ratio,reject,,
37397,kde4,Bears,Cho layer hiện tại lên trên,extreme_length_ratio,ui_localization,audit_flag_manual_review:extreme_length_ratio,reject,,
37430,kde4,Select a polygonal area,Màu,extreme_length_ratio,ui_localization,audit_flag_manual_review:extreme_length_ratio,reject,,
37431,kde4,Select Similar Colors,Màu,extreme_length_ratio,ui_localization,audit_flag_manual_review:extreme_length_ratio,reject,,
37443,kde4,& Rectangular Selection,Màu,extreme_length_ratio,ui_localization,audit_flag_manual_review:extreme_length_ratio,reject,,
37445,kde4,Vertical sensor:,ảnh,extreme_length_ratio,ui_localization,audit_flag_manual_review:extreme_length_ratio,reject,,
37461,kde4,& Pre-defined canvas types:,Chọn,extreme_length_ratio,ui_localization,audit_flag_manual_review:extreme_length_ratio,reject,,
37515,kde4,Polygonal Select Tool,Chọn,extreme_length_ratio,ui_localization,audit_flag_manual_review:extreme_length_ratio,reject,,
37517,kde4,Elliptical Select Tool,Chọn,extreme_length_ratio,ui_localization,audit_flag_manual_review:extreme_length_ratio,reject,,
37532,kde4,Your emails,"vuhung@ fedu. uec. ac. jp, kde- l10n- vi@ lists. kde. org",extreme_length_ratio,ai_ml,audit_flag_manual_review:extreme_length_ratio,reject,,
37684,kde4,"A bookmark with the name ""%1"" already exists.",the,extreme_length_ratio,ui_localization,audit_flag_manual_review:extreme_length_ratio,reject,,
37716,kde4,Insert a picture into document,Chèn,extreme_length_ratio,documentation,audit_flag_manual_review:extreme_length_ratio,reject,,
37852,kde4,> > > Field %1 is unknown in the current database query < < <,BÍ MẬT,extreme_length_ratio,ui_localization,audit_flag_manual_review:extreme_length_ratio,reject,,
37860,kde4,Include,Ô,extreme_length_ratio,ui_localization,audit_flag_manual_review:extreme_length_ratio,reject,,
37870,kde4,Port:,Đã có danh sách phân phói có tên% 1. Hãy chọn một tên khác.,extreme_length_ratio,ui_localization,audit_flag_manual_review:extreme_length_ratio,reject,,
37886,kde4,Read-only content cannot be changed. No modifications will be accepted.,Tài liệu HTML,extreme_length_ratio,ai_ml;documentation,audit_flag_manual_review:extreme_length_ratio,reject,,
37890,kde4,KWord is unable to insert the table because there is not enough space available.,Cỡ:,extreme_length_ratio,ai_ml,audit_flag_manual_review:extreme_length_ratio,reject,,
37901,kde4,The number of files remembered in the file open dialog and in the recent files menu item.,Bố trí Trang:,extreme_length_ratio,ui_localization,audit_flag_manual_review:extreme_length_ratio,reject,,
37904,kde4,"Configure the indent width used when using the'Increase 'or'Decrease' indentation buttons on a paragraph. The lower the value, the more often the buttons will have to be pressed to gain the same indentation.",Đang In.,extreme_length_ratio,ai_ml;ui_localization,audit_flag_manual_review:extreme_length_ratio,reject,,
37905,kde4,& Paragraph indent by toolbar buttons:,Chèn,extreme_length_ratio,ui_localization,audit_flag_manual_review:extreme_length_ratio,reject,,
37906,kde4,"After selecting Preview Mode (from the ""View"" menu,) this is the number of pages KWord will position on one horizontal row.",Text,extreme_length_ratio,ui_localization,audit_flag_manual_review:extreme_length_ratio,reject,,
37916,kde4,View formatting break,Bảng,extreme_length_ratio,ui_localization,audit_flag_manual_review:extreme_length_ratio,reject,,
37917,kde4,Change Display Link Command,Bảng,extreme_length_ratio,ui_localization;command_cli,audit_flag_manual_review:extreme_length_ratio,reject,,
37920,kde4,When setting a document to use more than one column this distance will be used to separate the columns. This value is merely a default setting as the column spacing can be changed per document,Công thức,extreme_length_ratio,documentation,audit_flag_manual_review:extreme_length_ratio,reject,,
37923,kde4,A backup copy of the current document is created when a change has been made. The interval used to create backup documents is set here.,Số:,extreme_length_ratio,documentation,audit_flag_manual_review:extreme_length_ratio,reject,,
37930,kde4,Change Starting Page Number,Bỏ,extreme_length_ratio,ui_localization,audit_flag_manual_review:extreme_length_ratio,reject,,
37951,kde4,Dash Dot Dot Line,Dán,extreme_length_ratio,ui_localization,audit_flag_manual_review:extreme_length_ratio,reject,,
37979,kde4,This document was created with a newer version of KWord (syntax version: %1) Opening it in this version of KWord will lose some information.,Thay đổi,extreme_length_ratio,documentation,audit_flag_manual_review:extreme_length_ratio,reject,,
37993,kde4,Insert Footnote/ Endnote,Chèn,extreme_length_ratio,ui_localization,audit_flag_manual_review:extreme_length_ratio,reject,,
38007,kde4,Protect content: Disallow changes to be made to the contents of the frame(s).,Bảng,extreme_length_ratio,hardware,audit_flag_manual_review:extreme_length_ratio,reject,,
38013,kde4,Set new color on all selected frames,Tháo gỡ,extreme_length_ratio,hardware,audit_flag_manual_review:extreme_length_ratio,reject,,
38026,kde4,Diagonal Crossing Lines,Chèn,extreme_length_ratio,ui_localization,audit_flag_manual_review:extreme_length_ratio,reject,,
38030,kde4,A new frameset with the name '%1 'can not be made because a frameset with that name already exists. Please enter another name or select an existing frameset from the list.,Chèn,extreme_length_ratio,hardware,audit_flag_manual_review:extreme_length_ratio,reject,,
38032,kde4,The frame will not be resized because the new size would be greater than the size of the page.,Chèn,extreme_length_ratio,hardware,audit_flag_manual_review:extreme_length_ratio,reject,,
38042,kde4,You are about to reconnect the last frame of the frameset '%1 '. The contents of this frameset will be deleted. Are you sure you want to do that?,Sửạ..,extreme_length_ratio,hardware,audit_flag_manual_review:extreme_length_ratio,reject,,
38045,kde4,Synchronize changes: When this is checked any change in margins will be used for all directions.,Chèn,extreme_length_ratio,ui_localization,audit_flag_manual_review:extreme_length_ratio,reject,,
38052,kde4,File does not contain any styles. It may be the wrong version.,Bảng,extreme_length_ratio,ai_ml,audit_flag_manual_review:extreme_length_ratio,reject,,
38053,kde4,Select style to import:,Bảng,extreme_length_ratio,ui_localization,audit_flag_manual_review:extreme_length_ratio,reject,,
38062,kde4,No plugins supporting the requested action were found.,Text Màụ,extreme_length_ratio,ui_localization,audit_flag_manual_review:extreme_length_ratio,reject,,
38069,kde4,Mail Merge - Variable Name,Viền,extreme_length_ratio,coding;ai_ml,audit_flag_manual_review:extreme_length_ratio,reject,,
38118,kde4,"Do not show any pictures, formatting or layout. KWord will display only the text for editing.",đến the the đến?,extreme_length_ratio,ui_localization,audit_flag_manual_review:extreme_length_ratio,reject,,
38121,kde4,Zoom out from your document to get a look at several pages of your document. The number of pages per line can be customized.,Chèn,extreme_length_ratio,documentation,audit_flag_manual_review:extreme_length_ratio,reject,,
38123,kde4,Enable Document & Headers,Chèn,extreme_length_ratio,documentation,audit_flag_manual_review:extreme_length_ratio,reject,,
38127,kde4,Insert one or more symbols or letters not found on the keyboard,Thay đổi,extreme_length_ratio,ui_localization,audit_flag_manual_review:extreme_length_ratio,reject,,
38128,kde4,Insert one or more symbols or letters not found on the keyboard.,Xin lỗi đến.,extreme_length_ratio,ui_localization,audit_flag_manual_review:extreme_length_ratio,reject,,
38134,kde4,"Insert a Web address, email address or hyperlink to a file",Chèn,extreme_length_ratio,ai_ml,audit_flag_manual_review:extreme_length_ratio,reject,,
38137,kde4,Insert a comment about the selected text,đến the,extreme_length_ratio,ui_localization,audit_flag_manual_review:extreme_length_ratio,reject,,
38138,kde4,Insert a comment about the selected text. These comments are not designed to appear on the final page.,A' p dụng,extreme_length_ratio,ui_localization,audit_flag_manual_review:extreme_length_ratio,reject,,
38142,kde4,Insert a footnote referencing the selected text,Chèn,extreme_length_ratio,ui_localization,audit_flag_manual_review:extreme_length_ratio,reject,,
38144,kde4,Insert table of contents at the current cursor position,Gạch chân,extreme_length_ratio,ui_localization,audit_flag_manual_review:extreme_length_ratio,reject,,
38145,kde4,Insert table of contents at the current cursor position.,Chèn,extreme_length_ratio,ui_localization,audit_flag_manual_review:extreme_length_ratio,reject,,
38146,kde4,Document & Information,Dán,extreme_length_ratio,documentation,audit_flag_manual_review:extreme_length_ratio,reject,,
38153,kde4,"Update all variables in the document to current values. This will update page numbers, dates or any other variables that need updating.",Thay đổi Đỉnh Viền,extreme_length_ratio,coding;documentation,audit_flag_manual_review:extreme_length_ratio,reject,,
38165,kde4,Create a new frame for a picture or diagram.,Thay đổi,extreme_length_ratio,hardware,audit_flag_manual_review:extreme_length_ratio,reject,,
38199,kde4,Root,"Người chủDo not translate the keyword between brackets (e. g. ServerName, ServerAdmin, etc.)",extreme_length_ratio,system,audit_flag_manual_review:extreme_length_ratio,reject,,
38251,kde4,"Access permissions # Access permissions for each directory served by the scheduler. Locations are relative to DocumentRoot... # AuthType: the authorization to use: # None - Perform no authentication Basic - Perform authentication using the HTTP Basic method. Digest - Perform authentication using the HTTP Digest method. # (Note: local certificate authentication can be substituted by the client for Basic or Digest when connecting to the localhost interface) # AuthClass: the authorization class; currently only Anonymous, User, System (valid user belonging to group SystemGroup), and Group (valid user belonging to the specified group) are supported. # AuthGroupName: the group name for ""Group"" authorization. # Order: the order of Allow/ Deny processing. # Allow: allows access from the specified hostname, domain, IP address, or network. # Deny: denies access from the specified hostname, domain, IP address, or network. # Both ""Allow"" and ""Deny"" accept the following notations for addresses: # All None *. domain. com. domain. com host. domain. com nnn. * nnn. nnn. * nnn. nnn. nnn. * nnn. nnn. nnn. nnn nnn. nnn. nnn. nnn/ mm nnn. nnn. nnn. nnn/ mmm. mmm. mmm. mmm # The host and domain address require that you enable hostname lookups with ""HostNameLookups On"" above. # Encryption: whether or not to use encryption; this depends on having the OpenSSL library linked into the CUPS library and scheduler. # Possible values: # Always - Always use encryption (SSL) Never - Never use encryption Required - Use TLS encryption upgrade IfRequested - Use encryption if the server requests it # The default value is ""IfRequested"".","Quyền hạn truy cập # Quyền hạn truy cập cho mỗi thư mục được phục vụ bởi bộ lập lịch. Các địa chỉ cân xứng với DocumentRoot (Gốc tài liệu)... # AuthType: kiểu xác thực cần sử dụng: # None — Không xác thực gì. Basic — Xác thực bằng phương pháp HTTP Basic (cơ bản HTTP). Digest — Xác thực bằng phương pháp HTTP Digest (bản tóm tắt HTTP). # (Ghi chú: ứng dụng khách có thể thay thế Basic hay Digest bằng cách xác thực chứng nhận cục bộ, khi kết nối đến giao diện localhost [máy cục bộ].) # AuthClass: hạng xác thực; hiện thời chỉ hỗ trợ: • Anonymous\ t( vô danh) • User\ t\ t\ t( người dùng) • System\ t\ t( hệ thống: người dùng hợp lệ thuộc về nhóm SystemGroup) • Group\ t\ t\ t( nhóm: người dùng hợp lệ thuộc về nhóm đã ghi rõ). # AuthGroupName: tên nhóm cho cách xác thực Group (nhóm). # Order: thứ tự xử lý kiểu Allow/ Deny (cho phép/ từ chối). # Allow: cho phép truy cập từ tên máy, miền, đia chỉ IP hay mạng được ghi rõ. # Deny: từ chối truy cập từ tên máy, miền, đia chỉ IP hay mạng được ghi rõ. # Cả « Allow » lẫn « Deny » đều chấp nhận những cách ghi địa chỉ theo đây: # All\ t\ t( tất cả) None\ t\ t( không có) *. miền. com. miền. com máy. miền. com nnn. * nnn. nnn. * nnn. nnn. nnn. * nnn. nnn. nnn. nnn nnn. nnn. nnn. nnn/ mm nnn. nnn. nnn. nnn/ mmm. mmm. mmm. mmm # Địa chỉ máy và miền cần thiết bạn bật khả nẳng tra tìm tên máy bằng tùy chọn « HostNameLookups On » bên trên. # Encryption: bật/ tắt mật mã; phụ thuộc vào tính trạng có thư viên OpenSSL được liên kết vào thư viên và bộ lập lịch CUPS. # Giá trị có thể: # Always\ t( luôn luôn mật mã [SSL]) Never\ t( không bao giờ mật mã) Required\ t( dùng bản cập nhật mật mã TLS) IfRequested\ t( mật mã nếu máy phục vụ yêu cầu) # Giá trị mặc định là « IfRequested ». Do not translate the keyword between brackets (e. g. ServerName, ServerAdmin, etc.)",very_long_pair,coding;ai_ml;system;ui_localization;command_cli;documentation,audit_flag_manual_review:very_long_pair,approve,,
38413,kde4,Scroll,Cuộna (the first letter in the alphabet),extreme_length_ratio,ui_localization,audit_flag_manual_review:extreme_length_ratio,reject,,
38833,kde4,"Image Size: Drop-down menu to control the image size on the printed paper. The menu works in conjunction with slider below. The options are: Natural Image Size: Image prints in its natural image size. If it does not fit onto one sheet, the printout will be spread across multiple sheets. Note, that the slider is disabled when selecting'natural image size 'in the dropdown menu. Resolution (ppi): The resolution value slider covers a number range from 1 to 1200. It specifies the resolution of the image in Pixels Per Inch (PPI). An image that is 3000x2400 pixels will print 10x8 inches at 300 pixels per inch, for example, but 5x4 inches at 600 pixels per inch. If the specified resolution makes the image larger than the page, multiple pages will be printed. Resolution defaults to 72 ppi.% of Page Size: The percent value slider covers numbers from 1 to 800. It specifies the size in relation to the page (not the image). A scaling of 100 percent will fill the page as completely as the image aspect ratio allows (doing auto-rotation of the image as needed). A scaling of more than 100 will print the image across multiple sheets. A scaling of 200 percent will print on up to 4 pages. Scaling in% of page size defaults to 100%.% of Natural Image Size: The percent value slider moves from 1 to 800. It specifies the printout size in relation to the natural image size. A scaling of 100 percent will print the image at its natural size, while a scaling of 50 percent will print the image at half its natural size. If the specified scaling makes the image larger than the page, multiple pages will be printed. Scaling in% of natural image size defaults to 100%. Additional hint for power users: This KDEPrint GUI element corresponds to the CUPS command line job option parameter: -o natural-scaling=... # range in% is 1... .800 -o scaling=... # range in% is 1... .800 -o ppi=... # range in ppi is 1... 1200","Cỡ ảnh: trình đơn thả xuống để điều khiển kích cỡ của ảnh trên giấy in. Trình đơn này hoạt động cùng với con trượt bên dưới. Nó cung cấp những tùy chọn này: cỡ ảnh tự nhiên: ảnh sẽ được in theo kích cỡ gốc. Ảnh lớn hơn trang in thì chiếm nhiều trang. Ghi chú rằng con trượt bị tắt khi bạn chọn « cỡ ảnh tự nhiên » trong trình đơn thả xuống. Độ phân giải (ppi): con trượt giá trị độ phân giải ngụ ý phạm vị số 1 đến 1200. Nó ghi rõ độ phân giải của trang theo điểm ảnh trên mỗi insơ (Pixels Per Inch: PPI). Ảnh có kích cỡ 3000×2400 điểm ảnh (px) sẽ chiếm vùng bản in 10x8 ""tại 300 px /"", lấy thí dụ, nhưng sẽ chiếm vùng bản in 5x4 ""tại 600 px /"". Nếu độ phân giải đã ghi rõ in ra ảnh lớn hơn trang in, nó sẽ chiếm nhiều trang. Độ phân giải mặc định là 72 ppi.% cỡ trang: con trượt giá trị phần trăm ngụ ý phạm vị số 1 đến 800. Nó ghi rõ kích cỡ cân xứng với trang in (không phải với ảnh). Tỷ lệ 100% thì chiếm toàn bộ trang in, càng gần càng có thể, tùy theo tỷ lệ khía cạnh của ảnh (nó tự động xoay ảnh khi cần thiết). Tỷ lệ hơn 100% thì in ảnh qua nhiều trang. Tỷ lệ 200% sẽ in qua đến 4 trang. Khả năng co dãn theo phần trăm kích cỡ của trang có giá trị mặc định là 100%.% cỡ ảnh tự nhiên: con trượt giá trị phần trăm ngụ ý phạm vị số 1 đến 800. Nó ghi rõ kích cỡ của bản in cân xứng với kích cỡ tự nhiên của ảnh. Tỷ lệ 100% thì in ra ảnh có kích cỡ tự nhiên, còn tỷ lệ 50% sẽ in ra ảnh có nửa kích cỡ tự nhiên. Nếu tỷ lệ đã ghi rõ sẽ in ra ảnh lớn hơn trang in, ảnh sẽ chiếm nhiều trang. Khả năng co dãn theo phần trăm kích cỡ tự nhiên của ảnh có giá trị mặc định là 100%. Gọi ý thêm cho người sử dụng thành thạo: yếu tố GUI KDEPrint này tương ứng với tham số tùy chọn công việc dòng lệnh CUPS: - o natural- scaling=... # range in% is 1.... 800 - o scaling=... # range in% is 1.... 800 - o ppi=... # range in ppi is 1... 1200",very_long_pair,hardware;ui_localization;command_cli,audit_flag_manual_review:very_long_pair,approve,,
39376,kde4,"Duplex Printing: These controls may be grayed out if your printer does not support duplex printing (i. e. printing on both sides of the sheet.) These controls are active if your printer supports duplex printing. You can choose from 3 alternatives: None. This prints each page of the job on one side of the sheets only. Long Side. This prints the job on both sides of the paper sheets. It prints the job in a way so that the backside has the same orientation as the front side if you fold the paper over the long edge. (Some printer drivers call this mode duplex-non-tumbled.) Short Side. This prints the job on both sides of the paper sheets. It prints the job so that the backside has the reverse orientation from the front side if you turn the paper over the long edge, but the same orientation, if you turn it over the short edge. (Some printer drivers name this mode duplex-tumbled.) Additional hint for power users: This KDEPrint GUI element corresponds to the CUPS command line job option parameter: -o duplex=... # examples: ""tumble"" or ""two-sided-short-edge""","In hai chiều: Các đồ điều khiển này có lẽ không hoạt động (màu xám) nếu máy in của bạn không hỗ trợ khả năng in hai chiều (tức là in trên cả hai mặt giấy, in mặt đôi). Còn những đồ điều khiển này hoạt động nếu máy in của bạn hỗ trợ in hai chiều. Bạn có thể chọn trong 3 điều xen kẽ: Không có. Điều này in mỗi trang của công việc trên chỉ một mặt mỗi giấy. Cạnh dài. Điều này in công việc trên cả hai mặt giấy. Nó in công việc bằng cách hiển thị mặt sau có cùng hướng với mặt trước, nếu bạn gấp giấy theo trục dài (dọc). (Một số trình điều khiển gọi chế độ này là duplex- non- tumbled (hai chiều không lật). Cạnh ngắn. Điều này in công việc trên cả hai mặt giấy. Nó in công việc bằng cách hiển thị mặt sau có hướng ngược với mặt trước, nếu bạn gấp giấy theo trục dài (dọc), nhưng có cùng hương nếu bạn gấp giấy theo trục ngắn (ngang). (Một số trình điều khiển gọi chế độ này là duplex- tumbled (hai chiều lật)). Gọi ý thêm cho người sử dụng thành thạo: yếu tố GUI KDEPrint này tương ứng với tham số tùy chọn công việc dòng lệnh CUPS: - o duplex=... # examples: ""tumble"" or ""two- sided- short- edge""",very_long_pair,ai_ml;hardware;ui_localization;command_cli,audit_flag_manual_review:very_long_pair,approve,,
39461,kde4,"Print Poster (enabled or disabled). If you enable this option, you can print posters of different sizes The printout will happen in the form'tiles' printed on smaller paper sizes, which you can stitch together later. If you enable this option here, the'Poster Printing 'filter will be auto-loaded in the'Filters' tab of this dialog. This tab is only visible if the external'poster 'utility is discovered by KDEPrint on your system. ['poster' is a command line utility that enables you to convert PostScript files into tiled printouts, with overlap to allow the tiles to be joined together seamlessly.] Note: The standard version of'poster 'will not work. Your system must use a patched version of'poster'. Ask your operating system vendor to provide a patched version of'poster 'if they do not do so already. Additional hint for power users: A patched version of'poster' is available from the KDEPrint Website at http: / /printing. kde. org/ downloads/. The direct link to the patched source tarball is ftp: / /ftp. kde. org/ pub/ kde/ printing/ poster. tar. bz2","In bích chương (bật hay tắt). Nếu bạn bật tùy chọn này, bạn có khả năng in bích chương kích cỡ khác nhau. Bản in sẽ có định dạng đá lát được in trên giấy kích cỡ nhỏ hơn, mà bạn có thể nối với nhau sau. Nếu bạn bật tùy chọn này ở đây, Bộ lọc « In bích chương » sẽ được tải tự động vào thanh « Lọc » của hộp thoại này. Thanh này hiển thị chỉ nếu tiện ích bên ngoài 'poster' đã bị In KDE phát hiện trên hệ thống của bạn. [« poster » là một tiện ích dòng lệnh mà cho bạn khả năng chuyển đổi tập tin PostScript sang bản in đã lát đều mà tính đến hình thức quá lớn của các đá lát đã nối nhau.] Ghi chú: phiên bản « poster » chuẩn sẽ không hoạt động: hệ thống bạn phải dùng phiên bản có đắp vá (sửa lổi). Hãy xin nhà phát hành hệ điều hành cung cấp một phiên bản « poster » có đắp vá (patched version of ""poster""), nếu chưa cung cấp. Gợi ý thêm cho người sử dụng thành thạo: Một phiên bản « poster » có đắp vá công bố ở nơi Mạng In KDE tại http: // printing. kde. org/ downloads /. Liên kết trực tiếp đến tập tin. tar mã nguồn có đắp vá là ftp: // ftp. kde. org/ pub/ kde/ printing/ poster. tar. bz2.",very_long_pair,coding;ai_ml;system;ui_localization;command_cli,audit_flag_manual_review:very_long_pair,approve,,
39541,kde4,Fax,& Điện thưNAME OF TRANSLATORS,extreme_length_ratio,ui_localization,audit_flag_manual_review:extreme_length_ratio,reject,,
41428,kde4,PrinterÕs Current Setting,Thiết lập máy in hiện có,language_suspect,ui_localization,audit_flag_manual_review:language_suspect,reject,,
42125,kde4,Universal 11.7 x 17 in,Chung 11. 7 x 17 in,language_suspect,ui_localization,audit_flag_manual_review:language_suspect,reject,,
42150,kde4,Universal 8 1/ 2 x 14 in,Chung 8 1/ 2 x 14 in,language_suspect,ui_localization,audit_flag_manual_review:language_suspect,reject,,
42154,kde4,Universal 12.6 x 22 in,Chung 12. 6 x 22 in,language_suspect,ui_localization,audit_flag_manual_review:language_suspect,reject,,
42248,kde4,Universal 11.69 x 17 in,Chung 11. 69 x 17 in,language_suspect,ui_localization,audit_flag_manual_review:language_suspect,reject,,
