raw_row_index,en,vi,audit_flags,en_char_count,vi_char_count,length_ratio_vi_en
6,None,Không có,exact_duplicate,4,8,2.0
38,Thai,Thái,exact_duplicate,4,4,1.0
50,Extra Toolbar,Thanh công cụ thêmNAME OF TRANSLATORS,exact_duplicate,13,37,2.8461538461538463
51,Your names,Nhóm Việt hoá KDEEMAIL OF TRANSLATORS,exact_duplicate,10,37,3.7
52,Your emails,kde- l10n- vi@ kde. org,exact_duplicate,11,23,2.090909090909091
57,Extra Toolbar,Thanh công cụ thêm,exact_duplicate,13,18,1.3846153846153846
64,Reset,Đặt lại,exact_duplicate,5,7,1.4
65,Extra Toolbar,Thanh công cụ thêm,exact_duplicate,13,18,1.3846153846153846
75,Not found,Không tìm thấy,exact_duplicate,9,14,1.5555555555555556
79,Syntax error,Lỗi cú pháp,exact_duplicate,12,11,0.9166666666666666
100,Save DOM Tree as HTML,Lưu cây DOM dạng HTML,noise_ui_fragment,21,21,1.0
103,Overwrite,Ghi đè,exact_duplicate,9,6,0.6666666666666666
108,Delete Nodes,Xoá các nút,noise_ui_fragment,12,11,0.9166666666666666
109,Delete Attributes,Xoá các thuộc tính,noise_ui_fragment,17,18,1.0588235294117647
115,Expand,Mở rộng,exact_duplicate,6,7,1.1666666666666667
119,& Delete,Xoá các nút,noise_ui_fragment,8,11,1.375
120,Delete nodes,Xoá các nút,noise_ui_fragment,12,11,0.9166666666666666
123,Delete attributes,Xoá các thuộc tính,noise_ui_fragment,17,18,1.0588235294117647
135,Name,Tên,exact_duplicate,4,3,0.75
136,Value,Giá trị,exact_duplicate,5,7,1.4
137,Apply,Áp dụng,exact_duplicate,5,7,1.4
141,& Go,& Tới,exact_duplicate,4,5,1.25
146,Extra Toolbar,Thanh công cụ thêm,exact_duplicate,13,18,1.3846153846153846
151,Name,Tên,exact_duplicate,4,3,0.75
152,Size,Cỡ,exact_duplicate,4,2,0.5
156,Owner,Sở hữu,exact_duplicate,5,6,1.2
157,Group,Nhóm,exact_duplicate,5,4,0.8
158,Mime Type,Kiểu MIME,exact_duplicate,9,9,1.0
162,Refresh,Cập nhật,exact_duplicate,7,8,1.1428571428571428
167,Color Mode,Chế độ màu,exact_duplicate,10,10,1.0
169,None,Không có,exact_duplicate,4,8,2.0
170,Depth,Độ sâu,exact_duplicate,5,6,1.2
171,FSView,FSView,identical_pair,6,6,1.0
179,Delete,@ action: inmenu Edit,noise_ui_fragment,6,21,3.5
186,& Help,NAME OF TRANSLATORS,language_suspect,6,19,3.1666666666666665
187,Your names,Nhóm Việt hoá KDEEMAIL OF TRANSLATORS,exact_duplicate,10,37,3.7
188,Your emails,kde- l10n- vi@ kde. org,exact_duplicate,11,23,2.090909090909091
191,Columns,Cột,exact_duplicate,7,3,0.42857142857142855
194,Best,Tốt nhất,exact_duplicate,4,8,2.0
201,Shading,Bóng,exact_duplicate,7,4,0.5714285714285714
221,Create,Tạo,exact_duplicate,6,3,0.5
234,Folders,Thư mục,exact_duplicate,7,7,1.0
235,& Save to HTML file:,& Lưu vào tập tin HTML:,noise_ui_fragment,20,23,1.15
262,KB,KB,identical_pair; exact_duplicate,2,2,1.0
264,Extra Toolbar,Thanh công cụ thêmNAME OF TRANSLATORS,exact_duplicate,13,37,2.8461538461538463
265,Your names,Nhóm Việt hoá KDEEMAIL OF TRANSLATORS,exact_duplicate,10,37,3.7
266,Your emails,kde- l10n- vi@ kde. org,exact_duplicate,11,23,2.090909090909091
267,HTML Settings,Thiết lập HTML,exact_duplicate; noise_ui_fragment,13,14,1.0769230769230769
268,JavaScript,JavaScript,identical_pair; exact_duplicate,10,10,1.0
269,& Java,& Java,identical_pair; exact_duplicate,6,6,1.0
284,Play,Phát,exact_duplicate,4,4,1.0
285,Pause,Tạm dừng,exact_duplicate,5,8,1.6
287,Form1,Form1,identical_pair,5,5,1.0
290,Open with:,Mở bằng:,exact_duplicate,10,8,0.8
291,Actions:,Hành động:,exact_duplicate,8,10,1.25
294,Themes,Sắc thái,exact_duplicate,6,8,1.3333333333333333
295,Install New Theme...,Cài đặt sắc thái mới...,exact_duplicate,20,23,1.15
296,New...,Mới...,exact_duplicate,6,6,1.0
297,Edit...,Sửa...,exact_duplicate,7,6,0.8571428571428571
298,Name,Tên,exact_duplicate,4,3,0.75
300,General,Chung,exact_duplicate,7,5,0.7142857142857143
301,Actions,Hành động,exact_duplicate,7,9,1.2857142857142858
303,Share,Chia sẻ,exact_duplicate,5,7,1.4
306,Name:,Tên:,exact_duplicate,5,4,0.8
307,URL:,URL:,identical_pair; exact_duplicate,4,4,1.0
309,More,Thêm nữa,exact_duplicate,4,8,2.0
311,Choose Application,Chọn ứng dụng,exact_duplicate,18,13,0.7222222222222222
312,Type,Kiểu,exact_duplicate,4,4,1.0
313,Size,Cỡ,exact_duplicate,4,2,0.5
314,User,Người dùng,exact_duplicate,4,10,2.5
315,Group,Nhóm,exact_duplicate,5,4,0.8
316,Permissions,Quyền hạn,exact_duplicate,11,9,0.8181818181818182
321,Folders,Thư mục,exact_duplicate,7,7,1.0
328,Run,Chạy,exact_duplicate,3,4,1.3333333333333333
329,Comment,Chú thích,exact_duplicate,7,9,1.2857142857142858
336,Extra Toolbar,Thanh công cụ thêm,exact_duplicate,13,18,1.3846153846153846
337,Rellinks,Rellinks,identical_pair,8,8,1.0
340,& Up,& Lên,exact_duplicate,4,5,1.25
342,& First,Đầu,exact_duplicate,7,3,0.42857142857142855
345,& Next,& Kế,exact_duplicate; noise_ui_fragment,6,4,0.6666666666666666
346,This link references the next document in an ordered series of documents.,Liên kết này chỉ tới tài liệu nằm sau trong thứ tự tài liệu.,noise_ui_fragment,73,60,0.821917808219178
347,& Last,& Cuối,exact_duplicate,6,6,1.0
351,Document,Tài liệu,exact_duplicate,8,8,1.0
367,More,Thêm nữa,exact_duplicate,4,8,2.0
382,Your names,Nhóm Việt hoá KDEEMAIL OF TRANSLATORS,exact_duplicate,10,37,3.7
383,Your emails,kde- l10n- vi@ kde. org,exact_duplicate,11,23,2.090909090909091
384,Search Toolbar,Thanh công cụ tìm,exact_duplicate,14,17,1.2142857142857142
390,Extra Toolbar,Thanh công cụ thêmNAME OF TRANSLATORS,exact_duplicate,13,37,2.8461538461538463
391,Your names,Nhóm Việt hoá KDEEMAIL OF TRANSLATORS,exact_duplicate,10,37,3.7
392,Your emails,kde- l10n- vi@ kde. org,exact_duplicate,11,23,2.090909090909091
395,Other,Khác,exact_duplicate,5,4,0.8
396,Version %1,Phiên bản% 1,exact_duplicate,10,12,1.2
401,Default Identification,Nhận diện mặc định,exact_duplicate,22,18,0.8181818181818182
403,Configure...,Cấu hình...,exact_duplicate,12,11,0.9166666666666666
416,HTML tidy results:,"% 1 is the error count string,% 2 the warning count string,% 3 the accessibility warning string",language_suspect; extreme_length_ratio,18,95,5.277777777777778
417,"Page: %1, %2, %3","% 1 is the error count string,% 2 the warning count string",language_suspect,16,58,3.625
418,"Page: %1, %2","% 1 is the HTML frame name,% 2 is the error count string,% 3 the warning count string,% 4 the accessibility warning string",language_suspect; extreme_length_ratio,12,122,10.166666666666666
419,"Frame '%1 ': %2, %3, %4","% 1 is the HTML frame name,% 2 is the error count string,% 3 the warning count string",language_suspect,23,85,3.6956521739130435
425,Extra Toolbar,Thanh công cụ thêm,exact_duplicate,13,18,1.3846153846153846
427,URL:,URL:,identical_pair; exact_duplicate,4,4,1.0
431,Message,NAME OF TRANSLATORS,language_suspect,7,19,2.7142857142857144
432,Your names,Nhóm Việt hoá KDEEMAIL OF TRANSLATORS,exact_duplicate,10,37,3.7
433,Your emails,kde- l10n- vi@ kde. org,exact_duplicate,11,23,2.090909090909091
445,Ok,Được,exact_duplicate; noise_ui_fragment,2,4,2.0
448,Save Page as Web-Archive,Cất trang web bằng Web ARchive,noise_ui_fragment,24,30,1.25
451,File Exists,Tập tin đã có,exact_duplicate,11,13,1.1818181818181819
453,Overwrite,Ghi đè,exact_duplicate,9,6,0.6666666666666666
458,Extra Toolbar,Thanh công cụ thêm,exact_duplicate,13,18,1.3846153846153846
462,Manage your photographs like a professional with the power of open source,Name,extreme_length_ratio,73,4,0.0547945205479452
464,A download from a camera or other device has finished.,Name,extreme_length_ratio,54,4,0.07407407407407407
466,A queue in the batch queue manager has been completed.,Name,extreme_length_ratio,54,4,0.07407407407407407
467,Update of fingerprint database complete,Comment,extreme_length_ratio,39,7,0.1794871794871795
468,The update of the fingerprint database has been completed.,Name,extreme_length_ratio,58,4,0.06896551724137931
469,Update of thumbnails database complete,Comment,extreme_length_ratio,38,7,0.18421052631578946
470,The update of the thumbnails database has been completed.,Name,extreme_length_ratio,57,4,0.07017543859649122
471,Synchronization of images' metadata with database completed,Comment,extreme_length_ratio,59,7,0.11864406779661017
472,The synchronization of the images' metadata with the database has been completed.,Name,extreme_length_ratio,81,4,0.04938271604938271
473,ImagePlugin_AdjustCurves,ImagePlugin_ AdjustCurvesComment,exact_duplicate,24,32,1.3333333333333333
474,Image histogram adjust curves plugin for digiKam,Bổ sung biểu đồ tần xuất điều chỉnh đường cong ảnh cho digiKamName,exact_duplicate,48,66,1.375
475,ImagePlugin_AdjustLevels,ImagePlugin_ AdjustLevelsComment,exact_duplicate,24,32,1.3333333333333333
476,Image histogram adjust levels plugin for digiKam,Bổ sung biểu đồ tần xuất điều chỉnh lớp ảnh cho digiKamName,exact_duplicate,48,59,1.2291666666666667
477,ImagePlugin_BlurFX,ImagePlugin_ BlurFXComment,exact_duplicate,18,26,1.4444444444444444
478,Blur special effects plugin for digiKam,Bổ sung hiệu ứng đặc biệt che mờ cho digiKamName,exact_duplicate,39,48,1.2307692307692308
479,ImagePlugin_Border,ImagePlugin_ BorderComment,exact_duplicate,18,26,1.4444444444444444
480,Add border to image plugin for digiKam,Bổ sung thêm viền trên ảnh cho digiKamName,exact_duplicate,38,42,1.105263157894737
481,ImagePlugin_ChannelMixer,ImagePlugin_ ChannelMixerComment,exact_duplicate,24,32,1.3333333333333333
482,Image color channels mixer plugin for digiKam,Bổ sung hoà kênh màu ảnh cho digiKamName,exact_duplicate,45,40,0.8888888888888888
483,ImagePlugin_Charcoal,ImagePlugin_ CharcoalComment,exact_duplicate,20,28,1.4
484,Charcoal drawing image effect plugin for digiKam,Bổ sung hiệu ứng vẽ ảnh than gỗ cho digiKamName,exact_duplicate,48,47,0.9791666666666666
486,Color special effects plugin for digiKam,Bổ sung hiệu ứng đặc biệt màu sắc cho digiKamName,exact_duplicate,40,49,1.225
491,ImagePlugin_DistortionFX,ImagePlugin_ DistortionFXComment,exact_duplicate,24,32,1.3333333333333333
492,Distortion special effects plugin for digiKam,Bổ sung hiệu ứng đặc biệt méo mó ảnh cho digiKamName,exact_duplicate,45,52,1.1555555555555554
493,ImagePlugin_Emboss,ImagePlugin_ EmbossComment,exact_duplicate,18,26,1.4444444444444444
494,Emboss image effect plugin for digiKam,Bổ sung hiệu ứng chạm nổi ảnh cho digiKamName,exact_duplicate,38,45,1.1842105263157894
495,ImagePlugin_FilmGrain,ImagePlugin_ FilmGrainComment,exact_duplicate,21,29,1.380952380952381
496,Film grain image effect plugin for digiKam,Bổ sung hiệu ứng chạm mịn mặt màng ảnh cho digiKamName,exact_duplicate,42,54,1.2857142857142858
497,ImagePlugin_FreeRotation,ImagePlugin_ FreeRotationComment,exact_duplicate,24,32,1.3333333333333333
498,Free rotation plugin for digiKam,Bổ sung xoay tự do cho digiKamName,exact_duplicate,32,34,1.0625
499,ImagePlugin_HotPixels,ImagePlugin_ HotPixelsComment,exact_duplicate,21,29,1.380952380952381
500,Hot pixel correction plugin for digiKam,Bổ sung sửa điểm ảnh nóng cho digiKamName,exact_duplicate,39,41,1.0512820512820513
501,ImagePlugin_Infrared,ImagePlugin_ InfraredComment,exact_duplicate,20,28,1.4
502,Simulate infrared film plugin for digiKam,Bổ sung mô phỏng mảng thuốc hồng ngoại cho digiKamName,exact_duplicate,41,54,1.3170731707317074
503,ImagePlugin_InPainting,ImagePlugin_ InPaintingComment,exact_duplicate,22,30,1.3636363636363635
504,digiKam plugin to inpaint a photograph,Bổ sung sơn vào ảnh chụp cho digiKamName,exact_duplicate,38,40,1.0526315789473684
505,ImagePlugin_InsertText,ImagePlugin_ InsertTextComment,exact_duplicate,22,30,1.3636363636363635
506,Insert text to image plugin for digiKam,Bổ sung chèn văn bản vào ảnh cho digiKamName,exact_duplicate,39,44,1.1282051282051282
508,Lens aberrations correction tools,Name,extreme_length_ratio,33,4,0.12121212121212122
511,ImagePlugin_OilPaint,ImagePlugin_ OilPaintComment,exact_duplicate,20,28,1.4
512,Oil paint image effect plugin for digiKam,Bổ sung hiệu ứng ảnh son dầu cho digiKamName,exact_duplicate,41,44,1.0731707317073171
513,ImagePlugin_Perspective,ImagePlugin_ PerspectiveComment,exact_duplicate,23,31,1.3478260869565217
514,Perspective tool plugin for digiKam,Bổ sung công cụ phối cảnh cho digiKamName,exact_duplicate,35,41,1.1714285714285715
515,ImagePlugin_RainDrop,ImagePlugin_ RainDropComment,exact_duplicate,20,28,1.4
516,Rain dropping image effect plugin for digiKam,Bổ sung hiệu ứng ảnh giọt mưa cho digiKamName,exact_duplicate,45,45,1.0
517,ImagePlugin_Restoration,ImagePlugin_ RestorationComment,exact_duplicate,23,31,1.3478260869565217
518,digiKam plugin to restore a photograph,Bổ sung phục hồi ảnh chụp cho digiKamName,exact_duplicate,38,41,1.0789473684210527
519,ImagePlugin_ShearTool,ImagePlugin_ ShearToolComment,exact_duplicate,21,29,1.380952380952381
520,Shear tool plugin for digiKam,Bổ sung công cụ kéo cắt cho digiKamName,exact_duplicate,29,39,1.3448275862068966
521,ImagePlugin_SuperImpose,ImagePlugin_ SuperImposeComment,exact_duplicate,23,31,1.3478260869565217
522,Template superimpose plugin for digiKam,Bổ sung đặt biểu mẫu trên cho digiKamName,exact_duplicate,39,41,1.0512820512820513
523,ImagePlugin_Texture,ImagePlugin_ TextureComment,exact_duplicate,19,27,1.4210526315789473
524,digiKam plugin to apply texture on image,Bổ sung áp dụng hoạ tiết trên ảnh cho digiKamName,exact_duplicate,40,49,1.225
525,ImagePlugin_WhiteBalance,ImagePlugin_ WhiteBalanceComment,exact_duplicate,24,32,1.3333333333333333
532,Photo Viewer and Editor,Name,extreme_length_ratio,23,4,0.17391304347826086
533,Download Photos with digiKam,Name,extreme_length_ratio,28,4,0.14285714285714285
537,A Nepomuk service that syncs with digikam,Name,extreme_length_ratio,41,4,0.0975609756097561
539,ImagePlugin_AdjustCurves,ImagePlugin_ AdjustCurvesComment,exact_duplicate,24,32,1.3333333333333333
540,Image histogram adjust curves plugin for digiKam,Bổ sung biểu đồ tần xuất điều chỉnh đường cong ảnh cho digiKamName,exact_duplicate,48,66,1.375
541,ImagePlugin_AdjustLevels,ImagePlugin_ AdjustLevelsComment,exact_duplicate,24,32,1.3333333333333333
542,Image histogram adjust levels plugin for digiKam,Bổ sung biểu đồ tần xuất điều chỉnh lớp ảnh cho digiKamName,exact_duplicate,48,59,1.2291666666666667
545,ImagePlugin_BlurFX,ImagePlugin_ BlurFXComment,exact_duplicate,18,26,1.4444444444444444
546,Blur special effects plugin for digiKam,Bổ sung hiệu ứng đặc biệt che mờ cho digiKamName,exact_duplicate,39,48,1.2307692307692308
547,ImagePlugin_Border,ImagePlugin_ BorderComment,exact_duplicate,18,26,1.4444444444444444
548,Add border to image plugin for digiKam,Bổ sung thêm viền trên ảnh cho digiKamName,exact_duplicate,38,42,1.105263157894737
549,ImagePlugin_ChannelMixer,ImagePlugin_ ChannelMixerComment,exact_duplicate,24,32,1.3333333333333333
550,Image color channels mixer plugin for digiKam,Bổ sung hoà kênh màu ảnh cho digiKamName,exact_duplicate,45,40,0.8888888888888888
551,ImagePlugin_Charcoal,ImagePlugin_ CharcoalComment,exact_duplicate,20,28,1.4
552,Charcoal drawing image effect plugin for digiKam,Bổ sung hiệu ứng vẽ ảnh than gỗ cho digiKamName,exact_duplicate,48,47,0.9791666666666666
554,Color special effects plugin for digiKam,Bổ sung hiệu ứng đặc biệt màu sắc cho digiKamName,exact_duplicate,40,49,1.225
555,ImagePlugin_DistortionFX,ImagePlugin_ DistortionFXComment,exact_duplicate,24,32,1.3333333333333333
556,Distortion special effects plugin for digiKam,Bổ sung hiệu ứng đặc biệt méo mó ảnh cho digiKamName,exact_duplicate,45,52,1.1555555555555554
557,ImagePlugin_Emboss,ImagePlugin_ EmbossComment,exact_duplicate,18,26,1.4444444444444444
558,Emboss image effect plugin for digiKam,Bổ sung hiệu ứng chạm nổi ảnh cho digiKamName,exact_duplicate,38,45,1.1842105263157894
559,ImagePlugin_FilmGrain,ImagePlugin_ FilmGrainComment,exact_duplicate,21,29,1.380952380952381
560,Film grain image effect plugin for digiKam,Bổ sung hiệu ứng chạm mịn mặt màng ảnh cho digiKamName,exact_duplicate,42,54,1.2857142857142858
561,ImagePlugin_FreeRotation,ImagePlugin_ FreeRotationComment,exact_duplicate,24,32,1.3333333333333333
562,Free rotation plugin for digiKam,Bổ sung xoay tự do cho digiKamName,exact_duplicate,32,34,1.0625
563,ImagePlugin_HotPixels,ImagePlugin_ HotPixelsComment,exact_duplicate,21,29,1.380952380952381
564,Hot pixel correction plugin for digiKam,Bổ sung sửa điểm ảnh nóng cho digiKamName,exact_duplicate,39,41,1.0512820512820513
565,ImagePlugin_Infrared,ImagePlugin_ InfraredComment,exact_duplicate,20,28,1.4
566,Simulate infrared film plugin for digiKam,Bổ sung mô phỏng mảng thuốc hồng ngoại cho digiKamName,exact_duplicate,41,54,1.3170731707317074
567,ImagePlugin_InPainting,ImagePlugin_ InPaintingComment,exact_duplicate,22,30,1.3636363636363635
568,digiKam plugin to inpaint a photograph,Bổ sung sơn vào ảnh chụp cho digiKamName,exact_duplicate,38,40,1.0526315789473684
569,ImagePlugin_InsertText,ImagePlugin_ InsertTextComment,exact_duplicate,22,30,1.3636363636363635
570,Insert text to image plugin for digiKam,Bổ sung chèn văn bản vào ảnh cho digiKamName,exact_duplicate,39,44,1.1282051282051282
575,ImagePlugin_OilPaint,ImagePlugin_ OilPaintComment,exact_duplicate,20,28,1.4
576,Oil paint image effect plugin for digiKam,Bổ sung hiệu ứng ảnh son dầu cho digiKamName,exact_duplicate,41,44,1.0731707317073171
577,ImagePlugin_Perspective,ImagePlugin_ PerspectiveComment,exact_duplicate,23,31,1.3478260869565217
578,Perspective tool plugin for digiKam,Bổ sung công cụ phối cảnh cho digiKamName,exact_duplicate,35,41,1.1714285714285715
579,ImagePlugin_RainDrop,ImagePlugin_ RainDropComment,exact_duplicate,20,28,1.4
580,Rain dropping image effect plugin for digiKam,Bổ sung hiệu ứng ảnh giọt mưa cho digiKamName,exact_duplicate,45,45,1.0
583,ImagePlugin_Restoration,ImagePlugin_ RestorationComment,exact_duplicate,23,31,1.3478260869565217
584,digiKam plugin to restore a photograph,Bổ sung phục hồi ảnh chụp cho digiKamName,exact_duplicate,38,41,1.0789473684210527
585,ImagePlugin_ShearTool,ImagePlugin_ ShearToolComment,exact_duplicate,21,29,1.380952380952381
586,Shear tool plugin for digiKam,Bổ sung công cụ kéo cắt cho digiKamName,exact_duplicate,29,39,1.3448275862068966
587,ImagePlugin_SuperImpose,ImagePlugin_ SuperImposeComment,exact_duplicate,23,31,1.3478260869565217
588,Template superimpose plugin for digiKam,Bổ sung đặt biểu mẫu trên cho digiKamName,exact_duplicate,39,41,1.0512820512820513
589,ImagePlugin_Texture,ImagePlugin_ TextureComment,exact_duplicate,19,27,1.4210526315789473
590,digiKam plugin to apply texture on image,Bổ sung áp dụng hoạ tiết trên ảnh cho digiKamName,exact_duplicate,40,49,1.225
593,ImagePlugin_WhiteBalance,ImagePlugin_ WhiteBalanceComment,exact_duplicate,24,32,1.3333333333333333
596,KColorEdit,KColorEdit,identical_pair; exact_duplicate,10,10,1.0
598,KGrab,KGrab,identical_pair; exact_duplicate,5,5,1.0
605,KIconEdit,KIconEdit,identical_pair; exact_duplicate,9,9,1.0
615,"Toggle compression for TIFF images. If this option is enabled, the final size of the TIFF image is reduced. A lossless compression format (Deflate) is used to save the file.","Bật/ tắt khả năng nén ảnh TIFF. Nếu bạn bật tùy chọn này, bạn có khả năng giảm kích cỡ tập tin cuối cùng của ảnh TIFF. Một định dạng nén không mất gì (Deflate) được dùng để lưu tập tin đó.",noise_ui_fragment,173,188,1.0867052023121386
623,None,Không có,exact_duplicate,4,8,2.0
630,Threshold:,Ngưỡng:,exact_duplicate,10,7,0.7
634,Photograph Noise Reduction Settings File to Load,Tập tin thiết lập giảm nhiễu ảnh chụp cần tải,noise_ui_fragment,48,45,0.9375
635,"""%1"" is not a Photograph Noise Reduction settings text file.",«% 1 » không phải là một tập tin văn bản thiết lập giảm nhiễu ảnh chup.,noise_ui_fragment,60,71,1.1833333333333333
636,Cannot load settings from the Photograph Noise Reduction text file.,Không thể tải thiết lập từ tập tin văn bản giảm nhiễu ảnh chụp.,noise_ui_fragment,67,63,0.9402985074626866
637,Photograph Noise Reduction Settings File to Save,Tập tin thiết lập giảm nhiễu ảnh chụp cần lưu,noise_ui_fragment,48,45,0.9375
638,Cannot save settings to the Photograph Noise Reduction text file.,Không thể lưu thiết lập vào tập tin văn bản giảm nhiễu ảnh chụp.,noise_ui_fragment,65,64,0.9846153846153847
640,unavailable,không sẵn sàng,exact_duplicate,11,14,1.2727272727272727
641,Unknown,Không rõ,exact_duplicate,7,8,1.1428571428571428
646,EXIF,EXIF,identical_pair,4,4,1.0
648,IPTC,IPTC,identical_pair,4,4,1.0
651,Date:,Ngày:,exact_duplicate,5,5,1.0
652,Size:,Cỡ:,exact_duplicate,5,3,0.6
654,Permissions:,Quyền hạn:,exact_duplicate,12,10,0.8333333333333334
656,Type:,Kiểu:,exact_duplicate,5,5,1.0
657,Dimensions:,Các chiều:,exact_duplicate,11,10,0.9090909090909091
662,Make:,Make:,identical_pair; exact_duplicate,5,5,1.0
663,Model:,Mô hình:,exact_duplicate,6,8,1.3333333333333333
664,Created:,Tạo:,exact_duplicate,8,4,0.5
665,Lens:,Mật độ:,exact_duplicate,5,7,1.4
666,Aperture:,Độ mở/ Tiêu:,exact_duplicate,9,12,1.3333333333333333
667,Focal:,Tiêu:,exact_duplicate,6,5,0.8333333333333334
669,Sensitivity:,Độ nhạy:,exact_duplicate,12,8,0.6666666666666666
670,Mode/ Program:,Chế độ/ Chương trình:,exact_duplicate,14,21,1.5
671,Flash:,Nháy:,exact_duplicate,6,5,0.8333333333333334
677,Downloaded:,Tải về,exact_duplicate,11,6,0.5454545454545454
678,Camera File Properties,Thuộc tính tập tin,exact_duplicate,22,18,0.8181818181818182
679,unknown,không rõ,exact_duplicate,7,8,1.1428571428571428
680,No,Không,exact_duplicate,2,5,2.5
681,Yes,Có,exact_duplicate,3,2,0.6666666666666666
682,%1 (%2),% 1 (% 2),exact_duplicate,7,9,1.2857142857142858
688,Date:,Ngày:,exact_duplicate,5,5,1.0
689,Rating:,Đánh giá:,exact_duplicate,7,9,1.2857142857142858
694,Apply,Áp dụng,exact_duplicate,5,7,1.4
696,More,Thêm,exact_duplicate,4,4,1.0
697,Description,Mô tả,exact_duplicate,11,5,0.45454545454545453
698,Information,Thông tin,exact_duplicate,11,9,0.8181818181818182
700,Do you want to apply your changes?,Bạn có muốn áp dụng các thay đổi không? < qt >,exact_duplicate; noise_markup_or_html_entity,34,46,1.3529411764705883
705,Do you want to apply your changes?,Bạn có muốn áp dụng các thay đổi không? < qt >,exact_duplicate; noise_markup_or_html_entity,34,46,1.3529411764705883
710,Tags,Thẻ,exact_duplicate,4,3,0.75
717,Select,Chọn,exact_duplicate,6,4,0.6666666666666666
718,Deselect,Bỏ chọn,exact_duplicate,8,7,0.875
719,Invert Selection,Đảo vùng chọn,exact_duplicate,16,13,0.8125
722,Delete Tag,Xoá thẻ,noise_ui_fragment,10,7,0.7
728,You are currently viewing items in the tag '%1 'that you are about to delete. You will need to apply change first if you want to delete the tag.,Hịện thời bạn đọc mục trong thẻ «% 1 » mà bạn sắp xoá. Bạn sẽ cần phải áp dụng thay đổi trước tiên nếu bạn muốn xoá thẻ đó.,noise_ui_fragment,144,123,0.8541666666666666
729,Delete '%1 'tag?,Xoá thẻ «% 1 » không?,noise_ui_fragment,16,21,1.3125
730,Delete,Xoá,exact_duplicate; noise_ui_fragment,6,3,0.5
734,Properties,Thuộc tính,exact_duplicate,10,10,1.0
743,Map settings,Thiết lập,noise_ui_fragment,12,9,0.75
749,& Move Here,& Chuyển vào đây,exact_duplicate,11,16,1.4545454545454546
750,Cancel,Thôi,exact_duplicate; noise_ui_fragment,6,4,0.6666666666666666
756,Selection,Vùng chọn,exact_duplicate,9,9,1.0
760,Statistics,Thống kê,exact_duplicate,10,8,0.8
762,Pixels:,Điểm ảnh:,exact_duplicate,7,9,1.2857142857142858
763,Count:,Đếm:,exact_duplicate,6,4,0.6666666666666666
764,Mean:,Trung bình:,exact_duplicate,5,11,2.2
766,Median:,Trung vị:,exact_duplicate,7,9,1.2857142857142858
774,Colors,Màu sắc,exact_duplicate,6,7,1.1666666666666667
780,Date:,Ngày:,exact_duplicate,5,5,1.0
785,& Delete files instead of moving them to the trash,Xoá tập tin thay vào & di chuyển chúng vào Sọt Rác,noise_ui_fragment,50,50,1.0
798,About to delete selected files,Sắp xoá các tập tin đã chọn,noise_ui_fragment,30,27,0.9
799,About to delete selected albums,Sắp xoá các tập ảnh đã chọn,noise_ui_fragment,31,27,0.8709677419354839
812,Settings for Saving Image File,Thiết lập tập tin ảnh lưu trong bộ sửa ảnh,noise_ui_fragment,30,42,1.4
815,Model:,Mô hình:,exact_duplicate,6,8,1.3333333333333333
816,Created:,Tạo:,exact_duplicate,8,4,0.5
817,Aperture:,Độ mở:,exact_duplicate,9,6,0.6666666666666666
818,Focal:,Tiêu:,exact_duplicate,6,5,0.8333333333333334
820,Sensitivity:,Độ nhạy:,exact_duplicate,12,8,0.6666666666666666
821,%1_BAR_Camera RAW files,% 1_BAR_Các tập tin RAW của máy ảnh,exact_duplicate,23,35,1.5217391304347827
822,%1_BAR_Camera RAW files,% 1_BAR_Các tập tin RAW của máy ảnh,exact_duplicate,23,35,1.5217391304347827
829,"Failed to copy the old database file (""%1"") to its new location (""%2""). Error message: ""%3"". Please make sure that the file can be copied, or delete it.",Lỗi sao chép tập tin cơ sở dữ liệu cũ («% 1 ») vào vị trí mới («% 2 »). Hãy kiểm tra lại tập tin này có khả năng được sao chép.,noise_ui_fragment,152,127,0.8355263157894737
831,"The old database file (""%1"") has been copied to the new location (""%2"") but it cannot be opened. Please delete both files and try again, starting with an empty database.","Tập tin cơ sở dữ liệu cũ («% 1 ») đã được sao chép vào vị trí mới («% 2 »), nhưng mà không thể mở được. Hãy gỡ bỏ cả hai tập tin này rồi thử lại, bắt đầu với cơ sở dữ liệu trống.",noise_ui_fragment,169,178,1.0532544378698225
833,"Could not update from the old SQLite2 file (""%1""). Please delete this file and try again, starting with an empty database.","Không thể cập nhật từ tập tin SQLite2 cũ («% 1 »). Hãy gỡ bỏ tập tin này rồi thử lại, bắt đầu với cơ sở dữ liệu trống.",noise_ui_fragment,122,118,0.9672131147540983
843,Dropped v3 tables,"""relative path"" on harddisk partition with ""UUID""",language_suspect,17,49,2.8823529411764706
844,"Folder ""%1"" on the volume with the id ""%2""","""relative path"" on harddisk partition with ""label""",language_suspect,42,50,1.1904761904761905
846,RGB,RGB,identical_pair; exact_duplicate,3,3,1.0
847,Monochrome,Đơn sắc,exact_duplicate,10,7,0.7
849,CMYK,CMYK,identical_pair; exact_duplicate,4,4,1.0
851,General,Chung,exact_duplicate,7,5,0.7142857142857143
864,Advanced Settings,Thiết lập cấp cao,noise_ui_fragment,17,17,1.0
869,Gaussian:,Gaussian:,identical_pair,9,9,1.0
875,Interpolation:,Nội suy:,exact_duplicate,14,8,0.5714285714285714
886,Use custom definition,Tự chọn,exact_duplicate,21,7,0.3333333333333333
887,Name:,Tên:,exact_duplicate,5,4,0.8
888,Matter:,Ghi chú nhà tạo,exact_duplicate,7,15,2.142857142857143
889,Detail:,Chi tiết,exact_duplicate,7,8,1.1428571428571428
890,& Add,Thêm,exact_duplicate,5,4,0.8
891,& Delete,& Xoá,exact_duplicate; noise_ui_fragment,8,5,0.625
892,& Replace,Tương đối,exact_duplicate,9,9,1.0
893,Algeria,Nối tiếp,exact_duplicate,7,8,1.1428571428571428
894,Angola,Phạm vi:,exact_duplicate,6,8,1.3333333333333333
895,Argentina,Bản dịch Tây Ban Nha,exact_duplicate,9,20,2.2222222222222223
896,Australia,Trung lập,exact_duplicate,9,9,1.0
897,Austria,Trừu tượng,exact_duplicate,7,10,1.4285714285714286
898,Bahrain,Thu nhỏ,exact_duplicate,7,7,1.0
899,Belgium,Trung vị:,exact_duplicate,7,9,1.2857142857142858
900,Belize,Đổi cỡ,exact_duplicate,6,6,1.0
901,Cambodia,Sổ tay máy ảnh,exact_duplicate,8,14,1.75
902,Cameroon,Máy ảnh,exact_duplicate,8,7,0.875
903,Canada,Chuẩn,exact_duplicate,6,5,0.8333333333333334
904,Cape Verde,& Chép vào đây,exact_duplicate,10,14,1.4
905,Cayman Islands,Danh sách máy ảnh,exact_duplicate,14,17,1.2142857142857142
906,Chad,Cây nến,exact_duplicate,4,7,1.75
907,Chile,Trẻ,exact_duplicate,5,3,0.6
908,China,Trẻ,exact_duplicate,5,3,0.6
909,Comoros,Màu sắc,exact_duplicate,7,7,1.0
910,Congo,Đếm:,exact_duplicate,5,4,0.8
911,Costa Rica,Khảm,exact_duplicate,10,4,0.4
912,Cuba,Bậc ba,exact_duplicate,4,6,1.5
913,Djibouti,Giới thiệu,exact_duplicate,8,10,1.25
914,France,Thôi,exact_duplicate,6,4,0.6666666666666666
915,Gambia,Gamma (γ):,exact_duplicate,6,10,1.6666666666666667
916,Georgia,Nối tiếp,exact_duplicate,7,8,1.1428571428571428
917,Greece,Lục,exact_duplicate,6,3,0.5
918,Greenland,Lục,exact_duplicate,9,3,0.3333333333333333
919,Grenada,Lục,exact_duplicate,7,3,0.42857142857142855
920,Guam,Gamma (γ):,exact_duplicate,4,10,2.5
921,Guatemala,Bản dịch Tây Ban Nha,exact_duplicate,9,20,2.2222222222222223
922,Guinea,Tuyến,exact_duplicate,6,5,0.8333333333333334
923,Guyana,Xanh lông mòng,exact_duplicate,6,14,2.3333333333333335
924,Vatican,Lật dọc,exact_duplicate,7,7,1.0
925,Honduras,Ngày nghỉ,exact_duplicate,8,9,1.125
926,Israel,Du lịch,exact_duplicate,6,7,1.1666666666666667
927,Italy,Nghiêng,exact_duplicate,5,7,1.4
928,North-Korea,Thêm,exact_duplicate,11,4,0.36363636363636365
929,South-Korea,Thêm,exact_duplicate,11,4,0.36363636363636365
930,Lao,Lab,exact_duplicate,3,3,1.0
931,Liberia,Tuyến,exact_duplicate,7,5,0.7142857142857143
932,Liechtenstein,Bản dịch Đức,exact_duplicate,13,12,0.9230769230769231
933,Macedonia,Trung vị:,exact_duplicate,9,9,1.0
934,Mali,Chính:,exact_duplicate,4,6,1.5
935,Malta,Đỏ tươi,exact_duplicate,5,7,1.4
936,Martinique,Nhà duy trì,exact_duplicate,10,11,1.1
937,Mauritania,Nhà duy trì,exact_duplicate,10,11,1.1
938,Mayotte,Ghi chú nhà tạo,exact_duplicate,7,15,2.142857142857143
939,Monaco,Khảm,exact_duplicate,6,4,0.6666666666666666
940,Montserrat,Độ tương phản:,exact_duplicate,10,14,1.4
941,Myanmar,Sổ tay,exact_duplicate,7,6,0.8571428571428571
942,Nauru,Tự nhiên,exact_duplicate,5,8,1.6
943,Nepal,Trung lập,exact_duplicate,5,9,1.8
944,Netherlands,Bản dịch Hoà Lan,exact_duplicate,11,16,1.4545454545454546
945,New Caledonia,Tên tập hợp mới,exact_duplicate,13,15,1.1538461538461537
946,Nigeria,Nối tiếp,exact_duplicate,7,8,1.1428571428571428
947,Niue,Ồn:,exact_duplicate,4,3,0.75
948,Norway,Chuẩn,exact_duplicate,6,5,0.8333333333333334
949,Paraguay,Tiệc,exact_duplicate,8,4,0.5
950,Peru,Giấy,exact_duplicate,4,4,1.0
951,Poland,Cây nến,exact_duplicate,6,7,1.1666666666666667
952,Portugal,Dựa vào nhận thức,exact_duplicate,8,17,2.125
953,Reunion,Mặt trời,exact_duplicate,7,8,1.1428571428571428
954,Rwanda,Cây nến,exact_duplicate,6,7,1.1666666666666667
955,Senegal,Chung,exact_duplicate,7,5,0.7142857142857143
956,Seychelles,Việc tìm kiếm,exact_duplicate,10,13,1.3
957,Sierra Leone,Sắc nâu đỏ,exact_duplicate,12,10,0.8333333333333334
958,Singapore,Góc (theo độ):,exact_duplicate,9,14,1.5555555555555556
959,Somalia,Đặc,exact_duplicate,7,3,0.42857142857142855
960,Spain,Co dãn,exact_duplicate,5,6,1.2
961,Sri Lanka,Thu nhỏ,exact_duplicate,9,7,0.7777777777777778
962,Sudan,Mặt trời,exact_duplicate,5,8,1.6
963,Suriname,Rạng đông,exact_duplicate,8,9,1.125
964,Switzerland,Bản dịch Đức,exact_duplicate,11,12,1.0909090909090908
965,Timor-Leste,Trên trái,exact_duplicate,11,9,0.8181818181818182
966,Togo,Cần làm,exact_duplicate,4,7,1.75
967,Tonga,Sắc,exact_duplicate,5,3,0.6
968,Turkey,Họa tiết,exact_duplicate,6,8,1.3333333333333333
969,Uganda,Cây nến,exact_duplicate,6,7,1.1666666666666667
970,Vanuatu,Hãng chế tạo,exact_duplicate,7,12,1.7142857142857142
971,Viet Nam,Tên tập tin ảnh mới,exact_duplicate,8,19,2.375
972,Yemen,Lục,exact_duplicate,5,3,0.6
973,United Nations,Lần lặp lại:,exact_duplicate,14,12,0.8571428571428571
974,Space,Miền màu,exact_duplicate,5,8,1.6
975,At Sea,Nhỏ nhất,exact_duplicate,6,8,1.3333333333333333
976,In Flight,Phải trên:,exact_duplicate,9,10,1.1111111111111112
977,Scotland,Co dãn,exact_duplicate,8,6,0.75
978,Wales,Tưởng,exact_duplicate,5,5,1.0
979,Palestine,Phối cảnh,exact_duplicate,9,9,1.0
980,Gaza,Gamma (γ):,exact_duplicate,4,10,2.5
987,Source:,Nguồn:,exact_duplicate,7,6,0.8571428571428571
1013,Default Language,Mặc định,exact_duplicate,16,8,0.5
1014,Belarusian (Belarus),Cảnh mờ kiểu Gauss,exact_duplicate,20,18,0.9
1015,German (Switzerland),Bản dịch Đức,exact_duplicate,20,12,0.6
1016,German (Liechtenstein),Bản dịch Đức,exact_duplicate,22,12,0.5454545454545454
1017,English (Singapore),Góc (theo độ):,exact_duplicate,19,14,0.7368421052631579
1018,Spanish (Argentina),Bản dịch Tây Ban Nha,exact_duplicate,19,20,1.0526315789473684
1019,Spanish (Spain),Bản dịch Tây Ban Nha,exact_duplicate,15,20,1.3333333333333333
1020,Spanish (Guatemala),Bản dịch Tây Ban Nha,exact_duplicate,19,20,1.0526315789473684
1021,Spanish (Panama),Bản dịch Tây Ban Nha,exact_duplicate,16,20,1.25
1022,Italian (Switzerland),Bản dịch Ý,exact_duplicate,21,10,0.47619047619047616
1023,Italian (Italy),Bản dịch Ý,exact_duplicate,15,10,0.6666666666666666
1024,Korean (South Korea),Thêm,exact_duplicate,20,4,0.2
1025,Dutch (Netherlands),Bản dịch Hoà Lan,exact_duplicate,19,16,0.8421052631578947
1027,Select item language here.,Ở đây hãy chọn giá trị nhập Gamma.,exact_duplicate,26,34,1.3076923076923077
1033,Title,Tựa,exact_duplicate,5,3,0.6
1035,Names:,Tên:,exact_duplicate,6,4,0.6666666666666666
1038,Normal,Chuẩn,exact_duplicate,6,5,0.8333333333333334
1054,Default,Mặc định,exact_duplicate,7,8,1.1428571428571428
1055,No description available,Không có mô tả,exact_duplicate,24,14,0.5833333333333334
1056,XMP File to Save,Tập tin EXIF cần lưu,noise_ui_fragment,16,20,1.25
1059,EXIF File to Save,Tập tin EXIF cần lưu,noise_ui_fragment,17,20,1.1764705882352942
1066,Save metadata to a binary file,Lưu siêu dữ liệu vào tập tin nhị phân,noise_ui_fragment,30,37,1.2333333333333334
1067,Save metadata,Siêu dữ liệu,noise_ui_fragment,13,12,0.9230769230769231
1071,File name: %1 (%2),Tên tập tin:% 1 (% 2),exact_duplicate,18,21,1.1666666666666667
1072,File name: %1 (%2),Tên tập tin:% 1 (% 2),exact_duplicate,18,21,1.1666666666666667
1075,IPTC File to Save,Tập tin IPTC cần lưu,noise_ui_fragment,17,20,1.1764705882352942
1096,Name,Tên,exact_duplicate,4,3,0.75
1097,Select All,Chọn tất cả,exact_duplicate,10,11,1.1
1101,"Perceptual intent causes the full gamut of the image to be compressed or expanded to fill the gamut of the destination device, so that gray balance is preserved but colorimetric accuracy may not be preserved. In other words, if certain colors in an image fall outside of the range of colors that the output device can render, the image intent will cause all the colors in the image to be adjusted so that the every color in the image falls within the range that can be rendered and so that the relationship between colors is preserved as much as possible. This intent is most suitable for display of photographs and images, and is the default intent. Absolute Colorimetric intent causes any colors that fall outside the range that the output device can render to be adjusted to the closest color that can be rendered, while all other colors are left unchanged. This intent preserves the white point and is most suitable for spot colors (Pantone, TruMatch, logo colors,....) Relative Colorimetric intent is defined such that any colors that fall outside the range that the output device can render are adjusted to the closest color that can be rendered, while all other colors are left unchanged. Proof intent does not preserve the white point. Saturation intent preserves the saturation of colors in the image at the possible expense of hue and lightness. Implementation of this intent remains somewhat problematic, and the ICC is still working on methods to achieve the desired effects. This intent is most suitable for business graphics such as charts, where it is more important that the colors be vivid and contrast well with each other rather than a specific color.","Ý định dựa vào nhận thức gây ra toàn bộ ảnh được nén hay mở rộng để chiếm toàn bộ thiết bị đích, để bảo tồn cán cân xám còn có thể không bảo tồn độ chính xác đo màu. Tức là nếu một số màu sắc nào đó trong ảnh nằm ở ngoại phạm vi màu sắc mà thiết bị xuất có thể vẽ, ý định hình sẽ gây ra tất cả các màu sắc trong ảnh được điều chỉnh để mọi màu trong ảnh nằm trong phạm vi có thể được vẽ, và quan hệ giữa màu khác nhau được bảo tồn càng nhiều càng có thể. Ý định này thích hợp khi hiển thị ảnh chụp và ảnh, và là ý định mặc định. Ý định đo màu tuyệt đối gây ra màu nào nằm ở ngoại phạm vi mà thiết bị xuất có thể vẽ sẽ được điều chỉnh thành màu gần nhất có thể được vẽ, còn để lại các màu khác không được thay đổi. Ý định này bảo tồn điểm màu trắng và là rất thích hợp với màu sắc chấm (Pantone, TruMatch, màu sắc biểu hình...). Ý định đo màu tương đối được xác định để cho màu nào nằm ở ngoại phạm vi mà thiết bị xuất có thể vẽ sẽ được điều chỉnh thành màu gần nhất có thể được vẽ, còn để lại các màu khác không được thay đổi. Ý định kiểm lỗi không bảo tồn điểm màu trắng. Ý định độ bão hoà bảo tồn độ bão hoà của màu sắc trong ảnh trả giá bằng sắc màu và độ nhạt. Chưa thực hiện được ý định này, và ICC vẫn còn phát triển phương pháp tạo hiệu ứng đã muốn. Ý định này thích hợp nhất với đồ họa doanh nghiệp như sơ đồ, trong đó quan trọng hơn có màu sắc sặc sỡ và tương phản nhau, hơn là một màu sắc riêng có chất lượng cao.",very_long_pair,1670,1422,0.8514970059880239
1107,Manufacturer,Hãng chế tạo,exact_duplicate,12,12,1.0
1109,Model,Mô hình,exact_duplicate,5,7,1.4
1111,Copyright,Bản quyền,exact_duplicate,9,9,1.0
1121,Rendering Intent,Định vẽ,exact_duplicate,16,7,0.4375
1129,Lab,Lab,identical_pair,3,3,1.0
1130,Luv,Luv,identical_pair,3,3,1.0
1131,GRAY,GRAY,identical_pair,4,4,1.0
1132,HSV,HSV,identical_pair,3,3,1.0
1133,HLS,HLS,identical_pair,3,3,1.0
1134,CMY,CMY,identical_pair; exact_duplicate,3,3,1.0
1140,Abstract,Trừu tượng,exact_duplicate,8,10,1.25
1143,Relative Colorimetric,Đo màu tương đối,exact_duplicate,21,16,0.7619047619047619
1144,Saturation,Độ bão hòa,exact_duplicate,10,10,1.0
1145,Absolute Colorimetric,Đo màu tuyệt đối,exact_duplicate,21,16,0.7619047619047619
1146,ICC color profile File to Save,Tập tin hồ sơ màu ICC cần lưu,noise_ui_fragment,30,29,0.9666666666666667
1150,Mean:,Trung bình:,exact_duplicate,5,11,2.2
1151,Pixels:,Điểm ảnh:,exact_duplicate,7,9,1.2857142857142858
1153,Count:,Đếm:,exact_duplicate,6,4,0.6666666666666666
1154,Median:,Trung vị:,exact_duplicate,7,9,1.2857142857142858
1157,unavailable,không sẵn sàng,exact_duplicate,11,14,1.2727272727272727
1164,Size:,Cỡ:,exact_duplicate,5,3,0.6
1165,Type:,Kiểu:,exact_duplicate,5,5,1.0
1166,Dimensions:,Các chiều:,exact_duplicate,11,10,0.9090909090909091
1168,Created:,Tạo:,exact_duplicate,8,4,0.5
1171,Mode/ Program:,Chế độ/ Chương trình:,exact_duplicate,14,21,1.5
1172,Flash:,Nháy:,exact_duplicate,6,5,0.8333333333333334
1175,Channel:,Kênh:,exact_duplicate,8,5,0.625
1178,Here you can see the target preview image histogram drawing of the selected image channel. This one is re-computed at any settings changes.,Ở đây bạn có thể xem bản vẽ biểu đồ tần xuất ảnh xem thử đích của kênh ảnh đã chọn. Điều này được tính lại khi nào thay đổi thiết lập.,noise_ui_fragment,139,134,0.9640287769784173
1180,Red,Đỏ,exact_duplicate,3,2,0.6666666666666666
1183,Alpha,Anfa,exact_duplicate,5,4,0.8
1194,& Reset,Đặt & lại,exact_duplicate,7,9,1.2857142857142858
1197,Zoom Out,Thu nhỏ,exact_duplicate,8,7,0.875
1198,Zoom In,Phóng to,exact_duplicate,7,8,1.1428571428571428
1201,Go to the next item,Tới mục kế tiếp,noise_ui_fragment,19,15,0.7894736842105263
1216,Open With,Mở bằng,exact_duplicate,9,7,0.7777777777777778
1222,Import,Nhập,exact_duplicate,6,4,0.6666666666666666
1223,Export,Xuất,exact_duplicate,6,4,0.6666666666666666
1225,Date,Ngày:,exact_duplicate,4,5,1.25
1226,Tag,Thẻ,exact_duplicate,3,3,1.0
1228,tomorrow,ngày mai,exact_duplicate,8,8,1.0
1229,today,hôm nay,exact_duplicate,5,7,1.4
1230,yesterday,hôm qua,exact_duplicate,9,7,0.7777777777777778
1233,Initializing database,Đang đọc cơ sở dữ liệu... This is the slogan formated string displayed in splashscreen. Please translate using short words else the slogan can be truncated.,extreme_length_ratio,21,156,7.428571428571429
1235,Caulier Gilles,Caulier Gilles,identical_pair,14,14,1.0
1237,Marcel Wiesweg,Marcel Wiesweg,identical_pair; exact_duplicate,14,14,1.0
1238,Developer,Nhà phát triển,exact_duplicate,9,14,1.5555555555555556
1241,Renchi Raju,Renchi Raju,identical_pair,11,11,1.0
1243,Joern Ahrens,Joern Ahrens,identical_pair,12,12,1.0
1245,Tom Albers,Tom Albers,identical_pair,10,10,1.0
1246,Ralf Holzer,Ralf Holzer,identical_pair,11,11,1.0
1248,Francisco J. Cruz,Francisco J. Cruz,identical_pair,17,17,1.0
1252,Achim Bohnet,Achim Bohnet,identical_pair,12,12,1.0
1253,Luka Renko,Luka Renko,identical_pair,10,10,1.0
1254,Angelo Naselli,Angelo Naselli,identical_pair,14,14,1.0
1255,Fabien Salvi,Fabien Salvi,identical_pair,12,12,1.0
1257,Todd Shoemaker,Todd Shoemaker,identical_pair,14,14,1.0
1258,Gregory Kokanosky,Gregory Kokanosky,identical_pair,17,17,1.0
1259,Gerhard Kulzer,Gerhard Kulzer,identical_pair,14,14,1.0
1260,Oliver Doerr,Oliver Doerr,identical_pair,12,12,1.0
1262,Charles Bouveyron,Charles Bouveyron,identical_pair,17,17,1.0
1263,Richard Groult,Richard Groult,identical_pair,14,14,1.0
1265,Richard Taylor,Richard Taylor,identical_pair,14,14,1.0
1267,Hans Karlsson,Hans Karlsson,identical_pair,13,13,1.0
1269,Aaron Seigo,Aaron Seigo,identical_pair,11,11,1.0
1271,Yves Chaufour,Yves Chaufour,identical_pair,13,13,1.0
1275,Rename...,Thay tên...,exact_duplicate,9,11,1.2222222222222223
1282,Download & & Delete From Camera,Tải về các điều chọn,noise_ui_fragment,31,20,0.6451612903225806
1293,Caption:,Độ xoay:,exact_duplicate,8,8,1.0
1296,& Average,Trung bìnhSelects the date of the newest image,extreme_length_ratio,9,46,5.111111111111111
1306,Miscellaneous,Lặt vặt,exact_duplicate,13,7,0.5384615384615384
1308,%1,% 1% 1: digiKam version;% 2: help: // URL;% 3: homepage URL;% 4: prior digiKam version;% 5: prior KDE version;% 6: generated list of new features;% 7: First- time user text (only shown on first start);% 8: generated list of important changes; --- end of comment ---,language_suspect; extreme_length_ratio,2,265,132.5
1310,digiKam,digiKam,identical_pair,7,7,1.0
1319,Next & Week,Tuần qua,noise_ui_fragment,11,8,0.7272727272727273
1320,Next Month,& Tháng qua,noise_ui_fragment,10,11,1.1
1327,Open camera dialog at< p ath >,Mở hộp thoại máy ảnh tại < đường dẫn >,noise_markup_or_html_entity,30,38,1.2666666666666666
1329,Start digikam with the database file found in the directory < dir >,Khởi chạy digiKam với < đường dẫn > gốc của tập ảnh,noise_markup_or_html_entity,67,51,0.7611940298507462
1343,"Failed to open the database. You cannot use digiKam without a working database. digiKam will attempt to start now, but it will not be functional. Please check the database settings in the configuration menu.",Lỗi mở cơ sở dữ liệu. Thông điệp lỗi từ cơ sở dữ liệu:% 1 Không có cơ sở dữ liệu hoạt động được thì không thể sử dụng digiKam. Hãy kiểm tra lại thiết lập cơ sở dữ liệu trong trình đơn cấu hình.,noise_ui_fragment,207,193,0.9323671497584541
1344,"Failed to open the database. Error message from database: %1You cannot use digiKam without a working database. digiKam will attempt to start now, but it will not be functional. Please check the database settings in the configuration menu.",Lỗi mở cơ sở dữ liệu. Thông điệp lỗi từ cơ sở dữ liệu:% 1 Không có cơ sở dữ liệu hoạt động được thì không thể sử dụng digiKam. Hãy kiểm tra lại thiết lập cơ sở dữ liệu trong trình đơn cấu hình.,noise_ui_fragment,238,193,0.8109243697478992
1366,Cannot delete Root Tag,Không thể xoá thẻ gốc,noise_ui_fragment,22,21,0.9545454545454546
1389,& Cancel,Thôi,exact_duplicate; noise_ui_fragment,8,4,0.5
1405,Caption:,Độ xoay:,exact_duplicate,8,8,1.0
1406,Tags:,Thẻ:,exact_duplicate,5,4,0.8
1410,Back to Album,Về tập ảnh,noise_ui_fragment,13,10,0.7692307692307693
1411,Back,Lùi,exact_duplicate; noise_ui_fragment,4,3,0.75
1432,Next Image,Ảnh kế,noise_ui_fragment,10,6,0.6
1437,& Back,& Lùi,noise_ui_fragment,6,5,0.8333333333333334
1443,Refresh,Cập nhật,exact_duplicate,7,8,1.1428571428571428
1451,Edit...,Sửa...,exact_duplicate,7,6,0.8571428571428571
1462,Move to Trash,Chuyển vào Rác,exact_duplicate,13,14,1.0769230769230769
1463,Delete Permanently,Xoá hoàn toàn,noise_ui_fragment,18,13,0.7222222222222222
1464,Delete permanently without confirmation,"Xoá hoàn toàn, không cần xác nhận",noise_ui_fragment,39,33,0.8461538461538461
1469,By Date,Theo ngày,exact_duplicate,7,9,1.2857142857142858
1472,By Name,Theo tên,exact_duplicate,7,8,1.1428571428571428
1482,Select None,Chọn Không gì,exact_duplicate,11,13,1.1818181818181819
1486,All,Tất cả,exact_duplicate,3,6,2.0
1507,(%1 of %2),(% 1 of% 2),language_suspect,10,11,1.1
1522,Warning,Cảnh báo,exact_duplicate,7,8,1.1428571428571428
1543,New Tag,Thẻ mới,exact_duplicate,7,7,1.0
1547,Reset,Đặt lại,exact_duplicate,5,7,1.4
1564,EXIF - a standard used by most digital cameras today to store technical information (like aperture and shutter speed) about an image.,EXIF là một tiêu chuẩn được dùng hiện thời bởi phần lớn máy ảnh điện số để cất giữ thông tin kỹ thuật về ảnh chụp dạng siêu dữ liệu trong tập tin ảnh. Bạn có thể tìm thông tin thêm về EXIF tại www. exif. org. IPTC là một tiêu chuẩn khác được dùng trong thuật chụp ảnh điện số để cất giữ thông tin nhúng vào ảnh. Bạn có thể tìm thông tin thêm về IPTC tại www. iptc. org.,noise_url,133,372,2.7969924812030076
1565,IPTC - an older standard used in digital photography to store photographer information in images.,EXIF là một tiêu chuẩn được dùng hiện thời bởi phần lớn máy ảnh điện số để cất giữ thông tin kỹ thuật về ảnh chụp dạng siêu dữ liệu trong tập tin ảnh. Bạn có thể tìm thông tin thêm về EXIF tại www. exif. org. IPTC là một tiêu chuẩn khác được dùng trong thuật chụp ảnh điện số để cất giữ thông tin nhúng vào ảnh. Bạn có thể tìm thông tin thêm về IPTC tại www. iptc. org.,noise_url,97,372,3.8350515463917527
1566,"XMP - a new standard used in digital photography, designed to replace IPTC.",EXIF là một tiêu chuẩn được dùng hiện thời bởi phần lớn máy ảnh điện số để cất giữ thông tin kỹ thuật về ảnh chụp dạng siêu dữ liệu trong tập tin ảnh. Bạn có thể tìm thông tin thêm về EXIF tại www. exif. org. IPTC là một tiêu chuẩn khác được dùng trong thuật chụp ảnh điện số để cất giữ thông tin nhúng vào ảnh. Bạn có thể tìm thông tin thêm về IPTC tại www. iptc. org.,noise_url,75,372,4.96
1588,Configure,Cấu hình,exact_duplicate,9,8,0.8888888888888888
1591,Color Management,Quản lý màu,exact_duplicate,16,11,0.6875
1592,Save Images,Lưu ảnh,noise_ui_fragment,11,7,0.6363636363636364
1596,Font:,Phông:,exact_duplicate,5,6,1.2
1607,Show image dimensions,Hiện các chiếu ảnh,exact_duplicate,21,18,0.8571428571428571
1614,Set this option to display the camera aperture and focal settings used to take the image.,Bật tùy chọn này để hiển thị độ mở và tiêu cự của máy ảnh chụp ảnh.,noise_ui_fragment,89,67,0.7528089887640449
1619,Show camera flash settings,Hiện thiết lập đèn nháy của máy ảnh,noise_ui_fragment,26,35,1.3461538461538463
1620,Set this option to display the camera flash settings used to take the image.,Bật tùy chọn này để hiển thị thiết lập đèn nháy của máy ảnh chụp ảnh.,noise_ui_fragment,76,69,0.9078947368421053
1621,Show camera white balance settings,Hiện thiết lập cán cân trắng của máy ảnh,noise_ui_fragment,34,40,1.1764705882352942
1622,Set this option to display the camera white balance settings used to take the image.,Bật tùy chọn này để hiển thị thiết lập cán cân màu trắng của máy ảnh chụp ảnh.,noise_ui_fragment,84,78,0.9285714285714286
1623,showFoto,showFoto,identical_pair,8,8,1.0
1627,Delete File,Xoá tập tin,exact_duplicate; noise_ui_fragment,11,11,1.0
1631,"About to delete file ""%1"" Are you sure?",Sắp xoá tập tin «% 1 » Bạn có chắc chưa?,noise_ui_fragment,39,40,1.0256410256410255
1643,Save theme,Lưu ảnh,noise_ui_fragment,10,7,0.7
1652,Your names,Nhóm Việt hoá KDEEMAIL OF TRANSLATORS,exact_duplicate,10,37,3.7
1653,Your emails,kde- l10n- vi@ kde. org,exact_duplicate,11,23,2.090909090909091
1655,Tag,Thẻ,exact_duplicate,3,3,1.0
1657,& Edit,& Sửa,exact_duplicate,6,5,0.8333333333333334
1658,& View,& Xem,exact_duplicate,6,5,0.8333333333333334
1659,& Tools,& Công cụ,exact_duplicate,7,9,1.2857142857142858
1660,Import,Nhập,exact_duplicate,6,4,0.6666666666666666
1661,& Export,& Xuất,exact_duplicate,8,6,0.75
1662,& Settings,Thiết & lập,exact_duplicate; noise_ui_fragment,10,11,1.1
1663,& Help,Trợ giúp,exact_duplicate,6,8,1.3333333333333333
1664,Main Toolbar,Thanh công cụ chính,exact_duplicate,12,19,1.5833333333333333
1665,& File,& Tập tin,exact_duplicate,6,9,1.5
1666,& Color,& Màu,exact_duplicate,7,5,0.7142857142857143
1670,Filters,Bộ & lọc,exact_duplicate,7,8,1.1428571428571428
1688,Image Settings,Thiết lập ảnh,exact_duplicate; noise_ui_fragment,14,13,0.9285714285714286
1691,Scaling,Co dãn,exact_duplicate,7,6,0.8571428571428571
1694,& Scale to:,"Dimension separator, as in: '15 x 10 centimeters'",language_suspect,11,49,4.454545454545454
1695,Millimeters,Mili- mét,exact_duplicate,11,9,0.8181818181818182
1696,Centimeters,Cen- ti- mét,exact_duplicate,11,12,1.0909090909090908
1697,Inches,Insơ,exact_duplicate,6,4,0.6666666666666666
1702,Make:,Make:,identical_pair; exact_duplicate,5,5,1.0
1703,Model:,Mô hình:,exact_duplicate,6,8,1.3333333333333333
1704,Lens:,Mật độ:,exact_duplicate,5,7,1.4
1705,Set this option to try to guess the right camera/ lens settings from the image metadata (as Exif or XMP).,Bật tùy chọn này để hiển thị thiết lập đèn nháy của máy ảnh chụp ảnh.,noise_ui_fragment,105,69,0.6571428571428571
1707,Aperture:,Độ mở/ Tiêu:,exact_duplicate,9,12,1.3333333333333333
1718,Main:,Chính:,exact_duplicate,5,6,1.2
1729,Amount:,Số lượng:,exact_duplicate,7,9,1.2857142857142858
1733,Radius:,Bán kính:,exact_duplicate,7,9,1.2857142857142858
1735,Brightness:,Độ sáng:,exact_duplicate,11,8,0.7272727272727273
1737,Contrast:,Độ tương phản:,exact_duplicate,9,14,1.5555555555555556
1739,Gamma:,Gamma (γ):,exact_duplicate,6,10,1.6666666666666667
1748,Red:,Đỏ:,exact_duplicate,4,3,0.75
1754,Reset color channels' gains settings from the currently selected channel.,Đặt lại thiết lập khuếch đại của các kênh màu từ kênh được chọn hiện thời.,noise_ui_fragment,73,74,1.0136986301369864
1759,Cannot load settings from the Gains Mixer text file.,Không thể tải thiết lập từ tập tin văn bản hoà khuếch đại.,noise_ui_fragment,52,58,1.1153846153846154
1760,Gimp Gains Mixer File to Save,Tập tin hoà khuếch đại GIMP cần lưu,noise_ui_fragment,29,35,1.206896551724138
1761,Cannot save settings to the Gains Mixer text file.,Không thể lưu thiết lập vào tập tin văn bản hoà khuếch đại.,noise_ui_fragment,50,59,1.18
1766,Vivid,Sặc sỡ,exact_duplicate,5,6,1.2
1770,Level:,Cấp:,exact_duplicate,6,4,0.6666666666666666
1776,Filter:,Lọc:,exact_duplicate,7,4,0.5714285714285714
1777,Average,Trung bình,exact_duplicate,7,10,1.4285714285714286
1779,Cubic,Bậc ba,exact_duplicate,5,6,1.2
1785,Preview,Xem thử,exact_duplicate,7,7,1.0
1786,Size,CỡThis is a column which will contain the amount of HotPixels found in the black frame file,extreme_length_ratio,4,91,22.75
1832,White Color Balance Settings File to Load,Tập tin thiết lập cán cân màu tráng cần tải,noise_ui_fragment,41,43,1.048780487804878
1833,"""%1"" is not a White Color Balance settings text file.",«% 1 » không phải là một tập tin văn bản thiết lập cán cân màu trắng.,noise_ui_fragment,53,69,1.3018867924528301
1834,Cannot load settings from the White Color Balance text file.,Không thể tải thiết lập từ tập tin văn bản cán cân màu trắng.,noise_ui_fragment,60,61,1.0166666666666666
1835,White Color Balance Settings File to Save,Tập tin thiết lập cán cân màu tráng cần lưu,noise_ui_fragment,41,43,1.048780487804878
1836,Cannot save settings to the White Color Balance text file.,Không thể lưu thiết lập vào tập tin văn bản cán cân màu trắng.,noise_ui_fragment,58,62,1.0689655172413792
1845,Here you can see the target preview image histogram drawing of the selected image channel. This one is re-computed at any curves settings changes.,Ở đây có bản vẽ biểu đồ tần xuất ảnh xem thử đích của kênh ảnh được chọn. Bản vẽ này được tính lại khi nào thay đổi thiết lập đường cong.,noise_ui_fragment,146,137,0.9383561643835616
1849,Gimp Curves File to Save,Tập tin cong GIMP cần lưu,noise_ui_fragment,24,25,1.0416666666666667
1850,Cannot save to the Gimp curves text file.,Không thể lưu vào tập tin văn bản đường cong GIMP.,noise_ui_fragment,41,50,1.2195121951219512
1853,Texture,Họa tiết,exact_duplicate,7,8,1.1428571428571428
1854,Paper,Giấy,exact_duplicate,5,4,0.8
1858,Bricks,Gạch,exact_duplicate,6,4,0.6666666666666666
1861,Marble,Đá hoa,exact_duplicate,6,6,1.0
1867,Wall,Tưởng,exact_duplicate,4,5,1.25
1869,Stone,Đá,exact_duplicate,5,2,0.4
1877,Here you can choose the font to be used.,Ở đây bạn có thể chọn phông chữ cần dùng.,exact_duplicate,40,41,1.025
1882,Rotation:,Độ xoay:,exact_duplicate,9,8,0.8888888888888888
1883,90 Degrees,90º,exact_duplicate,10,3,0.3
1884,180 Degrees,180º,exact_duplicate,11,4,0.36363636363636365
1885,270 Degrees,270º,exact_duplicate,11,4,0.36363636363636365
1887,Color:,Màu:,exact_duplicate,6,4,0.6666666666666666
1921,Gimp Levels File to Save,Tập tin cấp GIMP cần lưu,noise_ui_fragment,24,24,1.0
1922,Cannot save to the Gimp levels text file.,Không thể lưu vào tập tin văn bản cấp GIMP.,noise_ui_fragment,41,43,1.048780487804878
1924,Raindrops,Giọt mưa,exact_duplicate,9,8,0.8888888888888888
1944,"Select the blurring effect to apply to image. Zoom Blur: blurs the image along radial lines starting from a specified center point. This simulates the blur of a zooming camera. Radial Blur: blurs the image by rotating the pixels around the specified center point. This simulates the blur of a rotating camera. Far Blur: blurs the image by using far pixels. This simulates the blur of an unfocalized camera lens. Motion Blur: blurs the image by moving the pixels horizontally. This simulates the blur of a linear moving camera. Softener Blur: blurs the image softly in dark tones and hardly in light tones. This gives images a dreamy and glossy soft focus effect. It is ideal for creating romantic portraits, glamour photographs, or giving images a warm and subtle glow. Shake Blur: blurs the image by shaking randomly the pixels. This simulates the blur of a random moving camera. Focus Blur: blurs the image corners to reproduce the astigmatism distortion of a lens. Smart Blur: finds the edges of color in your image and blurs them without muddying the rest of the image. Frost Glass: blurs the image by randomly disperse light coming through a frosted glass. Mosaic: divides the photograph into rectangular cells and then recreates it by filling those cells with average pixel value.","Ở đây hãy chọn hiệu ứng che mờ cần áp dụng cho ảnh. Che mờ thu phóng: che mờ ảnh theo đường xuyên tâm bắt đầu từ một điểm trung tâm đã xác định. Hiệu ứng này mô phỏng che mờ của máy ảnh thu phóng. Che mờ xuyên tâm: che mờ ảnh bằng cách dùng điểm ảnh xa. Hiệu ứng này mô phỏng che mờ của ống kính máy ảnh mờ mờ không rõ nét. Che mờ chuyển động: che mờ ảnh bằng cách di chuyển những điểm ảnh theo chiều ngang. Hiệu ứng này mô phóng che mờ của máy ảnh di chuyển tuyến. Che mờ làm mềm: che mờ ảnh một cách mềm bằng sắc màu tối và một cách cứng bằng sắc màu nhạt. Nó cho ảnh có hiệu ứng tiêu mềm bóng loáng như trong giấc mơ. Nó rất thích hợp với công việc tạo ảnh chân dung mơ mộng, ảnh chụp đẹp say đắm hay cho ảnh ánh sáng rực rỡ ấm và tế nhị. Che mờ rung: che mờ ảnh bằng cách rung ngẫu nhiên các điểm ảnh. Hiệu ứng này mô phỏng che mờ của máy ảnh di chuyển ngẫu nhiên. Che mờ tiêu: che mờ các góc của ảnh để tạo lại sự méo mó loạn thị của ống kính. Che mờ thông minh: tìm các cạnh của màu trong ảnh và che mờ chúng mà không làm vẩn đục phần còn lại của ảnh. Kính phủ sương giá: che mờ ảnh bằng cách rải rắc ngẫu nhiên ánh sáng đến qua kính phủ sương giá. Khảm: chia ảnh chụp ra ô hình chữ nhật rồi tạo lại nó bằng cách tô đầy những ô bằng giá trị điểm ảnh trung bình.",very_long_pair,1286,1267,0.9852255054432348
1945,Distance:,Khoảng cách:,exact_duplicate,9,12,1.3333333333333333
1988,Depth:,Độ sâu:,exact_duplicate,6,7,1.1666666666666667
1997,"Select the filter preset to use for photograph restoration here: None: Most common values. Puts settings to default. Reduce Uniform Noise: reduce small image artifacts such as sensor noise. Reduce JPEG Artifacts: reduce large image artifacts, such as a JPEG compression mosaic. Reduce Texturing: reduce image artifacts, such as paper texture, or Moire patterns on scanned images.",Ở đây hãy chọn định sẵn lọc cần dùng khi phục hồi lại ảnh chụp: Không có: những giá trị thường nhất; đặt thiết lập thành mặc định. giảm nhiễu đồng dạng: giảm đồ tạo tác ảnh nhỏ như nhiễu máy nhạy. Giảm đồ tạo tác JPEG: giảm đồ tạo tác ảnh lớn như đồ khảm nén JPEG. Giảm đồ họa tiết hoá: giảm đồ tạo tác ảnh như họa tiết giấy hay mẫu Moire của ảnh đã quét.,noise_ui_fragment,379,355,0.9366754617414248
1998,Photograph Restoration Settings File to Load,Tập tin thiết lập phục hồi lại ảnh chụp cần tải,noise_ui_fragment,44,47,1.0681818181818181
1999,"""%1"" is not a Photograph Restoration settings text file.",«% 1 » không phải là một tập tin văn bản thiết lập phục hồi lại ảnh chụp.,noise_ui_fragment,56,73,1.3035714285714286
2000,Cannot load settings from the Photograph Restoration text file.,Không thể tải thiết lập từ tập tin văn bản phục hồi lại ảnh chụp.,noise_ui_fragment,63,65,1.0317460317460319
2001,Photograph Restoration Settings File to Save,Tập tin thiết lập phục hồi lại ảnh chụp cần lưu,noise_ui_fragment,44,47,1.0681818181818181
2002,Cannot save settings to the Photograph Restoration text file.,Không thể lưu thiết lập vào tập tin văn bản phục hồi lại ảnh chụp.,noise_ui_fragment,61,66,1.0819672131147542
2010,px,px,identical_pair; exact_duplicate,2,2,1.0
2025,Settings,Thiết lập,exact_duplicate; noise_ui_fragment,8,9,1.125
2046,"Here, select the type of effect to apply to an image. Fish Eyes: warps the photograph around a 3D spherical shape to reproduce the common photograph'Fish Eyes' effect. Twirl: spins the photograph to produce a Twirl pattern. Cylinder Hor.: warps the photograph around a horizontal cylinder. Cylinder Vert.: warps the photograph around a vertical cylinder. Cylinder H/ V.: warps the photograph around 2 cylinders, vertical and horizontal. Caricature: distorts the photograph with the'Fish Eyes' effect inverted. Multiple Corners: splits the photograph like a multiple corners pattern. Waves Horizontal: distorts the photograph with horizontal waves. Waves Vertical: distorts the photograph with vertical waves. Block Waves 1: divides the image into cells and makes it look as if it is being viewed through glass blocks. Block Waves 2: like Block Waves 1 but with another version of glass blocks distortion. Circular Waves 1: distorts the photograph with circular waves. Circular Waves 2: another variation of the Circular Waves effect. Polar Coordinates: converts the photograph from rectangular to polar coordinates. Unpolar Coordinates: the Polar Coordinate effect inverted. Tile: splits the photograph into square blocks and moves them randomly inside the image.","Ở đây hãy chọn kiểu hiệu ứng cần áp dụng cho ảnh. Mắt cá: làm oằn ảnh chụp chung quanh hình bầu ba chiều để tạo lại hiệu ứng « Mắt cá » ảnh chụp bình thường. Quay nhanh: quay ảnh chụp để tạo một mẫu cuồn cuộn. Hình trụ ngang: làm oằn ảnh chụp chung quanh một hình trụ ngang. Hình trụ dọc: làm oằn ảnh chụp chung quanh một hình trụ dọc. Hình trụ ngang/ dọc: làm oằn ảnh chụp chung quanh hai hình trụ, ngang và dọc. Vẽ biếm hoạ: méo mó ảnh chụp bằng hiệu ứng « Mắt cá » được đảo ngược. Đa góc: chia tách ảnh chịu giống như mẫu đa góc. Sóng ngang: méo mó ảnh chụp bằng sóng ngang. Sóng dọc: méo mó ảnh chụp bằng sóng dọc. Sóng khối 1: chia ảnh ra nhiều ô và làm cho nó hình như nó được xem qua khối thủy tinh. Sóng khối 2: giống như Sóng khối 1 mà có phiên bản khác của sự méo mó khối thủy tinh. Sóng hình tròn 1: méo móc ảnh chụp bằng sóng hình tròn. Sóng hình tròn 2: sự biến đổi khác của hiệu ứng Sóng hình tròn. Toạ độ cực: chuyển đổi ảnh chụp từ toạ độ chữ nhật sang toạ độ cực. Toạ độ cực ngược: đảo ngược hiệu ứng Toạ độ cực. Lát: chia tách ảnh chụp ra nhiều khối hình vuông và di chuyển chúng một cách ngẫu nhiên bên trong ảnh đó.",very_long_pair,1263,1135,0.8986539984164688
2058,General settings,Thiết lập chung,noise_ui_fragment,16,15,0.9375
2059,Photograph Local Contrast Settings File to Load,Tập tin thiết lập điều chỉnh lại tiêu điểm ảnh chụp cần tải,noise_ui_fragment,47,59,1.2553191489361701
2060,"""%1"" is not a Photograph Local Contrast settings text file.",«% 1 » không phải là một tập tin văn bản thiết lập điều chỉnh lại tiêu điểm ảnh chụp.,noise_ui_fragment,59,85,1.4406779661016949
2061,Cannot load settings from the Photograph Local Contrast text file.,Không thể tải thiết lập từ tập tin văn bản điều chỉnh lại tiêu điểm ảnh chụp,noise_ui_fragment,66,76,1.1515151515151516
2062,Photograph Local Contrast Settings File to Save,Tập tin thiết lập điều chỉnh lại tiêu điểm ảnh chụp cần lưu,noise_ui_fragment,47,59,1.2553191489361701
2063,Cannot save settings to the Photograph Local Contrast text file.,Không thể lưu thiết lập vào tập tin văn bản điều chỉnh lại tiêu điểm ảnh chụp.,noise_ui_fragment,64,78,1.21875
2090,Enable this option to preserve pixels whose color is close to a skin tone.,Hãy bật tùy chọn này để hiển thị các phần xoắn ốc vàng.,noise_ui_fragment,74,55,0.7432432432432432
2095,Mask Settings,Thiết lập,noise_ui_fragment,13,9,0.6923076923076923
2098,Perspective,Phối cảnh,exact_duplicate,11,9,0.8181818181818182
2110,Move,Chuyển,exact_duplicate,4,6,1.5
2128,Width:,Rộng:,exact_duplicate,6,5,0.8333333333333334
2129,Height:,Cao:,exact_duplicate,7,4,0.5714285714285714
2136,Resize,Đổi cỡ,exact_duplicate,6,6,1.0
2137,Photograph Resizing Settings File to Load,Tập tin thiết lập thay đổi kích cỡ ảnh chụp cần nạp,noise_ui_fragment,41,51,1.2439024390243902
2138,"""%1"" is not a Photograph Resizing settings text file.",«% 1 » không phải là một tập tin văn bản thiết lập thay đổi kích cỡ ảnh chụp.,noise_ui_fragment,53,77,1.4528301886792452
2139,Cannot load settings from the Photograph Resizing text file.,Không thể nạp thiết lập từ tập tin văn bản thay đổi kích cỡ ảnh chụp.,noise_ui_fragment,60,69,1.15
2140,Photograph Resizing Settings File to Save,Tập tin thiết lập thay đổi kích cỡ ảnh chụp cần lưu,noise_ui_fragment,41,51,1.2439024390243902
2141,Cannot save settings to the Photograph Resizing text file.,Không thể lưu thiết lập vào tập tin văn bản thay đổi kích cỡ ảnh chụp.,noise_ui_fragment,58,70,1.206896551724138
2164,Cyan,Xanh lông mòng,exact_duplicate,4,14,3.5
2166,Magenta,Đỏ tươi,exact_duplicate,7,7,1.0
2168,Yellow,Vàng,exact_duplicate,6,4,0.6666666666666666
2171,Method:,Phương pháp:,exact_duplicate,7,12,1.7142857142857142
2176,Sharpness:,Độ sắc:,exact_duplicate,10,7,0.7
2179,The value of the difference between the original and the blur image that is added back into the original.,"Giá trị này là hiệu giữa ảnh gốc và ảnh che mờ, mà được thêm về ảnh gốc.",noise_ui_fragment,105,72,0.6857142857142857
2184,"Increasing the correlation may help to reduce artifacts. The correlation can range from 0-1. Useful values are 0.5 and values close to 1, e. g. 0.95 and 0.99. Using a high value for the correlation will reduce the sharpening effect of the plugin.","Việc tăng độ tương quan có thể giúp đỡ giảm đồ tạo tác. Độ tương quan có thể nằm trong phạm vi 0- 1. Giá trị có ích là 0. 5 và giá trị gần 1, v. d. 0. 95 và 0. 99. Việc dùng giá trị độ tương quan cao hơn sẽ giảm hiệu ứng mài sắc của phần bổ sung.",noise_ui_fragment,246,246,1.0
2192,Photograph Refocus Settings File to Load,Tập tin thiết lập điều chỉnh lại tiêu điểm ảnh chụp cần tải,noise_ui_fragment,40,59,1.475
2193,"""%1"" is not a Photograph Refocus settings text file.",«% 1 » không phải là một tập tin văn bản thiết lập điều chỉnh lại tiêu điểm ảnh chụp.,noise_ui_fragment,52,85,1.6346153846153846
2194,Cannot load settings from the Photograph Refocus text file.,Không thể tải thiết lập từ tập tin văn bản điều chỉnh lại tiêu điểm ảnh chụp,noise_ui_fragment,59,76,1.2881355932203389
2195,Photograph Refocus Settings File to Save,Tập tin thiết lập điều chỉnh lại tiêu điểm ảnh chụp cần lưu,noise_ui_fragment,40,59,1.475
2196,Cannot save settings to the Photograph Refocus text file.,Không thể lưu thiết lập vào tập tin văn bản điều chỉnh lại tiêu điểm ảnh chụp.,noise_ui_fragment,57,78,1.368421052631579
2208,Custom,Tự chọn,exact_duplicate,6,7,1.1666666666666667
2213,Orientation:,Hướng:,exact_duplicate,12,6,0.5
2214,Landscape,Nằm ngang,exact_duplicate,9,9,1.0
2215,Portrait,Thẳng đứng,exact_duplicate,8,10,1.25
2217,Auto,Tự động,exact_duplicate,4,7,1.75
2223,X:,X:,identical_pair; exact_duplicate,2,2,1.0
2226,Y:,Y:,identical_pair; exact_duplicate,2,2,1.0
2229,Crop Settings,Thiết lập máy ảnh,noise_ui_fragment,13,17,1.3076923076923077
2244,Flip horizontally,Lật ngang,exact_duplicate,17,9,0.5294117647058824
2246,Flip vertically,Lật dọc,exact_duplicate,15,7,0.4666666666666667
2257,General Settings,Thiết lập chung,exact_duplicate; noise_ui_fragment,16,15,0.9375
2268,"Perceptual intent causes the full gamut of the image to be compressed or expanded to fill the gamut of the destination media, so that gray balance is preserved but colorimetric accuracy may not be preserved. In other words, if certain colors in an image fall outside of the range of colors that the output device can render, the image intent will cause all the colors in the image to be adjusted so that every color in the image falls within the range that can be rendered and so that the relationship between colors is preserved as much as possible. This intent is most suitable for display of photographs and images, and is the default intent. Absolute Colorimetric intent causes any colors that fall outside the range that the output device can render to be adjusted to the closest color that can be rendered, while all other colors are left unchanged. This intent preserves the white point and is most suitable for spot colors (Pantone, TruMatch, logo colors,...). Relative Colorimetric intent is defined such that any colors that fall outside the range that the output device can render are adjusted to the closest color that can be rendered, while all other colors are left unchanged. Proof intent does not preserve the white point. Saturation intent preserves the saturation of colors in the image at the possible expense of hue and lightness. Implementation of this intent remains somewhat problematic, and the ICC is still working on methods to achieve the desired effects. This intent is most suitable for business graphics such as charts, where it is more important that the colors be vivid and contrast well with each other rather than a specific color.","Ý định dựa vào nhận thức gây ra toàn bộ phạm vi của ảnh được nén hay mở rộng để chiếm toàn bộ phạm vi của thiết bị đích, để bảo tồn cán cân màu xám còn có thể không bảo tồn độ chính xác đo màu. Tức là nếu một số màu sắc nào đó trong ảnh nằm ở ngoại phạm vi màu sắc mà thiết bị xuất có thể vẽ, ý định hình sẽ gây ra tất cả các màu sắc trong ảnh được điều chỉnh để mọi màu trong ảnh nằm trong phạm vi có thể được vẽ, và quan hệ giữa các màu khác nhau được bảo tồn càng nhiều càng có thể. Ý định này thích hợp nhất để hiển thị ảnh chụp và ảnh: nó là ý định mặc định. Ý định đo màu tuyệt đối gây ra màu nào nằm ở ngoại phạm vi mà thiết bị xuất có thể vẽ sẽ được điều chỉnh thành màu gần nhất có thể được vẽ, còn để lại các màu khác không được thay đổi. Ý định này bảo tồn điểm màu trắng và là thích hợp nhất với màu sắc chấm (Pantone, TruMatch, màu sắc biểu hình...). Ý định đo màu tương đối được xác định để cho màu nào nằm ở ngoại phạm vi mà thiết bị xuất có thể vẽ sẽ được điều chỉnh thành màu gần nhất có thể được vẽ, còn để lại các màu khác không được thay đổi. Ý định kiểm lỗi không bảo tồn điểm màu trắng. Ý định độ bão hoà bảo tồn độ bão hoà của màu sắc trong ảnh trả giá bằng sắc màu và độ nhạt. Chưa thực hiện được ý định này, và ICC vẫn còn phát triển phương pháp tạo hiệu ứng đã muốn. Ý định này thích hợp nhất với đồ họa doanh nghiệp như sơ đồ, trong đó quan trọng hơn có màu sắc sặc sỡ và tương phản nhau, hơn là một màu sắc riêng có chất lượng cao.",very_long_pair,1665,1459,0.8762762762762762
2291,"Your settings are not sufficient. To apply a color transform, you need at least two ICC profiles: An ""Input"" profile. A ""Workspace"" profile. If you want to do a ""soft-proof"" transform, in addition to these profiles you need a ""Proof"" profile.","Bạn có thiết lập còn thiếu. Để áp dụng một việc chuyển dạng màu, bạn cần phải có ít nhất hai hồ sơ ICC: Một hồ sơ « nhập ». Một hồ sơ « vùng làm việc ». Nếu bạn muốn chạy việc chuyển dạng « kiểm lỗi mềm », bạn cũng cần có hồ sơ « Kiểm lỗi ».",noise_ui_fragment,242,241,0.9958677685950413
2297,Color Management Settings File to Load,Tập tin Thiết lập Quản lý Màu cần nạp,noise_ui_fragment,38,37,0.9736842105263158
2298,"""%1"" is not a Color Management settings text file.",«% 1 » không phải là một tập tin văn bản Thiết lập Quản lý Màu.,noise_ui_fragment,50,63,1.26
2299,Cannot load settings from the Color Management text file.,Không thể nạp thiết lập từ tập tin văn bản Thiết lập Quản lý Màu.,noise_ui_fragment,57,65,1.1403508771929824
2300,Color Management Settings File to Save,Tập tin Thiết lập Quản lý Màu cần lưu,noise_ui_fragment,38,37,0.9736842105263158
2301,Cannot save settings to the Color Management text file.,Không thể lưu thiết lập vào tập tin văn bản Thiết lập Quản lý Màu.,noise_ui_fragment,55,66,1.2
2304,Sensitivity:,Độ nhạy:,exact_duplicate,12,8,0.6666666666666666
2311,Generic,Giống loài,exact_duplicate,7,10,1.4285714285714286
2313,Agfa 200X,Agfa 200X,identical_pair,9,9,1.0
2315,Agfa Pan 25,Agfa Pan 25,identical_pair,11,11,1.0
2317,Agfa Pan 100,Agfa Pan 100,identical_pair,12,12,1.0
2319,Agfa Pan 400,Agfa Pan 400,identical_pair,12,12,1.0
2321,Ilford Delta 100,Ilford Delta 100,identical_pair,16,16,1.0
2323,Ilford Delta 400,Ilford Delta 400,identical_pair,16,16,1.0
2325,Ilford Delta 400 Pro 3200,Ilford Delta 400 Pro 3200,identical_pair,25,25,1.0
2327,Ilford FP4 Plus,Ilford FP4 Plus,identical_pair,15,15,1.0
2329,Ilford HP5 Plus,Ilford HP5 Plus,identical_pair,15,15,1.0
2331,Ilford PanF Plus,Ilford PanF Plus,identical_pair,16,16,1.0
2333,Ilford XP2 Super,Ilford XP2 Super,identical_pair,16,16,1.0
2335,Kodak Tmax 100,Kodak Tmax 100,identical_pair,14,14,1.0
2337,Kodak Tmax 400,Kodak Tmax 400,identical_pair,14,14,1.0
2339,Kodak TriX,Kodak TriX,identical_pair,10,10,1.0
2354,Strength:,Độ mạnh:,exact_duplicate,9,8,0.8888888888888888
2375,Black & White Settings File to Load,Tập tin thiết lập đen trắng cần nạp,noise_ui_fragment,35,35,1.0
2376,"""%1"" is not a Black & White settings text file.",«% 1 » không phải là một tập tin văn bản thiết lập đen trắng.,noise_ui_fragment,47,61,1.297872340425532
2377,Cannot load settings from the Black & White text file.,Không thể nạp thiết lập từ tập tin văn bản thiết lập đen trắng.,noise_ui_fragment,54,63,1.1666666666666667
2378,Black & White Settings File to Save,Tập tin thiết lập đen trắng cần lưu,noise_ui_fragment,35,35,1.0
2379,Cannot save settings to the Black & White text file.,Không thể lưu thiết lập vào tập tin văn bản thiết lập đen trắng.,noise_ui_fragment,52,64,1.2307692307692308
2388,Normalize,Chuẩn hoá,exact_duplicate,9,9,1.0
2417,"Select the filter preset to use for photograph restoration here: None: Most common values. Puts settings to default. Remove Small Artifact: in-paint small image artifacts, such as image glitches. Remove Medium Artifact: in-paint medium image artifacts. Remove Large Artifact: in-paint large image artifacts, such as unwanted objects.",Ở đây hãy chọn định sẵn lọc cần dùng để phục hồi ảnh chụp: Không có: những giá trị thường nhất; đặt thiết lập về mặc định. Gỡ bỏ đồ tạo tác nhỏ: sơn vào đồ tạo tác ảnh nhỏ giống như sự cố nhỏ trên ảnh. Gỡ bỏ đồ tạo tác vừa: sơn vào đồ tạo tác ảnh vừa. Gỡ bỏ đồ tạo tác lớn: sơn vào đồ tạo tác ảnh giống như đối tượng vô ích.,noise_ui_fragment,333,324,0.972972972972973
2419,Photograph In-Painting Settings File to Load,Tập tin thiết lập sơn vào ảnh chụp cần tải,noise_ui_fragment,44,42,0.9545454545454546
2420,"""%1"" is not a Photograph In-Painting settings text file.",«% 1 » không phải là một tập tin văn bản thiết lập sơn vào ảnh chụp.,noise_ui_fragment,56,68,1.2142857142857142
2421,Cannot load settings from the Photograph In-Painting text file.,Không thể tải thiết lập từ tập tin văn bản sơn vào ảnh chụp.,noise_ui_fragment,63,60,0.9523809523809523
2422,Photograph In-Painting Settings File to Save,Tập tin thiết lập sơn vào ảnh chụp cần lưu,noise_ui_fragment,44,42,0.9545454545454546
2423,Cannot save settings to the Photograph In-Painting text file.,Không thể lưu thiết lập vào tập tin văn bản sơn vào ảnh chụp.,noise_ui_fragment,61,61,1.0
2429,... that you can customize your digiKam toolbars using Settings - > Configure Toolbars...?,... rằng bạn có khả năng tùy chỉnh các thanh công cụ digiKam của mình bằng cách dùng mục « Thiết lập > Cấu hình thanh công cụ » không?,noise_ui_fragment,90,134,1.488888888888889
2434,... that you can save your images as PNG file format instead TIFF format and get good compression without losing image quality and metadata?,... rằng bạn có khả năng dùng định dạng tập tin PNG thay cho TIFF để nén được mà không mất chất lượng ảnh không?,noise_ui_fragment,140,112,0.8
2435,"... that most of the settings in a dialog box have small explanation text, called ""What's this?"" information, available when you hover over an item and right click with your mouse?",... rằng phần lớn của mục thiết lập trong hộp thoại có sẵn thông tin Cái này là gì? sẽ hiển thị khi bạn bấm cái nút bên phải trên con chuột không?,noise_ui_fragment,180,146,0.8111111111111111
2436,"... that because the PNG file format uses a lossless compression algorithm, you can use the max compression level when you save your images and not lose any quality?","... rằng vì định dạng tập tin PNG dùng một thuật toán nén không mất gì, bạn có khả năng dùng cấp nén tối đa với định dạng tập tin này không?",noise_ui_fragment,165,140,0.8484848484848485
2454,Lowercase,Chữ thường,exact_duplicate,9,10,1.1111111111111112
2461,File,& Tập tin,exact_duplicate,4,9,2.25
2475,format settings,Thiết lập,noise_ui_fragment,15,9,0.6
2476,Image,Ảnh,exact_duplicate,5,3,0.6
2482,Camera,Máy ảnh,exact_duplicate,6,7,1.1666666666666667
2490,"Enter the name of the current map search to save in the ""My Map Searches"" view.",Ở đây hãy nhập vào tên của việc tìm kiếm hiện thời cần lưu vào ô xem « Tìm kiếm của tôi ».,noise_ui_fragment,79,90,1.139240506329114
2496,Delete Map Search?,Xoá tìm kiếm,noise_ui_fragment,18,12,0.6666666666666666
2501,& Abort,& Hủy bỏ,exact_duplicate,7,8,1.1428571428571428
2503,Update of fingerprint database complete.,Tiến trình cập nhật cơ sở dữ liệu ảnh mẫu đã chạy xong,exact_duplicate,40,54,1.35
2505,& Close,Đóng,exact_duplicate; noise_ui_fragment,7,4,0.5714285714285714
2506,Update of fingerprint database complete.,Tiến trình cập nhật cơ sở dữ liệu ảnh mẫu đã chạy xong,exact_duplicate,40,54,1.35
2512,The thumbnails database has been updated.,Tiến trình cập nhật cơ sở dữ liệu ảnh mẫu đã chạy xong,exact_duplicate,41,54,1.3170731707317074
2513,The thumbnails database has been updated.,Tiến trình cập nhật cơ sở dữ liệu ảnh mẫu đã chạy xong,exact_duplicate,41,54,1.3170731707317074
2525,"& Save image tags as ""Keywords"" tags in metadata embedded in files",& Lưu các thẻ ảnh dạng thẻ « Từ khoá »,noise_ui_fragment,66,38,0.5757575757575758
2527,& Save metadata template as metadata embedded in files,Mở bằng Konqueror,noise_ui_fragment,54,17,0.3148148148148148
2529,& Save image captions in metadata embedded in files,& Lưu chú thích ảnh dạng đoạn nhúng,noise_ui_fragment,51,35,0.6862745098039216
2531,& Save image timestamps in metadata embedded in files,& Lưu nhãn giờ ảnh dạng thẻ,noise_ui_fragment,53,27,0.5094339622641509
2533,& Save image rating in metadata embedded in files,& Lưu chú thích ảnh dạng đoạn nhúng,noise_ui_fragment,49,35,0.7142857142857143
2541,& Add...,& Thêm...,exact_duplicate,8,9,1.125
2542,& Remove,& Bỏ,exact_duplicate,8,4,0.5
2546,Start with current image,Bắt đầu với ảnh hiện có,exact_duplicate,24,23,0.9583333333333334
2570,Path,Đường dẫn,exact_duplicate,4,9,2.25
2572,Revert to default settings,Hoàn nguyên về thiết lập mặc định,noise_ui_fragment,26,33,1.2692307692307692
2582,Show image dimensions,Hiện các chiếu ảnh,exact_duplicate,21,18,0.8571428571428571
2618,Port,Cổng,exact_duplicate,4,4,1.0
2619,& Edit...,& Sửa...,exact_duplicate,9,8,0.8888888888888888
2635,Show Settings Dialog when Saving Image Files,Thiết lập tập tin ảnh lưu trong bộ sửa ảnh,noise_ui_fragment,44,42,0.9545454545454546
2636,Checked: A dialog where settings can be changed when saving image files Unchecked: Default settings are used when saving image files,Chọn: khả năng quản lý màu đã được bật Không chọn: khả năng quản lý màu đã bị tắt,noise_ui_fragment,132,81,0.6136363636363636
2663,Advanced,Cấp cao,exact_duplicate,8,7,0.875
2664,Monitor Profile From System Settings,Thiết lập hồ sơ ICC,noise_ui_fragment,36,19,0.5277777777777778
2671,none,Không có,exact_duplicate,4,8,2.0
2698,Select the camera name that you want to use here. All default settings on the right panel will be set automatically. This list has been generated using the gphoto2 library installed on your computer.,Ở đây hãy chọn tên máy ảnh bạn muốn dùng. Mọi thiết lập mặc định nằm trên bảng bên phải sẽ được đặt tự động. Danh sách này đã được tạo ra bằng thư viện gphoto2 đã cài đặt vào máy tính này.,noise_ui_fragment,199,188,0.9447236180904522
2702,USB,USB,identical_pair; exact_duplicate,3,3,1.0
2704,Serial,Nối tiếp,exact_duplicate,6,8,1.3333333333333333
2714,A complete list of camera settings to use is available at this URL.,Danh sách thiết lập máy ảnh đầy đủ có thể dùng có sẵn trên trang này.,noise_ui_fragment,67,69,1.0298507462686568
2734,Original Colors:,Gốc,extreme_length_ratio,16,3,0.1875
2746,unknown,không rõ,exact_duplicate,7,8,1.1428571428571428
2747,Rotate 90 Degrees,Xoay 90°,exact_duplicate,17,8,0.47058823529411764
2748,Rotate 180 Degrees,Xoay 180°,exact_duplicate,18,9,0.5
2749,Rotate 270 Degrees,Xoay 270°,exact_duplicate,18,9,0.5
2754,& First,Đầu,exact_duplicate,7,3,0.42857142857142855
2755,& Last,& Cuối,exact_duplicate,6,6,1.0
2756,Print Image...,In ảnh...,exact_duplicate,14,9,0.6428571428571429
2757,Undo,Hủy bước,exact_duplicate,4,8,2.0
2758,Redo,Làm lại,exact_duplicate,4,7,1.75
2770,Flip Horizontally,Lật ngang,exact_duplicate,17,9,0.5294117647058824
2771,Flip Vertically,Lật dọc,exact_duplicate,15,7,0.4666666666666667
2773,Close Tool,& Công cụ,noise_ui_fragment,10,9,0.9
2778,Overwrite,Ghi đè,exact_duplicate,9,6,0.6666666666666666
2779,The image '%1 'has been modified. Do you want to save it?,Ảnh «% 1 » đã bị sửa đổi. Bạn có muốn lưu nó không?,noise_ui_fragment,57,51,0.8947368421052632
2783,"Failed to save file ""%1"" to ""%2"".",Lỗi lưu tập tin «% 1 » vào «% 2 ».,noise_ui_fragment,33,34,1.0303030303030303
2786,Unable to determine the format to save the target image with.,Ở đây hãy đặt cách điều chỉnh lại độ tương phản của ảnh đích.,noise_ui_fragment,61,61,1.0
2787,"A file named ""%1"" already exists. Are you sure you want to overwrite it?",Tập tin tên «% 1 » đã có. Bạn có chắc muốn ghi đè lên nó không?,exact_duplicate,72,63,0.875
2788,Overwrite File?,Ghi đè tập tin không?,exact_duplicate,15,21,1.4
2792,Failed to save file: %1,Lỗi in tập tin: «% 1 »,noise_ui_fragment,23,22,0.9565217391304348
2800,Delete File Permanently,Xoá hoàn toàn tập tin,noise_ui_fragment,23,21,0.9130434782608695
2801,Delete Permanently without Confirmation,"Xoá hoàn toàn, không cần xác nhận",noise_ui_fragment,39,33,0.8461538461538461
2810,Reset all settings to their default values.,Đặt lại mọi tham số lọc thành giá trị mặc định.,noise_ui_fragment,43,47,1.0930232558139534
2812,Load all parameters from settings text file.,Tải mọi tham số lọc từ tập tin văn bản thiết lập.,noise_ui_fragment,44,49,1.1136363636363635
2813,Save all parameters to settings text file.,Lưu mọi tham số lọc vào tập tin văn bản thiết lập.,noise_ui_fragment,42,50,1.1904761904761905
2814,Try all settings.,Thiết lập chung,noise_ui_fragment,17,15,0.8823529411764706
2819,Abort,Hủy bỏ,exact_duplicate,5,6,1.2
2822,Generate a Raw image preview using current settings.,Ở đây bạn có thể xem lại những ảnh được tìm bằng thiết lập tìm kiếm hiện có.,noise_ui_fragment,52,76,1.4615384615384615
2829,Reset all settings to default values.,Đặt lại mọi tham số lọc thành giá trị mặc định.,noise_ui_fragment,37,47,1.2702702702702702
2830,Import image to editor using current settings.,Ở đây bạn có thể xem lại những ảnh được tìm bằng thiết lập tìm kiếm hiện có.,noise_ui_fragment,46,76,1.6521739130434783
2833,Settings...,Thiết lập...,noise_ui_fragment,11,12,1.0909090909090908
2834,"Color Management is disabled. You can enable it now by clicking on the ""Settings"" button.",Khả năng Quản lý Màu bị tắt Bạn có thể bật nó ngay bây giờ bằng cách nhấn vào cái nút « Thiết lập ».,noise_ui_fragment,89,100,1.1235955056179776
2836,Original,Gốc,exact_duplicate,8,3,0.375
2837,Target,Đích,exact_duplicate,6,4,0.6666666666666666
2883,Reset current tool settings to default values.,Đặt lại mọi tham số lọc thành giá trị mặc định.,noise_ui_fragment,46,47,1.0217391304347827
2885,Queue Settings,Thiết lập chung,noise_ui_fragment,14,15,1.0714285714285714
2888,Tool Settings,Thiết lập cục bộ,noise_ui_fragment,13,16,1.2307692307692308
2902,Ready,Sẵn sàng,exact_duplicate,5,8,1.6
2906,Failed to save item...,Lỗi nạp ảnh «% 1 »,noise_ui_fragment,22,18,0.8181818181818182
2924,Search:,Tìm kiếm:,exact_duplicate,7,9,1.2857142857142858
2926,Save Current Search,Xoá tìm kiếm,noise_ui_fragment,19,12,0.631578947368421
2927,"Enter a name for the current search to save it in the ""Searches"" view",Ở đây hãy nhập vào tên của việc tìm kiếm hiện thời cần lưu vào ô xem « Tìm kiếm của tôi ».,noise_ui_fragment,69,90,1.3043478260869565
2938,Remove Group,Bỏ,extreme_length_ratio,12,2,0.16666666666666666
2940,Delete Search?,Xoá tìm kiếm,noise_ui_fragment,14,12,0.8571428571428571
2949,Rating,Đánh giá,exact_duplicate,6,8,1.3333333333333333
2955,px,px,identical_pair; exact_duplicate,2,2,1.0
2959,Color Depth,Độ sâu màu: Find pictures with any color depth / 8 bits per channel...,extreme_length_ratio,11,70,6.363636363636363
3008,Edit,Sửa,exact_duplicate,4,3,0.75
3019,Delete immediately,Xoá hoàn toàn,noise_ui_fragment,18,13,0.7222222222222222
3024,Clear On Close,Độ sâu màu:,noise_ui_fragment,14,11,0.7857142857142857
3027,Summary,Tóm tắt,exact_duplicate,7,7,1.0
3029,Manual,Sổ tay,exact_duplicate,6,6,1.0
3031,About,Giới thiệu,exact_duplicate,5,10,2.0
3037,Thumbnails: %1 Capture image: %2 Delete items: %3 Upload items: %4 Create directories: %5 Delete directories: %6,Tên:% 1 Mô hình:% 2 Cổng:% 3 Đường dẫn:% 4 Tính năng đã hỗ trợ: • ảnh mẫu:% 5 • xoá mục:% 6 • tải lên mục:% 7 • tạo thư mục:% 8 • xoá thư mục:% 9,noise_ui_fragment,112,145,1.2946428571428572
3039,"The Mounted Camera driver is a simple interface to a camera disk mounted locally on your system. It does not use libgphoto2 drivers. To report any problems with this driver, please contact the digiKam team at: http: / /www. digikam. org/ ?q=contact","Trình điều khiển máy ảnh đã lắp là một giao diện đơn giản với đĩa máy ảnh được lắp cục bộ trên hệ thống của bạn. Nó không sử dụng trình điều khiển kiểu libgphoto2. Để thông báo lỗi nào về trình điều khiển này, hãy liên lạc với nhóm digiKam ở: http: // www. digikam. org /? q=contact",noise_url,248,282,1.1370967741935485
3053,Upper,Trên,exact_duplicate,5,4,0.8
3088,Failed to delete %1...,Lỗi xoá tập tin «% 1 ».,noise_ui_fragment,22,23,1.0454545454545454
3089,"Failed to delete file ""%1"".",Lỗi xoá tập tin «% 1 ».,noise_ui_fragment,27,23,0.8518518518518519
3098,ISO,ISO,identical_pair; exact_duplicate,3,3,1.0
3100,Local Settings,Thiết lập cục bộ,noise_ui_fragment,14,16,1.1428571428571428
3104,Select your preferred date format used to create new albums. The options available are: ISO: the date format is in accordance with ISO 8601 (YYYY-MM-DD). E. g.: 2006-08-24 Full Text: the date format is in a user-readable string. E. g.: Thu Aug 24 2006 Local Settings: the date format depending on KDE control panel settings.,"Ở đây hãy chọn định dạng ngày tháng đã muốn, được dùng để tạo tập ảnh mới. Các tùy chọn có thể: ISO: định dạng ngày tháng tùy theo ISO 8601 (YYYY- MM- DD). v. d.: 2006- 08- 24Văn bản đầy đủ: định dạng ngày tháng theo chuỗi cho người dùng đọc được, v. d.: Th5 24 T8 2006Thiết lập cục bộ: định dạng ngày tháng phụ thuộc vào thiết lập trên bảng điều khiển KDE.",noise_ui_fragment,324,357,1.1018518518518519
3117,Cancel,Thôi,exact_duplicate; noise_ui_fragment,6,4,0.6666666666666666
3122,Download/ Delete Selected,Tải về các điều chọn,noise_ui_fragment,25,20,0.8
3123,Download/ Delete All,Tải về hết,noise_ui_fragment,20,10,0.5
3124,Upload...,Tải lên...,exact_duplicate,9,10,1.1111111111111112
3127,Delete Selected,Xoá các điều chọn,noise_ui_fragment,15,17,1.1333333333333333
3128,Delete All,Xoá tất cả,exact_duplicate; noise_ui_fragment,10,10,1.0
3131,Do you want to close the dialog and cancel the current operation?,Bạn có muốn đóng hộp thoại này và thôi thao tác đang chạy không?,noise_ui_fragment,65,64,0.9846153846153847
3136,Retry,Thử lại,exact_duplicate,5,7,1.4
3141,Cancel Download,Tải về,noise_ui_fragment,15,6,0.4
3143,"The items listed below are locked by camera (read-only). These items will not be deleted. If you really want to delete these items, please unlock them and try again.","Những mục được liệt kê bên cư cũng bị máy ảnh khoá (chỉ đọc). Vậy các mục này sẽ không bị xoá. Nếu bạn thực sự muốn xoá những mục này, hãy bỏ khoá chúng rồi thử lại.",noise_ui_fragment,165,165,1.0
3147,Thumbnails: %1 Capture image: %2 Delete items: %3 Upload items: %4 Create directories: %5 Delete Directories: %6,Tên:% 1 Mô hình:% 2 Cổng:% 3 Đường dẫn:% 4 Tính năng đã hỗ trợ: • ảnh mẫu:% 5 • xoá mục:% 6 • tải lên mục:% 7 • tạo thư mục:% 8 • xoá thư mục:% 9,noise_ui_fragment,112,145,1.2946428571428572
3148,Download,Tải về,exact_duplicate,8,6,0.75
3149,Download & & Delete,Tải về các điều chọn,noise_ui_fragment,19,20,1.0526315789473684
3153,Delete Date Search?,Xoá tìm kiếmWeek # weeknumber - month name - year string,noise_ui_fragment,19,56,2.9473684210526314
3160,"Enter the name of the current dates search to save in the ""My Date Searches"" view",Ở đây hãy nhập vào tên của việc tìm kiếm hiện thời cần lưu vào ô xem « Tìm kiếm của tôi ».,noise_ui_fragment,81,90,1.1111111111111112
3164,Click To Exit...,"Nhấn để thoát... Reason for inhibiting the screensaver activation, when the presentation mode is active",extreme_length_ratio,16,103,6.4375
3177,File:,Tập tin:,exact_duplicate,5,8,1.6
3178,Folder:,Thư mục:,exact_duplicate,7,8,1.1428571428571428
3179,"Enter the name of the current similar image search to save in the ""My Fuzzy Searches"" view.",Ở đây hãy nhập vào tên của việc tìm kiếm hiện thời cần lưu vào ô xem « Tìm kiếm của tôi ».,noise_ui_fragment,91,90,0.989010989010989
3190,"Enter the name of the current sketch search to save in the ""My Fuzzy Searches"" view.",Ở đây hãy nhập vào tên của việc tìm kiếm hiện thời cần lưu vào ô xem « Tìm kiếm của tôi ».,noise_ui_fragment,84,90,1.0714285714285714
3194,Delete Fuzzy Search?,Xoá tìm kiếm,noise_ui_fragment,20,12,0.6
3200,& Save image rating as tags,& Lưu đánh giá ảnh dạng thẻ,noise_ui_fragment,27,27,1.0
3218,Colors:,Màu sắc:,exact_duplicate,7,8,1.1428571428571428
3242,"Luminance: this control sets the luminance tolerance of the image. Using either the Color or the Luminance tolerance settings to make an image correction is recommended, but not both at the same time. These settings do not influence the main smoothing process controlled by the Details settings.","Độ trưng: cái điều khiển này đặt độ chịu đựng trưng của ảnh. Khuyên bạn dùng chỉ thiết lập độ chịu đựng Màu hay Độ trưng để sửa chữa ảnh, không phải cả hai cùng lúc. Những thiết lập này không có tác động tiến trình làm mịn chính được điều khiển bởi thiết lập Chi tiết.",noise_ui_fragment,295,268,0.9084745762711864
3243,"Color: this control sets the color tolerance of the image. It is recommended using either the Color or the Luminance tolerance to make image correction, not both at the same time. These settings do not influence the main smoothing process controlled by the Details settings.","Màu: cái điều khiển này đặt độ chịu đựng màu của ảnh. Khuyên bạn dùng chỉ thiết lập độ chịu đựng Màu hay Độ trưng để sửa chữa ảnh, không phải cả hai cùng lúc. Những thiết lập này không có tác động tiến trình làm mịn chính được điều khiển bởi thiết lập Chi tiết.",noise_ui_fragment,274,261,0.9525547445255474
3247,Details,Chi tiết,exact_duplicate,7,8,1.1428571428571428
3277,Remove current item,Theo tập hợp,exact_duplicate,19,12,0.631578947368421
3278,Update current item,Theo tập hợp,exact_duplicate,19,12,0.631578947368421
3279,Add new item,Theo tập hợp,exact_duplicate,12,12,1.0
3280,Photograph Tone Mapping Settings File to Load,Tập tin thiết lập thay đổi kích cỡ ảnh chụp cần nạp,noise_ui_fragment,45,51,1.1333333333333333
3281,"""%1"" is not a Photograph Tone Mapping settings text file.",«% 1 » không phải là một tập tin văn bản thiết lập thay đổi kích cỡ ảnh chụp.,noise_ui_fragment,57,77,1.3508771929824561
3282,Cannot load settings from the Photograph Tone Mapping text file.,Không thể nạp thiết lập từ tập tin văn bản thay đổi kích cỡ ảnh chụp.,noise_ui_fragment,64,69,1.078125
3283,Photograph Tone Mapping Settings File to Save,Tập tin thiết lập thay đổi kích cỡ ảnh chụp cần lưu,noise_ui_fragment,45,51,1.1333333333333333
3284,Cannot save settings to the Photograph Tone Mapping text file.,Không thể lưu thiết lập vào tập tin văn bản thay đổi kích cỡ ảnh chụp.,noise_ui_fragment,62,70,1.1290322580645162
3292,& Save,& Lưu dạng...,noise_ui_fragment,6,13,2.1666666666666665
3309,Standard,Chuẩn,exact_duplicate,8,5,0.625
3311,Select your preferred date format for creating the new albums. The options available are: Standard: the date format that has been used as a standard by digiKam. E. g.: 20060824T142618 ISO: the date format according to ISO 8601 (YYYY-MM-DD). E. g.: 2006-08-24T14:26:18 Full Text: the date format is a user-readable string. E. g.: Thu Aug 24 14:26:18 2006 Local Settings: the date format depending on the KDE control panel settings. Advanced: allows the user to specify a custom date format.,"Hãy chọn định dạng ngày tháng đã muốn, được dùng để tạo tập ảnh mới. Tùy chọn có thể: Chuẩn: định dạng ngày tháng dùng làm tiêu chuẩn bởi digiKam, v. d.: 20060824T142618ISO: định dạng ngày tháng tùy theo ISO 8601 (YYYY- MM- DD), v. d.: 2006- 08- 24T14: 26: 18Văn bản đầy đủ: định dạng ngày tháng theo chuỗi cho người dùng đọc, v. d.: Th5 24 T8 14: 26: 18 2006Thiết lập cục bộ: định dạng ngày tháng phụ thuộc vào thiết lập trên bảng điều khiển KDE. Cấp cao: cho bạn có khả năng xác định một định dạng ngày tháng riêng.",noise_ui_fragment,489,517,1.0572597137014315
3326,"If this option is enabled, digiKam does not apply the workspace color profile to an image, without prompting you about missing embedded profiles or embedded profiles different from the workspace profile.","Chuyển vào Sọt Rác, không cần xác nhận",extreme_length_ratio,203,38,0.18719211822660098
3328,Input:,Ở đây hãy chọn hồ sơ màu thích hợp với bộ trình bày (thiết bị màn hình) của máy tính này. Bạn hãy bật tùy chọn Dùng ô xem có màu đã quản lý để sử dụng hồ sơ này.,extreme_length_ratio,6,161,26.833333333333332
3329,Select a default profile for your input device (usually your camera or your scanner),Nhập:,extreme_length_ratio,84,5,0.05952380952380952
3330,Soft proof:,"Bạn cần phải chọn hồ sơ thích hợp với thiết bị nhập (thường là máy ảnh, máy quét v. v.)",extreme_length_ratio,11,87,7.909090909090909
3335,"Only embed the color workspace profile in the image, do not change the image.",Gán,extreme_length_ratio,77,3,0.03896103896103896
3338,System Settings,Tự chọn,noise_ui_fragment,15,7,0.4666666666666667
3339,"You have selected the ""Default built-in sRGB profile""",Thiết lập,extreme_length_ratio,53,9,0.16981132075471697
3345,Workspace:,Đường dẫn mặc định đến thư mục hồ sơ màu. Bạn phải cất giữ mọi hồ sơ màu của mình trong thư mục này.,extreme_length_ratio,10,100,10.0
3346,"All the images will be converted to the color space of this profile, so you must select a profile appropriate for editing. These color profiles are device independent.",Vùng làm việc:,extreme_length_ratio,167,14,0.08383233532934131
3351,power,digiKam đã không gỡ bỏ được hồ sơ màu không hợp lệ nên bạn tự gỡ bỏ.,extreme_length_ratio,5,68,13.6
3368,Additional Settings,Lần lặp lại:,noise_ui_fragment,19,12,0.631578947368421
3371,& Save default photographer identity as tags,& Lưu sự giống hệt nhà nhiếp ảnh mặc định dạng thẻ,noise_ui_fragment,44,50,1.1363636363636365
3372,& Save default credit and copyright identity as tags,& Lưu sự giống hệt công trạng và tác quyền dạng thẻ,noise_ui_fragment,52,51,0.9807692307692307
3376,Identity,Bật tùy chọn này để cất giữ sự giống hệt nhà nhiếp ảnh mặc định vào thẻ IPTC dùng thiết lập siêu dữ liệu của digiKam.,extreme_length_ratio,8,117,14.625
3378,Enable this option to store the default photographer identity in the XMP and IPTC tags using digiKam's metadata settings.,Công trạng và Tác quyền,extreme_length_ratio; noise_ui_fragment,121,23,0.19008264462809918
3379,Enable this option to store the default credit and copyright information in the XMP and IPTC tags using digiKam's metadata settings.,Giống hệt,extreme_length_ratio; noise_ui_fragment,132,9,0.06818181818181818
3381,Fast,"Nếu bạn bấm cái nút này, mọi giá trị của đường cong từ kênh được chọn hiện thời sẽ bị đặt lại thành giá trị mặc định.",extreme_length_ratio,4,117,29.25
3383,Use this button to scan whole collection to find all duplicate items.,& Cuối,extreme_length_ratio,69,6,0.08695652173913043
3384,Rebuilding all image thumbnails can take some time. Do you want to continue?,Ngưỡng:,extreme_length_ratio,76,7,0.09210526315789473
3385,Advanced Settings:,Bật tùy chọn này để hiển thị kiểu của tập tin ảnh.,noise_ui_fragment,18,50,2.7777777777777777
3387,Image Properties,Tiến trình xây dựng lại mọi ảnh mẫu của ảnh có thể kéo dài một lát. Bạn vẫn muốn tiếp tục không?,extreme_length_ratio,16,96,6.0
3389,Camera File Properties,Thuộc tính tập tin,exact_duplicate,22,18,0.8181818181818182
3392,Delete Search,& Cuối,noise_ui_fragment,13,6,0.46153846153846156
3397,Delete Album,Thứ nhất:,noise_ui_fragment,12,9,0.75
3398,& Save As...,Gỡ bỏ mục,noise_ui_fragment,12,9,0.75
3401,Load all filter parameters from settings text file.,& Lưu dạng...,noise_ui_fragment,51,13,0.2549019607843137
3402,Save all filter parameters to settings text file.,& Tải...,extreme_length_ratio; noise_ui_fragment,49,8,0.16326530612244897
3404,Points:,Tải mọi tham số lọc từ tập tin văn bản thiết lập.,extreme_length_ratio,7,49,7.0
3406,Enable this option to flip horizontally guidelines.,Phạm vi:,extreme_length_ratio,51,8,0.1568627450980392
3407,Here you can see the black and white conversion tool preview. You can pick color on image to see the color level corresponding on histogram.,Lật ngang,extreme_length_ratio,140,9,0.06428571428571428
3408,Here you can see the auto-color correction tool preview. You can pick color on image to see the color level corresponding on histogram.,Lật dọc,extreme_length_ratio,135,7,0.05185185185185185
3420,New Album...,Ở đây có ô xem thử cách điều chỉnh cán cân màu của ảnh. Bạn có thể kén màu trên ảnh để xem cấp màu tương ứng trong biểu đồ tần xuất.,extreme_length_ratio,12,132,11.0
3421,New Album From Selection,Ở đây hãy chọn định sẵn lọc cần dùng khi phục hồi lại ảnh chụp: Không có: những giá trị thường nhất; đặt thiết lập thành mặc định. giảm nhiễu đồng dạng: giảm đồ tạo tác ảnh nhỏ như nhiễu máy nhạy. Giảm đồ tạo tác JPEG: giảm đồ tạo tác ảnh lớn như đồ khảm nén JPEG. Giảm đồ họa tiết hoá: giảm đồ tạo tác ảnh như họa tiết giấy hay mẫu Moire của ảnh đã quét.,extreme_length_ratio,24,355,14.791666666666666
3423,Update Metadata Database...,& Lùi,extreme_length_ratio,27,5,0.18518518518518517
3424,Focal:,Cập nhật cơ sở dữ liệu siêu dữ liệu...,extreme_length_ratio,6,38,6.333333333333333
3430,Family,Hồ sơ theo đây không phải hợp lệ:,extreme_length_ratio,6,33,5.5
3432,Thumbbar Items Tool Tip Settings,Họ,extreme_length_ratio; noise_ui_fragment,32,2,0.0625
3433,RAW Files Decoding Settings,Họ,extreme_length_ratio; noise_ui_fragment,27,2,0.07407407407407407
3434,Color Management Settings,Họ,extreme_length_ratio; noise_ui_fragment,25,2,0.08
3435,Save Images' Files' Settings,Thiết lập mẹo công cụ của Mục thanh trượt,noise_ui_fragment,28,41,1.4642857142857142
3436,Slide Show Settings,Thiết lập giải mã tập tin RAW,noise_ui_fragment,19,29,1.5263157894736843
3437,Album View Settings,Thiết lập quản lý màu,noise_ui_fragment,19,21,1.105263157894737
3438,Album Items Tool Tip Settings,Lưu thiết lập tập tin ảnh,noise_ui_fragment,29,25,0.8620689655172413
3442,Album Family Settings,Quản lý thông tin ảnh nhúng,noise_ui_fragment,21,27,1.2857142857142858
3443,Supported File (MIME-Type) Settings,Thông tin giống hệt IPTC mặc định,noise_ui_fragment,35,33,0.9428571428571428
3444,Light Table Settings,Tên tập ảnh,noise_ui_fragment,20,11,0.55
3445,Image Editor Album Settings,Thiết lập tập ảnh,noise_ui_fragment,27,17,0.6296296296296297
3446,Image Editor: Settings for Color Management,Thiết lập kiểu tập tin (MIME),noise_ui_fragment,43,29,0.6744186046511628
3447,Main Interface Plug-in Settings,Thiết lập Bảng ánh sáng,noise_ui_fragment,31,23,0.7419354838709677
3448,Miscellaneous Settings,Thiết lập chung bộ sửa ảnh,noise_ui_fragment,22,26,1.1818181818181819
3452,Album Type Settings,Tập & hợp:,noise_ui_fragment,19,10,0.5263157894736842
3466,"Failed to save file ""%1"" to ""%2"".",Tập tin âm thanh,noise_ui_fragment,33,16,0.48484848484848486
3467,This shows all root albums used by digiKam as collections.,Xoay phải,extreme_length_ratio,58,9,0.15517241379310345
3469,& New,Lỗi lưu tập tin «% 1 » vào «% 2 ».,extreme_length_ratio,5,34,6.8
3470,Path:,Ở đây bạn có thể xem danh sách các máy ảnh điện số được dùng bởi digiKam qua giao diện Gphoto.,extreme_length_ratio,5,94,18.8
3471,Sorry you cannot use your home directory as the root album.,Kiểu:,extreme_length_ratio,59,5,0.0847457627118644
3472,"You do n't seem to have write access to this root album. Without this access, image and metadata editing will not work.",& Xem,extreme_length_ratio,119,5,0.04201680672268908
3474,Modified:,Tiếc là không thể đặt thư mục chính làm thư viện tập ảnh.,extreme_length_ratio,9,57,6.333333333333333
3475,Size:,Không có quyền ghi vào đường dẫn này. Cảnh báo: tính năng ghi chú và thẻ sẽ không hoạt động được.,extreme_length_ratio,5,97,19.4
3490,Hardware handling using KDE4 Solid interface,Tải về:,extreme_length_ratio,44,7,0.1590909090909091
3494,A new tool to perform advanced searches based on photo meta-information,Máy ảnh,extreme_length_ratio,71,7,0.09859154929577464
3503,Print image file name,"Bật tùy chọn này để nạp kích cỡ ảnh đầy đủ trong ô xem thử nhúng, thay cho kích cỡ bị giảm. Vì tùy chọn này sẽ nạp chậm hơn, khuyên bạn chỉ sử dụng nó trên máy tính chạy nhanh.",extreme_length_ratio,21,176,8.380952380952381
3508,"Set this option to load the full image size with an embedded preview, instead of a reduced size. Because this option will take more time to load images, use it only if you have a fast computer.",Hỗ trợ siêu dữ liệu RAW,extreme_length_ratio,193,23,0.11917098445595854
3509,Root Album Paths,"digiKam sẽ cất giữ những tập ảnh bạn tạo trong một Thư mục Thư Viện Tập Ảnh chung. Bên dưới, xin hãy chọn thư mục nào bạn muốn digiKam dùng là thư mục Thư Viện Tập Ảnh dùng chung. Đừng chọn đường dẫn lắp nằm trên máy ở xa.",extreme_length_ratio,16,222,13.875
3513,RAW camera supported,"Ở đây hãy chọn tỷ lệ biểu đồ tần xuất. Nếu ảnh có số đếm tối đa nhỏ, bạn có thể dùng tỷ lệ tuyến. Còn nếu ảnh có số đếm tối đa lớn, bạn có thể dùng tỷ lệ loga; nếu dùng, mọi giá trị (cả nhỏ lẫn lớn) sẽ được hiển thị trong đồ thị.",extreme_length_ratio,20,229,11.45
3514,"digiKam use root album paths to store your photo albums created in My Albums view from left side-bar. Below, please select which folder you would like digiKam to use as first root album path from your local file system. Note: you can set other root album paths later using digiKam settings panel. Removable medias and shared files system are supported.",Rune Laursen,extreme_length_ratio; noise_ui_fragment,352,12,0.03409090909090909
3515,"Below, set the location on your computer where the digiKam database file will be stored. Write access is required to be able to edit image properties. Please note that you cannot use a remote file system here, such as NFS.",Bản dịch Đan Mạch,extreme_length_ratio,222,17,0.07657657657657657
3517,"Select the histogram scale. If the date count's maximal values are small, you can use the linear scale. Logarithmic scale can be used when the maximal values are big; if it is used, all values (small and large) will be visible on the graph.",Marcus Meissner,extreme_length_ratio,240,15,0.0625
3524,Hungarian translations,Ở đây hãy chọn kênh biểu đồ tần xuất cần hiển thị: Độ trưng: hiển thị các giá trị độ trưng (độ dáng đã thấy). Đỏ: hiển thị kênh ảnh màu đỏ. Lục: hiển thị kênh ảnh màu lục. Xanh: hiển thị kênh ảnh màu xanh. Anfa: hiển thị kênh ảnh anfa. Kênh này tương ứng với giá trị độ trong suốt và được hỗ trợ bởi một số định dạng ảnh như PNG hay TIFF. Màu sắc: hiển thị tất cả các giá trị kênh màu cùng lúc.,extreme_length_ratio,22,394,17.90909090909091
3525,Jasper van der Marel,"Ở đây hãy chọn tỷ lệ biểu đồ tần xuất. Nếu ảnh có số đếm tối đa nhỏ, bạn có thể dùng tỷ lệ tuyến. Còn nếu ảnh có số đếm tối đa lớn, bạn có thể dùng tỷ lệ loga; nếu dùng, mọi giá trị (cả nhỏ lẫn lớn) sẽ được hiển thị trong đồ thị.",extreme_length_ratio,20,229,11.45
3528,Select the histogram channel to displayhere: Luminosity: Display luminosity (perceived brightness) values. Red: Display the red image channel. Green: Display the green image channel. Blue: Display the blue image channel. Alpha: Display the alpha image channel. This channel corresponds to the transparency value and is supported by some image formats such as PNG or TIFF. Colors: Display all color channel values at the same time.,Vùng chọn,extreme_length_ratio,430,9,0.020930232558139535
3530,Linear,Ở đây hãy đặt hệ số phóng/ thu dùng để vẽ ảnh trong ô xem thử.,extreme_length_ratio,6,62,10.333333333333334
3532,Selection,Ở đây bạn có thể xem bảng ảnh gốc mà có thể giúp đỡ bạn chọn ô xem thử trích. Nhấn và kéo con trỏ chuột trong hình chữ nhật màu đỏ để thay đổi tiêu điểm trích.,extreme_length_ratio,9,159,17.666666666666668
3534,Here set the zoom factor of the preview area.,"Ở đây hãy chọn tỷ lệ biểu đồ tần xuất. Nếu ảnh có số đếm tối đa nhỏ, bạn có thể dùng tỷ lệ tuyến. Còn nếu ảnh có số đếm tối đa lớn, bạn có thể dùng tỷ lệ loga; nếu dùng, mọi giá trị (cả nhỏ lẫn lớn) sẽ được hiển thị trong đồ thị.",extreme_length_ratio,45,229,5.088888888888889
3540,Here you can see the target preview image histogram drawing of the selected image channel. This one is re-computed at any filter settings changes.,Ở đây đặt màu dùng để vẽ đường gạch gạch dẫn.,noise_ui_fragment,146,45,0.3082191780821918
3541,"Select the histogram channel to display here: Luminosity: display the image's luminosity values. Red: display the red image-channel values. Green: display the green image-channel values. Blue: display the blue image-channel values. Alpha: display the alpha image-channel values. This channel corresponds to the transparency value and is supported by some image formats, such as PNG or TIF.",Ở đây đặt độ rộng theo điểm ảnh dùng để vẽ đường gạch gạch dẫn.,extreme_length_ratio,389,63,0.16195372750642673
3542,Here you can see the target preview image histogram drawing of the selected image channel. This one is re-computed at any levels settings changes.,Ở đây hãy chọn kênh biểu đồ tần xuất cần hiển thị: Độ trưng: hiển thị những giá trị độ trưng của ảnh. Đỏ: hiển thị những giá trị kênh màu đỏ. Lục: hiển thị những giá trị kênh màu lục. Xanh: hiển thị những giá trị kênh màu xanh.,noise_ui_fragment,146,227,1.5547945205479452
3544,Set here the width in pixels used to draw guides dashed-lines.,Kênh:,extreme_length_ratio,62,5,0.08064516129032258
3546,Set here the gamma adjustment of the image.,Ở đây hãy chọn kênh biểu đồ tần xuất cần hiển thị: Độ trưng: hiển thị những giá trị độ trưng của ảnh. Đỏ: hiển thị những giá trị kênh màu đỏ. Lục: hiển thị những giá trị kênh màu lục. Xanh: hiển thị những giá trị kênh màu xanh.,extreme_length_ratio,43,227,5.27906976744186
3547,Channel:,Ở đây bạn có thể xem bản vẽ biểu đồ tần xuất ảnh xem thử đích của kênh ảnh đã chọn. Điều này được tính lại khi nào thay đổi thiết lập.,extreme_length_ratio,8,134,16.75
3552,"This is the image filter effect preview. If you move the mouse cursor on this area, a vertical and horizontal dashed line will be draw to guide you in adjusting the filter settings. Press the left mouse button to freeze the dashed line's position.",Đây là phần trăm công việc hoàn tất hiện thời.,extreme_length_ratio; noise_ui_fragment,247,46,0.1862348178137652
3555,digiKam Handbook,© năm 2004- 2006 của Gilles Caulier © năm 2006- 2007 của Gilles Caulier và Marcel Wiesweg,extreme_length_ratio,16,89,5.5625
3566,"(c) 2004-2005, Gilles Caulier (c) 2006-2007, Gilles Caulier and Marcel Wiesweg",Bản vẽ than gỗ,extreme_length_ratio,78,14,0.1794871794871795
3570,Apply Texture,Phần bổ sung ảnh digiKam để áp dụng họa tiết để trang trí cho ảnh.,extreme_length_ratio,13,66,5.076923076923077
3619,David Tschumperle,David Tschumperle,identical_pair,17,17,1.0
3639,Vignetting...,Bật tùy chọn này để khởi chạy phần bổ sung ảnh quản lý màu khi tập tin RAW được nạp trong bộ sửa ảnh.,extreme_length_ratio,13,101,7.769230769230769
3658,Access denied to path,Ở đây bạn có thể đặt phần mở rộng của tập tin ảnh RAW cần hiển thị trong tập ảnh (như CRW cho máy ảnh Canon hay NEF cho máy ảnh Nikon).,extreme_length_ratio,21,135,6.428571428571429
3669,Search Rules,Ở đây có ô xem thử ảnh mẫu của việc sửa chữa được áp dụng cho một mẫu chứ thập.,extreme_length_ratio,12,79,6.583333333333333
3671,Add/ Delete Option,Bộ xem và sửa đổi ảnh chụp KDE,noise_ui_fragment,18,30,1.6666666666666667
3674,Or,Ở đây bạn có thể xem lại các quy tắc tìm kiếm được dùng để lọc các ảnh khi tìm kiếm trong thư viện tập ảnh.,extreme_length_ratio,2,107,53.5
3677,You can group or ungroup any search criteria from the Search Rule set.,cũng như,extreme_length_ratio,70,8,0.11428571428571428
3679,& Save search as:,& Xoá,noise_ui_fragment,17,5,0.29411764705882354
3680,"Enter the name used to save the current search in ""My Searches"" view",Tùy chọn Nhóm lại/ Rã nhóm,noise_ui_fragment,68,26,0.38235294117647056
3681,Tag Name,"Trong danh sách Quy tắc tìm kiếm, bạn có thể nhóm lại hay rã nhóm tiêu chuẩn tìm kiếm nào.",extreme_length_ratio,8,90,11.25
3684,Image Caption,Ở đây hãy nhập vào tên được dùng khi lưu việc tìm kiếm hiện thời vào trong ô xem « Tìm kiếm của tôi ».,extreme_length_ratio,13,102,7.846153846153846
3693,Enter your search criteria to find items in the album library,không bằng,extreme_length_ratio,61,10,0.16393442622950818
3694,"Here you can see the items found in the album library, using the current search criteria",Sau,extreme_length_ratio,88,3,0.03409090909090909
3695,Save search as:,Trước,noise_ui_fragment,15,5,0.3333333333333333
3706,"ICC profiles path seems to be invalid. If you want to set it now, select ""Yes"", otherwise select ""No"". In this case, ""Color Management"" feature will be disabled until you solve this issue",Sự méo mó kính...,extreme_length_ratio,187,17,0.09090909090909091
3709,& Send to Trash,"Đánh dấu trong hộp chọn này thì hộp thoại này không còn được hiển thị lại, các tập tin bị di chuyển trực tiếp vào Sọt Rác.",extreme_length_ratio,15,122,8.133333333333333
3710,New Simple Search...,"Có vẻ là đường dẫn đến các hồ sơ ICC không phải hợp lệ. Muốn đặt nó ngay bây giờ thì chọn « Có », không thì chọn « Không ». Trong trường hợp này, tính năng « Quản lý màu » bị tắt đến khi bạn giải quyết vấn đề này.",extreme_length_ratio,20,213,10.65
3739,GPS,Đang xử lý ảnh mẫu ít,extreme_length_ratio,3,21,7.0
3744,Set the photographer title. This field is limited to 32 ASCII characters with IPTC.,Đánh giá,extreme_length_ratio,83,8,0.0963855421686747
3745,"Set the default provider identification of the image, not necessarily the owner/ creator. This field is limited to 32 ASCII characters with IPTC.",Đánh giá,extreme_length_ratio,145,8,0.05517241379310345
3746,"Set the default original owner identification of the intellectual content of the image. This could be an agency, a member of an agency or an individual photographer name. This field is limited to 32 ASCII characters with IPTC.",Ngày tôi,extreme_length_ratio,226,8,0.035398230088495575
3748,Quick Search...,Ở đây hãy đặt tựa của nhà nhiếp ảnh. Trường này bị hạn chế thành 32 ký tự ASCII.,extreme_length_ratio,15,80,5.333333333333333
3749,Using dcraw version %1,"Ở đây hãy đặt sự giống hệt nhà cung cấp mặc định của ảnh, không nhất thiết là người sở hữu/ tạo nó. Trường này bị hạn chế thành 32 ký tự ASCII.",extreme_length_ratio,22,143,6.5
3754,Album & Library,"Đặt ngưỡng chọn điểm ảnh màu đỏ. GIá trị thấp thì chọn nhiều điểm ảnh màu đỏ hơn, giá trị cao chọn ít hơn.",extreme_length_ratio,15,106,7.066666666666666
3763,Top-Right,Đang tìm mục không phải trong cơ sở dữ liệu hay trên đĩa,extreme_length_ratio,9,56,6.222222222222222
3765,Central,Ảnh này quá lớn so với trang: bạn có muốn làm gì vậy?,extreme_length_ratio,7,53,7.571428571428571
3773,KColorEdit,KColorEdit,identical_pair; exact_duplicate,10,10,1.0
3774,Artur Rataj,Artur Rataj,identical_pair,11,11,1.0
3775,Untitled,Không tên,exact_duplicate,8,9,1.125
3776,"The document ""%1"" has been modified. Do you want to save your changes or discard them?",Tập tin hiện thời đã bị sửa đổi. Bạn có muốn lưu nó không?,noise_ui_fragment,86,58,0.6744186046511628
3778,Overwrite,Ghi đè,exact_duplicate,9,6,0.6666666666666666
3782,[modified],In this view the user can see the whole color pallete,language_suspect; extreme_length_ratio,10,53,5.3
3783,Preview,In this view the user can edit the palette,language_suspect; extreme_length_ratio,7,42,6.0
3800,Extras,Refer to color scheme... just scheme,language_suspect; extreme_length_ratio,6,36,6.0
3801,Scheme:,Color models: for instance RGB,language_suspect,7,30,4.285714285714286
3809,Save,Lưu dạng,noise_ui_fragment,4,8,2.0
3810,Cancel,Đổi,exact_duplicate; noise_ui_fragment,6,3,0.5
3812,Restore original brightness,color context: saturation of the color,language_suspect,27,38,1.4074074074074074
3815,Saturation %1%,NAME OF TRANSLATORS,language_suspect,14,19,1.3571428571428572
3816,Your names,Nhóm Việt hoá KDEEMAIL OF TRANSLATORS,exact_duplicate,10,37,3.7
3817,Your emails,kde- l10n- vi@ kde. org,exact_duplicate,11,23,2.090909090909091
3822,Name:,Tên,exact_duplicate,5,3,0.6
3824,Name,Tên,exact_duplicate,4,3,0.75
3828,File to open,Tập tin để mở,exact_duplicate,12,13,1.0833333333333333
3836,*_BAR_All Files,* _BAR_Mọi tập tin,exact_duplicate,15,18,1.2
3837,Open File,Mở tập tin,exact_duplicate,9,10,1.1111111111111112
3840,& Color,& Màu,exact_duplicate,7,5,0.7142857142857143
3846,w: 00000 h: 00000,w: 00000 h: 00000,identical_pair,17,17,1.0
3847,Res: XXXXX,Res: XXXXX,identical_pair,10,10,1.0
3848,Type: XXXXXXX,Type: XXXXXXX,identical_pair,13,13,1.0
3851,KFax,KFax,identical_pair,4,4,1.0
3853,Failure in'copy file() 'Could not save file!,Lỗi 'copy file ()' Không thể cất file!,noise_ui_fragment,44,38,0.8636363636363636
3856,Page: %1 of %2,P.% 1 of% 2,language_suspect,14,11,0.7857142857142857
3859,Normal,Bình thường,exact_duplicate,6,11,1.8333333333333333
3863,KDE G3/ G4 Fax Viewer,KDE G3/ G4 Fax Viewer,identical_pair,21,21,1.0
3880,Invert,Invert,identical_pair,6,6,1.0
3882,Auto,Tự động,exact_duplicate,4,7,1.75
3889,Main Toolbar,NAME OF TRANSLATORS,language_suspect; exact_duplicate,12,19,1.5833333333333333
3890,Your names,Nguyen Hung Vu( Nguyễn Vũ Hưng) EMAIL OF TRANSLATORS,extreme_length_ratio; exact_duplicate,10,52,5.2
3891,Your emails,"vuhung@ fedu. uec. ac. jp, vuhung@ kde. org",exact_duplicate,11,43,3.909090909090909
3892,KGrab,KGrab,identical_pair; exact_duplicate,5,5,1.0
3893,Capture mode:,Chế độ chụp:,exact_duplicate,13,12,0.9230769230769231
3897,sec,giây,exact_duplicate,3,4,1.3333333333333333
3899,Full Screen,Toàn màn hình,exact_duplicate,11,13,1.1818181818181819
3900,Window Under Cursor,Cửa sổ dưới con trỏ,exact_duplicate,19,19,1.0
3906,& File,& Tập tin,exact_duplicate,6,9,1.5
3907,& Edit,& Sửa,exact_duplicate,6,5,0.8333333333333334
3908,& Settings,Thiết & lập,exact_duplicate; noise_ui_fragment,10,11,1.1
3909,Main Toolbar,Thanh công cụ chính,exact_duplicate,12,19,1.5833333333333333
3911,Your names,Nhóm Việt hoá KDEEMAIL OF TRANSLATORS,exact_duplicate,10,37,3.7
3912,Your emails,kde- l10n- vi@ kde. org,exact_duplicate,11,23,2.090909090909091
3919,& Copy,& Chép,exact_duplicate,6,6,1.0
3920,Ctrl+C,Ctrl+C,identical_pair,6,6,1.0
3922,File Exists,Tập tin đã có,exact_duplicate,11,13,1.1818181818181819
3924,Overwrite,Ghi đè,exact_duplicate,9,6,0.6666666666666666
3925,Unable to save image,Không thể lưu ảnh,noise_ui_fragment,20,17,0.85
3926,KGrab was unable to save the image to %1.,KGrab không thể lưu ảnh vào% 1,noise_ui_fragment,41,30,0.7317073170731707
3927,Save As,Lưu dạng,exact_duplicate; noise_ui_fragment,7,8,1.1428571428571428
3933,Marcus Hufgard,Marcus Hufgard,identical_pair; exact_duplicate,14,14,1.0
3934,Maintainer,Nhà duy trì,exact_duplicate,10,11,1.1
3935,Richard J. Moore,Richard J. Moore,identical_pair; exact_duplicate,16,16,1.0
3936,KSnapshot,KSnapshot,identical_pair; exact_duplicate,9,9,1.0
3937,Matthias Ettrich,Matthias Ettrich,identical_pair; exact_duplicate,16,16,1.0
3938,Aaron J. Seigo,Aaron J. Seigo,identical_pair; exact_duplicate,14,14,1.0
3939,KSnaphsot,KSnaphsot,identical_pair,9,9,1.0
3940,Nadeem Hasan,Nadeem Hasan,identical_pair; exact_duplicate,12,12,1.0
3943,Open With,Mở bằng,exact_duplicate,9,7,0.7777777777777778
3955,Gaël de Chalendar,Gaël de Chalendar,identical_pair,17,17,1.0
3964,& File,& Tập tin,exact_duplicate,6,9,1.5
3965,& View,& Xem,exact_duplicate,6,5,0.8333333333333334
3966,& Settings,Thiết & lập,exact_duplicate; noise_ui_fragment,10,11,1.1
3967,Main Toolbar,Thanh công cụ chính,exact_duplicate,12,19,1.5833333333333333
3972,& Yes,& Có,exact_duplicate,5,4,0.8
3973,No,Không,exact_duplicate,2,5,2.5
3976,Ask,Hỏi,exact_duplicate,3,3,1.0
3978,Your names,EMAIL OF TRANSLATORS,language_suspect; exact_duplicate,10,20,2.0
3979,Columns:,Cột:,exact_duplicate,8,4,0.5
3981,.,.,identical_pair,1,1,1.0
3994,Close,Đóng,exact_duplicate; noise_ui_fragment,5,4,0.8
4040,Print Preview,Page (number) of (total),language_suspect,13,24,1.8461538461538463
4042,Saves settings for this setup as default.,Lưu thiết lập này làm mặc định,noise_ui_fragment,41,30,0.7317073170731707
4051,Template,Mẫu,exact_duplicate,8,3,0.375
4052,Description:,Mô tả:,exact_duplicate,12,6,0.5
4053,Path:,Đường dẫn:,exact_duplicate,5,10,2.0
4055,& Add...,& Thêm...,exact_duplicate,8,9,1.125
4056,& Edit...,& Sửa...,exact_duplicate,9,8,0.8888888888888888
4057,& Remove,& Bỏ,exact_duplicate,8,4,0.5
4061,Choose...,Chọn...,exact_duplicate,9,7,0.7777777777777778
4062,Preview,Xem thử,exact_duplicate,7,7,1.0
4069,Small,Nhỏ,exact_duplicate,5,3,0.6
4070,Medium,Vừa,exact_duplicate,6,3,0.5
4071,Large,Lớn,exact_duplicate,5,3,0.6
4072,Size:,& Cỡ:,exact_duplicate,5,5,1.0
4075,Configure,Cấu hình,exact_duplicate,9,8,0.8888888888888888
4077,Background,Nền,exact_duplicate,10,3,0.3
4079,Untitled,Không tên,exact_duplicate,8,9,1.125
4080,The current file has been modified. Do you want to save it?,Tập tin hiện thời đã bị sửa đổi. Bạn có muốn lưu nó không?,noise_ui_fragment,59,58,0.9830508474576272
4081,New & Window,& Cửa sổ mới,exact_duplicate,12,12,1.0
4085,Save Save the current icon,Lưu Lưu biểu tượng hiện có.,noise_ui_fragment,26,27,1.0384615384615385
4098,100%,100%,identical_pair; exact_duplicate,4,4,1.0
4099,200%,200%,identical_pair,4,4,1.0
4100,500%,500%,identical_pair,4,4,1.0
4101,1000%,1000%,identical_pair,5,5,1.0
4125,Line,Dòng,exact_duplicate,4,4,1.0
4137,Save Icon As,Lưu biểu tượng dạng,noise_ui_fragment,12,19,1.5833333333333333
4140,& Overwrite,& Ghi đè,exact_duplicate,11,8,0.7272727272727273
4142,Print %1,In% 1Status Position,language_suspect,8,20,2.5
4144,%1 x %2,% 1 x% 2,exact_duplicate,7,8,1.1428571428571428
4157,Paste,Dán,exact_duplicate,5,3,0.6
4163,Source File,Tập tin nguồn,exact_duplicate,11,13,1.1818181818181819
4175,Size,Cỡ,exact_duplicate,4,2,0.5
4178,KIconEdit,KIconEdit,identical_pair; exact_duplicate,9,9,1.0
4180,Thomas Tanghus,Thomas Tanghus,identical_pair; exact_duplicate,14,14,1.0
4181,John Califf,John Califf,identical_pair; exact_duplicate,11,11,1.0
4182,Laurent Montel,Laurent Montel,identical_pair; exact_duplicate,14,14,1.0
4183,Aaron J. Seigo,Aaron J. Seigo,identical_pair; exact_duplicate,14,14,1.0
4184,Nadeem Hasan,Nadeem Hasan,identical_pair; exact_duplicate,12,12,1.0
4186,Adrian Page,Adrian Page,identical_pair; exact_duplicate,11,11,1.0
4195,& File,& Tập tin,exact_duplicate,6,9,1.5
4196,& Edit,& Sửa,exact_duplicate,6,5,0.8333333333333334
4197,& Tools,& Công cụ,exact_duplicate,7,9,1.2857142857142858
4198,& Settings,Thiết & lập,exact_duplicate; noise_ui_fragment,10,11,1.1
4199,Main Toolbar,Thanh công cụ chính,exact_duplicate,12,19,1.5833333333333333
4202,Your names,Nhóm Việt hoá KDEEMAIL OF TRANSLATORS,exact_duplicate,10,37,3.7
4203,Your emails,kde- l10n- vi@ kde. org,exact_duplicate,11,23,2.090909090909091
4205,and,và,exact_duplicate,3,2,0.6666666666666666
4206,or,hoặc,exact_duplicate,2,4,2.0
4209,You are about to sort a set of thumbnails with others in between. This might result in an unexpected sort order. Are you sure you want to continue?,Bạn sắp sửa sắp xếp một tập mẫu ảnh có hình khác ở khoảng giữa. Trường hợp này có thể gây ra thứ tự sắp xếp bất thường. < br > Bạn có chắc muốn tiếp tục lại không?,noise_markup_or_html_entity,147,163,1.1088435374149659
4214,Cancel,Thôi,exact_duplicate; noise_ui_fragment,6,4,0.6666666666666666
4228,Places,Nơi,exact_duplicate,6,3,0.5
4229,Folder,Thư mục,exact_duplicate,6,7,1.1666666666666667
4239,Settings,Thiết lập,exact_duplicate; noise_ui_fragment,8,9,1.125
4243,to,"đếnThis is milimeter for focal length, like 35mm",extreme_length_ratio,2,48,24.0
4244,mm,mm,identical_pair; exact_duplicate,2,2,1.0
4245,Camera,Máy ảnh,exact_duplicate,6,7,1.1666666666666667
4246,Miscellaneous,Lặt vặt,exact_duplicate,13,7,0.5384615384615384
4249,1 second,1 giây,exact_duplicate,8,6,0.75
4253,Manual,Bằng tay,exact_duplicate,6,8,1.3333333333333333
4261,Orientation,Hướng,exact_duplicate,11,5,0.45454545454545453
4267,Unknown,Không rõ,exact_duplicate,7,8,1.1428571428571428
4268,Average,Trung bình,exact_duplicate,7,10,1.4285714285714286
4272,Pattern,Mẫu,exact_duplicate,7,3,0.42857142857142855
4274,Other,Khác,exact_duplicate,5,4,0.8
4276,Normal,Chuẩn,exact_duplicate,6,5,0.8333333333333334
4277,Soft,Mềm,exact_duplicate,4,3,0.75
4278,Hard,Cứng,exact_duplicate,4,4,1.0
4280,Saturation,Bão hoà,exact_duplicate,10,7,0.7
4281,Low,Thấp,exact_duplicate,3,4,1.3333333333333333
4282,High,Cao,exact_duplicate,4,3,0.75
4298,Default,Mặc định,exact_duplicate,7,8,1.1428571428571428
4300,Username:,Tên người dùng:,exact_duplicate,9,15,1.6666666666666667
4301,Password:,Mật khẩu:,exact_duplicate,9,9,1.0
4316,"The index. xml file read was from an older version of KPhotoAlbum. KPhotoAlbum read the old format without problems, but to be able to convert back to KimDaBa 2.1 format, you need to run the current KPhotoAlbum using the flag export-in-2.1-format, and then save.","Tập tin « index. xml » được đọc thì thuộc về một phiên bản KPhotoAlbum cũ. KPhotoAlbum này đọc được định dạng cũ, nhưng để có khả năng chuyển đổi về định dạng KimDaBa 2. 1, bạn cần phải chạy chương trình KPhotoAlbum hiện thời bằng cờ export- in- 2. 1- format (xuất khẩu theo định dạng 2. 1), rồi lưu.",noise_ui_fragment,262,300,1.1450381679389312
4325,None,Không có,exact_duplicate,4,8,2.0
4330,none,Không có,exact_duplicate,4,8,2.0
4332,Search,Tìm kiếm,exact_duplicate,6,8,1.3333333333333333
4340,Image,Ảnh,exact_duplicate,5,3,0.6
4341,Images,Ảnh,exact_duplicate,6,3,0.5
4345,Set,Đặt,exact_duplicate,3,3,1.0
4346,Group:,Nhóm:,exact_duplicate,6,5,0.8333333333333334
4366,Close,Đóng,exact_duplicate; noise_ui_fragment,5,4,0.8
4368,Centered,Ở giữa,exact_duplicate,8,6,0.75
4375,Rotate,Xoay,exact_duplicate,6,4,0.6666666666666666
4378,Skip,Bỏ qua,exact_duplicate,4,6,1.5
4379,First,Đầu,exact_duplicate,5,3,0.6
4381,Show Next,Hiện kế,noise_ui_fragment,9,7,0.7777777777777778
4390,Zoom In,Phóng to,exact_duplicate,7,8,1.1428571428571428
4391,Zoom Out,Thu nhỏ,exact_duplicate,8,7,0.875
4400,Play,Phát,exact_duplicate,4,4,1.0
4401,Pause,Tạm dừng,exact_duplicate,5,8,1.6
4413,Stop,Dừng,exact_duplicate,4,4,1.0
4414,Restart,Chạy lại,exact_duplicate,7,8,1.1428571428571428
4428,KPhotoAlbum,KPhotoAlbum,identical_pair,11,11,1.0
4430,Jesper K. Pedersen,Jesper K. Pedersen,identical_pair,18,18,1.0
4432,Tuomas Suutari,Tuomas Suutari,identical_pair,14,14,1.0
4434,Will Stephenson,Will Stephenson,identical_pair,15,15,1.0
4436,Teemu Rytilahti,Teemu Rytilahti,identical_pair,15,15,1.0
4438,Reimar Imhof,Reimar Imhof,identical_pair,12,12,1.0
4440,Thomas Schwarzgruber,Thomas Schwarzgruber,identical_pair,20,20,1.0
4442,Marcel Wiesweg,Marcel Wiesweg,identical_pair; exact_duplicate,14,14,1.0
4444,Marco Caldarelli,Marco Caldarelli,identical_pair,16,16,1.0
4448,Robert L Krawitz,Robert L Krawitz,identical_pair,16,16,1.0
4450,Christoph Moseler,Christoph Moseler,identical_pair,17,17,1.0
4452,Clytie Siddall,Clytie Siddall,identical_pair,14,14,1.0
4472,"Welcome to KPhotoAlbum Import This wizard will take you through the steps of an import operation. The steps are: First you must select which images you want to import from the export file. You do so by selecting the checkbox next to the image. Next you must tell KPhotoAlbum in which directory to put the images. This directory must of course be below the directory root KPhotoAlbum uses for images. KPhotoAlbum will take care to avoid name clashes The next step is to specify which categories you want to import (People, Places,...) and also tell KPhotoAlbum how to match the categories from the file to your categories. Imagine you load from a file, where a category is called Blomst (which is the Danish word for flower), then you would likely want to match this with your category, which might be called Blume (which is the German word for flower) - of course given you are German. The final steps, is matching the individual tokens from the categories. I may call myself Jesper in my image database, while you want to call me by my full name, namely Jesper K. Pedersen. In this step non matches will be highlighted in red, so you can see which tokens was not found in your database, or which tokens was only a partial match.","Chào mừng bạn dùng khả năng Nhập KPhotoAlbum Trợ lý này sẽ hướng dẫn bạn qua các bước của thao tác nhâp khẩu: Trước tiên, bạn hãy chọn những ảnh cần nhập khẩu từ tập tin xuất, bằng cách đánh dấu trong hộp chọn ở cạnh mỗi ảnh. Báo trình KPhotoAlbum để các ảnh ở đâu. Thư mục này phải nằm dưới (bên trong) thư mục gốc KPhotoAlbum dùng cho các ảnh. Trình này cũng sẽ tránh cẩn thận các tên xung đột với nhau. Xác định những phân loại cần nhập (v. d. Người, Nơi); cũng báo trình KPhotoAlbum biết cách khớp phân loại của tập tin với phân loại của bạn. Chẳng hạn, nếu bạn nhập từ một tập tin chứa phân loại tên Flowers (tiếng Anh), bạn có thể muốn khớp nó với phân loại Hoa (tiếng Việt) của bạn. Cuối cùng, khớp các hiệu bài riêng từ phân loại. Lấy thí dụ, nếu tập tin nhập gồm gọi người là Anh, bạn có thể muốn gọi họ là Nguyễn Văn Anh hay Bác Anh, đặc biệt khi có nhiều người có tên Anh. Trong bước này, các điều không khớp thì có màu đỏ, để cho bạn xem dễ dàng những hiệu bài nào không được tìm trong co sở dữ liệu của bạn, hoặc những hiệu bài nào chỉ khớp một phần.",very_long_pair; noise_ui_fragment,1229,1063,0.8649308380797396
4473,Introduction,Giới thiệu,exact_duplicate,12,10,0.8333333333333334
4474,Select All,Chọn tất cả,exact_duplicate,10,11,1.1
4488,Manual copy next to. kim file,Sao chép bằng tay ở cạnh tập tin. kim,noise_ui_fragment,29,37,1.2758620689655173
4489,Automatically copy next to. kim file,Tự động sao chép ở cạnh tập tin. kim,noise_ui_fragment,36,36,1.0
4490,Hard link next to. kim file,Liên kết cứng ở cạnh tập tin. kim,noise_ui_fragment,27,33,1.2222222222222223
4497,"When exporting images, bear in mind that there are two things the person importing these images again will need: 1) meta information (image content, date etc.) 2) the images themselves. The images themselves can either be placed next to the. kim file, or copied into the. kim file. Copying the images into the. kim file works well for a recipient who wants all, or most of those images, for example when emailing a whole group of images. However, when you place the images on the Web, a lot of people will see them but most likely only download a few of them. It works better in this kind of case, to separate the images and the. kim file, by place them next to each other, so the user can access the images s/ he wants.","Khi bạn xuất khẩu ảnh, ghi chú rằng người nhập khẩu lại sẽ cần có hai điều: 1) siêu thông tin (nội dung của ảnh, ngày v. v.) 2) ảnhCó thể chia ra các ảnh và tập tin. kim, hoặc sao chép các ảnh vào tập tin. kim. Việc tạo chỉ một tập tin chứa các ảnh và siêu thông tin là hữu ích khi người nhập khẩu muốn có tất cả các ảnh đó, v. d khi bạn gửi các ảnh cho họ đính kèm thư. Tuy nhiên, khi bạn tải các ảnh lên Mạng, rất nhiều người sẽ xem được, nhưng chỉ muốn tải xuống vài ảnh. Trong trường hợp này, hữu hiệu hơn khi chia ra các ảnh và tập tin. kim, để cho người dùng truy cập chỉ những ảnh họ muốn.",noise_ui_fragment,720,596,0.8277777777777777
4499,& Cancel,& Thôi,exact_duplicate; noise_ui_fragment,8,6,0.75
4513,Description,Mô tả,exact_duplicate,11,5,0.45454545454545453
4514,On KPhotoAlbum's home page (http: / /www. kphotoalbum. org/) you may see a few videos featuring a number of different KPhotoAlbum features.,"Trên trang chủ của KPhotoAlbum, bạn có thể xem vài ảnh động hiển thị một số tính năng khác nhau của trình KPhotoAlbum.",noise_url,139,118,0.8489208633093526
4515,"It is possible to create new categories - that are alternatives to People, Places, and Events - in the annotation dialog. To add new categories or remove existing ones, go to the Settings-gt; Configure KPhotoAlbum dialog, and choose Categories in the side bar.","Có thể tạo phân loại mới, khác với Người, Nơi, và Từ khoá & mdash; trong trang tài sản ảnh. Đơn giản hãy mở hộp thoại Thiết lập > Cấu hình KPhotoAlbum để thêm phân loại riêng, hoặc xoá loại đã có.",noise_ui_fragment,260,196,0.7538461538461538
4516,"You may rename or delete a person, location, keyword or similar by right-clicking on the item in the image property dialog.","Bạn có thể thay đổi tên của một điều nào đó (người, nơi, từ khoá hay tương tự), hoặc xoá nó, bằng cách nhấn- phải vào mục đó trong hộp thoại tài sản ảnh.",noise_ui_fragment,123,153,1.2439024390243902
4517,"When generating HTML you must specify a base directory for the images. Here you can specify any protocol supported by KDE, like ftp or fish. Examples: ftp: / /someserver/ my-upload-area/ images (upload using FTP) fish: / /someserver/ home/ foo/ images (upload using ssh) smb: / /someserver/ c/ images (upload to a Windows share)","Khi tạo ra HTML, bạn cần phải ghi rõ một thư mục cơ bản cho ảnh. Ở đây bạn có thể xác định bất cứ giao thức nào được KDE hỗ trợ, như « ftp » hay « fish ». Thí dụ: ftp: // máy_ nào/ vùng- tải- lên- tôi/ ảnh (tải lên bằng FTP) fish: // máy_ nào/ nhà/ phu/ ảnh (tải lên bằng SSH) smb: // máy_ nào/ c/ ảnh (tải lên phần chia Windows)",noise_windows_or_unix_file_path,328,329,1.0030487804878048
4518,"When you bring new images to your collection, you might not have time right away to categorize them (i. e. specify People, Places, etc.). Therefore, you might later want to find those images which have not yet been categorized. Here is what I do. I use the keyword OK, which I set on images, once I've categorized them (i. e. just like you may have a keyword for Summer Party or Interrail trip 1990, you now have a keyword OK). To find uncategorized images, I choose the Search item from the browser, and in the keywords field, I type! OK. This will find all images which do not have the OK item.","Khi bạn thêm ảnh mới vào tập ảnh, có lẽ bạn không có rảnh phân loại ngay (tức là ghi rõ Người, Nơi v. v.). Lúc sau, bạn muốn tìm các ảnh chưa được phân loại. Có thể làm: Đặt một từ khoá như Xong vào mỗi ảnh đã được phân loại. (Bạn có thể đặt nhiều từ khoá khác nhau, như kỳ nghỉ hè ở quê hay đi xe lửa 2006, vậy có thể đặt từ khoá cho trường hợp riêng như « chưa được phân loại ».) Để tìm các ảnh chưa được phân loại, đơn giản hãy chọn mục Tìm kiếm trong bộ duyệt, và trong trường từ khoá, hãy nhập! Xong. Việc này sẽ tìm mọi ảnh không có từ khoá Xong.",noise_ui_fragment,596,552,0.9261744966442953
4520,"If you like KPhotoAlbum, and it adds value to your daily life, please consider donating money to the KPhotoAlbum developer as a courtesy. See http: / /www. kphotoalbum. org/ support. htm.","Nếu bạn thích sử dụng KPhotoAlbum, tìm thấy nó có ích, xin tăng tiền cho dự án phát triển KPhotoAlbum. Xem trang này.",noise_url,187,117,0.6256684491978609
4522,"You may close the image annotation dialog (the one where you specify people, places, etc. for the images) by pressing Ctrl+Enter.","Bạn có thể đóng hộp thoại chú giải ảnh (nơi bạn ghi rõ loại Người, Nơi v. v. cho ảnh) bằng cách bấm tổ hợp phím Ctrl + Enter.",noise_ui_fragment,129,125,0.9689922480620154
4530,sec,giây,exact_duplicate,3,4,1.3333333333333333
4535,Natural Image Size,Cỡ ảnh tự nhiên,exact_duplicate,18,15,0.8333333333333334
4540,Best,Tốt nhất,exact_duplicate,4,8,2.0
4544,General,Chung,exact_duplicate,7,5,0.7142857142857143
4549,Plugins,Bổ sung,exact_duplicate,7,7,1.0
4556,1:1,1: 1,exact_duplicate,3,4,1.3333333333333333
4569,Never,Không bao giờ,exact_duplicate,5,13,2.6
4571,"If you select Settings -gt; Show Tooltips in the thumbnail view, then you will see a small tool tip window displaying information about the thumbnails. This window includes a small preview image. This option configures the image size.","Khi bạn chọn Thiết lập > Hiện mẹo công cụ trong ô xem hình thu nhỏ, bạn sẽ xem một cửa sổ mẹo công cụ nhỏ mà hiển thị thông tin về các mẫu ảnh đó. Cửa sổ này gồm có một ảnh xem thử nhỏ. Tùy chọn này xác định kích cở của ảnh",noise_ui_fragment,234,223,0.9529914529914529
4580,"Due to a shortcoming in KPhotoAlbum, you need to save your database after renaming categories; otherwise all the filenames of the category thumbnails will be wrong, and thus lost. So either press Cancel now (and it will not be renamed), or press Continue, and as your next step save the database.","Do sự hạn chế trong phần mềm KPhotoAlbum, bạn cần phải lưu co sở dữ liệu sau khi thay đổi tên của phân loại; không thì mọi tên tập tin của hình thu nhỏ phân loại là sai nên bị mất. Vậy hoặc bấm Thôi ngay bây giờ (thì nó không thay đổi tên), hoặc bấm Tiếp tục, và sau đó lưu co sở dữ liệu.",noise_ui_fragment,296,288,0.972972972972973
4586,Delete Super Category,Xoá siêu phân loại,noise_ui_fragment,21,18,0.8571428571428571
4588,New Group,Nhóm mới,exact_duplicate,9,8,0.8888888888888888
4589,Group name:,Tên nhóm:,exact_duplicate,11,9,0.8181818181818182
4590,Really delete group %1?,Thực sự xoá nhóm% 1 không?,noise_ui_fragment,23,26,1.1304347826086956
4591,Delete Group,Xoá nhóm,noise_ui_fragment,12,8,0.6666666666666666
4592,& Delete,& Xoá,exact_duplicate; noise_ui_fragment,8,5,0.625
4595,Always,Luôn luôn,exact_duplicate,6,9,1.5
4596,Ask,Hỏi,exact_duplicate,3,3,1.0
4610,"KPhotoAlbum shares plugins with other imaging applications, some of which have the concept of albums. KPhotoAlbum does not have this concept; nevertheless, for certain plugins to function, KPhotoAlbum behaves to the plugin system as if it did. KPhotoAlbum does this by defining the current album to be the current view - that is, all the images the browser offers to display. In addition to the current album, KPhotoAlbum must also be able to give a list of all albums; the list of all albums is defined in the following way: When KPhotoAlbum's browser displays the content of a category, say all People, then each item in this category will look like an album to the plugin. Otherwise, the category you specify using this option will be used; e. g. if you specify People with this option, then KPhotoAlbum will act as if you had just chosen to display people and then invoke the plugin which needs to know about all albums. Most users would probably want to specify Events here.","KPhotoAlbum chia sẻ bổ sung với các ứng dụng đồ họa khác; một số ứng dụng này hiểu được khái niệm tập ảnh. KPhotoAlbum không hiểu khái niệm này, tùy nhiên, để làm cho một số bổ sung hoạt động được, KPhotoAlbum ứng xử với hệ thống bổ sung như có phải. KPhotoAlbum làm như thế bằng cách xác định tập ảnh hiện thời là ô xem hiện có & mdash; tức là mọi ảnh bộ duyệt sẽ hiển thị. Thêm vào tập ảnh hiện thời, KPhotoAlbum cũng phải có khả năng cung cấp danh sách mọi tập ảnh được xác định bằng cách này: Khi bộ duyệt của KPhotoAlbum hiển thị nội dung của một phân loại nào đó, v. d. Người, mỗi mục trong loại này sẽ hình như một tập ảnh đối với bổ sung. Nếu không, KPhotoAlbum sẽ dùng phân loại bạn xác định bằng tùy chọn này: v. d. nếu bạn ghi rõ Người bằng tùy chọn này, trình KPhotoAlbum sẽ ứng xử như bạn mới chọn hiển thị Người, rồi gọi bổ sung mà cần biết về mọi tập ảnh. Phần lớn người dùng sẽ rất có thể muốn ghi rõ Từ khoá ở đây. < qt >",noise_markup_or_html_entity,979,938,0.958120531154239
4621,Auto save every:,Tự động lưu mỗi:,noise_ui_fragment,16,16,1.0
4625,"KPhotoAlbum is capable of backing up the index. xml file by keeping copies named index. xml~1~ index. xml~2~ etc. and you can use the spinbox to specify the number of backup files to keep. KPhotoAlbum will delete the oldest backup file when it reaches the maximum number of backup files. The index. xml file may grow substantially if you have many images, and in that case it is useful to ask KPhotoAlbum to zip the backup files to preserve disk space.","Trình KPhotoAlbum có khả năng sao lưu tập tin « index. xml » bằng cách giữ bản sao tên « index. xml~1~ », « index. xml~2~ », v. v.; bạn hãy dùng hộp xoay để ghi rõ số tập tin cần giữ. KPhotoAlbum sẽ xoá tập tin sao lưu cũ nhất khi tới số tập tin sao lưu tối đa. Tập tin « index. xml » có thể xảy ra hơi lớn nếu bạn có nhiều ảnh, trong trường hợp đó bạn có thể báo KPhotoAlbum nén (bằng zip) các tập tin sao lưu, để tiết kiệm sức chứa trên đĩa.",noise_ui_fragment,452,443,0.9800884955752213
4627,SQL Database Settings,Thiết lập co sở dữ liệu SQL,noise_ui_fragment,21,27,1.2857142857142858
4630,Size:,Cỡ:,exact_duplicate,5,3,0.6
4631,Label:,Nhãn:,exact_duplicate,6,5,0.8333333333333334
4632,Icon:,Biểu tượng:,exact_duplicate,5,11,2.2
4639,New,Mới,exact_duplicate,3,3,1.0
4640,Delete,Xoá,exact_duplicate; noise_ui_fragment,6,3,0.5
4641,Really delete category '%1 '?,Thực sự muốn xoá phân loại «% 1 » không?,noise_ui_fragment,29,40,1.3793103448275863
4644,Date:,Ngày:,exact_duplicate,5,5,1.0
4645,x,×Short for Mega Pixels,language_suspect; extreme_length_ratio,1,22,22.0
4646,MP,MP,identical_pair,2,2,1.0
4649,Description:,Mô tả:,exact_duplicate,12,6,0.5
4658,Rename...,Thay tên...,exact_duplicate,9,11,1.2222222222222223
4667,"Do you really want to delete ""%1""? Deleting the item will remove any information about it from any image containing the item.",Bạn thực sự muốn xoá «% 1 » không? Việc xoá mục này sẽ gỡ bỏ thông tin nào về nó ra ảnh nào chứa mục đó.,noise_ui_fragment,125,104,0.832
4668,Really Delete %1?,Thực sự xoá% 1 không?,noise_ui_fragment,17,21,1.2352941176470589
4669,Rename Item,Thay tên mục,exact_duplicate,11,12,1.0909090909090908
4678,Annotate next image,Chú giải ảnh kế,noise_ui_fragment,19,15,0.7894736842105263
4680,Delete image,Xoá ảnh,noise_ui_fragment,12,7,0.5833333333333334
4688,Label:,Nhãn:,exact_duplicate,6,5,0.8333333333333334
4689,Date:,Ngày:,exact_duplicate,5,5,1.0
4690,Time:,Giờ:,exact_duplicate,5,4,0.8
4695,Save Current Window Setup,Lưu thiết lập cửa sổ hiện có,noise_ui_fragment,25,28,1.12
4697,Some changes are made to annotations. Do you really want to cancel all recent changes for each affected file?,Chú giải đã sửa đổi. Bạn có thực sự muốn thôi mọi thay đổi vừa làm cho mỗi tập tin có tác động không?,noise_ui_fragment,109,101,0.926605504587156
4703,Annotate Next,Chú giải kế,noise_ui_fragment,13,11,0.8461538461538461
4705,OK dialog,Hộp thoại Đồng ý,noise_ui_fragment,9,16,1.7777777777777777
4708,tomorrow,ngày mai,exact_duplicate,8,8,1.0
4709,today,hôm nay,exact_duplicate,5,7,1.4
4710,yesterday,hôm qua,exact_duplicate,9,7,0.7777777777777778
4711,& View,& Xem,exact_duplicate,6,5,0.8333333333333334
4714,Export,Xuất,exact_duplicate,6,4,0.6666666666666666
4715,Import,Nhập,exact_duplicate,6,4,0.6666666666666666
4717,Tools,Công cụ,exact_duplicate,5,7,1.4
4718,Main Toolbar,Thanh công cụ chínhNAME OF TRANSLATORS,exact_duplicate,12,38,3.1666666666666665
4719,Your names,Nhóm Việt hoá KDEEMAIL OF TRANSLATORS,exact_duplicate,10,37,3.7
4720,Your emails,kde- l10n- vi@ kde. org,exact_duplicate,11,23,2.090909090909091
4721,Move Items,Chuyển mục,exact_duplicate,10,10,1.0
4736,Yes,Có,exact_duplicate,3,2,0.6666666666666666
4737,No,Không,exact_duplicate,2,5,2.5
4738,OK,OK,identical_pair; exact_duplicate; noise_ui_fragment,2,2,1.0
4741,Category,Loại,exact_duplicate,8,4,0.5
4758,Select None,Chọn Không gì,exact_duplicate,11,13,1.1818181818181819
4759,Search:,Tìm kiếm:,exact_duplicate,7,9,1.2857142857142858
4777,"Delete Your Temporary Demo Database I hope you enjoyed the KPhotoAlbum demo. The demo database was copied to / tmp, should it be deleted now? If you do not delete it, it will waste disk space; on the other hand, if you want to come back and try the demo again, you might want to keep it around with the changes you made through this session.","Xoá cơ sở dữ liệu chứng minh tạm thời Mong muốn bạn đã thích thú chứng minh Tập Ảnh KDE. Cơ sở dữ liệu chứng minh đã được sao chép vào thư mục « / tmp » & mdash; lúc này bạn có muốn xoá nó không? Nếu không, nó sẽ chiếm sức chứa trên đĩa, mặt khác, có lẽ bạn muốn chạy lại chứng minh, cũng muốn giữ các thay đổi của phiên chạy này.",noise_ui_fragment,341,330,0.967741935483871
4778,Delete Demo Database,Xoá cơ sở dữ liệu chứng minh,noise_ui_fragment,20,28,1.4
4779,Do you want to save the changes?,Bạn có muốn lưu các thay đổi không?,noise_ui_fragment,32,35,1.09375
4780,Save Changes?,Lưu thay đổi?,noise_ui_fragment,13,13,1.0
4783,Saving...,Đang lưu...,exact_duplicate,9,11,1.2222222222222223
4786,Import...,Nhập...,exact_duplicate,9,7,0.7777777777777778
4788,Delete Selected,Xoá điều chọn,noise_ui_fragment,15,13,0.8666666666666667
4791,View,Xem,exact_duplicate,4,3,0.75
4801,Unlock,Bỏ khoá,exact_duplicate,6,7,1.1666666666666667
4802,Change Password...,Đổi mật khẩu...,exact_duplicate,18,15,0.8333333333333334
4842,You should set SQL database settings before the conversion. Do you want to do this now?,Bạn nên thiết lập co sở dữ liệu SQL trước khi chuyển đổi. Bạn có muốn làm như thế ngay bây giờ không?,noise_ui_fragment,87,101,1.160919540229885
4849,Version %1,Phiên bản% 1,exact_duplicate,10,12,1.2
4850,Version: %1,Phiên bản:% 1,exact_duplicate,11,13,1.1818181818181819
4854,Description:,Mô tả:,exact_duplicate,12,6,0.5
4858,Date,Ngày:,exact_duplicate,4,5,1.25
4859,Layout,Bố trí,exact_duplicate,6,6,1.0
4865,Destination,Đích,exact_duplicate,11,4,0.36363636363636365
4878,"Output directory %1 already exists. Usually, this means you should specify a new directory. Should %2 be deleted first?","Thư mục xuất% 1 đã có. Bình thường, bạn nên ghi rõ một thư mục mới. Bạn có muốn xoá% 2 trước tiên không? < qt >",noise_markup_or_html_entity,119,111,0.9327731092436975
4891,Delete Images/ Videos from database %1 selected,Xoá ảnh (động) ra cơ sở dữ liệu% 1 đã chọn,noise_ui_fragment,47,42,0.8936170212765957
4901,File to open,Tập tin để mở,exact_duplicate,12,13,1.0833333333333333
4909,Type:,Kiểu:,exact_duplicate,5,5,1.0
4915,Frequency:,Tần số:,exact_duplicate,10,7,0.7
4919,Triangle,Tam giác,exact_duplicate,8,8,1.0
4922,Cubic,Bậc ba,exact_duplicate,5,6,1.2
4933,Radius:,Bán kính:,exact_duplicate,7,9,1.2857142857142858
4934,Strength:,Độ mạnh:,exact_duplicate,9,8,0.8888888888888888
4935,Threshold:,Ngưỡng:,exact_duplicate,10,7,0.7
4936,Sturm,Sturm,identical_pair,5,5,1.0
4939,Center,Giữa,exact_duplicate,6,4,0.6666666666666666
4954,File name:,Tên tập tin:,exact_duplicate,10,12,1.2
4957,None,Không có,exact_duplicate,4,8,2.0
4968,Location,Địa điểm,exact_duplicate,8,8,1.0
4970,Perspective,Phối cảnh,exact_duplicate,11,9,0.8181818181818182
4974,Omnimax,Omnimax,identical_pair,7,7,1.0
4983,Location:,Địa điểm:,exact_duplicate,9,9,1.0
4986,Right:,Phải:,exact_duplicate,6,5,0.8333333333333334
4987,Up:,Lên:,exact_duplicate,3,4,1.3333333333333333
4989,Angle:,Góc:,exact_duplicate,6,4,0.6666666666666666
4991,Aperture:,Độ mở:,exact_duplicate,9,6,0.6666666666666666
4998,Error,Lỗi,exact_duplicate,5,3,0.6
5012,Selected:,Đã chọn:,exact_duplicate,9,8,0.8888888888888888
5014,Axes:,Trục:,exact_duplicate,5,5,1.0
5022,Open,Mở,exact_duplicate,4,2,0.5
5029,Union,Hợp,exact_duplicate,5,3,0.6
5038,Select...,Chọn...,exact_duplicate,9,7,0.7777777777777778
5044,Delete %1,Xoá% 1,noise_ui_fragment,9,6,0.6666666666666666
5045,Delete Objects,Xoá đối tượng,noise_ui_fragment,14,13,0.9285714285714286
5051,Low,Thấp,exact_duplicate,3,4,1.3333333333333333
5052,Medium,Vừa,exact_duplicate,6,3,0.5
5053,High,Cao,exact_duplicate,4,3,0.75
5061,This object was modified. Save changes?,Đối tượng bị sửa đổi. Lưu các thay đổi chứ?,noise_ui_fragment,39,43,1.1025641025641026
5067,Normal,Chuẩn,exact_duplicate,6,5,0.8333333333333334
5070,Normalize,Chuẩn hoá,exact_duplicate,9,9,1.0
5079,& Cancel,& Thôi,exact_duplicate; noise_ui_fragment,8,6,0.75
5080,"When clicking Cancel, the program will cancel the current action.",Nhấn vào nút Thôi thì chương trình thôi làm hành động hiện thời.,noise_ui_fragment,65,64,0.9846153846153847
5083,KPovModeler,KPovModeler,identical_pair,11,11,1.0
5085,Andreas Zehender,Andreas Zehender,identical_pair,16,16,1.0
5086,Luis Passos Carvalho,Luis Passos Carvalho,identical_pair,20,20,1.0
5088,Leon Pennington,Leon Pennington,identical_pair,15,15,1.0
5090,Philippe Van Hecke,Philippe Van Hecke,identical_pair,18,18,1.0
5092,Leonardo Skorianez,Leonardo Skorianez,identical_pair,18,18,1.0
5093,Import,Nhập,exact_duplicate,6,4,0.6666666666666666
5094,Export,Xuất,exact_duplicate,6,4,0.6666666666666666
5097,Color:,Màu:,exact_duplicate,6,4,0.6666666666666666
5100,Crand:,Crand:,identical_pair,6,6,1.0
5102,Phong:,Phong:,identical_pair,6,6,1.0
5108,Amount:,Số lượng:,exact_duplicate,7,9,1.2857142857142858
5120,Distance:,Khoảng cách:,exact_duplicate,9,12,1.3333333333333333
5122,Value:,Giá trị:,exact_duplicate,6,8,1.3333333333333333
5126,Depth:,Độ sâu:,exact_duplicate,6,7,1.1666666666666667
5129,Up:,Lên:,exact_duplicate,3,4,1.3333333333333333
5135,Min:,Cực tiểu:,exact_duplicate,4,9,2.25
5136,Max:,Cực đại:,exact_duplicate,4,8,2.0
5142,Use global,Dùng toàn cục,exact_duplicate,10,13,1.3
5145,Expand,Mở rộng,exact_duplicate,6,7,1.1666666666666667
5148,global settings,thiết lập toàn cục,noise_ui_fragment,15,18,1.2
5157,Original,Gốc,exact_duplicate,8,3,0.375
5159,Perlin,Perlin,identical_pair,6,6,1.0
5161,Brightness:,Độ sáng:,exact_duplicate,11,8,0.7272727272727273
5162,Count:,Đếm:,exact_duplicate,6,4,0.6666666666666666
5175,Left,Trái,exact_duplicate,4,4,1.0
5176,Right,Phải,exact_duplicate,5,4,0.8
5177,Bottom,Dưới,exact_duplicate,6,4,0.6666666666666666
5178,Top,Trên,exact_duplicate,3,4,1.3333333333333333
5179,Front,Mặt,exact_duplicate,5,3,0.6
5180,Back,Lùi,exact_duplicate; noise_ui_fragment,4,3,0.75
5181,Camera,Máy ảnh,exact_duplicate,6,7,1.1666666666666667
5187,Back View,Xem sau,noise_ui_fragment,9,7,0.7777777777777778
5201,Visibility level:,Cấp khả kiến:,exact_duplicate,17,13,0.7647058823529411
5207,Rotation:,Độ xoay:,exact_duplicate,9,8,0.8888888888888888
5217,Remove filter,Bỏ bộ lọc,exact_duplicate,13,9,0.6923076923076923
5221,Details,Chi tiết,exact_duplicate,7,8,1.1428571428571428
5241,Box,Hộp,exact_duplicate,3,3,1.0
5256,Quaternion,Quaternion,identical_pair,10,10,1.0
5282,Add,Thêm,exact_duplicate,3,4,1.3333333333333333
5283,Remove,Gỡ bỏ,exact_duplicate,6,5,0.8333333333333334
5285,Name:,Tên:,exact_duplicate,5,4,0.8
5286,Type,Kiểu,exact_duplicate,4,4,1.0
5287,Position,Vị trí,exact_duplicate,8,6,0.75
5295,Width:,Rộng:,exact_duplicate,6,5,0.8333333333333334
5296,Height:,Cao:,exact_duplicate,7,4,0.5714285714285714
5300,Unnamed,Không tên,exact_duplicate,7,9,1.2857142857142858
5309,Parallel,Song song,exact_duplicate,8,9,1.125
5352,Method:,Phương pháp:,exact_duplicate,7,12,1.7142857142857142
5353,1 (Monte Carlo),1 (Monte Carlo),identical_pair,15,15,1.0
5360,Level:,Cấp:,exact_duplicate,6,4,0.6666666666666666
5367,Rayleigh,Rayleigh,identical_pair,8,8,1.0
5402,Sizes,Cỡ,exact_duplicate,5,2,0.4
5411,Value,Giá trị,exact_duplicate,5,7,1.4
5417,Warning,Cảnh báo,exact_duplicate,7,8,1.1428571428571428
5421,Info,Thông tin,exact_duplicate,4,9,2.25
5425,Delete,Xoá,exact_duplicate; noise_ui_fragment,6,3,0.5
5426,Import...,Nhập...,exact_duplicate,9,7,0.7777777777777778
5427,& Export...,& Xuất...,exact_duplicate,11,9,0.8181818181818182
5432,Visibility level:,Cấp khả kiến:,exact_duplicate,17,13,0.7647058823529411
5436,Global Settings,Thiết lập toàn cục,exact_duplicate; noise_ui_fragment,15,18,1.2
5439,Fog,Sương mù,exact_duplicate,3,8,2.6666666666666665
5441,Density,Mật độ,exact_duplicate,7,6,0.8571428571428571
5451,Text,Văn bản,exact_duplicate,4,7,1.75
5455,Plane,Mặt phẳng,exact_duplicate,5,9,1.8
5461,Light,Nhạt,exact_duplicate,5,4,0.8
5466,Texture,Họa tiết,exact_duplicate,7,8,1.1428571428571428
5474,Finish,Kết thúc,exact_duplicate,6,8,1.3333333333333333
5475,Pattern,Mẫu,exact_duplicate,7,3,0.42857142857142855
5489,Translate,Dịch,exact_duplicate,9,4,0.4444444444444444
5490,Scale,Tỷ lệ,exact_duplicate,5,5,1.0
5491,Rotate,Xoay,exact_duplicate,6,4,0.6666666666666666
5492,Matrix,Ma trận,exact_duplicate,6,7,1.1666666666666667
5493,Comment,Chú thích,exact_duplicate,7,9,1.2857142857142858
5496,Radiosity,Radiosity,identical_pair,9,9,1.0
5506,Cut,Cắt,exact_duplicate,3,3,1.0
5512,Paste,Dán,exact_duplicate,5,3,0.6
5516,Default,Mặc định,exact_duplicate,7,8,1.1428571428571428
5517,Undo,Hủy bước,exact_duplicate,4,8,2.0
5518,Redo,Làm lại,exact_duplicate,4,7,1.75
5521,Average,Trung bình,exact_duplicate,7,10,1.4285714285714286
5522,Boxed,Hộp bao quanh,exact_duplicate,5,13,2.6
5523,Bozo,Bozo,identical_pair,4,4,1.0
5524,Bumps,Độ lồi lõm,exact_duplicate,5,10,2.0
5531,Julia,Julia,identical_pair; exact_duplicate,5,5,1.0
5533,Mandel,Mandel,identical_pair,6,6,1.0
5534,Marble,Đá hoa,exact_duplicate,6,6,1.0
5538,Ripples,Gợn sóng,exact_duplicate,7,8,1.1428571428571428
5542,Waves,Sóng,exact_duplicate,5,4,0.8
5543,Wood,Gỗ,exact_duplicate,4,2,0.5
5549,File:,Tập tin:,exact_duplicate,5,8,1.6
5550,Interpolation:,Nội suy:,exact_duplicate,14,8,0.5714285714285714
5555,Type 1,Type 1,identical_pair,6,6,1.0
5576,Value:,Giá trị:,exact_duplicate,6,8,1.3333333333333333
5578,Target,Đích,exact_duplicate,6,4,0.6666666666666666
5588,Installed Plugins,Bổ sung đã cài,exact_duplicate,17,14,0.8235294117647058
5589,Name,Tên,exact_duplicate,4,3,0.75
5590,Description,Mô tả,exact_duplicate,11,5,0.45454545454545453
5591,Status,Trạng thái,exact_duplicate,6,10,1.6666666666666667
5592,Load,Tải,exact_duplicate,4,3,0.75
5659,Command:,Lệnh:,exact_duplicate,8,5,0.625
5661,Path:,Đường dẫn:,exact_duplicate,5,10,2.0
5662,Version:,Phiên bản:,exact_duplicate,8,10,1.25
5664,Add...,Thêm...,exact_duplicate,6,7,1.1666666666666667
5665,Edit...,Sửa...,exact_duplicate,7,6,0.8571428571428571
5666,Up,Lên,exact_duplicate,2,3,1.5
5670,Stop,Dừng,exact_duplicate,4,4,1.0
5671,Suspend,Ngưng,exact_duplicate,7,5,0.7142857142857143
5683,Size:,Cỡ:,exact_duplicate,5,3,0.6
5684,Gamma:,Gamma (γ):,exact_duplicate,6,10,1.6666666666666667
5686,Wall,Tưởng,exact_duplicate,4,5,1.25
5734,radiosity,radiosity,identical_pair,9,9,1.0
5755,back,lùi,noise_ui_fragment,4,3,0.75
5766,Description:,Mô tả:,exact_duplicate,12,6,0.5
5767,Size,Cỡ,exact_duplicate,4,2,0.5
5773,Quality,Chất lượng,exact_duplicate,7,10,1.4285714285714286
5774,Quality:,Chất lượng:,exact_duplicate,8,11,1.375
5776,Recursive,Đệ quy,exact_duplicate,9,6,0.6666666666666666
5777,Output,Xuất,exact_duplicate,6,4,0.6666666666666666
5778,Alpha,Anfa,exact_duplicate,5,4,0.8
5780,Rotation,Xoay,exact_duplicate,8,4,0.5
5791,Configure,Cấu hình,exact_duplicate,9,8,0.8888888888888888
5792,Povray,Povray,identical_pair,6,6,1.0
5794,OpenGL,OpenGL,identical_pair; exact_duplicate,6,6,1.0
5795,OpenGL Display Settings,Thiết lập Hiển thị OpenGL,noise_ui_fragment,23,25,1.0869565217391304
5796,Colors,Màu sắc,exact_duplicate,6,7,1.1666666666666667
5797,Color Settings,Thiết lập màu sắc,exact_duplicate; noise_ui_fragment,14,17,1.2142857142857142
5798,Grid,Lưới,exact_duplicate,4,4,1.0
5799,Grid Settings,Thiết lập lưới,noise_ui_fragment,13,14,1.0769230769230769
5801,Display Settings for Objects,Thiết lập Hiển thị Đối tượng,noise_ui_fragment,28,28,1.0
5803,Display Settings for Texture Previews,Thiết lập Hiển thị Ô Xem thử Hoạ tiết,noise_ui_fragment,37,37,1.0
5804,Display Settings for View layouts,Thiết lập Hiển thị Bố trí Xem,noise_ui_fragment,33,29,0.8787878787878788
5806,Plugins,Bổ sung,exact_duplicate,7,7,1.0
5807,Plugin Settings,Thiết lập phần bổ sung,noise_ui_fragment,15,22,1.4666666666666666
5815,New Back View,Ô xem sau mới,noise_ui_fragment,13,13,1.0
5821,Save View Layout...,Lưu bố trí xem...,noise_ui_fragment,19,17,0.8947368421052632
5822,Unknown,Không rõ,exact_duplicate,7,8,1.1428571428571428
5824,All Files,Mọi tập tin,exact_duplicate,9,11,1.2222222222222223
5826,Save As,Lưu dạng,exact_duplicate; noise_ui_fragment,7,8,1.1428571428571428
5827,Could not save the file.,Không thể lưu tập tin.,noise_ui_fragment,24,22,0.9166666666666666
5828,unknown,không rõ,exact_duplicate,7,8,1.1428571428571428
5830,Overwrite,Ghi đè,exact_duplicate,9,6,0.6666666666666666
5859,Font:,Phông:,exact_duplicate,5,6,1.2
5879,Translation,Bản dịch,exact_duplicate,11,8,0.7272727272727273
5902,Save View Layout,Lưu bố trí xem,noise_ui_fragment,16,14,0.875
5910,Orientation:,Hướng:,exact_duplicate,12,6,0.5
5916,& Edit,& Sửa,exact_duplicate,6,5,0.8333333333333334
5917,& File,& Tập tin,exact_duplicate,6,9,1.5
5918,& Insert,Chèn,exact_duplicate,8,4,0.5
5919,& View,& Xem,exact_duplicate,6,5,0.8333333333333334
5920,& Settings,Thiết & lập,exact_duplicate; noise_ui_fragment,10,11,1.1
5921,Main Toolbar,Thanh công cụ chính,exact_duplicate,12,19,1.5833333333333333
5933,Your names,Nhóm Việt hoá KDEEMAIL OF TRANSLATORS,exact_duplicate,10,37,3.7
5934,Your emails,kde- l10n- vi@ kde. org,exact_duplicate,11,23,2.090909090909091
5936,Scaling,Co dãn,exact_duplicate,7,6,0.8571428571428571
5940,Flip vertically,Lật dọc,exact_duplicate,15,7,0.4666666666666667
5941,Flip horizontally,Lật ngang,exact_duplicate,17,9,0.5294117647058824
5943,0 Degrees,0º,exact_duplicate,9,2,0.2222222222222222
5944,90 Degrees,90º,exact_duplicate,10,3,0.3
5945,180 Degrees,180º,exact_duplicate,11,4,0.36363636363636365
5946,270 Degrees,270º,exact_duplicate,11,4,0.36363636363636365
5947,Adjustments,Điều chỉnh,exact_duplicate,11,10,0.9090909090909091
5948,Brightness:,Độ sáng:,exact_duplicate,11,8,0.7272727272727273
5949,Contrast:,Độ tương phản:,exact_duplicate,9,14,1.5555555555555556
5950,Gamma:,Gamma (γ):,exact_duplicate,6,10,1.6666666666666667
5951,Preview,Xem thử,exact_duplicate,7,7,1.0
5952,Original,Gốc,exact_duplicate,8,3,0.375
5953,Modified,Đã sửa đổi,exact_duplicate,8,10,1.25
5956,Preload next image,Nạp sẵn ảnh kế,noise_ui_fragment,18,14,0.7777777777777778
5958,Background color:,Màu nền:,exact_duplicate,17,8,0.47058823529411764
5968,MB,MB,identical_pair; exact_duplicate,2,2,1.0
5969,Unlimited,Vô hạn,exact_duplicate,9,6,0.6666666666666666
5970,Show Next Image,Hiện ảnh kế,noise_ui_fragment,15,11,0.7333333333333333
5972,Delete Image,Xoá ảnh,noise_ui_fragment,12,7,0.5833333333333334
5974,Maximize,Phóng to,exact_duplicate,8,8,1.0
5975,Rotate 90 Degrees,Xoay 90°,exact_duplicate,17,8,0.47058823529411764
5976,Rotate 180 Degrees,Xoay 180°,exact_duplicate,18,9,0.5
5977,Rotate 270 Degrees,Xoay 270°,exact_duplicate,18,9,0.5
5978,Flip Horizontally,Lật ngang,exact_duplicate,17,9,0.5294117647058824
5979,Flip Vertically,Lật dọc,exact_duplicate,15,7,0.4666666666666667
5980,Print Image...,In ảnh...,exact_duplicate,14,9,0.6428571428571429
5997,Brightness,Độ sáng,exact_duplicate,10,7,0.7
5998,Contrast,Độ tương phản,exact_duplicate,8,13,1.625
5999,Gamma,Gamma (γ),exact_duplicate,5,9,1.8
6003,Save As,Lưu dạng,exact_duplicate; noise_ui_fragment,7,8,1.1428571428571428
6004,"Could not save the file. Perhaps the disk is full, or you do not have write permission to the file.","Không thể lưu tập tin. Có lẽ đĩa đầy, hoặc bạn không có quyền ghi vào tập tin đó.",noise_ui_fragment,99,81,0.8181818181818182
6006,Configure,Cấu hình,exact_duplicate,9,8,0.8888888888888888
6007,& General,& Chung,exact_duplicate,9,7,0.7777777777777778
6022,& File,& Tập tin,exact_duplicate,6,9,1.5
6023,& Edit,& Sửa,exact_duplicate,6,5,0.8333333333333334
6024,& Settings,Thiết & lập,exact_duplicate; noise_ui_fragment,10,11,1.1
6025,Main Toolbar,Thanh công cụ chính,exact_duplicate,12,19,1.5833333333333333
6026,Delete File,Xoá ảnh,noise_ui_fragment,11,7,0.6363636363636364
6032,KuickShow,KuickShow,identical_pair,9,9,1.0
6035,Carsten Pfeiffer,Carsten Pfeiffer,identical_pair; exact_duplicate,16,16,1.0
6036,Rober Hamberger,Rober Hamberger,identical_pair,15,15,1.0
6037,Thorsten Scheuermann,Thorsten Scheuermann,identical_pair,20,20,1.0
6041,Image Settings,Thiết lập ảnh,exact_duplicate; noise_ui_fragment,14,13,0.9285714285714286
6046,Millimeters,Mili- mét,exact_duplicate,11,9,0.8181818181818182
6047,Centimeters,Cen- ti- mét,exact_duplicate,11,12,1.0909090909090908
6048,Inches,Insơ,exact_duplicate,6,4,0.6666666666666666
6049,& Width:,Chiều & rộng:,exact_duplicate,8,13,1.625
6050,& Height:,& Cao: NAME OF TRANSLATORS,language_suspect,9,26,2.888888888888889
6051,Your names,Nhóm Việt hoá KDEEMAIL OF TRANSLATORS,exact_duplicate,10,37,3.7
6052,Your emails,kde- l10n- vi@ kde. org,exact_duplicate,11,23,2.090909090909091
6054,Start with current image,Bắt đầu với ảnh hiện có,exact_duplicate,24,23,0.9583333333333334
6056,sec,giây,exact_duplicate,3,4,1.3333333333333333
6059,infinite,vô hạn,exact_duplicate,8,6,0.75
6060,Zoom In,Phóng to,exact_duplicate,7,8,1.1428571428571428
6061,Zoom Out,Thu nhỏ,exact_duplicate,8,7,0.875
6067,"To get started, first create a new signature by selecting ""New"" above. You will then be able to edit and save your collection of signatures.","Để bắt đầu, trước tiên hãy tạo một chữ ký mới bằng cách chọn « Mới » bên trên. Sau đó, bạn sẽ có khả năng chỉnh sửa và lưu tập chữ ký.",noise_ui_fragment,140,134,0.9571428571428572
6068,Do you want to save your changes before exiting?,Bạn có muốn lưu các thay đổi trước khi thoát không?,noise_ui_fragment,48,51,1.0625
6071,KSig,KSig,identical_pair,4,4,1.0
6075,Search Toolbar,Thanh công cụ tìm,exact_duplicate,14,17,1.2142857142857142
6076,& Cancel,NAME OF TRANSLATORS,language_suspect; noise_ui_fragment,8,19,2.375
6077,Your names,Nhóm Việt hoá KDEEMAIL OF TRANSLATORS,exact_duplicate,10,37,3.7
6078,Your emails,kde- l10n- vi@ kde. org,exact_duplicate,11,23,2.090909090909091
6080,Configuration,Cấu hình,exact_duplicate,13,8,0.6153846153846154
6088,Icon,Biểu tượng,exact_duplicate,4,10,2.5
6090,Layout,Bố trí,exact_duplicate,6,6,1.0
6095,Minimize,& Thu nhỏ,exact_duplicate,8,9,1.125
6096,Maximize,Phóng đại,exact_duplicate,8,9,1.125
6098,& Close,Đóng,exact_duplicate; noise_ui_fragment,7,4,0.5714285714285714
6100,& All Desktops,& Mọi màn hình,exact_duplicate,14,14,1.0
6103,Developer,Nhà phát triển,exact_duplicate,9,14,1.5555555555555556
6106,Your names,Phan Vĩnh ThịnhEMAIL OF TRANSLATORS,exact_duplicate,10,35,3.5
6107,Your emails,teppi82@ gmail. com,exact_duplicate,11,19,1.7272727272727273
6110,KMag,Kính lúp KGenericName,extreme_length_ratio,4,21,5.25
6129,Text-to-Speech,Văn bản sang Tiếng nóiComment,exact_duplicate,14,29,2.0714285714285716
6167,Very High,"Rất CaoNo color- blindness simulation, i. e. 'normal' vision",extreme_length_ratio,9,60,6.666666666666667
6174,& Stop,& Dừng,exact_duplicate,6,6,1.0
6177,& Save Snapshot As...,& Lưu Khung nhìn...,noise_ui_fragment,21,19,0.9047619047619048
6179,Save image to a file,Lưu hình ảnh vào một tập tin,noise_ui_fragment,20,28,1.4
6181,Quits the application,Thoát khỏi ứng dụng,exact_duplicate,21,19,0.9047619047619048
6190,Show & Settings Toolbar,Hiện Thanh công cụ & Cài đặt,noise_ui_fragment,23,28,1.2173913043478262
6191,Hide & Settings Toolbar,Giấu Thanh công cụ Cài đặt,noise_ui_fragment,23,26,1.1304347826086956
6215,Save Snapshot As,Lưu Khung nhìn,noise_ui_fragment,16,14,0.875
6216,Unable to save temporary file (before uploading to the network file you specified).,Không thể lưu vào tập tin tạm thời (trước khi tải lên tập tin mạng bạn chỉ định).,noise_ui_fragment,83,81,0.9759036144578314
6220,Information,Thông tin,exact_duplicate,11,9,0.8181818181818182
6221,Unable to save file. Please check if you have permission to write to the directory.,Không thể lưu tập tin. Xin kiểm tra lại bạn có được phép ghi vào thư mục đã chọn không.,noise_ui_fragment,83,87,1.0481927710843373
6222,Stop,Dừng,exact_duplicate,4,4,1.0
6224,Start,Chạy,exact_duplicate,5,4,0.8
6230,Sarang Lakare,Sarang Lakare,identical_pair,13,13,1.0
6231,Michael Forster,Michael Forster,identical_pair,15,15,1.0
6233,Olaf Schmidt,Olaf Schmidt,identical_pair; exact_duplicate,12,12,1.0
6235,Claudiu Costin,Claudiu Costin,identical_pair,14,14,1.0
6237,File to open,Tập tin để mở,exact_duplicate,12,13,1.0833333333333333
6238,& File,& Tập tin,exact_duplicate,6,9,1.5
6239,& Edit,& Sửa,exact_duplicate,6,5,0.8333333333333334
6240,& View,& Xem,exact_duplicate,6,5,0.8333333333333334
6241,& Settings,& Thiết lậpNAME OF TRANSLATORS,noise_ui_fragment,10,30,3.0
6242,Your names,"Trần Thế Trung, Nhóm Việt hóa KDEEMAIL OF TRANSLATORS",extreme_length_ratio; exact_duplicate,10,53,5.3
6243,Your emails,"tttrung@ hotmail. com, kde- l10n- vi@ lists. kde. org",exact_duplicate,11,53,4.818181818181818
6259,Gunnar Schmi Dt,Gunnar Schmi Dt,identical_pair; exact_duplicate,15,15,1.0
6261,Olaf Schmidt,Olaf Schmidt,identical_pair; exact_duplicate,12,12,1.0
6263,Jeff Roush,Jeff Roush,identical_pair,10,10,1.0
6265,Joe Betts,Joe Betts,identical_pair,9,9,1.0
6266,Settings,Thiết lập,exact_duplicate; noise_ui_fragment,8,9,1.125
6273,& Reset,Đặt & lại,exact_duplicate,7,9,1.2857142857142858
6276,"KMouseTool will run as a background application after you close this dialog. To change the settings again, restart KMouseTool or use the KDE system tray.","Công cụ Chuột KDE sẽ chạy như một ứng dụng nền sau khi bạn đóng hộp thoại này. Để thay đổi các cài đặt lần sau, khởi động lại Công cụ Chuột KDE hoặc dung khay hệ thống của KDE.",noise_ui_fragment,153,176,1.1503267973856208
6278,& Close,Đóng,exact_duplicate; noise_ui_fragment,7,4,0.5714285714285714
6280,Your names,"Trần Thế Trung, Nhóm Việt hóa KDEEMAIL OF TRANSLATORS",extreme_length_ratio; exact_duplicate,10,53,5.3
6281,Your emails,"tttrung@ hotmail. com, kde- l10n- vi@ lists. kde. org",exact_duplicate,11,53,4.818181818181818
6284,Unicode,Unicode,identical_pair; exact_duplicate,7,7,1.0
6289,& Overwrite,& Ghi đè,exact_duplicate,11,8,0.7272727272727273
6303,Default,Mặc định,exact_duplicate,7,8,1.1428571428571428
6304,Configuration,Cấu hình,exact_duplicate,13,8,0.6153846153846154
6313,Save & History As...,Lưu & Lịch sử Vào...,noise_ui_fragment,20,20,1.0
6317,Quits the application,Thoát khỏi ứng dụng,exact_duplicate,21,19,0.9047619047619048
6327,& Edit...,& Sửa...,exact_duplicate,9,8,0.8888888888888888
6334,& Delete,& Xóa,exact_duplicate; noise_ui_fragment,8,5,0.625
6336,Cut,Cắt,exact_duplicate,3,3,1.0
6338,& Copy,& Chép,exact_duplicate,6,6,1.0
6344,Ready.,Sẵn sàng.,exact_duplicate,6,9,1.5
6348,Exiting...,Thoát...,exact_duplicate,10,8,0.8
6356,Gunnar Schmi Dt,Gunnar Schmi Dt,identical_pair; exact_duplicate,15,15,1.0
6358,Olaf Schmidt,Olaf Schmidt,identical_pair; exact_duplicate,12,12,1.0
6360,& File,& Tập tin,exact_duplicate,6,9,1.5
6361,& Edit,& Sửa,exact_duplicate,6,5,0.8333333333333334
6363,& Settings,& Thiết lập,exact_duplicate; noise_ui_fragment,10,11,1.1
6371,Save Phrase Book,Lưu Từ điển Thành ngữ,noise_ui_fragment,16,21,1.3125
6373,Ask Whether to Save,Hỏi lại Mỗi khi Đóng,noise_ui_fragment,19,20,1.0526315789473684
6383,Your names,"Trần Thế Trung, Nhóm Việt hóa KDEEMAIL OF TRANSLATORS",extreme_length_ratio; exact_duplicate,10,53,5.3
6384,Your emails,"tttrung@ hotmail. com, kde- l10n- vi@ lists. kde. org",exact_duplicate,11,53,4.818181818181818
6390,If you select this option then the selected phrase will be reachable by a keyboard shortcut. You can change the shortcut with the button next to this option.,"Nếu bạn dùng tùy chọn này, đoạn văn đã chọn sẽ được truy cập bằng cách gõ tắt trên bàn phím. Bạn có thể thay đổi cách gõ tắt với nút cạnh tuỳ chọn.",noise_ui_fragment,157,147,0.9363057324840764
6401,& Language:,& Ngôn ngữ:,exact_duplicate,11,11,1.0
6419,& Name:,& Tên:,exact_duplicate,7,6,0.8571428571428571
6422,With this button you delete the selected dictionary.,"Với nút này, bạn xoá từ điển đã chọn.",noise_ui_fragment,52,37,0.7115384615384616
6423,& Delete Dictionary,& Xoá Từ điển,noise_ui_fragment,19,13,0.6842105263157895
6430,This list contains all available dictionaries for the word completion. KMouth will display a combo box next to the edit field in the main window if this list contains more than one dictionary. You can use this combo box in order to select the dictionary that actually gets used for the word completion.,Danh sách này chứa tất cả các từ điển dành cho việc điền nốt các từ viết dở. Mồm K sẽ hiển thị một hộp đa hợp cạnh ô soạn thảo trong cửa sổ chính nếu danh sách chứa nhiều hơn một từ điển. Bạn có thể dùng hộp lựa chọn để chọn từ điển sẽ dùng cho việc điền nốt từ viết dở.,noise_ui_fragment,302,270,0.8940397350993378
6432,Language,Ngôn ngữ,exact_duplicate,8,8,1.0
6471,Add,Thêm,exact_duplicate,3,4,1.3333333333333333
6473,Your chosen filename %1 has the extension. phrasebook. Do you wish to save in phrasebook format?,Tên tập tin bạn đã chọn% 1 có đuôi là. phrasebook. Bạn có muốn lưu theo định dạng phrasebook?,noise_ui_fragment,96,93,0.96875
6488,Save As,Lưu Vào,exact_duplicate; noise_ui_fragment,7,7,1.0
6492,New,Mới,exact_duplicate,3,3,1.0
6494,Delete...,Xoá...,noise_ui_fragment,9,6,0.6666666666666666
6498,Keyword,Từ khoá,exact_duplicate,7,7,1.0
6499,Abstract,Trừu tượng,exact_duplicate,8,10,1.25
6501,Author,Tác giả,exact_duplicate,6,7,1.1666666666666667
6502,Date,Ngày tháng,exact_duplicate,4,10,2.5
6513,Info,Thông tin,exact_duplicate,4,9,2.25
6514,Page,Trang,exact_duplicate,4,5,1.25
6522,Save File,Lưu Tập tin,noise_ui_fragment,9,11,1.2222222222222223
6523,The given URL is invalid. Try'File save as... 'instead.,Địa chỉ (URL) đã cho không hợp lệ. Thử dùng 'Lưu tập tin vào..' xem sao.,noise_ui_fragment,55,72,1.309090909090909
6525,Save operation currently works on local files only.,Hiện tại chỉ có thể lưu các tập tin trong máy.,noise_ui_fragment,51,46,0.9019607843137255
6526,Save File As,Lưu Tập tin Vào,noise_ui_fragment,12,15,1.25
6546,Next Sentence,Câu Tiếp Theo,noise_ui_fragment,13,13,1.0
6548,Clear,Xóa,exact_duplicate,5,3,0.6
6551,Ready.,Sẵn sàng.,exact_duplicate,6,9,1.5
6556,Save file...,Lưu tập tin...,noise_ui_fragment,12,14,1.1666666666666667
6557,Save file as...,Lưu tập tin vào...,noise_ui_fragment,15,18,1.2
6558,Exiting...,Thoát...,exact_duplicate,10,8,0.8
6568,Robert Vogl,Robert Vogl,identical_pair,11,11,1.0
6577,Main Toolbar,Thanh công cụ chínhNAME OF TRANSLATORS,exact_duplicate,12,38,3.1666666666666665
6578,Your names,"Trần Thế Trung, nhóm Việt hóa KDEEMAIL OF TRANSLATORS",extreme_length_ratio; exact_duplicate,10,53,5.3
6579,Your emails,"tttrung@ hotmail. com, kde- l10n- vi@ lists. kde. org",exact_duplicate,11,53,4.818181818181818
6587,Voice Settings,Cài đặt Giọng nói,noise_ui_fragment,14,17,1.2142857142857142
6590,Your names,"Trần Thế Trung, nhóm Việt hóa KDEEMAIL OF TRANSLATORS",extreme_length_ratio; exact_duplicate,10,53,5.3
6591,Your emails,"tttrung@ hotmail. com, kde- l10n- vi@ lists. kde. org",exact_duplicate,11,53,4.818181818181818
6593,Language,Ngôn ngữ,exact_duplicate,8,8,1.0
6602,Female Child,Nữ,extreme_length_ratio,12,2,0.16666666666666666
6608,"When checked, and KTTSMgr was automatically started when speech began, automatically exits when speech has finished. Does not automatically exit if KTTSMgr was started manually or started from the System Settings.","Nếu đánh dấu ô này, và nếu KTTSMgr đã được khởi động tự động sau khi việc phát âm bắt đầu, nó sẽ tự động thoát sau khi việc phát âm kết thúc. Việc thoát tự động không xảy ra nếu KTTSMgr được khởi động từ Trung tâm Điều khiển hoặc bởi người dùng.",noise_ui_fragment,213,245,1.1502347417840375
6609,Exit when speaking is finished,Thoát sau khi phát âm xong,exact_duplicate,30,26,0.8666666666666667
6616,Add...,Thêm...,exact_duplicate,6,7,1.1666666666666667
6618,Down,& Xuống,exact_duplicate,4,7,1.75
6620,& Edit...,& Sửa...,exact_duplicate,9,8,0.8888888888888888
6622,& Remove,& Bỏ,exact_duplicate,8,4,0.5
6623,Filters,Bộ & lọc,exact_duplicate,7,8,1.1428571428571428
6639,...,...,identical_pair; exact_duplicate,3,3,1.0
6643,& Name:,& Tên:,exact_duplicate,7,6,0.8571428571428571
6644,These settings determines when the filter is applied to text.,Các cài đặt này giúp xác định khi nào bộ lọc được áp dụng cho văn bản.,noise_ui_fragment,61,70,1.1475409836065573
6652,Load,Tải,exact_duplicate,4,3,0.75
6653,Click to save word list to a file.,Nhấn vào để lưu danh sách từ vựng vào một tập tin.,noise_ui_fragment,34,50,1.4705882352941178
6654,& Save,& Lưu,exact_duplicate; noise_ui_fragment,6,5,0.8333333333333334
6656,Clear,& Xoá,exact_duplicate,5,5,1.0
6658,& Add,& Thêm,exact_duplicate,5,6,1.2
6660,& Up,& Lên,exact_duplicate,4,5,1.25
6663,& Edit,& Sửa,exact_duplicate,6,5,0.8333333333333334
6665,Type,Loại,exact_duplicate,4,4,1.0
6678,Click to save this Talker Chooser to a file.,Nhấn vào để lưu cấu hình Trình lựa chọn Máy phát âm này vào một tập tin.,noise_ui_fragment,44,72,1.6363636363636365
6679,& Save...,& Lưu...,noise_ui_fragment,9,8,0.8888888888888888
6681,Clear,& Xoá,exact_duplicate,5,5,1.0
6697,"Copyright 2005, Gary Cramblitt & lt; garycramblitt@comcast. netgt;","Bản quyền 2005, Gary Cramblitt < garycramblitt\ @ comcast\. net >",noise_markup_or_html_entity,66,65,0.9848484848484849
6698,Gary Cramblitt,Gary Cramblitt,identical_pair,14,14,1.0
6708,Filter,Lọc,exact_duplicate,6,3,0.5
6709,You have made changes to the configuration but have not saved them yet. Click Apply to save the changes or Cancel to abandon the changes.,Bạn đã thực hiện một số thay đổi đối với các cấu hình nhưng chưa lưu chúng. Nhấn nút Áp dụng để lưu các thay đổi hay nút Bỏ để bỏ các thay đổi.,noise_ui_fragment,137,143,1.0437956204379562
6711,kttsd,kttsd,identical_pair,5,5,1.0
6712,KCMKttsMgr,KCMKttsMgr,identical_pair,10,10,1.0
6713,"(c) 2002, José Pablo Ezequiel Fernández","Bản quyền 2002, José Pablo Ezequiel Fernández",language_suspect,39,45,1.1538461538461537
6714,José Pablo Ezequiel Fernández,José Pablo Ezequiel Fernández,language_suspect; identical_pair,29,29,1.0
6715,Author,Tác giả,exact_duplicate,6,7,1.1666666666666667
6716,Olaf Schmidt,Olaf Schmidt,identical_pair; exact_duplicate,12,12,1.0
6718,Paul Giannaros,Paul Giannaros,identical_pair,14,14,1.0
6725,"(C) 2002, José Pablo Ezequiel Fernández","Bản quyền 2002, José Pablo Ezequiel Fernández",language_suspect,39,45,1.1538461538461537
6729,Gunnar Schmi Dt,Gunnar Schmi Dt,identical_pair; exact_duplicate,15,15,1.0
6730,Jorge Luis Arzola,Jorge Luis Arzola,identical_pair,17,17,1.0
6732,David Powell,David Powell,identical_pair,12,12,1.0
6733,KTTSMgr,KTTSMgr,identical_pair,7,7,1.0
6735,Exit when speaking is finished,Thoát sau khi phát âm xong,exact_duplicate,30,26,0.8666666666666667
6736,& Stop/ Delete,& Dừng/ Xóa,noise_ui_fragment,14,11,0.7857142857142857
6738,& Resume,Tiếp tục,exact_duplicate,8,8,1.0
6748,Finished,Xong,exact_duplicate,8,4,0.5
6749,Unknown,Không rõ,exact_duplicate,7,8,1.1428571428571428
6753,default,mặc định,exact_duplicate,7,8,1.1428571428571428
6754,Boy,The name of the female child voice,language_suspect; extreme_length_ratio,3,34,11.333333333333334
6755,Girl,"Somehow user has gotten a voice type that is not valid, i. e. not Male1, Male2, etc.",language_suspect; extreme_length_ratio,4,84,21.0
6758,USA,Mỹfull country name,extreme_length_ratio,3,19,6.333333333333333
6771,Yes,Có,exact_duplicate,3,2,0.6666666666666666
6772,No,Không,exact_duplicate,2,5,2.5
6776,Error,Lỗi,exact_duplicate,5,3,0.6
6783,Pause,"Làm tác vụ chuyển sang trạng thái Tạm dừng. Nếu tác vụ đang được phát âm, nó sẽ dừng. Các tác vụ tạm ngừng sẽ không cho các tác vụ sau nó được phát âm, do đó cần ấn nút Tiếp tục để cho nó tiếp tục được phát âm, hoặc nút Để sau để di chuyển nó xuống dưới danh sách.",extreme_length_ratio,5,264,52.8
6784,"Resumes a paused job or changes a Queued job to Waiting. If the job is the top speakable job in the list, it begins speaking.",Tạm dừng,extreme_length_ratio,125,8,0.064
6785,Resume,"Tiếp tục phát âm một tác vụ đã bị tạm ngừng hoặc chuyển một tác vụ đang ở trạng thái Xếp hàng sang Sẵn sàng. Nếu tác vụ đang nằm trên cùng trong danh sách các tác vụ sẵn sàng phát âm, nó sẽ được phát âm.",extreme_length_ratio,6,203,33.833333333333336
6786,"Queues the current contents of the clipboard for speaking and sets its state to Waiting. If the job is the topmost in the list, it begins speaking. The job will be spoken by the topmost Talker in the Talkers tab.",Tiếp tục,extreme_length_ratio,212,8,0.03773584905660377
6787,& Speak Clipboard,"Đặt nội dung của bảng nháp vào danh sách phát âm ở trạng thái Sẵn sàng. Nếu tác vụ nằm trên cùng trong danh sách tác vụ sẵn sàng, nó sẽ được phát âm bởi Máy phát âm trên cùng trong trang Máy phát âm.",extreme_length_ratio,17,199,11.705882352941176
6788,Prompts you for a file name and queues the contents of the file for speaking. You must click the Resume button before the job will be speakable. The job will be spoken by the topmost Talker in the Talkers tab.,& Phát âm Bảng nháp,extreme_length_ratio,209,19,0.09090909090909091
6789,Speak File,Chọn một tập tin và đặt nội dung của tập tin vào danh sách phát âm. Bạn cần ấn nút Tiếp tục để tác vụ chuyển sang trạng thái Sẵn sàng. Tác vụ sẽ được phát âm bởi Máy phát âm trên cùng trong trang Máy phát âm.,extreme_length_ratio,10,208,20.8
6790,Prompts you with a list of your configured Talkers from the Talkers tab. The job will be spoken using the selected Talker.,Phát âm Tập tin,extreme_length_ratio,122,15,0.12295081967213115
6791,Change Talker,Hiện ra danh sách các Máy phát âm đã được cấu hình từ trang Máy phát âm để bạn lựa chọn. Tác vụ sẽ được phát âm bởi Máy phát âm đã chọn.,extreme_length_ratio,13,136,10.461538461538462
6806,& Rate:,Các mục được đánh dấu sẽ được ưu tiên hơn các mục chưa đánh dấu.,extreme_length_ratio,7,64,9.142857142857142
6809,"When checked, will use a configured Talker most closely matching the attributes you choose. Attributes with checks next to them will be preferred over unchecked attributes. Language is always preferred.",& Giới:,extreme_length_ratio; noise_ui_fragment,202,7,0.034653465346534656
6811,male,"Nếu đánh dấu, dùng Máy phát âm đã được cấu hình phù hợp nhất với các tính năng bạn đã chọn. Các tính năng đã được đánh dấu sẽ được ưu tiên hơn các tính năng chưa đánh dấu. Ngôn ngữ đã chọn luôn được ưu tiên.",extreme_length_ratio,4,207,51.75
6812,female,Dùng Máy phát âm & phù hợp nhất có thể,extreme_length_ratio,6,38,6.333333333333333
6817,"Rewinds a job to the beginning and changes its state to Waiting. If the job is the top speakable job in the list, it begins speaking.",Mã số,extreme_length_ratio,133,5,0.03759398496240601
6820,"Moves a job downward in the list so that it will be spoken later. If the job is currently speaking, its state changes to Paused.",Tốc độ,extreme_length_ratio,128,6,0.046875
6821,& Later,Hệ thống Văn bản sang Tiếng nói đang không chạy,extreme_length_ratio,7,47,6.714285714285714
6824,Advances a job to the next sentence.,& Xóa,extreme_length_ratio; noise_ui_fragment,36,5,0.1388888888888889
6825,& Next Sentence,"Di chuyển một tác vụ xuống dưới danh sách để nó được phát âm sau. Nếu tác vụ đang được phát âm, trạng thái của nó sẽ chuyển sang Tạm ngừng.",extreme_length_ratio; noise_ui_fragment,15,139,9.266666666666667
6835,Invalid number of parameters.,Lọc,extreme_length_ratio,29,3,0.10344827586206896
6836,Enter HELP & lt; optiongt; where & lt; optiongt; may be:,& Bỏ,extreme_length_ratio,56,4,0.07142857142857142
6843,help say,SIGNALS để liệt kê các tín hiệu của KTTSD được gửi qua D- Bus.,extreme_length_ratio,8,62,7.75
6858,Pause & lt; msecgt; milliseconds. Example:,Đặt thời gian chờ là < msec > milli- giây. 0 để đợi mãi mãi.,noise_markup_or_html_entity,42,60,1.4285714285714286
6862,ERROR: No such member.,Dừng < msec > milli- giây. Ví dụ,noise_markup_or_html_entity,22,32,1.4545454545454546
6863,Deleted,Chờ với các tham số (không bắt buộc). Ví dụ:,extreme_length_ratio,7,44,6.285714285714286
6870,Show KTTSD D-Bus replies. [off],LỖI:,extreme_length_ratio,31,4,0.12903225806451613
6872,Continue on error.,"Bản quyền 2006, Gary Cramblitt < garycramblitt\ @ comcast\. net >",noise_markup_or_html_entity,18,65,3.611111111111111
6877,"These are all the text jobs. The State column may be: Queued - the job is waiting and will not be spoken until its state is changed to Waiting by clicking the Resume or Restart buttons. Waiting - the job is ready to be spoken. It will be spoken when the jobs preceding it in the list have finished. Speaking - the job is speaking. The Position column shows the current sentence of the job being spoken. You may pause a speaking job by clicking the Hold button. Paused - the job is currently paused. Paused jobs prevent jobs below them from speaking. Use the Resume or Restart buttons to resume speaking the job, or click Later to move the job down in the list. Finished - the job has finished speaking. When a second job finishes, this one will be deleted. You may click Restart to repeat the job. Note: Messages, Warnings, and Screen Reader Output do not appear in this list. See the Handbook for more information.",Tiếp tục chạy khi có lỗi.,extreme_length_ratio,915,25,0.0273224043715847
6878,Hold,Tên của tập tin để chạy. Dùng '-' để đọc đầu vào chuẩn.,extreme_length_ratio,4,55,13.75
6879,The radio buttons below determine which box shows all possibilities. The box to the left of the checked button shows all possibilities. The box to the left of the unchecked box only shows those possibilities that match the other box.,Các tham số không bắt buộc cho tập tin.,extreme_length_ratio,233,39,0.16738197424892703
6881,"Check this box to display all the available synthesizers in the Synthesizer box to the left. When a synthesizer is chosen, only the languages that can be spoken by that synthesizer appear in the Language box.",Không có tập tin nào được chỉ định,extreme_length_ratio,208,34,0.16346153846153846
6883,Select the speech synthesizer to do the speaking.,Tạm dừng,extreme_length_ratio,49,8,0.16326530612244897
6885,Click this button to edit the Sentence Boundary Detector (SBD) configuration or add additional SBD filters.,Hiển thị Tất cả,extreme_length_ratio,107,15,0.14018691588785046
6886,Configure,"Đánh dấu ô này để hiển thị tất cả các trình tổng hợp trong ""hộp Trình tổng hợp"" ở bên trái. Khi một trình tổng hợp được chọn, chỉ có ngôn ngữ nào mà trình này phát âm được sẽ hiện ra ở ""hộp Ngôn ngữ"".",extreme_length_ratio,9,200,22.22222222222222
6887,Interruption,"Đánh dấu ô này để liệt kê tất cả các ngôn ngữ có thể trong ""hộp Ngôn ngữ"" ở bên trái. Khi một ngôn ngữ được chọn, ""hộp Trình tổng hợp"" sẽ chỉ hiển thị các trình làm việc được với ngôn ngữ đó.",extreme_length_ratio,12,191,15.916666666666666
6890,Post-message:,Nhấn nút này để sửa cấu hình của SBD (Trình nhận dạng Ranh giới Câu) hoặc thêm các bộ lọc SBD.,extreme_length_ratio,13,94,7.230769230769231
6892,"Check the Pre-message box and enter a Pre-message, which will be spoken whenever a text job is interrupted by another message.",& Ngắt quãng,extreme_length_ratio,126,12,0.09523809523809523
6893,& Pre-message:,Đánh dấu vào ô Âm thanh- Trước và chọn một tập tin âm thanh để nó được phát âm khi một tác vụ văn bản bị ngắt quãng bởi một thông báo khác.,extreme_length_ratio,14,139,9.928571428571429
6901,"Select the PCM device to be used for ALSA output. Select ""default"" to use the default ALSA device.",Âm thanh,extreme_length_ratio,98,8,0.08163265306122448
6909,WARNING: This filter is a key component of the KTTS system. Please read the KTTS Handbook before modifying these settings.,Đánh dấu ô này nếu bạn muốn lưu giữ tập tin âm thanh (wav) đã tạo ra. Bạn sẽ tìm thấy nó trong thư mục đã chỉ định.,noise_ui_fragment,122,115,0.9426229508196722
6912,& Sentence boundary regular expression:,%,extreme_length_ratio,39,1,0.02564102564102564
6915,& Language is:,Biểu thức chính quy giúp nhận dạng ranh giới giữa các câu văn trong văn bản.,extreme_length_ratio,14,76,5.428571428571429
6917,Click to save this Sentence Boundary Detection configuration to a file.,Chuỗi này sẽ thay các biểu thức chính quy được khớp. Quan trọng: cần phải được kết thúc bằng ký tự Tab (\\ t).,noise_ui_fragment,71,110,1.5492957746478873
6918,Save...,Ranh giới câu & thay thế:,noise_ui_fragment,7,25,3.5714285714285716
6932,Speed:,Tham số:% t: Văn bản để phát âm% f: Tập tin (có thể là tập tin tạm thời) để chứa văn bản% l: Ngôn ngữ (mã 2 chữ cái)% w: Tập tin hoặc tập tin tạm thời dành cho âm thanh tạo ra,extreme_length_ratio,6,175,29.166666666666668
6933,"Sets the tone (frequency) of speech. Slide the slider to the left to lower the voice tone; to the right to increase tone. Anything less than 75 percent is considered ""low"", and anything greater than 125 percent is considered ""high"".",Giao diện Cấu hình Epos,extreme_length_ratio,232,23,0.09913793103448276
6934,Pitch:,Đây là hộp thoại cấu hình cho trình tổng hợp giọng nói Epos cho tiếng Séc và Slovakia.,extreme_length_ratio,6,86,14.333333333333334
6935,"If the Epos server program will be found due to your PATH environment variable, simply enter ""epos"", otherwise enter the full path to the Epos server executable program.",Cấu hình Epos,extreme_length_ratio,169,13,0.07692307692307693
6939,Additional Options (advanced),"Cài đặt âm sắc (tần số) phát âm. Di chuyển thanh trượt sang trái để làm âm trầm đi; sang phải để làm giọng cao hơn. Giá trị nhỏ hơn 75% được gọi là ""trầm"", cao hơn 125% là ""cao"".",extreme_length_ratio,29,178,6.137931034482759
6940,"Optional. Enter any server command line options here. To see available options, enter ""epos -h"" in a terminal. Do not use ""-o"".",Âm sắc:,extreme_length_ratio,127,7,0.05511811023622047
6943,Epos client:,"Nếu chương trình khách Epos sẽ được tìm thấy nhờ vào cài đặt ở biến môi trường PATH, chỉ cần nhập ""say"", nếu không, cần nhập đường dẫn đầy đủ đến trình khách Epos.",extreme_length_ratio,12,163,13.583333333333334
6949,"If Festival is in your PATH environment variable, just enter ""festival"", otherwise specify the full path to the Festival executable program.",Trình khách Epos:,extreme_length_ratio,140,17,0.12142857142857143
6950,& Select voice:,"Nhấn vào để thử cấu hình. Nếu chạy tốt, bạn sẽ nghe thấy một câu được phát âm.",extreme_length_ratio,15,78,5.2
6951,"Select a voice to speak text with. MultiSyn voices are high quality but are slow to load. If no voices are shown, check the Festival executable path. You must install at least one Festival voice. If you have installed a voice and still none are shown, check your Festival configuration. (See the README that comes with Festival.)",Giao diện Cấu hình Festival,extreme_length_ratio,329,27,0.08206686930091185
6952,& Rescan,Đây là hộp thoại để cấu hình trình tổng hợp giọng nói Festival trong chế độ tương tác.,extreme_length_ratio,8,86,10.75
6953,"Sets the volume (loudness) of speech. Slide the slider to the left to lower the volume; to the right to increase volume. Anything less than 75 percent is considered ""soft"", and anything greater than 125 percent is considered ""loud"".",Cấu hình Festival trong chế độ & Tương tác,extreme_length_ratio,232,42,0.1810344827586207
6958,Click to test the configuration. Festival will be started and a test sentence will be spoken.,& Quét lại,extreme_length_ratio,93,10,0.10752688172043011
6959,Character encoding:,"Cài đặt âm lượng phát âm. Di chuyển thanh trượt sang trái để giảm âm lượng; sang phải để tăng âm lượng. Giá trị nhỏ hơn 75% được gọi là ""nhỏ"", cao hơn 125% là ""to"".",extreme_length_ratio,19,164,8.631578947368421
6963,& Flite executable path:,"Nếu đánh dấu, Festival sẽ khởi động và giọng này sẽ được tải khi Trình nền Văn bản sang Giọng nói (KTTSD) chạy. Đánh dấu nếu giọng này cần nhiều thời gian để tải vào Festival (như giọng MultiSyn), nếu không thì đừng đánh dấu.",extreme_length_ratio,24,225,9.375
6968,Test,Cấu hình Festival & Lite (flite),extreme_length_ratio,4,32,8.0
6977,Adjusts the speed of speech. Slide to left for slower speech; to the right for faster.,Cấu hình Hadifix,extreme_length_ratio,86,16,0.18604651162790697
6978,Adjusts the pitch (tone) of speech. Slide to left for lower speech; to the right for higher.,Tuỳ chọn & Cơ bản,extreme_length_ratio,92,17,0.18478260869565216
6980,txt2pho executable:,"Chọn một giọng cho phát âm. Nếu không có giọng nào hiện ra, kiểm tra lại cấu hình Mbrola. Bạn cần cài đặt ít nhất một giọng nói.",extreme_length_ratio,19,128,6.7368421052631575
6981,"If the txt2pho program is in your PATH environment variable, simply enter ""txt2pho"", otherwise specify the full path to the txt2pho executable program.",& Chọn...,extreme_length_ratio,151,9,0.059602649006622516
6990,"American Female, MBROLA","Nếu chương trình Mbrola đã nằm trong biến môi trường PATH, chỉ cần nhập ""mbrola"", nếu không, cần nhập đường dẫn đầy đủ đến trình Mbrola chạy được.",extreme_length_ratio,23,146,6.3478260869565215
6991,"American Male, MBROLA",Hộp lựa chọn này chỉ định bộ mã ký tự nào dùng cho đầu vào văn bản. Tiếng Việt dùng UTF- 8; đa số ngôn ngữ châu Âu dùng ISO- 8859- 1; tiếng Hungary dùng ISO- 8859- 2.,extreme_length_ratio,21,166,7.904761904761905
6992,British Male,Nhấn vào để thử. Bạn sẽ nghe thấy một câu được phát âm nếu mọi thứ chạy tốt.,extreme_length_ratio,12,76,6.333333333333333
7009,Polish Male,"Giọng nam tiếng Tây Ban Nha ở Mêxicô, OGCFestivalVoiceName",extreme_length_ratio,11,58,5.2727272727272725
7029,& Add...,Giọng nữ tiếng Tây Ban Nha ở MỹFestivalVoiceName,extreme_length_ratio,8,48,6.0
7037,Unicode,Trình nhận dạng Ranh giới Câu Tiêu chuẩn,extreme_length_ratio,7,40,5.714285714285714
7038,Invalid S S M L.,KTTS chưa được cấu hình. Cần có ít nhất một Máy phát âm được cấu hình. Bạn có muốn cấu hình nó bây giờ không?,extreme_length_ratio,16,109,6.8125
7042,Querying Festival for available voices. This could take up to 15 seconds.,Latin1,extreme_length_ratio,73,6,0.0821917808219178
7043,Testing. MultiSyn voices require several seconds to load. Please be patient.,Unicode,extreme_length_ratio,76,7,0.09210526315789473
7044,Unable to locate freetts. jar in your path. Please specify the path to freetts. jar in the Properties tab before using KDE Text-to-Speech,S S M L không hợp lệ.,extreme_length_ratio,137,21,0.15328467153284672
7052,"Enter a DCOP Application ID. This filter will only apply to text jobs queued by that application. You may enter more than one ID separated by commas. If blank, this filter applies to text jobs queued by all applications. Tip: Use kdcop from the command line to get the Application IDs of running applications. Example: ""konversation, kvirc, ksirc, kopete""","Giọng nữ ""% 1""",extreme_length_ratio,355,14,0.03943661971830986
7053,"Enter a DCOP Application ID. This filter will only apply to text jobs queued by that application. You may enter more than one ID separated by commas. Use knotify to match all messages sent as KDE notifications. If blank, this filter applies to text jobs queued by all applications. Tip: Use kdcop from the command line to get the Application IDs of running applications. Example: ""konversation, kvirc, ksirc, kopete""","Giọng không rõ ""% 1""",extreme_length_ratio,416,20,0.04807692307692308
7054,& Tools,Trình bổ sung này được phân phối theo điều kiện của GPL phiên bản 2 hay mới hơn.,extreme_length_ratio,7,80,11.428571428571429
7056,Speak Text,Giới của tập tin giọng nói% 1 không thể xác định được.,extreme_length_ratio,10,54,5.4
7059,The D-Bus call say failed.,"Nhập một Mã số Ứng dụng DCOP. Bộ lọc này sẽ chỉ áp dụng cho các văn bản xếp hàng bởi ứng dụng có mã số này. Bạn có thể nhập nhiều Mã số, cách nhau bởi dấu phẩy. Nếu để trống, bộ lọc này sẽ được áp dụng cho mọi tác vụ văn bản xếp hàng bởi mọi ứng dụng. Gợi ý: Dùng lệnh kdcop để biết được Mã số của ứng dụng đang chạy. Ví dụ: ""konversation, kvirc, ksirc, kopete""",extreme_length_ratio,26,361,13.884615384615385
7060,The D-Bus call setText failed.,"Nhập một Mã số Ứng dụng DCOP. Bộ lọc này sẽ chỉ áp dụng cho các văn bản xếp hàng bởi ứng dụng có mã số này. Bạn có thể nhập nhiều Mã số, cách nhau bởi dấu phẩy. Dùng knotify để khớp mọi thông báo gửi theo dạng thông báo của KDE. Nếu để trống, bộ lọc này sẽ được áp dụng cho mọi tác vụ văn bản xếp hàng bởi mọi ứng dụng. Gợi ý: Dùng lệnh kdcop để biết được Mã số của ứng dụng đang chạy. Ví dụ: ""konversation, kvirc, ksirc, kopete""",extreme_length_ratio,30,429,14.3
7062,"Specify options to be passed to Epos client. Do not use -o. To see available options, enter ""say -h"" in a terminal. Do not use ""-o"".",Thanh công cụ chính,extreme_length_ratio,132,19,0.14393939393939395
7070,Click to remove a specific notification event from the list. You cannot remove the default event.,& Báo cáo,extreme_length_ratio,97,9,0.09278350515463918
7074,Click to test notification,Chỉ áp dụng cho các sự kiện mặc định. Không ảnh hưởng đến các sự kiện chỉ dành riêng cho ứng dụng. Chỉ có sự kiện hiện ra trong các lựa chọn của bạn sẽ được phát âm.,extreme_length_ratio,26,165,6.346153846153846
7075,Click this button to test the notification. A sample message will be spoken. Note: The Text-to-Speech system must be enabled.,Báo cáo cần phát âm:,extreme_length_ratio,125,20,0.16
7077,Action:,Nhấn vào để bỏ một sự kiện khỏi danh sách cần thông báo. Bạn không thể bỏ sự kiện mặc định.,extreme_length_ratio,7,91,13.0
7082,Event source:,Ấn nút để thử việc báo cáo. Một thông báo thử sẽ được phát âm. Chú ý: hệ thống Văn bản sang Tiếng nói phải được bật lên.,extreme_length_ratio,13,120,9.23076923076923
7083,Event,"Chỉ định việc KTTS phát âm như nào khi có một sự kiện được báo cáo. Nếu bạn chọn"" Phát âm văn bản tuỳ thích "", nhập văn bản vào trong ô soạn thảo. Bạn có thể dùng các cách viết sau trong ô soạn thảo:% e Tên của sự kiện% a Ứng dụng gửi ra sự kiện% m Thông báo gửi ra bởi ứng dụng",extreme_length_ratio,5,278,55.6
7085,Application/ Event,"Nếu đánh dấu ô này, KTTS sẽ được bật, các sự kiện được ứng dụng báo qua ""Báo K"" sẽ được phát âm theo các cài đặt trong trang này.",extreme_length_ratio,18,129,7.166666666666667
7087,Talker,"Nếu đánh dấu ô này, các sự kiện thông báo đã có chuông báo sẵn sẽ không được phát âm.",extreme_length_ratio,6,85,14.166666666666666
7100,none,Danh sách Sự kiện Thông báo,extreme_length_ratio,4,27,6.75
7105,Configure and schedule tasks,Name,extreme_length_ratio,28,4,0.14285714285714285
7108,Configure Network Settings,Cấu hình thiết lập mạngName,noise_ui_fragment,26,27,1.0384615384615385
7109,Network Settings,Thiết lập mạngComment,noise_ui_fragment,16,21,1.3125
7110,Configure TCP/ IP settings,Cấu hình thiết lập TCP/ IPName,noise_ui_fragment,26,30,1.1538461538461537
7112,Configure TCP/ IP Settings,Cấu hình thiết lập TCP/ IPName,noise_ui_fragment,26,30,1.1538461538461537
7130,DEB Stats,"lilo, boot, khởi động, bootup, mở máy, quản lý khởi động, boot manager, linux, Other OS, hệ điều hành, HĐH, MBR, khởi chạy, startup, startName",extreme_length_ratio,9,142,15.777777777777779
7134,default,mặc định,exact_duplicate,7,8,1.1428571428571428
7170,kcmlilo,kcmlilo,identical_pair,7,7,1.0
7174,Select...,Chọn...,exact_duplicate,9,7,0.7777777777777778
7195,& Label:,& Nhãn:,exact_duplicate,8,7,0.875
7205,Details,Chi & tiết,exact_duplicate,7,10,1.4285714285714286
7235,& Default,& Mặc định,exact_duplicate,9,10,1.1111111111111112
7237,& Reset,Đặt & lại,exact_duplicate,7,9,1.2857142857142858
7255,and,và,exact_duplicate,3,2,0.6666666666666666
7256,",",", Hour:: Minute list",extreme_length_ratio,1,20,20.0
7274,",",",",identical_pair; exact_duplicate,1,1,1.0
7312,Sun,CN,exact_duplicate,3,2,0.6666666666666666
7322,Description,Mô tả,exact_duplicate,11,5,0.45454545454545453
7326,Modify...,Sửa đổi...,exact_duplicate,9,10,1.1111111111111112
7328,Delete the selected task.,Xoá tác vụ hay biến đã chọn.,noise_ui_fragment,25,28,1.12
7336,Environment Variables,Biến,extreme_length_ratio; exact_duplicate,21,4,0.19047619047619047
7339,Variable,Biến,exact_duplicate,8,4,0.5
7340,Value,Giá trị,exact_duplicate,5,7,1.4
7345,Delete the selected variable.,Xoá tác vụ hay biến đã chọn.,noise_ui_fragment,29,28,0.9655172413793104
7347,Disabled,Tắt,exact_duplicate,8,3,0.375
7351,Comment:,Chú thích:,exact_duplicate,8,10,1.25
7356,Minutes,Phút,exact_duplicate,7,4,0.5714285714285714
7377,Value:,Giá trị:,exact_duplicate,6,8,1.3333333333333333
7381,Environment Variables,Biến,extreme_length_ratio; exact_duplicate,21,4,0.19047619047619047
7384,Print crontab,In Crontab,language_suspect,13,10,0.7692307692307693
7386,Your names,Nhóm Việt hoá KDEEMAIL OF TRANSLATORS,exact_duplicate,10,37,3.7
7387,Your emails,kde- l10n- vi@ kde. org,exact_duplicate,11,23,2.090909090909091
7389,Saving...,Đang lưu...,exact_duplicate,9,11,1.2222222222222223
7390,Ready.,Sẵn sàng.,exact_duplicate,6,9,1.5
7392,& Comment:,& Chú thích:,exact_duplicate,10,12,1.2
7393,Scheduled tasks have been modified. Do you want to save changes?,Tác vụ đã lập lịch đã bị thay đổi. Bạn có muốn lưu các thay đổi không?,noise_ui_fragment,64,70,1.09375
7395,Ready.,Sẵn sàng.,exact_duplicate,6,9,1.5
7396,KCron,KCron,identical_pair,5,5,1.0
7405,Value:,Giá trị:,exact_duplicate,6,8,1.3333333333333333
7408,Print Cron Tab,In Crontab,language_suspect,14,10,0.7142857142857143
7410,& New...,& Mới...,exact_duplicate,8,8,1.0
7426,Only local or mounted files can be executed by crontab.,& Duyệt...,extreme_length_ratio,55,10,0.18181818181818182
7428,%1,Crontab chỉ có khả năng thực hiện các tập tin cục bộ hay đã lắp thôi.,extreme_length_ratio,2,69,34.5
7431,Size:,Cỡ:,exact_duplicate,5,3,0.6
7441,Files:,Tập tin:,exact_duplicate,6,8,1.3333333333333333
7443,Save Log...,Lưu bản ghi...,noise_ui_fragment,11,14,1.2727272727272727
7444,No files to back up. Aborting.,Không có tập tin nào cần sao lưu nên hủy bỏ.,noise_ui_fragment,30,44,1.4666666666666666
7459,"caught. Exit the program from File- > Quit or do ""kill -9< pid >"" if you like.","đã bắt. Hãy thoát khỏi chương trình bằng « Tập tin > Thoát », hoặc sử dụng lệnh « kill - 9 PID », theo ý kiến của bạn.",noise_markup_or_html_entity,78,118,1.5128205128205128
7467,File name:,Tên tập tin:,exact_duplicate,10,12,1.2
7470,Owner:,Sở hữu:,exact_duplicate,6,7,1.1666666666666667
7471,Group:,Nhóm:,exact_duplicate,6,5,0.8333333333333334
7480,Abort,Hủy bỏ,exact_duplicate,5,6,1.2
7489,KDat:,KDat:,identical_pair; exact_duplicate,5,5,1.0
7493,Delete Archive,Xoá kho lưu,noise_ui_fragment,14,11,0.7857142857142857
7497,Delete Tape Index,Xoá chỉ mục băng,noise_ui_fragment,17,16,0.9411764705882353
7499,Delete Backup Profile,Xoá hồ sơ sao lưu,noise_ui_fragment,21,17,0.8095238095238095
7500,Delete Index,Xoá chỉ mục,noise_ui_fragment,12,11,0.9166666666666666
7502,& File,Tập tin:,exact_duplicate,6,8,1.3333333333333333
7507,Ready.,Sẵn sàng.,exact_duplicate,6,9,1.5
7514,WARNING: The estimated archive size is %1 KiB but the tape has only %2 KiB of space. Back up anyway?,"CẢNH BÁO: kích cỡ kho lưu xấp xỉ là% 1 KB, còn băng có chỉ% 2 KB sức chứa. Vẫn sao lưu không?",noise_ui_fragment,100,93,0.93
7532,Overwrite,Ghi đè,exact_duplicate,9,6,0.6666666666666666
7536,"No archive is selected. In order to delete an archive, the archive to be deleted must be selected in the tree first.","Chưa chọn kho lưu. Để xoá kho lưu, trước tiên cần phải chọn kho lưu đó trong cây.",noise_ui_fragment,116,81,0.6982758620689655
7537,An archive cannot be removed from the middle of the tape. If the archive '%1 'is deleted then the following archives will also be deleted: %2 Delete all listed archives?,Không thể gỡ bỏ kho lưu nằm ở giữa băng. Nếu kho lưu «% 1 » được xoá thì những kho lưu sau cũng sẽ được xoá:% 2 Xoá mọi kho lưu đã liệt kê không?,noise_ui_fragment,169,145,0.8579881656804734
7538,Delete All,Xoá kho lưu,noise_ui_fragment,10,11,1.1
7540,Really delete the archive '%1 '?,Bạn có thực sự muốn xoá kho lưu «% 1 » không?,noise_ui_fragment,32,45,1.40625
7541,Delete,Xoá chỉ mục,noise_ui_fragment,6,11,1.8333333333333333
7543,"No tape index is selected. In order to delete a tape index, the tape index to be deleted must be selected in the tree first.","Chưa chọn chỉ mục băng. Để xoá chỉ mục băng, trước tiên cần phải chọn nó trong cây.",noise_ui_fragment,124,83,0.6693548387096774
7545,Really delete the index for '%1 '?,Thực sự xoá chỉ mục cho «% 1 » không?,noise_ui_fragment,34,37,1.088235294117647
7550,Format,Định dạng,exact_duplicate,6,9,1.5
7556,"In order to delete a backup profile, the backup profile to be deleted must be selected in the tree first.","Để xoá hồ sơ sao lưu, trước tiên hãy chọn nó trong cây.",noise_ui_fragment,105,55,0.5238095238095238
7557,Really delete backup profile '%1 '?,Thực sự xoá hồ sơ sao lưu «% 1 » không?,noise_ui_fragment,35,39,1.1142857142857143
7566,KDat:,KDat:,identical_pair; exact_duplicate,5,5,1.0
7567,"Click ""CANCEL"" to stop the backup process. For example, you may quickly see that the size of the files you selected will exceed the size of the backup tape, and may then decide to stop and remove some files from your list of files to backup. Click ""Continue"" to remove this message while continuing the backup.","Hãy nhấn vào « THÔI » để dừng tiến trình sao lưu. Chẳng hạn, bạn có khả năng xem nhanh kích cỡ của các tập tin đã chọn sẽ vượt quá kích cỡ của băng sao lưu, rồi có thể quyết định dừng và gỡ bỏ một số tập tin khỏi danh sách các tập tin cần sao lưu. Nhấn vào « Tiếp tục » để gỡ bỏ thông điệp này mà vẫn còn tiếp tục sao lưu.",noise_ui_fragment,310,322,1.038709677419355
7570,KDat: Save Log,KDat: Lưu bản ghi,noise_ui_fragment,14,17,1.2142857142857142
7573,KDat,KDat,identical_pair,4,4,1.0
7581,MB,MB,identical_pair; exact_duplicate,2,2,1.0
7582,GB,GB,identical_pair; exact_duplicate,2,2,1.0
7584,bytes,byte,exact_duplicate,5,4,0.8
7587,...,...,identical_pair; exact_duplicate,3,3,1.0
7607,Your names,Nhóm Việt hoá KDEEMAIL OF TRANSLATORS,exact_duplicate,10,37,3.7
7608,Your emails,kde- l10n- vi@ kde. org,exact_duplicate,11,23,2.090909090909091
7665,& Save Log...,& Lưu bản ghi...,noise_ui_fragment,13,16,1.2307692307692308
7666,& Abort,& Hủy bỏ,exact_duplicate,7,8,1.1428571428571428
7675,"FAILED to remove %1 from %2: ""%3""","FAILED to remove% 1 from% 2: ""% 3""",language_suspect,33,34,1.0303030303030303
7677,removed %1 from %2,gỡ bỏ% 1 từ% 2,exact_duplicate,18,14,0.7777777777777778
7678,removed %1 from %2,gỡ bỏ% 1 từ% 2,exact_duplicate,18,14,0.7777777777777778
7681,"FAILED to create %1 in %2: ""%3""","FAILED to create% 1 in% 2: ""% 3""",language_suspect,31,32,1.032258064516129
7691,Path Configuration,NAME OF TRANSLATORS,language_suspect,18,19,1.0555555555555556
7692,Your names,EMAIL OF TRANSLATORS,language_suspect; exact_duplicate,10,20,2.0
7696,Delete & home folder: %1,Không thể tạo thư mục home% 1. Lỗi:% 2,noise_ui_fragment,24,38,1.5833333333333333
7710,stat() call on file %1 failed: %2 Check KUser settings.,stat call trên file% 1 failed:% 2 Check KUser Settings (Sources),noise_ui_fragment,55,64,1.1636363636363636
7711,Error opening %1 for reading.,Lỗi mở và đọc file% 1,exact_duplicate,29,21,0.7241379310344828
7714,GID,GID,identical_pair; exact_duplicate,3,3,1.0
7718,Ready,Sẵn sàng,exact_duplicate,5,8,1.6
7719,& Add...,& Thêm...,exact_duplicate,8,9,1.125
7720,& Edit...,& Sửa...,exact_duplicate,9,8,0.8888888888888888
7721,& Delete...,& Xoá...,noise_ui_fragment,11,8,0.7272727272727273
7733,& Edit,& Sửa...,exact_duplicate,6,8,1.3333333333333333
7734,& Delete,& Xoá...,noise_ui_fragment,8,8,1.0
7735,Delete Connection,& Tiếp tục,noise_ui_fragment,17,10,0.5882352941176471
7756,KUser sources were not configured. Set'Password file 'in Settings/ Files,Bạn chưa cấu hình KUser Source. nguồn passwd địa phương được đặt tại% 1 Nhóm nguồn đặt tại% 2,noise_ui_fragment,72,93,1.2916666666666667
7757,Stat call on file %1 failed: %2 Check KUser settings.,stat call trên file% 1 failed:% 2 Check KUser Settings (Sources),noise_ui_fragment,53,64,1.2075471698113207
7758,Error opening %1 for reading.,Lỗi mở và đọc file% 1,exact_duplicate,29,21,0.7241379310344828
7759,No / etc/ passwd entry for %1. Entry will be removed at the next ` Save'-operation.,Không có hạng mục / etc/ passwd cho% 1. Hạng mục sẽ được gỡ bỏ trong thao tác 'Save' tiếp theo.,noise_ui_fragment,83,95,1.144578313253012
7761,UID,UID,identical_pair; exact_duplicate,3,3,1.0
7783,& Settings,NAME OF TRANSLATORS,language_suspect; noise_ui_fragment,10,19,1.9
7784,Your names,EMAIL OF TRANSLATORS,language_suspect; exact_duplicate,10,20,2.0
7786,Unable to process NIS group file without a minimum GID specified. Please update KUser settings (File Source Settings).,Không thể thực hiện NIS passwd mà không có UID tối thiểu được chỉ định. Xin cập nhật KUser Settings (Sources),noise_ui_fragment,118,109,0.923728813559322
7787,Specifying NIS minimum GID requires NIS file(s). Please update KUser settings (File Source Settings).,NIS minimum UID đã chỉ định đòi hỏi file NIS. Xin cập nhật KUser Settings (Sources),noise_ui_fragment,101,83,0.8217821782178217
7789,Unable to process NIS passwd file without a minimum UID specified. Please update KUser settings (Files).,Không thể thực hiện NIS passwd mà không có UID tối thiểu được chỉ định. Xin cập nhật KUser Settings (Sources),noise_ui_fragment,104,109,1.0480769230769231
7790,Specifying NIS minimum UID requires NIS file(s). Please update KUser settings (Files).,NIS minimum UID đã chỉ định đòi hỏi file NIS. Xin cập nhật KUser Settings (Sources),noise_ui_fragment,86,83,0.9651162790697675
7793,Theme that matches current system colors (Optimized with Oxygen style),Name,extreme_length_ratio,70,4,0.05714285714285714
7795,A consistent looking theme with an elegant touch.,Name,extreme_length_ratio,49,4,0.08163265306122448
7797,An elegant theme for plasma,Name,extreme_length_ratio,27,4,0.14814814814814814
7801,Transparent slim theme,Name,extreme_length_ratio,22,4,0.18181818181818182
7803,Slick theme for dark wallpapers,Name,extreme_length_ratio,31,4,0.12903225806451613
7815,Setup...,Thiết lập... Name,exact_duplicate,8,17,2.125
7819,Clock,Đồng hồName,exact_duplicate,5,11,2.2
7830,Science,Khoa họcName,exact_duplicate,7,12,1.7142857142857142
8080,There is Rain on the Table,Name,extreme_length_ratio,26,4,0.15384615384615385
8083,Beach Reflecting Clouds,Name,extreme_length_ratio,23,4,0.17391304347826086
8109,About,Giới thiệu,exact_duplicate,5,10,2.0
8110,Font,Phông,exact_duplicate,4,5,1.25
8112,Size:,Cỡ:,exact_duplicate,5,3,0.6
8113,Bold,Đậm,exact_duplicate,4,3,0.75
8114,Italic,Nghiêng,exact_duplicate,6,7,1.1666666666666667
8115,Color:,Màu:,exact_duplicate,6,4,0.6666666666666666
8126,Random,Ngẫu nhiên,exact_duplicate,6,10,1.6666666666666667
8129,sec,giây,exact_duplicate,3,4,1.3333333333333333
8134,Grid,Lưới,exact_duplicate,4,4,1.0
8138,UHFTEM,UHFTEM,identical_pair,6,6,1.0
8144,Mode:,Chế độ:,exact_duplicate,5,7,1.4
8145,Euphoria 1.0 Copyright (c) 2002 Terence M. Welsh http: / /www. reallyslick. com/ Ported to KDE by Karl Robillard,Trạng thái phởn phơ 1. 0 Bản quyền (c) 2002 Terence M. Welsh http: // www. reallyslick. com / Mang vào KDE bởi Karl Robillard,noise_url,112,125,1.1160714285714286
8149,www. kde. org,www. kde. org,identical_pair; noise_url,13,13,1.0
8160,Flux 1.0 Copyright (c) 2002 Terence M. Welsh http: / /www. reallyslick. com/ Ported to KDE by Karl Robillard,Dòng chảy 1. 0 Bản quyền (c) 2002 Terence M. Welsh http: // www. reallyslick. com / Mang vào KDE bởi Karl Robillard,noise_url,108,115,1.0648148148148149
8163,"Particle Fountain Particle Fountain Screen Saver for KDE Copyright (c) Ian Reinhart Geiser 2001 KConfig code and KScreenSaver ""Setup..."" improvements by Nick Betcher < nbetcher\@usinternet\.com > 2001",Đài phun Hạt Ảnh bảo vệ Màn hình Đài phun Hạt cho KDE Bản quyền (c) Ian Reinhart Geiser 2001 Mã cài đặt được cải tiến bởi Nick Betcher < nbetcher\ @ usinternet\. com > 2001,noise_markup_or_html_entity,200,172,0.86
8166,"Gravity Particle Gravity Screen Saver for KDE Copyright (c) Ian Reinhart Geiser 2001 KConfig code and KScreenSaver ""Setup..."" improvements by Nick Betcher < nbetcher\@usinternet\.com > 2001","Trọng trường Particle Gravity Screen Saver for KDE Bản quyền (c) Ian Reinhart Geiser 2001 KConfig và nguồn KScreenSaver ""Setup..."" phát triển bởi Nick Betcher < nbetcher\ @ usinternet\. com > 2001",noise_markup_or_html_entity,189,196,1.037037037037037
8169,Colors,Màu,exact_duplicate,6,3,0.5
8175,Size:,& Cỡ:,exact_duplicate,5,5,1.0
8176,Small,Nhỏ,exact_duplicate,5,3,0.6
8177,Medium,Trung bình,exact_duplicate,6,10,1.6666666666666667
8178,Big,Lớn,exact_duplicate,3,3,1.0
8185,Virtual Machine Version 0.1 Copyright (c) 2000 Artur Rataj < art\@zeus\.polsl\.gliwice\.pl >,Máy Ảo Phiên bản 1. 0 Bản quyền (c) 2000 Artur Rataj < art\ @ zeus\. polsl\. gliwice\. pl >,noise_markup_or_html_entity,92,91,0.9891304347826086
8189,Length:,Chiều dài:,exact_duplicate,7,10,1.4285714285714286
8221,Sphere,Hình cầu,exact_duplicate,6,8,1.3333333333333333
8224,Wave,Sóng,exact_duplicate,4,4,1.0
8228,Gravity,Trọng trường,exact_duplicate,7,12,1.7142857142857142
8236,Stefan Taferner,Stefan Taferner,identical_pair,15,15,1.0
8237,Chris Howells,Chris Howells,identical_pair,13,13,1.0
8238,Sven Leiber,Sven Leiber,identical_pair,11,11,1.0
8248,Solar Winds 1.0 Copyright (c) 2002 Terence M. Welsh http: / /www. reallyslick. com/ Ported to KDE by Karl Robillard,Gió Mặt Trời 1. 0 Bản quyền (c) 2002 Terence M. Welsh http: // www. reallyslick. com / Mang vào KDE bởi Karl Robillard,noise_url,115,118,1.0260869565217392
8261,KSpace Copyright (c) 1998 Bernd Johannes Wuebben < wuebben\@kde\.org >,Không gian K Bản quyền (c) 1998 Bernd Johannes Wuebben < wuebben\ @ kde\. org >,noise_markup_or_html_entity,70,79,1.1285714285714286
8313,Classic,Cổ điển,exact_duplicate,7,7,1.0
8318,Specials,Đặc biệt,exact_duplicate,8,8,1.0
8325,Tux,Tux,identical_pair,3,3,1.0
8331,Konqui,Konqui,identical_pair,6,6,1.0
8334,Frequency:,Tần số:,exact_duplicate,10,7,0.7
8345,Stars,Sao,exact_duplicate,5,3,0.6
8349,Effects,Hiệu ứng,exact_duplicate,7,8,1.1428571428571428
8366,m 2 ----------- m 1 +m 2,m 2 ----------- m 1 +m 2,identical_pair,24,24,1.0
8367,l 2 ------ l 1 +l 2,l 2 ------ l 1 +l 2,identical_pair,19,19,1.0
8368,g,g,identical_pair,1,1,1.0
8369,E,E,identical_pair,1,1,1.0
8373,M1,M1,identical_pair,2,2,1.0
8374,M2,M2,identical_pair,2,2,1.0
8376,x,x,identical_pair,1,1,1.0
8377,y,y,identical_pair,1,1,1.0
8378,z,z,identical_pair,1,1,1.0
8380,Lz:,Lz:,identical_pair,3,3,1.0
8394,Files,Tập tin,exact_duplicate,5,7,1.4
8395,& Down,& Xuống,exact_duplicate,6,7,1.1666666666666667
8396,& Up,& Lên,exact_duplicate,4,5,1.25
8397,& Add...,& Thêm...,exact_duplicate,8,9,1.125
8398,& Remove,& Bỏ,exact_duplicate,8,4,0.5
8399,Settings,Thiết lập,exact_duplicate; noise_ui_fragment,8,9,1.125
8402,Delay:,Khoảng thời gian giữa các hình ảnh:,extreme_length_ratio,6,35,5.833333333333333
8403,Choose next medium randomly,Chọn hình ảnh kế tiếp một cách ngẫu nhiên,noise_ui_fragment,27,41,1.5185185185185186
8405,Your names,Nhóm Việt hoá KDEEMAIL OF TRANSLATORS,exact_duplicate,10,37,3.7
8406,Your emails,kde- l10n- vi@ kde. org,exact_duplicate,11,23,2.090909090909091
8413,Menu,Trình đơn,exact_duplicate,4,9,2.25
8414,Help,Trợ giúp,exact_duplicate,4,8,2.0
8415,Minimize,Thu nhỏ,exact_duplicate,8,7,0.875
8416,Maximize,Phóng to,exact_duplicate,8,8,1.0
8417,Close,Đóng,exact_duplicate; noise_ui_fragment,5,4,0.8
8418,Restore,Phục hồi,exact_duplicate,7,8,1.1428571428571428
8421,Left,Trái,exact_duplicate,4,4,1.0
8423,Right,Phải,exact_duplicate,5,4,0.8
8426,"Tip: If you want the look of the original Motif(tm) Window Manager, click the ""Buttons"" tab above and remove the help and close buttons from the titlebar.","Gợi ý: Nếu muốn có trang trí gốc của Motif( tm) Window Manager, ấn thanh ""Nút"" ở trên và bỏ hai nút ""giúp đỡ"" và ""đóng"" khỏi thanh tiêu đề.",noise_ui_fragment,154,139,0.9025974025974026
8430,Theme,Sắc thái,exact_duplicate,5,8,1.6
8476,Fast,Nhanh,exact_duplicate,4,5,1.25
8480,Slow,Chậm,exact_duplicate,4,4,1.0
8481,Speed,Tốc độ,exact_duplicate,5,6,1.2
8493,Two,Hai,exact_duplicate,3,3,1.0
8497,High,Cao,exact_duplicate,4,3,0.75
8498,Low,Thấp,exact_duplicate,3,4,1.3333333333333333
8516,Small,Nhỏ,exact_duplicate,5,3,0.6
8521,Apollonian,Apollonian,identical_pair,10,10,1.0
8523,Depth,Độ sâu,exact_duplicate,5,6,1.2
8553,Lines,Đường,exact_duplicate,5,5,1.0
8554,Long,Dài,exact_duplicate,4,3,0.75
8558,Radius,Bán kính,exact_duplicate,6,8,1.3333333333333333
8560,Short,Ngắn,exact_duplicate,5,4,0.8
8571,Stars,Sao,exact_duplicate,5,3,0.6
8573,Fade,Mờ dần,exact_duplicate,4,6,1.5
8578,BlitSpin,BlitSpin,identical_pair,8,8,1.0
8590,Bouboule,Bouboule,identical_pair,8,8,1.0
8597,Boxed,Hộp bao quanh,exact_duplicate,5,13,2.6
8619,AmigaDOS,AmigaDOS,identical_pair,8,8,1.0
8620,Atari,Atari,identical_pair,5,5,1.0
8621,BSD,BSD,identical_pair; exact_duplicate,3,3,1.0
8627,SCO,SCO,identical_pair,3,3,1.0
8629,Solaris,Solaris,identical_pair,7,7,1.0
8630,Windows 2000,Windows 2000,identical_pair; exact_duplicate,12,12,1.0
8632,Windows NT,Windows NT,identical_pair,10,10,1.0
8645,Bumps,Độ lồi lõm,exact_duplicate,5,10,2.0
8655,Density,Mật độ,exact_duplicate,7,6,0.8571428571428571
8672,1 second,1 giây,exact_duplicate,8,6,0.75
8719,Close,Màu,noise_ui_fragment,5,3,0.6
8755,1,1,identical_pair; exact_duplicate,1,1,1.0
8772,Normal,Bình thường,exact_duplicate,6,11,1.8333333333333333
8785,Gravity,Trọng trường,exact_duplicate,7,12,1.7142857142857142
8835,Count,Số lượng,exact_duplicate,5,8,1.6
8846,"Models the physics of bouncing balls, or of particles in a gas or fluid, depending on the settings. If ""Shake Box"" is selected, then every now and then, the box will be rotated, changing which direction is down (in order to keep the settled balls in motion.) Written by Peter Birtles and Jamie Zawinski; 2002.","Mô hình vật lý của các quả bóng va đập, hoặc của các hạt trong chất khí hay chất lỏng, phụ thuộc vào thiết lập. Nếu ""Hộp Rung"" được chọn, thỉnh thoảng, các hộp sẽ quay, thay đổi hướng rơi (để làm các hạt đã rơi xuống lại tiếp tục rơi theo hướng mới.)",noise_ui_fragment,309,250,0.8090614886731392
8855,Random,Ngẫu nhiên,exact_duplicate,6,10,1.6666666666666667
8878,10,1,exact_duplicate,2,1,0.5
8885,Waves,Sóng,exact_duplicate,5,4,0.8
8901,Fog,Sương mù,exact_duplicate,3,8,2.6666666666666665
8905,Rain,Mưa,exact_duplicate,4,3,0.75
8913,Resolution,Độ phân giải,exact_duplicate,10,12,1.2
8929,100%,100%,identical_pair; exact_duplicate,4,4,1.0
8947,Goop,Goop,identical_pair,4,4,1.0
8978,EJK1,EJK1,identical_pair,4,4,1.0
8979,EJK2,EJK2,identical_pair,4,4,1.0
8980,EJK3,EJK3,identical_pair,4,4,1.0
8981,EJK4,EJK4,identical_pair,4,4,1.0
8982,EJK5,EJK5,identical_pair,4,4,1.0
8983,EJK6,EJK6,identical_pair,4,4,1.0
8984,Hopalong,Hopalong,identical_pair,8,8,1.0
8985,Jong,Jong,identical_pair,4,4,1.0
8986,Martin,Martin,identical_pair,6,6,1.0
8987,RR,RR,identical_pair,2,2,1.0
9015,IFS,IFS,identical_pair,3,3,1.0
9017,Scale,Tỷ lệ,exact_duplicate,5,5,1.0
9034,Sphere,Hình cầu,exact_duplicate,6,8,1.3333333333333333
9051,Julia,Julia,identical_pair; exact_duplicate,5,5,1.0
9057,Kumppa,Kumppa,identical_pair,6,6,1.0
9062,Laser,Laser,identical_pair,5,5,1.0
9073,Lisa,Lisa,identical_pair,4,4,1.0
9076,Lissie,Lissie,identical_pair,6,6,1.0
9082,More,Thêm,exact_duplicate,4,4,1.0
9102,Menger,Menger,identical_pair,6,6,1.0
9121,Moebius,Moebius,identical_pair,7,7,1.0
9124,Moire2,Moire2,identical_pair,6,6,1.0
9125,Moire,Moire,identical_pair,5,5,1.0
9146,XOR,XOR,identical_pair,3,3,1.0
9150,Colors,Màu,exact_duplicate,6,3,0.5
9170,Penrose,Penrose,identical_pair,7,7,1.0
9247,Polyominoes,Polyominoes,identical_pair,11,11,1.0
9268,Pulsar,Pulsar,identical_pair,6,6,1.0
9280,Qix,Qix,identical_pair,3,3,1.0
9284,Transparent,Trong suốt,exact_duplicate,11,10,0.9090909090909091
9285,1%,1%,identical_pair,2,2,1.0
9303,Ripples,Gợn sóng,exact_duplicate,7,8,1.1428571428571428
9307,Rocks,Đá,exact_duplicate,5,2,0.4
9311,Rorschach,Rorschach,identical_pair,9,9,1.0
9326,Plane,Mặt phẳng,exact_duplicate,5,9,1.8
9334,Sierpinski,Sierpinski,identical_pair,10,10,1.0
9354,Sonar,Thiết bị phát hiện tàu ngầm,extreme_length_ratio,5,27,5.4
9371,Sproingies,Sproingies,identical_pair,10,10,1.0
9374,Left,Trái,exact_duplicate,4,4,1.0
9376,Right,Phải,exact_duplicate,5,4,0.8
9377,Squiral,Squiral,identical_pair,7,7,1.0
9410,T3D,T3D,identical_pair,3,3,1.0
9419,0 sec,0 giây,exact_duplicate,5,6,1.2
9429,Triangle,Tam giác,exact_duplicate,8,8,1.0
9431,Truchet,Truchet,identical_pair,7,7,1.0
9437,Twang,Twang,identical_pair,5,5,1.0
9459,"This makes collages out of random images pulled off of the World Wide Web. It finds these images by doing random web searches, and then extracting images from the returned pages. WARNING: THE INTERNET SOMETIMES CONTAINS PORNOGRAPHY. The Internet being what it is, absolutely anything might show up in the collage including -- quite possibly -- pornography, or even nudity. Please act accordingly. See also http: / /www. jwz. org/ webcollage/ Written by Jamie Zawinski; 1999.","Chương trình này tạo ra sự gắn kết giữa các hình ngẫu nhiên lấy từ mạng. Nó lấy các hình này bằng cách tìm kiếm ngẫu nhiên các trang mạng, rồi lấy hình từ các trang đó. Nó cũng có thể được thiết lập để lọc hình bằng chương trình ""Chia phần Video"" ở trên, tạo ra hiệu ứng hay. (Thực tế là đa số các hình trên mạng chỉ chứa văn bản). Viết bởi Jamie Zawinski.",noise_url,474,356,0.7510548523206751
9488,XLyap,Xlyap,identical_pair,5,5,1.0
9513,Source File,Tập tin nguồn,exact_duplicate,11,13,1.1818181818181819
9531,This service allows configuration of general Dolphin settings.,Name,extreme_length_ratio; noise_ui_fragment,62,4,0.06451612903225806
9533,Configure general file manager settings,Cấu hình thiết lập bộ nhớ tạm cho duyệt mạngName,noise_ui_fragment,39,48,1.2307692307692308
9535,This service allows configuration of the Dolphin navigation.,Name,extreme_length_ratio,60,4,0.06666666666666667
9542,This service allows configuration of the Dolphin view modes.,Name,extreme_length_ratio,60,4,0.06666666666666667
9547,or,ForteComment,extreme_length_ratio,2,12,6.0
9555,"Use < ,< =,:, > = and >.",Name,extreme_length_ratio; noise_markup_or_html_entity,24,4,0.16666666666666666
9559,"in bytes, for example > 1000",Name,extreme_length_ratio,28,4,0.14285714285714285
9563,for example > 1999-10-10,Name,extreme_length_ratio,24,4,0.16666666666666666
9565,Version Control Plugin for File Views,Name,extreme_length_ratio,37,4,0.10810810810810811
9688,GV,GVGenericName,extreme_length_ratio,2,13,6.5
9704,XV,XVGenericName,extreme_length_ratio,2,13,6.5
9787,ams,Trò chơiGenericName,extreme_length_ratio,3,19,6.333333333333333
9788,Alsa Modular Synthesizer,Name,extreme_length_ratio,24,4,0.16666666666666666
9790,Retro Analog - Modeling Softsynth,Name,extreme_length_ratio,33,4,0.12121212121212122
9792,Multitrack Audio Studio,Name,extreme_length_ratio,23,4,0.17391304347826086
9823,Dual Channel VU-Meter,Name,extreme_length_ratio,21,4,0.19047619047619047
9839,Control for FluidSynth,Name,extreme_length_ratio,22,4,0.18181818181818182
9924,Clock,Đồng hồName,exact_duplicate,5,11,2.2
9995,Text-to-Speech,Văn bản sang Tiếng nóiComment,exact_duplicate,14,29,2.0714285714285716
10006,Print...,In... Name,language_suspect,8,10,1.25
10012,Configure web cache settings,Cấu hình thiết lập bộ nhớ tạm cho duyệt mạngName,noise_ui_fragment,28,48,1.7142857142857142
10054,Behavior,Ứng xửComment,exact_duplicate,8,13,1.625
10067,Configure settings that can improve Konqueror performance,Cấu hình thiết lập nâng cao khả năng của KonquerorName,noise_ui_fragment,57,54,0.9473684210526315
10069,Configure settings that can improve KDE performance,Cấu hình thiết lập nâng cao khả năng của KDEName,noise_ui_fragment,51,48,0.9411764705882353
10073,History,Lịch sửComment,exact_duplicate,7,14,2.0
10094,Settings,Thiết lậpName,noise_ui_fragment,8,13,1.625
10097,Konsole default profile,Name,extreme_length_ratio,23,4,0.17391304347826086
10101,Bell emitted within a visible session,Name,extreme_length_ratio,37,4,0.10810810810810811
10103,Bell emitted within a non-visible session,Name,extreme_length_ratio,41,4,0.0975609756097561
10105,Activity detected in a monitored session,Name,extreme_length_ratio,40,4,0.1
10107,Silence detected in a monitored session,Name,extreme_length_ratio,39,4,0.10256410256410256
10108,Session Finished With Non-Zero Status,Comment,extreme_length_ratio,37,7,0.1891891891891892
10109,A session has exited with non-zero status,Name,extreme_length_ratio,41,4,0.0975609756097561
10153,Display the contents of folders (User's home folder as default),Name,extreme_length_ratio,63,4,0.06349206349206349
10154,Open Collaboration Services provider management,Comment,extreme_length_ratio,47,7,0.14893617021276595
10155,Manage Open Collaboration Services providers,Name,extreme_length_ratio,44,4,0.09090909090909091
10157,A breath of fresh air,Name,extreme_length_ratio,21,4,0.19047619047619047
10169,Here you can select the window manager to be run in your KDE session.,Name,extreme_length_ratio,69,4,0.057971014492753624
10172,Compiz custom (create wrapper script'compiz-kde-launcher 'to launch it),Name,extreme_length_ratio,71,4,0.056338028169014086
10187,"Language, numeric, and time settings for your particular region","Ngôn ngữ, số và các thiết lập về thời gian cho vùng cụ thểName",noise_ui_fragment,63,62,0.9841269841269841
10199,An application registered new global shortcuts.,Name,extreme_length_ratio,47,4,0.0851063829787234
10201,The user triggered a global shortcut,Name,extreme_length_ratio,36,4,0.1111111111111111
10249,Keeps track of the network and updates directory listings of the network: / protocol,Name,extreme_length_ratio,84,4,0.047619047619047616
10265,Microsoft Windows Executables,Name,extreme_length_ratio,29,4,0.13793103448275862
10267,This service allows configuration of the trash.,Comment,extreme_length_ratio,47,7,0.14893617021276595
10268,Configure trash settings,Cấu hình các thiết lập về phím nóngExtraNames,noise_ui_fragment,24,45,1.875
10274,The trash has been emptied,Name,extreme_length_ratio,26,4,0.15384615384615385
10276,The end of the list of matches has been reached,Name,extreme_length_ratio,47,4,0.0851063829787234
10278,No matching completion was found,Name,extreme_length_ratio,32,4,0.125
10280,There is more than one possible match,Name,extreme_length_ratio,37,4,0.10810810810810811
10282,There was a serious error causing the program to exit,Name,extreme_length_ratio,53,4,0.07547169811320754
10284,Something special happened in the program,Name,extreme_length_ratio,41,4,0.0975609756097561
10286,There was an error in the program which may cause problems,Name,extreme_length_ratio,58,4,0.06896551724137931
10288,"A very serious error occurred, at least causing the program to exit",Name,extreme_length_ratio,67,4,0.05970149253731343
10296,A print error has occurred,Name,extreme_length_ratio,26,4,0.15384615384615385
10298,An information message is being shown,Name,extreme_length_ratio,37,4,0.10810810810810811
10300,A warning message is being shown,Name,extreme_length_ratio,32,4,0.125
10302,A critical message is being shown,Name,extreme_length_ratio,33,4,0.12121212121212122
10304,A question is being asked,Name,extreme_length_ratio,25,4,0.16
10310,Password caching support,Name,extreme_length_ratio,24,4,0.16666666666666666
10312,A style that works well with high contrast color schemes,Comment,extreme_length_ratio,56,7,0.125
10313,Styling of the next generation desktop,Name,extreme_length_ratio; noise_ui_fragment,38,4,0.10526315789473684
10315,B3/ Modification of B2,Name,extreme_length_ratio,22,4,0.18181818181818182
10317,Unthemed BeOS-like style,Name,extreme_length_ratio,24,4,0.16666666666666666
10321,Highcolor version of the classic style,Name,extreme_length_ratio,38,4,0.10526315789473684
10323,A style using alphablending,Name,extreme_length_ratio,27,4,0.14814814814814814
10325,Second revision of the simple and elegant'Light 'widget style.,Name,extreme_length_ratio,62,4,0.06451612903225806
10327,Third revision of the simple and elegant'Light 'widget style.,Name,extreme_length_ratio,61,4,0.06557377049180328
10328,MegaGradient highcolor style,Name,extreme_length_ratio,28,4,0.14285714285714285
10330,Built-in unthemed CDE style,Name,extreme_length_ratio,27,4,0.14814814814814814
10332,Built-in unthemed style similar to Clearlooks from GNOME,Name,extreme_length_ratio,56,4,0.07142857142857142
10334,Style that uses the GTK+ theming engine,Name,extreme_length_ratio,39,4,0.10256410256410256
10336,Style that uses the Apple Appearance Manager,Name,extreme_length_ratio,44,4,0.09090909090909091
10338,Built-in enhanced Motif style,Name,extreme_length_ratio,29,4,0.13793103448275862
10340,Built-in unthemed Motif style,Name,extreme_length_ratio,29,4,0.13793103448275862
10342,Built-in unthemed style similar to Plastik from KDE3,Name,extreme_length_ratio,52,4,0.07692307692307693
10344,Built-in unthemed Platinum style,Name,extreme_length_ratio,32,4,0.125
10350,Style that uses the Windows Vista style engine,Comment,extreme_length_ratio,46,7,0.15217391304347827
10352,Style that uses the Windows XP style engine,Name,extreme_length_ratio,43,4,0.09302325581395349
10364,http: / /www. chemie. de/ tools/ acronym. php3? language=eacronym=\\\\{@},http: // www. chemie. de/ tools/ acronym. php3? language=eacronym=\\\\ {@} Name,noise_url; noise_placeholder,73,79,1.082191780821918
10366,http: / /info. alexa. com/ search? q=\\\\{@},http: // info. alexa. com/ search? q=\\\\ {@} Name,noise_placeholder,44,50,1.1363636363636365
10368,http: / /info. alexa. com/ data/ details? url=\\\\{@},http: // info. alexa. com/ data/ details? url=\\\\ {@} Name,noise_placeholder,53,59,1.1132075471698113
10370,http: / /www. alltheweb. com/ search? exec=FAST+Searchtype=allquery=\\\\{@}cat=web,http: // www. alltheweb. com/ search? exec=FAST+Searchtype=allquery=\\\\ {@} cat=webName,noise_url; noise_placeholder,82,88,1.0731707317073171
10372,http: / /www. altavista. com/ cgi-bin/ query? pg=qkl=XXstype=stextq=\\\\{@},http: // www. altavista. com/ cgi- bin/ query? pg=qkl=XXstype=stextq=\\\\ {@} Name,noise_url; noise_placeholder,75,82,1.0933333333333333
10374,http: / /www. allmusic. com/ cg/ amg. dll? p=amgopt1=1sql=\\\\{@},http: // www. allmusic. com/ cg/ amg. dll? p=amgopt1=1sql=\\\\ {@} Name,noise_url; noise_placeholder,65,71,1.0923076923076922
10376,http: / /www. kde-apps. org/ content/ search. php? search=Searchname=\\\\{@},http: // www. kde- apps. org/ content/ search. php? search=Searchname=\\\\ {@} Name,noise_url; noise_placeholder,76,83,1.0921052631578947
10378,http: / /austronaut. at/ page. php? begriff=\\\\{@}wo=at,http: // austronaut. at/ page. php? begriff=\\ {@} wo=atName,noise_placeholder,56,60,1.0714285714285714
10380,http: / /www. backports. org/ package. php? search=\\\\{@},http: // www. backports. org/ package. php? search=\\\\ {@} Name,noise_url; noise_placeholder,58,64,1.103448275862069
10382,http: / /bugs. kde. org/ buglist. cgi? quicksearch=\\\\{@},http: // bugs. kde. org/ show_ bug. cgi? id=\\\\ {@} Name,noise_placeholder,58,57,0.9827586206896551
10384,https: / /bugs. kde. org/ show_bug. cgi? id=\\\\{@},http: // bugs. kde. org/ show_ bug. cgi? id=\\\\ {@} Name,noise_placeholder,51,57,1.1176470588235294
10386,http: / /www. qrz. com/ database? callsign=\\\\{@},http: // www. qrz. com/ database? callsign=\\\\ {@} Name,noise_url; noise_placeholder,50,56,1.12
10388,http: / /www. google. com/ search? q=allintitle%3A\\\\{@}+world+fact+book+site%3Awww. cia. govie=UTF-8btnI=I%27m+Feeling+Lucky,http: // www. google. com/ search? q=allintitle% 3A\\\\ {@} +world+factbook+site% 3Awww. cia. govie=UTF- 8btnI=I% 27m+Feeling+LuckyName,noise_url; noise_placeholder,126,135,1.0714285714285714
10390,http: / /citeseer. ist. psu. edu/ cs? q=\\\\{@}submit=Search+Documentscs=1,http: // citeseer. ist. psu. edu/ cs? q=\\\\ {@} submit=Search+Documentscs=1Name,noise_placeholder; noise_ui_fragment,74,80,1.0810810810810811
10392,"http: / /search. cpan. org/ search? mode=\\\\{mode,2, ""dist""}query=\\\\{query, q,1}","http: // search. cpan. org/ search? mode=\\\\ {mode, 2, ""dist""} query=\\\\ {query, q, 1} Name",noise_placeholder,83,93,1.1204819277108433
10394,http: / /tug. ctan. org/ cgi-bin/ search. py? metadataSearch=\\\\{@}metadataSearchSubmit=Search,Name,extreme_length_ratio; noise_placeholder,95,4,0.042105263157894736
10396,http: / /ctan. org/ cgi-bin/ filenameSearch. py? filename=\\\\{@}Search=Search,Name,extreme_length_ratio; noise_placeholder,78,4,0.05128205128205128
10398,http: / /bugs. debian. org/ \\\\{@},http: // bugs. debian. org /\\\\ {@} Name,noise_placeholder,35,41,1.1714285714285715
10400,http: / /www. dict. cc/ ?s=\\\\{@},http: // www. dict. cc /? s=\\\\ {@} Name,noise_url; noise_placeholder,34,41,1.2058823529411764
10402,http: / /dict. leo. org/ ?lp=frdesearch=\\\\{@},http: // dict. leo. org /? lp=frdesearch=\\\\ {@} Name,noise_placeholder,47,54,1.148936170212766
10404,http: / /packages. debian. org/ \\\\{@},http: // bugs. debian. org /\\\\ {@} Name,noise_placeholder,39,41,1.0512820512820513
10405,CNRTL/ TILF French dictionary,Query,extreme_length_ratio,29,5,0.1724137931034483
10406,http: / /www. cnrtl. fr/ definition/ \\\\{@},http: // www. dict. cc /? s=\\\\ {@} Name,noise_url; noise_placeholder,44,41,0.9318181818181818
10408,http: / /search. dmoz. org/ cgi-bin/ search? search=\\\\{@},http: // search. dmoz. org/ cgi- bin/ search? search=\\\\ {@} Name,noise_placeholder,59,66,1.11864406779661
10410,http: / /www. docbook. org/ tdg/ en/ html/ \\\\{1}. html,http: // www. docbook. org/ tdg/ en/ html /\\\\ {1}. htmlName,noise_url; noise_placeholder,56,61,1.0892857142857142
10412,http: / /dx. doi. org/ \\\\{@},http: // dx. doi. org /\\\\ {@} Name,noise_placeholder,30,36,1.2
10415,http: / /www. wordreference. com/ es/ translation. asp? tranword=\\\\{@},http: // www. wordreference. com/ es/ translation. asp? tranword=\\\\ {@} Name,noise_url; noise_placeholder,72,78,1.0833333333333333
10417,http: / /www. wordreference. com/ fr/ Translation. asp? enfr=\\\\{@},http: // www. wordreference. com/ fr/ Translation. asp? enfr=\\\\ {@} Name,noise_url; noise_placeholder,68,74,1.088235294117647
10419,http: / /www. wordreference. com/ it/ translation. asp? enit=\\\\{@},http: // www. wordreference. com/ it/ translation. asp? enit=\\\\ {@} Name,noise_url; noise_placeholder,68,74,1.088235294117647
10421,http: / /www. wordreference. com/ es/ en/ translation. asp? spen=\\\\{@},http: // www. wordreference. com/ es/ en/ translation. asp? spen=\\\\ {@} Name,noise_url; noise_placeholder,72,78,1.0833333333333333
10423,http: / /www. ethicle. com/ search. php? q=\\\\{@},http: // info. alexa. com/ search? q=\\\\ {@} Name,noise_url; noise_placeholder,50,50,1.0
10425,http: / /search. excite. com/ search. gw? search=\\\\{@},http: // search. excite. com/ search. gw? search=\\\\ {@} Name,noise_placeholder,56,62,1.1071428571428572
10427,http: / /www. feedster. com/ search. php? q=\\\\{@}ie=UTF-8oe=UTF-8,http: // www. feedster. com/ search. php? q=\\\\ {@} ie=UTF- 8oe=UTF- 8Name,noise_url; noise_placeholder,67,75,1.1194029850746268
10429,http: / /foldoc. doc. ic. ac. uk/ foldoc/ foldoc. cgi? query=\\\\{@},http: // foldoc. doc. ic. ac. uk/ foldoc/ foldoc. cgi? query=\\\\ {@} Name,noise_placeholder,68,74,1.088235294117647
10432,http: / /www. wordreference. com/ fr/ en/ translation. asp? fren=\\\\{@},http: // www. wordreference. com/ fr/ en/ translation. asp? fren=\\\\ {@} Name,noise_url; noise_placeholder,72,78,1.0833333333333333
10434,http: / /www. freedb. org/ freedb_search. php? words=\\\\{@},http: // www. freedb. org/ freedb_ search. php? words=\\\\ {@} Name,noise_url; noise_placeholder,60,67,1.1166666666666667
10436,http: / /freshmeat. net/ search/ ?q=\\\\{@},http: // freshmeat. net/ search /? q=\\\\ {@} Name,noise_placeholder,43,50,1.1627906976744187
10438,http: / /froogle. google. com/ froogle? q=\\\\{@},http: // froogle. google. com/ froogle? q=\\\\ {@} Name,noise_placeholder,49,55,1.1224489795918366
10440,http: / /directory. fsf. org/ search/ ?query=\\\\{@},http: // directory. fsf. org/ search/ fsd- search. py? q=\\\\ {@} Name,noise_placeholder,52,70,1.3461538461538463
10442,"http: / /www. google. com/ search? as_q=\\\\{all, @}num=\\\\{num, ""10""}btnG=Google+Searchas_epq=\\\\{exact,"" ""}as_oq=\\\\{any,"" ""}as_eq=\\\\{without,"" ""}lr=\\\\{lang,"" ""}as_ft=\\\\{ft,"" i""}as_filetype=\\\\{filetype, """" }as_qdr=\\\\{date, ""all""}as_occt=\\\\{occ,"" any""}as_dt=\\\\{siteop, ""i""}as_sitesearch=\\\\{site}safe=\\\\{safe,"" active""}ie=UTF-8oe=UTF-8","http: // www. google. com/ search? as_ q=\\\\ {all, @} num=\\\\ {num, ""10""} btnG=Google+Searchas_ epq=\\\\ {exact, """"} as_ oq=\\\\ {any,""""} as_ eq=\\\\ {without, """"} lr=\\\\ {lang,""""} as_ ft=\\\\ {ft, ""i""} as_ filetype=\\\\ {filetype, """"} as_ qdr=\\ {date, ""all""} as_ occt=\\\\ {occ, ""any""} as_ dt=\\\\ {siteop, ""i""} as_ sitesearch=\\\\ {site} safe=\\\\ {safe, ""active""} ie=UTF- 8oe=UTF- 8Name",noise_url; noise_placeholder,356,393,1.103932584269663
10444,http: / /www. google. com/ search? q=\\\\{@}ie=UTF-8oe=UTF-8,http: // www. google. com/ search? q=\\\\ {@} ie=UTF- 8oe=UTF- 8Name,noise_url; noise_placeholder,60,68,1.1333333333333333
10446,http: / /groups. google. com/ groups? oi=djqas_q=\\\\{@},http: // groups. google. com/ groups? oi=djqas_ q=\\\\ {@} Name,noise_placeholder,56,63,1.125
10448,http: / /images. google. com/ images? q=\\\\{@},http: // images. google. com/ images? q=\\\\ {@} Name,noise_placeholder,47,53,1.127659574468085
10450,http: / /www. google. com/ search? q=\\\\{@}btnI=I%27m+Feeling+Luckyie=UTF-8oe=UTF-8,http: // www. google. com/ search? q=\\\\ {@} btnI=I% 27m+Feeling+Luckyie=UTF- 8oe=UTF- 8Name,noise_url; noise_placeholder,84,93,1.1071428571428572
10452,http: / /www. google. com/ search? q=movie: \\\\{@}ie=UTF-8oe=UTF-8,http: // www. google. com/ search? q=movie:\\ {@} ie=UTF- 8oe=UTF- 8Name,noise_url; noise_windows_or_unix_file_path; noise_placeholder,67,72,1.0746268656716418
10454,http: / /news. google. com/ news? q=\\\\{@}ie=UTF-8oe=UTF-8,http: // news. google. com/ news? q=\\\\ {@} ie=UTF- 8oe=UTF- 8Name,noise_placeholder,59,67,1.1355932203389831
10456,http: / /www. gracenote. com/ music/ search-adv. html? q=\\\\{@},http: // www. gracenote. com/ music/ search- adv. html? q=\\\\ {@} Name,noise_url; noise_placeholder,64,71,1.109375
10458,http: / /ec. grec. net/ cgi-bin/ AppDLC3. exe? APP=CERCADLCGECART=\\\\{@},http: // www. grec. net/ cgibin/ lexicx. pgm? GECART=\\\\ {@} Name,noise_url; noise_placeholder,73,66,0.9041095890410958
10460,http: / /hotbot. lycos. com/ ?MT=\\\\{@}SM=MCDV=0LG=anyDC=10DE=2,http: // hotbot. lycos. com /? MT=\\\\ {@} SM=MCDV=0LG=anyDC=10DE=2Name,noise_placeholder,64,71,1.109375
10462,http: / /www. hyperdictionary. com/ search. aspx? define=\\\\{@},http: // www. hyperdictionary. com/ search. aspx? define=\\\\ {@} Name,noise_url; noise_placeholder,64,70,1.09375
10464,http: / /www. hyperdictionary. com/ search. aspx? Dict=Tdefine=\\\\{@},http: // www. hyperdictionary. com/ search. aspx? Dict=Tdefine=\\\\ {@} Name,noise_url; noise_placeholder,70,76,1.0857142857142856
10466,http: / /www. iblist. com/ search/ search. php? item=\\\\{@}submit=Search,http: // www. iblist. com/ search/ search. php? item=\\\\ {@} submit=SearchName,noise_url; noise_placeholder; noise_ui_fragment,73,79,1.082191780821918
10468,http: / /imdb. com/ Find? \\\\{@},http: // imdb. com/ Find?\\\\ {@} Name,noise_placeholder,33,38,1.1515151515151516
10470,http: / /www. wordreference. com/ it/ en/ translation. asp? iten=\\\\{@},http: // www. wordreference. com/ it/ en/ translation. asp? iten=\\\\ {@} Name,noise_url; noise_placeholder,72,78,1.0833333333333333
10472,http: / /www. ask. com/ main/ askJeeves. asp? origin=0qSource=4site_name=Jeevesmetasearch=yesask=\\\\{@},http: // www. ask. com/ main/ askJeeves. asp? origin=0qSource=4site_ name=Jeevesmetasearch=yesask=\\\\ {@} Name,noise_url; noise_placeholder,104,111,1.0673076923076923
10474,http: / /www. katatudo. com. br/ busca/ resultado. php? q=\\\\{@}onde=b=Buscar,http: // www. katatudo. com. br/ busca/ resultado. php? q=\\\\ {@} onde=b=BuscarName,noise_url; noise_placeholder,78,84,1.0769230769230769
10476,http: / /api. kde. org/ classmapper. php? class=\\\\{@},http: // developer. kde. org/ documentation/ library/ classmapper. php? class=\\\\ {@} Name,noise_placeholder,55,91,1.6545454545454545
10478,http: / /websvn. kde. org/ \\\\{@},http: // websvn. kde. org /\\\\ {@} Name,noise_placeholder,34,40,1.1764705882352942
10480,http: / /dict. leo. org/ ?search=\\\\{@},http: // dict. leo. org /? search=\\\\ {@} Name,noise_placeholder,40,47,1.175
10482,http: / /www. lycos. com/ cgi-bin/ pursuit? cat=dirquery=\\\\{@},http: // www. lycos. com/ cgi- bin/ pursuit? cat=dirquery=\\\\ {@} Name,noise_url; noise_placeholder,64,71,1.109375
10484,http: / /www. mamma. com/ Mamma? lang=1timeout=4qtype=0query=\\\\{@},http: // www. mamma. com/ Mamma? lang=1timeout=4qtype=0query=\\\\ {@} Name,noise_url; noise_placeholder,68,74,1.088235294117647
10486,http: / /search. metacrawler. com/ crawler? general=\\\\{@}method=0cat=Webtarget=metaworldredirect=webrpp=20hpe=10region=0timeout=0sort=0format=beta99theme=classicrefer=mc-searchrefer=mc-search,http: // search. metacrawler. com/ crawler? general=\\\\ {@} method=0cat=Webtarget=metaworldredirect=webrpp=20hpe=10region=0timeout=0sort=0format=beta99theme=classicrefer=mc- searchrefer=mc- searchName,noise_placeholder,193,201,1.0414507772020725
10488,http: / /msdn. microsoft. com/ library/ shared/ searchtab/ searchHandoff. asp? handoffurl=%2Fisapi%2Fgosearch. asp%3FTARGET%3D%2Fus%2Fdev%2Fdefault. aspstcfg=d%3A%2Fhttp%2Fcnfg. xmlqu=\\\\{@}btnSearch=GO,http: // msdn. microsoft. com/ library/ shared/ searchtab/ searchHandoff. asp? handoffurl=% 2Fisapi% 2Fgosearch. asp% 3FTARGET% 3D% 2Fus% 2Fdev% 2Fdefault. aspstcfg=d% 3A% 2Fhttp% 2Fcnfg. xmlqu=\\\\ {@} btnSearch=GOName,noise_placeholder,203,219,1.0788177339901477
10490,http: / /multitran. ru/ c/ m. exe? l1=3s=\\\\{@},Name,extreme_length_ratio; noise_placeholder,48,4,0.08333333333333333
10492,http: / /multitran. ru/ c/ m. exe? l1=1l2=2s=\\\\{@},Name,extreme_length_ratio; noise_placeholder,52,4,0.07692307692307693
10494,http: / /multitran. ru/ c/ m. exe? l1=5s=\\\\{@},Name,extreme_length_ratio; noise_placeholder,48,4,0.08333333333333333
10496,http: / /multitran. ru/ c/ m. exe? l1=4s=\\\\{@},Name,extreme_length_ratio; noise_placeholder,48,4,0.08333333333333333
10498,http: / /multitran. ru/ c/ m. exe? l1=23s=\\\\{@},Name,extreme_length_ratio; noise_placeholder,49,4,0.08163265306122448
10500,http: / /multitran. ru/ c/ m. exe? l1=24s=\\\\{@},Name,extreme_length_ratio; noise_placeholder,49,4,0.08163265306122448
10502,http: / /uptime. netcraft. com/ up/ graph? site=\\\\{@},http: // uptime. netcraft. com/ up/ graph? site=\\\\ {@} Name,noise_placeholder,55,61,1.1090909090909091
10504,http: / /www. detelefoongids. nl/ tginl. dll? action=whitetype=searchname=\\\\{1}city=\\\\{2},http: // www. detelefoongids. nl/ tginl. dll? action=whitetype=searchname=\\ {1} city=\\ {2} Name,noise_url; noise_placeholder,93,97,1.043010752688172
10506,http: / /teletekst. nos. nl/ gif/ \\\\{@}-01. html,http: // teletekst. nos. nl/ gif /\\\\ {@} - 01. htmlName,noise_placeholder,50,57,1.14
10508,http: / /pgp. dtype. org:11371/ pks/ lookup? search=\\\\{@}op=vindex,http: // pgp. dtype. org: 11371/ pks/ lookup? search=\\\\ {@} op=vindexName,noise_placeholder,68,75,1.1029411764705883
10510,"http: / /www. php. net/ search. php? show=\\\\{mode, ""manual""}pattern=\\\\{@}","http: // www. php. net/ search. php? show=\\\\ {mode, ""manual""} pattern=\\\\ {@} Name",noise_url; noise_placeholder,77,85,1.103896103896104
10512,http: / /www. google. com/ search? sourceid=python-searchq=\\\\{@}submit=Searchq=site%3Apython. org,http: // www. google. com/ search? sourceid=python- searchq=\\ {@} submit=Searchq=site% 3Apython. orgName,noise_url; noise_placeholder; noise_ui_fragment,99,105,1.0606060606060606
10514,http: / /doc. trolltech. com/ 3.3/ \\\\{@}. html,http: // doc. trolltech. com/ latest /\\\\ {@}. htmlName,noise_placeholder,48,56,1.1666666666666667
10516,http: / /doc. trolltech. com/ latest/ \\\\{@}. html,http: // doc. trolltech. com/ latest /\\\\ {@}. htmlName,noise_placeholder,51,56,1.0980392156862746
10518,http: / /buscon. rae. es/ draeI/ SrvltGUIBusUsual? TIPO_HTML=2LEMA=\\\\{@}FORMATO=ampliado,http: // buscon. rae. es/ draeI/ SrvltGUIBusUsual? TIPO_ HTML=2LEMA=\\\\ {@} FORMATO=ampliadoName,noise_placeholder,90,97,1.0777777777777777
10520,http: / /www. ietf. org/ rfc/ rfc\\\\{@}. txt,http: // www. ietf. org/ rfc/ rfc\\\\ {@}. txtName,noise_url; noise_placeholder,45,50,1.1111111111111112
10522,http: / /www. rpmfind. net/ linux/ rpm2html/ search. php? query=\\\\{@},http: // www. rpmfind. net/ linux/ rpm2html/ search. php? query=\\ {@} Name,noise_url; noise_placeholder,71,75,1.056338028169014
10524,http: / /www. ruby-lang. org/ en/ raa-list. rhtml? name=\\\\{@},http: // www. ruby- lang. org/ en/ raa- list. rhtml? name=\\\\ {@} Name,noise_url; noise_placeholder,63,71,1.126984126984127
10526,http: / /www. go. com/ Titles? col=WWqt=\\\\{@}svx=home_searchboxsv=ISlk=noframeso,http: // www. go. com/ Titles? col=WWqt=\\\\ {@} svx=home_ searchboxsv=ISlk=noframesoName,noise_url; noise_placeholder,82,89,1.0853658536585367
10528,"http: / /sourceforge. net/ search/ ?type_of_search=\\\\{type, ""soft""}exact=\\\\{exact,"" 0""}words=\\\\{@}","http: // sourceforge. net/ search /? type_ of_ search=\\\\ {type, ""soft""} exact=\\ {exact, ""0""} words=\\\\ {@} Name",noise_placeholder,104,115,1.1057692307692308
10530,http: / /technorati. com/ cosmos/ search. html? sourceid=kde-searchurl=\\\\{@},http: // technorati. com/ cosmos/ search. html? sourceid=kde- searchurl=\\\\ {@} Name,noise_placeholder,78,85,1.0897435897435896
10532,http: / /technorati. com/ tag/ \\\\{@}? sourceid=kde-search,http: // technorati. com/ tag /\\\\ {@}? sourceid=kde- searchName,noise_placeholder,59,65,1.1016949152542372
10534,http: / /www. m-w. com/ cgi-bin/ thesaurus? book=Thesaurusva=\\\\{@},http: // www. m- w. com/ cgi- bin/ thesaurus? book=Thesaurusva=\\\\ {@} Name,noise_url; noise_placeholder,68,76,1.1176470588235294
10536,http: / /www. tv. com/ search. php? type=11stype=allqs=\\\\{@}x=0y=0,http: // www. tv. com/ search. php? type=11stype=allqs=\\\\ {@} x=0y=0Name,noise_url; noise_placeholder,68,74,1.088235294117647
10538,http: / /patft. uspto. gov/ netacgi/ nph-Parser? TERM1=\\\\{@}Sect1=PTO1Sect2=HITOFFd=PALLp=1u=/ netahtml/ srchnum. htmr=0f=Sl=50,http: // patft. uspto. gov/ netacgi/ nph- Parser? TERM1=\\\\ {@} Sect1=PTO1Sect2=HITOFFd=PALLp=1u=/ netahtml/ srchnum. htmr=0f=Sl=50Name,noise_placeholder,129,136,1.054263565891473
10540,http: / /vivisimo. com/ search? query=\\\\{@}se=Yahoo%2CAltaVista%2CMSN%2CFast%2COD%2CExcite%2CDirectHit%2CLooksmart%2CEuroseekx=49y=16,http: // vivisimo. com/ search? query=\\\\ {@} se=Yahoo% 2CAltaVista% 2CMSN% 2CFast% 2COD% 2CExcite% 2CDirectHit% 2CLooksmart% 2CEuroseekx=49y=16Name,noise_placeholder,135,149,1.1037037037037036
10542,http: / /www. voila. com/ S/ geek? an=1kw=\\\\{@}dt=*,http: // www. voila. com/ S/ geek? an=1kw=\\\\ {@} dt=* Name,noise_url; noise_placeholder,53,60,1.1320754716981132
10544,http: / /www. m-w. com/ cgi-bin/ dictionary? book=Dictionaryva=\\\\{@},http: // www. m- w. com/ cgi- bin/ dictionary? book=Dictionaryva=\\\\ {@} Name,noise_url; noise_placeholder,70,78,1.1142857142857143
10546,"http: / /whatis. techtarget. com/ definitionsSearchResults/ 1,289878, sid9,00. html? query=\\\\{@}","http: // whatis. techtarget. com/ definitionsSearchResults/ 1, 289878, sid9, 00. html? Name",noise_placeholder,98,91,0.9285714285714286
10548,http: / /en. wikipedia. org/ wiki/ Special: Search? search=\\\\{@}go=Go,http: // vi. wikipedia. org/ wiki/ Special: Search? search=\\ {@} go=GoName,noise_placeholder,71,75,1.056338028169014
10550,http: / /en. wiktionary. org/ wiki/ Special: Search? search=\\\\{@}go=Go,http: // vi. wiktionary. org/ wiki/ Special: Search? search=\\ {@} go=GoName,noise_placeholder,72,76,1.0555555555555556
10552,http: / /www. wolframalpha. com/ input/ ?i=\\\\{@},http: // www. wordreference. com/ it/ translation. asp? enit=\\\\ {@} Name,noise_url; noise_placeholder,50,74,1.48
10554,http: / /www. wordreference. com/ english/ definition. asp? en=\\\\{@},http: // www. wordreference. com/ english/ definition. asp? en=\\\\ {@} Name,noise_url; noise_placeholder,70,76,1.0857142857142856
10561,The KDE Wallet Daemon requests a password,Name,extreme_length_ratio,41,4,0.0975609756097561
10573,Austria,ÁoName,exact_duplicate,7,6,0.8571428571428571
10607,Switzerland,Thuỵ SĩName,exact_duplicate,11,11,1.0
10620,Germany,ĐứcName,exact_duplicate,7,7,1.0
10622,Denmark,Đan MạchName,exact_duplicate,7,12,1.7142857142857142
10641,France,PhápName,exact_duplicate,6,8,1.3333333333333333
10665,Ireland,Ai- a- lenName,exact_duplicate,7,14,2.0
10725,Netherlands,Hoà LanName,exact_duplicate,11,11,1.0
10726,Norway,Na UyName,exact_duplicate,6,9,1.5
10731,Nauru,Nau- ruName,exact_duplicate,5,11,2.2
10733,New Zealand,Niu Xi- lanName,exact_duplicate,11,15,1.3636363636363635
10747,Portugal,Bồ Đào NhaName,exact_duplicate,8,14,1.75
10760,Sweden,Thuỵ ĐiểnName,exact_duplicate,6,13,2.1666666666666665
10763,Slovenia,Xlô- venName,exact_duplicate,8,12,1.5
10784,Tokelau,To- ke- lauName,language_suspect,7,15,2.142857142857143
10793,Taiwan,Đài LoanName,exact_duplicate,6,12,2.0
10795,Ukraine,U- cợ- rainhName,exact_duplicate,7,16,2.2857142857142856
10851,Chilean Unidad de Fomento,Name,extreme_length_ratio,25,4,0.16
10855,Colombian Unidad de Valor Real,Name,extreme_length_ratio,30,4,0.13333333333333333
10857,Cuban Convertible Peso,Name,extreme_length_ratio,22,4,0.18181818181818182
10877,British Pound Sterling,Name,extreme_length_ratio,22,4,0.18181818181818182
10937,Mexican Unidad de Inversion,Name,extreme_length_ratio,27,4,0.14814814814814814
10942,Nicaraguan Cordoba Oro,Name,extreme_length_ratio,22,4,0.18181818181818182
10977,São Tomé and Príncipe Dobra,Xao Tô- me và Pợ- rinh- xi- peName,language_suspect,27,34,1.2592592592592593
10987,Portuguese Timorese Escudo,Name,extreme_length_ratio,26,4,0.15384615384615385
10996,United States Dollar (Next Day),Hoa KỳName,noise_ui_fragment,31,10,0.3225806451612903
11000,Venezuelan Bolívar Fuerte,Name,language_suspect; extreme_length_ratio,25,4,0.16
11008,West African CFA Franc,Name,extreme_length_ratio,22,4,0.18181818181818182
11015,Zimbabwean Dollar A/ 06,Name,extreme_length_ratio,23,4,0.17391304347826086
11026,Science,Khoa họcName,exact_duplicate,7,12,1.7142857142857142
11061,The Nepomuk file watch service for monitoring file changes,Comment,extreme_length_ratio,58,7,0.1206896551724138
11062,Nepomuk Data Migration Level 1,Name,extreme_length_ratio,30,4,0.13333333333333333
11069,The Nepomuk Semantic Desktop system could not be started,Name,extreme_length_ratio,56,4,0.07142857142857142
11071,All Nepomuk data is converted to a new storage backend,Name,extreme_length_ratio,54,4,0.07407407407407407
11073,Converting Nepomuk data to a new backend failed,Name,extreme_length_ratio,47,4,0.0851063829787234
11078,Indexing of local files for fast searches has started.,Name,extreme_length_ratio,54,4,0.07407407407407407
11080,The initial indexing of local files for fast desktop searches has completed.,Name,extreme_length_ratio,76,4,0.05263157894736842
11082,File indexing has been suspended by the search service.,Name,extreme_length_ratio,55,4,0.07272727272727272
11084,File indexing has been resumed by the search service.,Comment,extreme_length_ratio,53,7,0.1320754716981132
11089,A server to centralize decisions and data of applications using Phonon,GenericName,extreme_length_ratio,70,11,0.15714285714285714
11091,Phonon: KDE's Multimedia Library,Name,extreme_length_ratio,32,4,0.125
11093,Notification on automatic fallback if the preferred device is unavailable,Name,extreme_length_ratio,73,4,0.0547945205479452
11097,Native Plasma widget written in JavaScript,Name,extreme_length_ratio,42,4,0.09523809523809523
11106,Allows to automatically release drives when their eject button is pushed,Name,extreme_length_ratio,72,4,0.05555555555555555
11108,Configure automatic handling of removable storage media,Name,extreme_length_ratio,55,4,0.07272727272727272
11110,"Automatically mounts devices when they are plugged in, or at login",Name,extreme_length_ratio,66,4,0.06060606060606061
11112,"A User Interface server for Solid, the hardware detection system",Name,extreme_length_ratio,64,4,0.0625
11115,A modifier key (e. g. Shift or Ctrl) has changed its state and is now active,Name,extreme_length_ratio,76,4,0.05263157894736842
11117,A modifier key (e. g. Shift or Ctrl) has changed its state and is now inactive,Name,extreme_length_ratio,78,4,0.05128205128205128
11119,A modifier key (e. g. Shift or Ctrl) has been locked and is now active for all of the following keypresses,Name,extreme_length_ratio,106,4,0.03773584905660377
11121,A lock key (e. g. Caps Lock or Num Lock) has changed its state and is now active,Name,extreme_length_ratio,80,4,0.05
11123,A lock key (e. g. Caps Lock or Num Lock) has changed its state and is now inactive,Name,extreme_length_ratio,82,4,0.04878048780487805
11124,Sticky keys has been enabled or disabled,Name,extreme_length_ratio,40,4,0.1
11125,Slow keys has been enabled or disabled,Name,extreme_length_ratio,38,4,0.10526315789473684
11126,Bounce keys has been enabled or disabled,Name,extreme_length_ratio,40,4,0.1
11127,Mouse keys has been enabled or disabled,Comment,extreme_length_ratio,39,7,0.1794871794871795
11130,A configuration tool for managing which programs start up with KDE.,Name,extreme_length_ratio,67,4,0.05970149253731343
11134,Color settings,Thiết lập màuName,noise_ui_fragment,14,17,1.2142857142857142
11136,Date and time settings,Thiết lập ngày giờName,noise_ui_fragment,22,22,1.0
11138,Save the date/ time settings,Thiết lập ngày giờDescription,noise_ui_fragment,28,29,1.0357142857142858
11139,System policies prevent you from saving the date/ time settings.,Name,extreme_length_ratio; noise_ui_fragment,64,4,0.0625
11141,Font settings,Thiết lập phông chữName,noise_ui_fragment,13,23,1.7692307692307692
11143,Display Settings,Thiết lập Màn hìnhComment,noise_ui_fragment,16,25,1.5625
11144,Joystick settings,Thiết lập phông chữName,noise_ui_fragment,17,23,1.3529411764705883
11147,Mouse settings,Thiết lập con chuộtComment,noise_ui_fragment,14,26,1.8571428571428572
11161,Keyboard settings,Thiết lập bàn phímName,noise_ui_fragment,17,22,1.2941176470588236
11175,Modifying the system-wide font configuration requires privileges.,Name,extreme_length_ratio,65,4,0.06153846153846154
11189,Detecting RANDR (monitor) changes,Name,extreme_length_ratio,33,4,0.12121212121212122
11193,Screen Saver Settings,Thiết lập Trình bảo vệ Màn hìnhName,noise_ui_fragment,21,35,1.6666666666666667
11201,Global options for the Plasma workspace,Name,extreme_length_ratio,39,4,0.10256410256410256
11301,"KHotKeys daemon. No daemon, no hotkeys.",Name,extreme_length_ratio,39,4,0.10256410256410256
11316,"Read the comment on the ""Type'Hello '"" action first.\\ Qt Designer uses Ctrl+F4 for closing windows. In KDE, however, Ctrl+F4 is the shortcut for going to virtual desktop 4, so this shortcut does not work in QT Designer. Further, Qt Designer does not use KDE's standard Ctrl+W for closing the window.\\ This problem can be solved by remapping Ctrl+W to Ctrl+F4 when the active window is Qt Designer. When Qt Designer is active, every time Ctrl+W is pressed, Ctrl+F4 will be sent to Qt Designer instead. In other applications, the effect of Ctrl+W is unchanged.\\ We now need to specify three things: A new shortcut trigger on'Ctrl+W', a new keyboard input action sending Ctrl+F4, and a new condition that the active window is Qt Designer.\ Qt Designer seems to always have title'Qt Designer by Trolltech ', so the condition will check for the active window having that title.","Trước tiên hãy đọc chú thích về hành động « Type 'Hello' ».\\ Chương trình thiết kế Qt Designer dùng tổ hợp phím Ctrl+F4 để đóng cửa sổ (có lẽ vỉ hệ điều hành MS Windows làm như thế * nhún vai *). Tuy nhiên, tổ hợp phím Ctrl+F4 trong KDE đại diện hành động chuyển sang màn hình nền ảo số 4, vì thế nó không hoạt động được trong trình Qt Designer; hơn nữa, Qt Designer không dùng tổ hợp chuẩn của KDE Ctrl+W để đong cửa sổ.\\ Vẫn còn có khả năng giải quyết vấn đề này bằng cách ánh xạ lại Ctrl+W với Ctrl+F4 khi cửa sổ hoạt động là Qt Designer. Khi Qt Designer đang hoạt động, mỗi lần bấm Ctrl+W thì Ctrl+F4 được gửi cho Qt Designer thay thế. Trong các ứng dụng khác, Ctrl+W tiếp tục hoạt động bằng cách chuẩn, tất nhiên.\\ Chúng ta giờ cần phải ghi rõ ba điều: một bộ gây nên lối tắt mới trên 'Ctrl+W', một hành động nhập bàn phím mới mà gửi Ctrl+F4, và một điều kiện mới rằng cửa sổ hiện thời hoạt động là Qt Designer.\ Qt Designer có vẻ luôn luôn có tựa « Qt Designer by Trolltech », vậy điều kiện này sẽ kiểm tra cửa sổ hoạt động có tựa đó không. Name",very_long_pair,875,1054,1.2045714285714286
11320,"Read the comment on the ""Type'Hello '"" action first.\\ Just like the ""Type'Hello'"" action, this one simulates keyboard input, specifically, after pressing Ctrl+Alt+B, it sends B to XMMS (B in XMMS jumps to the next song). The'Send to specific window 'checkbox is checked and a window with its class containing'XMMS_Player' is specified; this will make the input always be sent to this window. This way, you can control XMMS even if, for instance, it is on a different virtual desktop.\\ (Run'xprop 'and click on the XMMS window and search for WM_CLASS to see'XMMS_Player').","Trước tiên hãy đọc chú thích về hành động « Gõ 'Hello' ».\\ Đúng như hành động « Gõ 'Hello' », điều này mô phỏng việc nhập vào bàn phím, chính xác là sau khi bấm tổ hợp phím Ctrl+Alt+B, nó gửi chữ B cho XMMS (B trong XMMS thì nhảy tới bài hát kế tiếp). Hộp kiểm « Gửi cho cửa sổ riêng » được bật và một cửa sổ có hạng chứa « XMMS_ Player » được xác định; thiết lập này sẽ làm cho dữ liệu nhập luôn luôn được gửi cho cửa sổ này. Bằng cách này, bạn có khả năng điều khiển XMMS thậm chí nếu nó, chẳng hặn, chạy trên màn hình nền khác.\\ (Chạy « xprop » rồi nhấn vào cửa sổ XMMS và tìm kiếm chuỗi « WM_ CLASS » để xem « XMMS_ Player »). Name",noise_ui_fragment,573,637,1.111692844677138
11321,Next in XMMS,Kế tiếp trong XMMSComment,noise_ui_fragment,12,25,2.0833333333333335
11324,"Konqueror in KDE3.1 has tabs, and now you can also have gestures.\\ Just press the middle mouse button and start drawing one of the gestures, and after you are finished, release the mouse button. If you only need to paste the selection, it still works, just click the middle mouse button. (You can change the mouse button to use in the global settings).\\ Right now, there are the following gestures available:\ move right and back left - Forward (Alt+Right)\ move left and back right - Back (Alt+Left)\ move up and back down - Up (Alt+Up)\ circle anticlockwise - Reload (F5)\\ The gesture shapes can be entered by performing them in the configuration dialog. You can also look at your numeric pad to help you: gestures are recognized like a 3x3 grid of fields, numbered 1 to 9.\\ Note that you must perform exactly the gesture to trigger the action. Because of this, it is possible to enter more gestures for the action. You should try to avoid complicated gestures where you change the direction of mouse movement more than once. For instance, 45654 or 74123 are simple to perform, but 1236987 may be already quite difficult.\\ The conditions for all gestures are defined in this group. All these gestures are active only if the active window is Konqueror (class contains'konqueror ').","Chương trình Konqi trong KDE3. 1 có khả năng chuyển giữa nhiều thẻ khác nhau, giờ cũng có khả năng điệu bộ. Không còn cần lại dùng trình duyệt khác. >;).\\ Chỉ bấm cái nút nằm giữa trên con chuột, bắt đầu vẽ điệu bộ và khi kết thúc, nhả nút chuột. Chỉ cần dán vùng chọn thì vẫn còn hoạt động: chỉ nhấn nút giữa trên chuột. (Cũng có thể thay đổi cái nút cần dùng trên chuột, trong thiết lập toàn cục).\\ Hiện thời có sẵn những điệu bộ này:\ di chuyển bên phải rồi về bên trái - Tới (ALt+Phải)\ di chuyển bên trái rồi về bên phải - Lùi (Alt+Trái)\ di chuyển lên rồi về xuống - Lên (Alt+Lên)\ cvẽ hình tròn theo xuôi chiều - Nạp lại (F5)\ (Một khi tôi tìm biết những điều trong trình Opera hay Mozilla, tôi sẽ thêm hành động nữa, cũng đảm bảo chúng là trùng. Hoặc nếu bạn tự làm như thế, mời bạn tham gia bằng cách gửi cho tôi tập tin tài nguyên « khotkeysrc » của bạn.)\\ Những hình điệu bộ (một số hộp thoại bắt nguồn từ trình KGesture, cám ơn Mike Pilone) có thể được nhập vào đơn giản bằng cách thực hiện mỗi điều trong hộp thoại cấu hình. Bạn cũng có thể thấy vùng số: điệu bộ di chuyển trong một lưới trường 3 × 3, mỗi trường có số từ 1 đến 9.\\ Ghi chú rằng bạn cần phải thực hiện chính xác điệu bộ sẽ gây ra hành động riêng. Như thế thì cũng có thể nhập điệu bộ thêm cho mỗi hành động. Bạn nên cố gắng tránh các điệu bộ phức tạp trong đó bạn thay đổi hương con chuột hơn một lần (tức là làm hành động trên lưới số v. d. 45654 hay 74123 là đơn giản, nhưng một điệu bộ như 1236987 có thể hơi khó).\\ Điều kiện cho mọi điệu bộ được xác định trong nhóm này. Mọi điệu bộ hoạt động được chỉ nếu cửa sổ hoạt động là Konqueror (hạng chứa « konqueror »). Name",very_long_pair; noise_windows_or_unix_file_path; noise_ui_fragment,1287,1655,1.285936285936286
11327,Back,LùiComment,noise_ui_fragment,4,10,2.5
11332,"After pressing Win+E (Tux+E) a WWW browser will be launched, and it will open http: / /www. kde. org. You may run all kind of commands you can run in minicli (Alt+F2).","Sau khi bấm tổ hợp phím Win+E (Tux+E), trình duyệt WWW sẽ được khởi chạy: no sẽ mở địa chỉ « http: // www. kde. org ». Bạn có khả năng chạy rất nhiều lệnh kiểu khác nhau: để chạy trong minicli, bấm (Alt+F2). Name",noise_url,167,212,1.2694610778443114
11343,Activate Next Tab,Kích hoạt thẻ kế tiếpComment,noise_ui_fragment,17,28,1.6470588235294117
11353,Close Tab,Đóng thẻComment,noise_ui_fragment,9,15,1.6666666666666667
11364,Configure Input Actions settings,Cấu hình các thiết lập về phím nóngName,noise_ui_fragment,32,39,1.21875
11390,The screen saver has been started,Name,extreme_length_ratio,33,4,0.12121212121212122
11392,The screen has been locked,Name,extreme_length_ratio,26,4,0.15384615384615385
11394,The screen saver has finished,Name,extreme_length_ratio,29,4,0.13793103448275862
11396,The screen has been unlocked,Name,extreme_length_ratio,28,4,0.14285714285714285
11398,Failed attempt to unlock the screen,Name,extreme_length_ratio,35,4,0.11428571428571428
11400,Setup...,Thiết lập... Name,exact_duplicate,8,17,2.125
11406,Configure the session manager and logout settings,Cấu hình trình quản lý phiên chạy và thiết lập đăng xuấtName,noise_ui_fragment,49,60,1.2244897959183674
11411,Search pattern matched,Name,extreme_length_ratio,22,4,0.18181818181818182
11413,Sensor exceeded critical limit,Name,extreme_length_ratio,30,4,0.13333333333333333
11414,Aurorae Decoration Theme Engine,Name,extreme_length_ratio,31,4,0.12903225806451613
11416,An example theme based on the Air desktop theme.,Name,extreme_length_ratio,48,4,0.08333333333333333
11432,Display thumbnails of windows in the alt+tab window switcher,Name,extreme_length_ratio,60,4,0.06666666666666667
11434,Display a Cover Flow effect for the alt+tab window switcher,Name,extreme_length_ratio,59,4,0.06779661016949153
11438,Animate desktop switching with a cube,Name,extreme_length_ratio,37,4,0.10810810810810811
11440,Zoom out so all desktops are displayed side-by-side in a grid,Name,extreme_length_ratio,61,4,0.06557377049180328
11446,Darkens the entire screen when requesting root privileges,Name,extreme_length_ratio,57,4,0.07017543859649122
11450,Fade between virtual desktops when switching between them,Name,extreme_length_ratio,57,4,0.07017543859649122
11454,Closed windows fall into pieces,Name,extreme_length_ratio,31,4,0.12903225806451613
11456,Flip through windows that are in a stack for the alt+tab window switcher,Name,extreme_length_ratio,72,4,0.05555555555555555
11458,Highlight the appropriate window when hovering over taskbar entries,Name,extreme_length_ratio,67,4,0.05970149253731343
11460,Inverts the color of the desktop and windows,Comment,extreme_length_ratio,44,7,0.1590909090909091
11462,Smoothly fade to the desktop when logging in,Comment,extreme_length_ratio,44,7,0.1590909090909091
11463,Desaturate the desktop when displaying the logout dialog,Name,extreme_length_ratio,56,4,0.07142857142857142
11465,A screen magnifier that looks like a fisheye lens,Name,extreme_length_ratio,49,4,0.08163265306122448
11475,Zoom out until all opened windows can be displayed side-by-side,Name,extreme_length_ratio,63,4,0.06349206349206349
11477,Effect to outline geometry while resizing a window,Name,extreme_length_ratio,50,4,0.08
11483,Make the entire desktop look sharper,Name,extreme_length_ratio,36,4,0.1111111111111111
11487,Display KWin's performance in the corner of the screen,Name,extreme_length_ratio,54,4,0.07407407407407407
11489,Highlight areas of the desktop that have been recently updated,Name,extreme_length_ratio,62,4,0.06451612903225806
11490,Slide Back,ĐặcComment,noise_ui_fragment,10,10,1.0
11491,Slide back windows losing focus,Name,extreme_length_ratio; noise_ui_fragment,31,4,0.12903225806451613
11497,Help you locate the center of the screen when moving a window.,Name,extreme_length_ratio,62,4,0.06451612903225806
11501,Display window thumbnails when hovering over taskbar entries,Name,extreme_length_ratio,60,4,0.06666666666666667
11522,Display window thumbnails on the edge of the screen,Name,extreme_length_ratio,51,4,0.0784313725490196
11524,Display a mouse cursor locating effect when activated,Name,extreme_length_ratio,53,4,0.07547169811320754
11526,Make windows translucent under different conditions,Name,extreme_length_ratio,51,4,0.0784313725490196
11538,Configure keyboard and mouse settings,Cấu hình thiết lập bàn phím và con chuộtName,noise_ui_fragment,37,44,1.1891891891891893
11548,Configure settings specifically for a window,Thiết lập cài đặt dành riêng cho cửa sổName,noise_ui_fragment,44,43,0.9772727272727273
11555,Virtual desktop one is selected,Name,extreme_length_ratio,31,4,0.12903225806451613
11561,Virtual desktop four is selected,Name,extreme_length_ratio,32,4,0.125
11575,Virtual desktop eleven is selected,Name,extreme_length_ratio,34,4,0.11764705882352941
11577,Virtual desktop twelve is selected,Name,extreme_length_ratio,34,4,0.11764705882352941
11581,Virtual desktop fourteen is selected,Name,extreme_length_ratio,36,4,0.1111111111111111
11587,Virtual desktop seventeen is selected,Name,extreme_length_ratio,37,4,0.10810810810810811
11595,Another window is activated,Name,extreme_length_ratio,27,4,0.14814814814814814
11597,Delete Window,Nhân đôi cửa sổName,noise_ui_fragment,13,19,1.4615384615384615
11598,Delete window,Nhân đôi cửa sổName,noise_ui_fragment,13,19,1.4615384615384615
11599,Window Close,Trình đơn Liệt kê Cửa sổComment,noise_ui_fragment,12,31,2.5833333333333335
11602,A window is shaded up,Name,extreme_length_ratio,21,4,0.19047619047619047
11612,A window loses maximization,Name,extreme_length_ratio,27,4,0.14814814814814814
11614,A window is made visible on all desktops,Name,extreme_length_ratio,40,4,0.1
11616,A Window is no longer visible on all desktops,Name,extreme_length_ratio,45,4,0.08888888888888889
11619,Delete Dialog,Comment,noise_ui_fragment,13,7,0.5384615384615384
11620,Transient window (a dialog) is removed,Name,extreme_length_ratio,38,4,0.10526315789473684
11622,A window has begun moving,Name,extreme_length_ratio,25,4,0.16
11624,A window has completed its moving,Name,extreme_length_ratio,33,4,0.12121212121212122
11626,A window has begun resizing,Name,extreme_length_ratio,27,4,0.14814814814814814
11628,A window has finished resizing,Name,extreme_length_ratio,30,4,0.13333333333333333
11629,Window on Current Desktop Demands Attention,Comment,extreme_length_ratio,43,7,0.16279069767441862
11630,A window on the current virtual desktop demands attention,Name,extreme_length_ratio,57,4,0.07017543859649122
11631,Window on Other Desktop Demands Attention,Comment,extreme_length_ratio,41,7,0.17073170731707318
11632,A window on an inactive virtual desktop demands attention,Name,extreme_length_ratio,57,4,0.07017543859649122
11634,The compositing performance was too slow and compositing has been suspended,Name,extreme_length_ratio,75,4,0.05333333333333334
11636,Another application has requested to suspend compositing.,Name,extreme_length_ratio,57,4,0.07017543859649122
11638,Some effects are not supported by backend or hardware.,Name,extreme_length_ratio,54,4,0.07407407407407407
11643,The daemon received a new message sent with wall(1) or write(1),Name,extreme_length_ratio,63,4,0.06349206349206349
11644,KDED-module for screen-management,Name,extreme_length_ratio,33,4,0.12121212121212122
11647,Sends a given signal to a given process,Name,extreme_length_ratio,39,4,0.10256410256410256
11649,Change the niceness of a given process,Name,extreme_length_ratio,38,4,0.10526315789473684
11651,Change how the read and writes of a given process are prioritized,Name,extreme_length_ratio,65,4,0.06153846153846154
11653,Change which CPU scheduler is to schedule the running of a given process,Name,extreme_length_ratio,72,4,0.05555555555555555
11665,Traditional menu based application launcher,Name,extreme_length_ratio,43,4,0.09302325581395349
11667,Switch between virtual desktops,Name,extreme_length_ratio,31,4,0.12903225806451613
11669,Switch between running applications,Name,extreme_length_ratio,35,4,0.11428571428571428
11671,Access to deleted items,Name,extreme_length_ratio,23,4,0.17391304347826086
11674,Default desktop containment,Name,extreme_length_ratio,27,4,0.14814814814814814
11678,Interact with the Plasma desktop shell,Name,extreme_length_ratio,38,4,0.10526315789473684
11683,Tab bar to switch activities,Name,extreme_length_ratio,28,4,0.14285714285714285
11687,See the power status of your battery,Name,extreme_length_ratio,36,4,0.1111111111111111
11689,View and pick dates from the calendar,Comment,extreme_length_ratio,37,7,0.1891891891891892
11694,Time displayed in a digital format,Name,extreme_length_ratio,34,4,0.11764705882352941
11698,Lock the screen or log out,Name,extreme_length_ratio,26,4,0.15384615384615385
11700,Reserve empty spaces within the panel.,Name,extreme_length_ratio,38,4,0.10526315789473684
11706,A hard disk usage monitor,Name,extreme_length_ratio,25,4,0.16
11714,A system temperature monitor,Name,extreme_length_ratio,28,4,0.14285714285714285
11717,Access hidden applications minimized in the system tray,Comment,extreme_length_ratio,55,7,0.12727272727272726
11719,Keep track of applications that want to use the D-Bus based status notifier protocol.,Name,extreme_length_ratio,85,4,0.047058823529411764
11723,The menu that normally shows on right-click,Name,extreme_length_ratio,43,4,0.09302325581395349
11726,Creates a widget from the contents of the clipboard,Name,extreme_length_ratio,51,4,0.0784313725490196
11728,Switch to another activity,Name,extreme_length_ratio,26,4,0.15384615384615385
11730,Switch to another virtual desktop,Name,extreme_length_ratio,33,4,0.12121212121212122
11733,A dummy plugin for testing,Name,extreme_length_ratio,26,4,0.15384615384615385
11737,Application job updates (via kuiserver),Name,extreme_length_ratio,39,4,0.10256410256410256
11739,Information and launching of all applications in the app menu.,GenericName,extreme_length_ratio,62,11,0.1774193548387097
11742,Look up word meanings,Name,extreme_length_ratio,21,4,0.19047619047619047
11746,Data Engine for getting favicons of web sites,Name,extreme_length_ratio,45,4,0.08888888888888889
11752,Geolocation from GPS address.,Name,extreme_length_ratio,29,4,0.13793103448275862
11756,Tracks hot-pluggable devices as they appear and disappear.,Name,extreme_length_ratio,58,4,0.06896551724137931
11758,Keyboard modifier and mouse buttons states,Name,extreme_length_ratio,42,4,0.09523809523809523
11761,Mouse position and cursor,Name,extreme_length_ratio,25,4,0.16
11764,Passive visual notifications for the user.,Name,extreme_length_ratio,42,4,0.09523809523809523
11766,Lists currently playing music,Name,extreme_length_ratio,29,4,0.13793103448275862
11768,"Places, as seen in the file manager and in file dialogs.",Comment,extreme_length_ratio,56,7,0.125
11770,"Battery, AC, sleep and PowerDevil information.",Name,extreme_length_ratio,46,4,0.08695652173913043
11777,Information and management services for all available windows.,Name,extreme_length_ratio,62,4,0.06451612903225806
11781,XML Data from the UK MET Office,Name,extreme_length_ratio,31,4,0.12903225806451613
11783,XML Data from Environment Canada,Name,extreme_length_ratio,32,4,0.125
11785,XML Data from NOAA's National Weather Service,Name,extreme_length_ratio,45,4,0.08888888888888889
11787,Weather forecast by wetter. com,Name,extreme_length_ratio,31,4,0.12903225806451613
11789,Weather data from multiple online sources,Name,extreme_length_ratio,41,4,0.0975609756097561
11794,Stop applications that are currently running,Name,extreme_length_ratio,44,4,0.09090909090909091
11798,KRunner which performs desktop searches via Nepomuk,Name,extreme_length_ratio,51,4,0.0784313725490196
11807,Executes shell commands,Name,extreme_length_ratio,23,4,0.17391304347826086
11808,Manage removable devices,Name,extreme_length_ratio,24,4,0.16666666666666666
11809,Allows user to use Konqueror's Web shortcuts,Name,extreme_length_ratio,44,4,0.09090909090909091
11810,List windows and desktops and switch them,Name,extreme_length_ratio,41,4,0.0975609756097561
11814,Google Desktop Gadgets,Name,extreme_length_ratio,22,4,0.18181818181818182
11816,Plasma widget support written in Python,Name,extreme_length_ratio,39,4,0.10256410256410256
11818,Plasma data engine support for Python,Name,extreme_length_ratio,37,4,0.10810810810810811
11827,Native Plasma widget written in Ruby,Name,extreme_length_ratio,36,4,0.1111111111111111
11829,MacOS dashboard widget,Name,extreme_length_ratio,22,4,0.18181818181818182
11833,MacOS X dashboard widget,Name,extreme_length_ratio,24,4,0.16666666666666666
11835,Webpage widget using HTML and JavaScript,Name,extreme_length_ratio,40,4,0.1
11842,Search Box for a given RunnerManager,Name,extreme_length_ratio,36,4,0.1111111111111111
11843,Panel for Mobile Internet Devices,Name,extreme_length_ratio,33,4,0.12121212121212122
11846,An activity that puts widgets on two columns,Comment,extreme_length_ratio,44,7,0.1590909090909091
11850,Menu entry for The Plasma search and launch activity,Name,extreme_length_ratio,52,4,0.07692307692307693
11853,List all your contacts,Name,extreme_length_ratio,22,4,0.18181818181818182
11856,"Graphics applications, such as paint programs and image viewers",Comment,extreme_length_ratio,63,7,0.1111111111111111
11857,"Internet related applications, such as Web browser, Email and chat",Comment,extreme_length_ratio,66,7,0.10606060606060606
11858,"Multimedia applications, such as audio and video players",Comment,extreme_length_ratio,56,7,0.125
11859,"Office related applications, such as wordprocessing and spreadsheets",Comment,extreme_length_ratio,68,7,0.10294117647058823
11860,System preferences and setup programs,Comment,extreme_length_ratio,37,7,0.1891891891891892
11863,Engine to handle queries to SAL containment,Name,extreme_length_ratio,43,4,0.09302325581395349
11866,Workspace shell for netbook devices.,Name,extreme_length_ratio,36,4,0.1111111111111111
11869,Customize individual desktop theme items,Name,extreme_length_ratio,40,4,0.1
11871,Set up policies for applications using PolicyKit,Comment,extreme_length_ratio,48,7,0.14583333333333334
11873,"Display brightness, suspend and power profile settings",Comment,extreme_length_ratio; noise_ui_fragment,54,7,0.12962962962962962
11874,Used for warning notifications,Name,extreme_length_ratio,30,4,0.13333333333333333
11877,Notifies a critical event,Name,extreme_length_ratio,25,4,0.16
11879,Your battery has reached low level,Name,extreme_length_ratio,34,4,0.11764705882352941
11881,Your battery has reached warning level,Name,extreme_length_ratio,38,4,0.10526315789473684
11883,"Your battery has reached critical level. This notification triggers a countdown before doing the configured action, hence it is strongly advised to leave that on.",Comment,extreme_length_ratio,162,7,0.043209876543209874
11885,The power adaptor has been plugged in,Name,extreme_length_ratio,37,4,0.10810810810810811
11887,The power adaptor has been unplugged,Name,extreme_length_ratio,36,4,0.1111111111111111
11889,There was an error while performing a job,Name,extreme_length_ratio,41,4,0.0975609756097561
11891,The profile was changed,Name,extreme_length_ratio,23,4,0.17391304347826086
11893,"This notification is displayed when a suspension job is about to be done, and it triggers a countdown. Hence, it is strongly advised to leave it on.",Name,extreme_length_ratio,148,4,0.02702702702702703
11895,PowerDevil has triggered an internal error,Name,extreme_length_ratio,42,4,0.09523809523809523
11897,The suspension has been inhibited because an application requested it,Name,extreme_length_ratio,69,4,0.057971014492753624
11905,Linux Infrared Remote Control,Name,extreme_length_ratio,29,4,0.13793103448275862
11907,Tracks status of network interfaces and provides notification to applications using the network.,Name,extreme_length_ratio,96,4,0.041666666666666664
11949,Bus,Be- la- ruxợName,extreme_length_ratio,3,16,5.333333333333333
11967,A configuration tool for managing the actions available to the user when connecting new devices to the computer,Name,extreme_length_ratio,111,4,0.036036036036036036
11971,System Settings,Vị trí hệ thốngName,noise_ui_fragment,15,19,1.2666666666666666
11973,Advanced User Settings,Thiết lập Trình bảo vệ Màn hìnhName,noise_ui_fragment,22,35,1.5909090909090908
11978,Network & Connectivity,Name,extreme_length_ratio,22,4,0.18181818181818182
11979,Network Settings,Thiết lậpName,noise_ui_fragment,16,13,0.8125
11984,System Settings Category,Name,extreme_length_ratio; noise_ui_fragment,24,4,0.16666666666666666
11986,A Classic KDE 3 KControl style system settings view.,Name,extreme_length_ratio; noise_ui_fragment,52,4,0.07692307692307693
11987,System Settings External Application,Trình đầu cuốiGenericName,noise_ui_fragment,36,25,0.6944444444444444
11988,System Settings View,Vị trí hệ thốngName,noise_ui_fragment,20,19,0.95
11990,The KDE 4 icon view style,Name,extreme_length_ratio,25,4,0.16
11997,Finally Summer in Germany,Name,extreme_length_ratio,25,4,0.16
12006,Pataca,Một đồng hồ chấp nhận sắc thái SVGName,extreme_length_ratio,6,38,6.333333333333333
12013,Settings for display power management,Điều khiển nguồn điệnComment,noise_ui_fragment,37,28,0.7567567567567568
12020,Tiger,Một đồng hồ chấp nhận sắc thái SVGName,extreme_length_ratio,5,38,7.6
12047,Developer,Mô tả UA (Mozilla 1. 2. 1 trên hệ thống hiện thời) Name,extreme_length_ratio,9,55,6.111111111111111
12048,Settings preferred for developers,Mô tả UA (Mozilla 1. 7 trên Win XP) Name,noise_ui_fragment,33,40,1.2121212121212122
12049,"The application %progname (%appname), pid %pid, crashed and caused the signal %signum (%signame).",Phát triểnName,extreme_length_ratio; noise_placeholder,97,14,0.14432989690721648
12050,You might want to fix your program. Take a look at the backtrace below.,GIFName,extreme_length_ratio,71,7,0.09859154929577464
12054,SIGFPE,Trình khởi chạy Chương trình khác KDEName,extreme_length_ratio,6,41,6.833333333333333
12057,Settings preferred for end users,Dữ liệu thời gian cho PlasmoidsComment,noise_ui_fragment,32,38,1.1875
12059,An application mostly receives the SIGFPE signal due to a bug in the application. The application was asked to save its documents.,http: // bugs. kde. org/ simple_ search. cgi? id=\\\\ {1} +\\\\ {2} +\\\\ {3} +\\\\ {4} +\\\\ {5} +\\\\ {6} +\\\\ {7} +\\\\ {8} +\\\\ {9} Name,noise_placeholder; noise_ui_fragment,130,142,1.0923076923076922
12060,An application mostly receives the SIGSEGV signal due to a bug in the application. The application was asked to save its documents.,Trình nền Write KDEName,extreme_length_ratio; noise_ui_fragment,131,23,0.17557251908396945
12069,http: / /bugs. kde. org/ buglist. cgi? quicksearch=\\\\{1}+\\\\{2}+\\\\{3}+\\\\{4}+\\\\{5}+\\\\{6}+\\\\{7}+\\\\{8}+\\\\{9},EvolutionComment,extreme_length_ratio; noise_placeholder,122,16,0.13114754098360656
12073,Oxygen Team,Bạn có khả năng cấu hình cách hoạt động của màn hình nền ở đâyComment,extreme_length_ratio,11,69,6.2727272727272725
12074,Configure Hotkey settings,Cơ chế dữ liệu PlasmaComment,noise_ui_fragment,25,28,1.12
12099,Shows KWin's performance,http: // www. ctan. org/ tools/ filesearch? action=/ search/ filename=\\\\ {@} Query,noise_url; noise_placeholder,24,84,3.5
12100,Shows areas painted by KWin,http: // www. ctan. org/ tools/ cataloguesearch? action=/ search/ catstring=\\\\ {@} Name,noise_url; noise_placeholder,27,89,3.2962962962962963
12107,Previews,Xem thử@ title: tab Context Menu settings,extreme_length_ratio; noise_ui_fragment,8,41,5.125
12108,Icons,Biểu tượng,exact_duplicate,5,10,2.0
12109,Details,Chi tiết,exact_duplicate,7,8,1.1428571428571428
12110,Column,Cột,exact_duplicate,6,3,0.5
12112,Filter:,Lọc:,exact_duplicate,7,4,0.5714285714285714
12117,SVN Delete,Xoá@ info: status,noise_ui_fragment,10,17,1.7
12122,Commit,Nhấn để thêm chú thích... @ info: status,extreme_length_ratio,6,40,6.666666666666667
12133,Columns,Cột,exact_duplicate,7,3,0.42857142857142855
12137,Delete operation completed.,Thao tác xoá hoàn tất.,noise_ui_fragment,27,22,0.8148148148148148
12140,Reload,Nạp lại,exact_duplicate,6,7,1.1666666666666667
12146,Rename Item,Thay tên mục,exact_duplicate,11,12,1.0909090909090908
12154,Dolphin,Dolphin,identical_pair,7,7,1.0
12160,Rafael Fernández López,@ info: credit,language_suspect,22,14,0.6363636363636364
12164,Documentation,Tài liệu,exact_duplicate,13,8,0.6153846153846154
12165,Document to open,Tài liệu cần mở,exact_duplicate,16,15,0.9375
12170,Restore,Phục hồi,exact_duplicate,7,8,1.1428571428571428
12171,Create New,Tạo mới,exact_duplicate,10,7,0.7
12173,Properties,Thuộc tính,exact_duplicate,10,10,1.0
12175,Others,Khác,exact_duplicate,6,4,0.6666666666666666
12182,Folders,Thư mục,exact_duplicate,7,7,1.0
12185,Big,Lớn,exact_duplicate,3,3,1.0
12188,%A,@ title: group Date,extreme_length_ratio,2,19,9.5
12192,"Yesterday (%B, %Y)","Hôm qua@ title: group The week day name:% A,% B is full month name in current locale, and% Y is full year number",extreme_length_ratio,18,112,6.222222222222222
12193,"%A (%B, %Y)","@ title: group Date:% B is full month name in current locale, and% Y is full year number",language_suspect; extreme_length_ratio,11,88,8.0
12194,"Last Week (%B, %Y)","@ title: group Date:% B is full month name in current locale, and% Y is full year number",language_suspect,18,88,4.888888888888889
12195,"Two Weeks Ago (%B, %Y)","@ title: group Date:% B is full month name in current locale, and% Y is full year number",language_suspect,22,88,4.0
12196,"Three Weeks Ago (%B, %Y)","@ title: group Date:% B is full month name in current locale, and% Y is full year number",language_suspect,24,88,3.6666666666666665
12197,"Earlier on %B, %Y","@ title: group The month and year:% B is full month name in current locale, and% Y is full year number",language_suspect; extreme_length_ratio,17,102,6.0
12198,"Read,","Nạp lại@ item: intext Access permission, concatenated",extreme_length_ratio,5,53,10.6
12199,"Write,","@ item: intext Access permission, concatenated",extreme_length_ratio,6,46,7.666666666666667
12200,"Execute,","@ item: intext Access permission, concatenated",extreme_length_ratio,8,46,5.75
12201,Forbidden,@ title: group Files and folders by permissions,language_suspect; extreme_length_ratio,9,47,5.222222222222222
12209,Type,Kiểu,exact_duplicate,4,4,1.0
12210,Size,Cỡ,exact_duplicate,4,2,0.5
12212,Owner,Sở hữu,exact_duplicate,5,6,1.2
12213,Permissions,Quyền hạn,exact_duplicate,11,9,0.8181818181818182
12218,Add Tags,Nhấn để thêm chú thích... @ label: textbox,extreme_length_ratio,8,42,5.25
12220,Delete tag,Xoá,noise_ui_fragment,10,3,0.3
12221,Delete,Xoá@ action: inmenu File,noise_ui_fragment,6,24,4.0
12222,Cancel,Thôi,exact_duplicate; noise_ui_fragment,6,4,0.6666666666666666
12224,Size:,Cỡ:,exact_duplicate,5,3,0.6
12225,Folder,Thư mục,exact_duplicate,6,7,1.1666666666666667
12227,Type:,Kiểu:,exact_duplicate,5,5,1.0
12228,Modified:,Sửa đổi:,exact_duplicate,9,8,0.8888888888888888
12231,Rating:,Đánh giá:,exact_duplicate,7,9,1.2857142857142858
12232,Tags:,Thẻ:,exact_duplicate,5,4,0.8
12234,Preview,Xem thử,exact_duplicate,7,7,1.0
12237,Cut,Cắt,exact_duplicate,3,3,1.0
12238,Copy,Chép,exact_duplicate,4,4,1.0
12239,Paste,Dán,exact_duplicate,5,3,0.6
12240,Rename...,Thay tên...,exact_duplicate,9,11,1.2222222222222223
12241,Move to Trash,Chuyển vào Rác,exact_duplicate,13,14,1.0769230769230769
12242,Show Hidden Files,Hiện tập tin ẩn,exact_duplicate,17,15,0.8823529411764706
12245,Invert Selection,Đảo vùng chọn,exact_duplicate,16,13,0.8125
12248,Settings,Thiết lập khởi chạy,noise_ui_fragment,8,19,2.375
12260,Main Toolbar,Thanh công cụ chính,exact_duplicate,12,19,1.5833333333333333
12262,Your names,EMAIL OF TRANSLATORS,language_suspect; exact_duplicate,10,20,2.0
12264,Show hidden files,Hiện tập tin ẩn,exact_duplicate,17,15,0.8823529411764706
12266,"When this option is enabled, a preview of the file content is shown as an icon.",@ label,extreme_length_ratio,79,7,0.08860759493670886
12269,"This option defines which attribute (name, size, date, etc.) sorting is performed on.",@ label,extreme_length_ratio,85,7,0.08235294117647059
12297,Go back,@ info,noise_ui_fragment,7,6,0.8571428571428571
12299,Close Current Tab,Đóng,noise_ui_fragment,17,4,0.23529411764705882
12301,Close Tab,Đóng,exact_duplicate; noise_ui_fragment,9,4,0.4444444444444444
12303,Select All,Chọn tất cả,exact_duplicate,10,11,1.1
12304,Stop,Dừng,exact_duplicate,4,4,1.0
12313,Activate Next Tab,@ action: inmenu,noise_ui_fragment,17,16,0.9411764705882353
12316,Information,Thông tin,exact_duplicate,11,9,0.8181818181818182
12317,Terminal,Thiết bị cuối,exact_duplicate,8,13,1.625
12318,Places,Nơi,exact_duplicate,6,3,0.5
12319,Close,Đóng@ info,noise_ui_fragment,5,10,2.0
12322,Tag,Thẻ: @ label: textbox,extreme_length_ratio,3,21,7.0
12326,Text,Văn bản,exact_duplicate,4,7,1.75
12333,Save,@ info,noise_ui_fragment,4,6,1.5
12335,Save Search Options,@ info,noise_ui_fragment,19,6,0.3157894736842105
12342,Date:,Ngày@ label Any (file size),extreme_length_ratio,5,27,5.4
12345,Tag:,Thẻ: @ label Any (rating),extreme_length_ratio,4,25,6.25
12360,Download New Services...,@ title: tab Status Bar settings,noise_ui_fragment,24,32,1.3333333333333333
12366,Font:,Phông:,exact_duplicate,5,6,1.2
12368,Large,Lớn,exact_duplicate,5,3,0.6
12370,Grid,Lưới,exact_duplicate,4,4,1.0
12378,General,Chung,exact_duplicate,7,5,0.7142857142857143
12383,Location:,Địa điểm:,exact_duplicate,9,9,1.0
12390,Show'Delete 'command,Hiện lệnh « Xoá » trong trình đơn ngữ cảnh@ option: check,noise_ui_fragment,20,57,2.85
12402,By Name,Theo tên,exact_duplicate,7,8,1.1428571428571428
12404,By Date,Theo ngày,exact_duplicate,7,9,1.2857142857142858
12418,Date,Ngày,exact_duplicate,4,4,1.0
12419,Group,Nhóm,exact_duplicate,5,4,0.8
12440,Texts,Văn bản,exact_duplicate,5,7,1.4
12443,with optional icon and description,Thẻ:,extreme_length_ratio,34,4,0.11764705882352941
12450,& Delete,Xem thử,noise_ui_fragment,8,7,0.875
12467,Paste One File,Mọi thiết lập sẽ bị đặt lại thành giá trị mặc định. Bạn vẫn muốn tiếp tục không?,extreme_length_ratio,14,80,5.714285714285714
12470,You can help us improve this software by filing a bug report.,@ info/ rich,extreme_length_ratio,61,12,0.19672131147540983
12471,"It is safe to close this dialog. If you do not want to, you do not have to file a bug report.",@ info/ rich,extreme_length_ratio; noise_ui_fragment,93,12,0.12903225806451613
12472,In order to generate a useful bug report we need some information about both the crash and your system. (You may also need to install some debug packages.),@ title,extreme_length_ratio,155,7,0.04516129032258064
12474,"This assistant will guide you through the crash reporting process for the KDE Bug Reports Database Site. All the information you enter on the bug report must be in English, if possible, as KDE is formed internationally.",@ title,extreme_length_ratio,219,7,0.0319634703196347
12476,In this page you need to describe how much do you know about the desktop and the application state before it crashed.,@ info/ rich,extreme_length_ratio,117,12,0.10256410256410256
12477,"If you can, describe in as much detail as possible the crash circumstances, and what you were doing when the application crashed (this information is going to be requested later.) You can mention:",@ info/ rich crash situation example,extreme_length_ratio,196,36,0.1836734693877551
12483,or other strange things you notice before or after the crash.,@ info/ rich,extreme_length_ratio,61,12,0.19672131147540983
12484,Screenshots can be very helpful sometimes. You can attach them to the bug report after it is posted to the bug tracking system.,@ title,extreme_length_ratio,127,7,0.05511811023622047
12486,"This page will generate a ""backtrace"" of the crash. This is information that tells the developers where the application crashed.",@ info/ rich,extreme_length_ratio,128,12,0.09375
12487,"If the crash information is not detailed enough, you may need to install some debug packages and reload it (if the Install Debug Symbols button is available you can use it to automatically install the missing information.)",@ info/ rich,extreme_length_ratio,222,12,0.05405405405405406
12488,"You can find more information about backtraces, what they mean, and how they are useful at %1",@ info/ rich,extreme_length_ratio,93,12,0.12903225806451613
12489,Once you get a useful backtrace (or if you do not want to install the missing debugging packages) you can continue.,@ title,extreme_length_ratio,115,7,0.06086956521739131
12491,"Using the quality of the crash information gathered, and your answers on the previous page, the assistant will tell you if the crash is worth reporting or not.",@ info/ rich,extreme_length_ratio,159,12,0.07547169811320754
12492,"If the crash is worth reporting but the application is not supported in the KDE bug tracking system, you will need to directly contact the maintainer of the application.",@ info/ rich,extreme_length_ratio,169,12,0.07100591715976332
12493,"If the crash is listed as being not worth reporting, and you think the assistant has made a mistake, you can still manually report the bug by logging into the bug tracking system. You can also go back and change information and download debug packages.",@ title,extreme_length_ratio; noise_ui_fragment,252,7,0.027777777777777776
12495,"We may need to contact you in the future to ask for further information. As we need to keep track of the bug reports, you need to have an account on the KDE bug tracking system. If you do not have one, you can create one here: %1",@ info/ rich,extreme_length_ratio,229,12,0.05240174672489083
12496,"Then, enter your username and password and press the Login button. You can use this login to directly access the KDE bug tracking system later.",@ info/ rich,extreme_length_ratio,143,12,0.08391608391608392
12497,"The KWallet dialog may appear when pressing Login to save your password in the KWallet password system. Also, it will prompt you for the KWallet password upon loading to autocomplete the login fields if you use this assistant again.",@ title,extreme_length_ratio; noise_ui_fragment,232,7,0.03017241379310345
12499,"This page will search the bug report database for similar crashes which are possible duplicates of your bug. If there are similar bug reports found, you can double click on them to see details. Then, read the current bug report information so you can check to see if they are similar.",@ info/ rich,extreme_length_ratio,284,12,0.04225352112676056
12500,"If you are very sure your bug is the same as another that is previously reported, you can set your information to be attached to the existing report.",@ info/ rich,extreme_length_ratio,149,12,0.08053691275167785
12501,"If you are unsure whether your report is the same, follow the main options to tentatively mark your crash as a duplicate of that report. This is usually the safest thing to do. We cannot uncombine bug reports, but we can easily merge them.",@ info/ rich,extreme_length_ratio,239,12,0.0502092050209205
12502,"If not enough possible duplicates are found, or you did not find a similar report, then you can force it to search for more bug reports (only if the date range limit is not reached.)",@ info/ rich,extreme_length_ratio,182,12,0.06593406593406594
12503,"If you do not find any related reports, your crash information is not useful enough, and you really cannot give additional information about the crash context, then it is better to not file the bug report, thereby closing the assistant.",@ title,extreme_length_ratio,236,7,0.029661016949152543
12505,In this case you need to write a title and description of the crash. Explain as best you can.,@ info/ rich,extreme_length_ratio,93,12,0.12903225806451613
12506,You can also specify your distribution method (GNU/ Linux distribution or packaging system) or if you compiled the KDE Platform from sources.,@ info/ rich,extreme_length_ratio,141,12,0.0851063829787234
12509,"The last page will send the bug report to the bug tracking system and will notify you when it is done. It will then show the web address of the bug report in the KDE bug tracking system, so that you can look at the report later.",@ info/ rich,extreme_length_ratio,228,12,0.05263157894736842
12510,"If the process fails, you can click Retry to try sending the bug report again. If the report cannot be sent because the bug tracking database has a problem, you can save it to a file to manually report later.",@ info/ rich,extreme_length_ratio; noise_ui_fragment,208,12,0.057692307692307696
12512,"If you are interested into helping us to organize bug reports allowing the developers to focus on fixing the real issues, join the BugSquad (#kde-bugs on FreeNode IRC)",@ action: button,extreme_length_ratio,167,16,0.09580838323353294
12514,Use this button to reload the crash information (backtrace). This is useful when you have installed the proper debug symbol packages and you want to obtain a better backtrace.,@ action: button,extreme_length_ratio,175,16,0.09142857142857143
12519,Loading crash information... (this may take some time),@ info,extreme_length_ratio,54,6,0.1111111111111111
12520,Another debugger is currently debugging the same application. The crash information could not be fetched.,@ info: status,extreme_length_ratio,105,14,0.13333333333333333
12522,"Another debugging process is attached to the crashed application. Therefore, the DrKonqi debugger cannot fetch the backtrace. Please close the other debugger and click Reload Crash Information.",@ info,extreme_length_ratio; noise_ui_fragment,193,6,0.031088082901554404
12523,This crash information is useful,@ info,extreme_length_ratio,32,6,0.1875
12524,This crash information may be useful,@ info,extreme_length_ratio,36,6,0.16666666666666666
12525,This crash information is probably not useful,@ info,extreme_length_ratio,45,6,0.13333333333333333
12526,This crash information is not useful,@ info,extreme_length_ratio,36,6,0.16666666666666666
12527,The rating of this crash information is invalid. This is a bug in drkonqi itself.,@ info/ rich,extreme_length_ratio,81,12,0.14814814814814814
12528,You can click the Install Debug Symbols button in order to automatically install the missing debugging information packages. If this method does not work: please read How to create useful crash reports to learn how to get a useful backtrace; install the needed packages and click the Reload Crash Information button.,@ info: status,extreme_length_ratio,316,14,0.04430379746835443
12531,You could try to regenerate the backtrace by clicking the Reload Crash Information button.,@ info: status,extreme_length_ratio,90,14,0.15555555555555556
12532,The debugger application is missing or could not be launched.,@ info/ rich,extreme_length_ratio,61,12,0.19672131147540983
12533,You need to install the debugger package (%1) and click the Reload Crash Information button.,@ title: window,extreme_length_ratio,92,15,0.16304347826086957
12534,Error during the installation of debug symbols,@ info,extreme_length_ratio,46,6,0.13043478260869565
12535,Unknown response from the server,@ info,extreme_length_ratio,32,6,0.1875
12536,Invalid bug report: corrupted data,@ info,extreme_length_ratio,34,6,0.17647058823529413
12537,Invalid bug list: corrupted data,@ info,extreme_length_ratio,32,6,0.1875
12539,Error while attaching the data to the bug report: %1,@ info,extreme_length_ratio,52,6,0.11538461538461539
12542,Requesting installation of missing debug symbols packages...,@ info,extreme_length_ratio,60,6,0.1
12543,Could not find debug symbol packages for this application.,@ info,extreme_length_ratio,58,6,0.10344827586206896
12545,Could not create a file in which to save the report.,Không thể tạo tập tin để lưu kết quả tìm lỗi vết lùi,noise_ui_fragment,52,52,1.0
12550,"We are sorry, %1 closed unexpectedly.",@ info,extreme_length_ratio,37,6,0.16216216216216217
12551,The reporting assistant is disabled because the crash handler dialog was started in safe mode. You can manually report this bug to %1 (including the backtrace from the Developer Information tab.),@ info,extreme_length_ratio,195,6,0.03076923076923077
12552,You can help us improve KDE Software by reporting this error. Learn more about bug reporting. It is safe to close this dialog if you do not want to report this bug.,@ info,extreme_length_ratio; noise_ui_fragment,164,6,0.036585365853658534
12553,"You cannot report this error, because the application does not provide a bug reporting address.",EMAIL OF TRANSLATORS,language_suspect,95,20,0.21052631578947367
12557,Debug,& Trình gỡ rối@ info: tooltip,extreme_length_ratio,5,29,5.8
12561,Close this dialog (you will lose the crash information.),@ action: inmenu 1 is the debugger name,language_suspect; noise_ui_fragment,56,39,0.6964285714285714
12579,Your names,Phan Vĩnh ThịnhEMAIL OF TRANSLATORS,exact_duplicate,10,35,3.5
12580,Your emails,teppi82@ gmail. com,exact_duplicate,11,19,1.7272727272727273
12582,Please select which additional information you can provide:,@ option: check kind of information the user can provide about the crash,language_suspect,59,72,1.2203389830508475
12583,Unusual desktop behavior I noticed,@ option: check kind of information the user can provide about the crash,language_suspect,34,72,2.1176470588235294
12584,Custom settings of the application that may be related,@ label: textbox,noise_ui_fragment,54,16,0.2962962962962963
12586,See if your bug has already been reported. Double click a report in the list and compare it to yours. You can suggest that your crash is a duplicate of that report or directly attach your information to it.,@ title: column,extreme_length_ratio,206,15,0.07281553398058252
12588,Description,@ label title of a listbox where the possible duplicate bug numbers are put in,language_suspect; extreme_length_ratio,11,78,7.090909090909091
12598,Save login information using the KDE Wallet system,@ label,extreme_length_ratio; noise_ui_fragment,50,7,0.14
12599,This is a preview of the report's contents which will be sent. If you want to modify it go the previous pages.,@ option: check,extreme_length_ratio,110,15,0.13636363636363635
12601,Restart the application when clicking the Finish button,@ info,extreme_length_ratio,55,6,0.10909090909090909
12602,"Since communication between you and the developers is required for effective debugging, to continue reporting this bug it is required for you to agree that developers may contact you. Feel free to close this dialog if you do not accept this.",@ title: window,extreme_length_ratio; noise_ui_fragment,241,15,0.06224066390041494
12612,Close the assistant,@ action: button,noise_ui_fragment,19,16,0.8421052631578947
12613,Cancel,@ action: button,noise_ui_fragment,6,16,2.6666666666666665
12614,Save information and close,@ info,noise_ui_fragment,26,6,0.23076923076923078
12615,"Do you really want to close the bug reporting assistant? The crash information is still valid, so you can save the report before closing if you want.",@ title: window,extreme_length_ratio; noise_ui_fragment,149,15,0.10067114093959731
12616,Close the Assistant,@ info,noise_ui_fragment,19,6,0.3157894736842105
12617,Do you really want to close the bug reporting assistant?,@ info,extreme_length_ratio; noise_ui_fragment,56,6,0.10714285714285714
12618,"This crash information is not useful enough, do you want to try to improve it? You will need to install some debugging packages.",@ title: window,extreme_length_ratio,128,15,0.1171875
12619,Crash Information is not useful enough,"@ option: check kind of information the user can provide about the crash,% 1 is the application name",language_suspect,38,100,2.6315789473684212
12620,"What I was doing when the application ""%1"" crashed",@ info examples about information the user can provide,language_suspect,50,54,1.08
12621,"Widgets you have in your desktop and panels (both official and unofficial), desktop settings (wallpaper plugin, themes), activities, and dashboard configuration.",@ info examples about information the user can provide,language_suspect; noise_ui_fragment,161,54,0.33540372670807456
12622,"State of Desktop Effects (Compositing), kind of effects enabled, window decoration, and specific window rules and configuration.",@ info examples about information the user can provide,language_suspect,128,54,0.421875
12623,"sites you were visiting, number of opened tabs, plugins you have installed, and any other non-default setting.",@ info examples about information the user can provide,language_suspect,110,54,0.4909090909090909
12624,"File view mode, grouping and sorting settings, preview settings, and directory you were browsing.",@ info examples about information the user can provide,language_suspect; noise_ui_fragment,97,54,0.5567010309278351
12625,"Instant Messaging protocols you use, and plugins you have installed (official and unofficial).",@ info examples about information the user can provide,language_suspect,94,54,0.574468085106383
12626,Mail protocols and account-types you use.,@ info examples about information the user can provide,language_suspect,41,54,1.3170731707317074
12627,Type of the document you were editing.,@ info examples about information the user can provide,language_suspect,38,54,1.4210526315789473
12628,Type of media (extension and format) you were watching and/ or listening to.,@ label examples about information the user can provide,language_suspect,76,55,0.7236842105263158
12631,Use this button to show the generated report information about this crash.,@ info/ plain,extreme_length_ratio,74,13,0.17567567567567569
12633,The automatically generated crash information is useful.,@ info,extreme_length_ratio,56,6,0.10714285714285714
12634,The automatically generated crash information lacks some details but may be still be useful.,@ info,extreme_length_ratio,92,6,0.06521739130434782
12635,The automatically generated crash information lacks important details and it is probably not helpful.,@ info,extreme_length_ratio,101,6,0.0594059405940594
12636,The crash information was not generated because it was not needed.,@ info,extreme_length_ratio,66,6,0.09090909090909091
12637,The automatically generated crash information does not contain enough information to be helpful.,@ info,extreme_length_ratio,96,6,0.0625
12638,You can improve it by installing debugging packages and reloading the crash on the Crash Information page. You can get help with the Bug Reporting Guide by clicking on the Help button.,@ info,extreme_length_ratio,184,6,0.03260869565217391
12639,The information you can provide could be considered helpful.,@ info,extreme_length_ratio,60,6,0.1
12640,The information you can provide is not considered helpful enough in this case.,@ info,extreme_length_ratio,78,6,0.07692307692307693
12641,This report is considered helpful.,@ info,extreme_length_ratio,34,6,0.17647058823529413
12642,This application's bugs are reported to the KDE bug tracking system: click Next to start the reporting process. You can manually report at %1,@ info,extreme_length_ratio; noise_ui_fragment,141,6,0.0425531914893617
12643,"This application is not supported in the KDE bug tracking system. Click Finish to report this bug to the application maintainer. Also, you can manually report at %1.",@ info,extreme_length_ratio,165,6,0.03636363636363636
12644,"This report does not contain enough information for the developers, so the automated bug reporting process is not enabled for this crash.",@ info,extreme_length_ratio,137,6,0.043795620437956206
12645,"If you wish, you can go back and change your answers.",@ info,extreme_length_ratio; noise_ui_fragment,53,6,0.11320754716981132
12646,You can manually report this bug at %1. Click Finish to close the assistant.,@ info,extreme_length_ratio; noise_ui_fragment,76,6,0.07894736842105263
12647,You can manually report this bug to its maintainer at %1. Click Finish to close the assistant.,@ info/ plain report to url/ mail address,language_suspect; noise_ui_fragment,94,41,0.43617021276595747
12649,& Save to File...,@ info: tooltip,noise_ui_fragment,17,15,0.8823529411764706
12650,Use this button to save the generated crash report information to a file. You can use this option to report the bug later.,"@ info: status '1' is replaced with ""bugs. kde. org""",language_suspect; noise_ui_fragment,122,52,0.4262295081967213
12653,Use this button to login to the KDE bug tracking system using the provided username and password.,@ info/ rich,extreme_length_ratio,97,12,0.12371134020618557
12654,"You need a user account on the KDE bug tracking system in order to file a bug report, because we may need to contact you later for requesting further information. If you do not have one, you can freely create one here.",@ info: status,extreme_length_ratio,218,14,0.06422018348623854
12655,Error when trying to login: %1.,@ info: status the user is logged at the bugtracker site as USERNAME,language_suspect,31,68,2.193548387096774
12656,Logged in at the KDE bug tracking system (%1) as: %2.,"@ info: status '1' is a url, '2' the username",language_suspect,53,45,0.8490566037735849
12663,Exherbo,@ label: listbox KDE distribution method,extreme_length_ratio,7,40,5.714285714285714
12664,Gentoo,@ label: listbox KDE distribution method,extreme_length_ratio,6,40,6.666666666666667
12668,RedHat,@ label: listbox KDE distribution method,extreme_length_ratio,6,40,6.666666666666667
12669,Fedora,@ label: listbox KDE distribution method,extreme_length_ratio,6,40,6.666666666666667
12671,Pardus,@ label: listbox KDE distribution method,extreme_length_ratio,6,40,6.666666666666667
12675,OpenBSD,@ label: listbox KDE distribution method,extreme_length_ratio,7,40,5.714285714285714
12678,The title does not provide enough information.,@ info,extreme_length_ratio,46,6,0.13043478260869565
12679,The description about the crash details does not provide enough information.,@ info,extreme_length_ratio,76,6,0.07894736842105263
12680,Both the title and the description about the crash details do not provide enough information.,@ info,extreme_length_ratio,93,6,0.06451612903225806
12681,"If you cannot provide enough information, your report will probably waste developers' time. Can you tell us more?",@ title: window,extreme_length_ratio,113,15,0.13274336283185842
12682,We need more information,@ info: tooltip examples of good bug report titles,language_suspect,24,50,2.0833333333333335
12683,"Examples of good titles: ""Plasma crashed after adding the Notes widget and writing on it"" ""Konqueror crashed when accessing the Facebook application'X '"" ""Kopete suddenly closed after resuming the computer and talking to a MSN buddy"" ""Kate closed while editing a log file and pressing the Delete key a couple of times""",@ action: button,extreme_length_ratio; noise_ui_fragment,318,16,0.050314465408805034
12687,Crash report sent. URL: %1 Thank you for being part of KDE. You can now close this window.,@ info: status,extreme_length_ratio; noise_ui_fragment,90,14,0.15555555555555556
12688,Error sending the crash report: %1.,@ info/ plain report to KDE bugtracker address,language_suspect,35,46,1.3142857142857143
12689,Custom,@ item: intable custom bug report number description,extreme_length_ratio,6,52,8.666666666666666
12698,Use this button to stop the current search.,@ action: button remove the selected item from a list,language_suspect,43,53,1.2325581395348837
12700,Use this button to remove a selected possible duplicate,@ info,extreme_length_ratio,55,6,0.10909090909090909
12701,"You have not selected any possible duplicates, or a report to which to attach your crash information. Have you read all the reports, and can you confirm that there are no real duplicates?",@ title: window,extreme_length_ratio,187,15,0.08021390374331551
12718,Enter the number of the bug report you want to check,@ label,extreme_length_ratio,52,7,0.1346153846153846
12719,The report is going to be attached to bug %1. Cancel,@ title: window,noise_ui_fragment,52,15,0.28846153846153844
12723,Use this button to mark your crash as related to the currently shown bug report. This will help the KDE developers to determine whether they are duplicates or not.,@ action: button,extreme_length_ratio,163,16,0.09815950920245399
12725,Use this button to attach your crash information to this report; only if you are really sure this is the same crash.,@ info,extreme_length_ratio,116,6,0.05172413793103448
12727,Loading information about bug %1 from %2....,@ action: button let the user to choose to read the main report,language_suspect,44,63,1.4318181818181819
12728,"Yes, read the main report",@ action: button let the user choose to read the original report,language_suspect,25,64,2.56
12729,"No, let me read the report I selected",@ info,extreme_length_ratio,37,6,0.16216216216216217
12730,The report you selected (bug %1) is already marked as duplicate of bug %2. Do you want to read that report instead? (recommended),@ title: window,extreme_length_ratio,129,15,0.11627906976744186
12739,"the bug is caused by a problem in an external application or library, or by a distribution or packaging issue.","@ info bug status,% 1 is the resolution",language_suspect,110,39,0.35454545454545455
12741,"Temporarily closed, because of a lack of information",@ info bug report label and value,language_suspect,52,33,0.6346153846153846
12742,%1,@ info bug report label and value,language_suspect; extreme_length_ratio,2,33,16.5
12744,Description of the bug %1,@ label: textbox bug report label and value,language_suspect,25,43,1.72
12747,Invalid report data,@ info messagebox question.% 1 is the close state explanation,language_suspect; noise_ui_fragment,19,61,3.210526315789474
12748,"This report is marked as ""closed"" because %1. If you are sure your crash is the same, then adding further details or creating a new report will be useless and will waste developers' time. Can you be sure this is the same as your crash?",@ title: window,extreme_length_ratio,235,15,0.06382978723404255
12750,If you want to attach new information to an existing bug report you need to be sure that they refer to the same crash. Are you sure you want to attach your report to bug %1?,@ title: window,extreme_length_ratio,173,15,0.08670520231213873
12752,Error fetching the bug report %1. Please wait some time and try again.,@ info,extreme_length_ratio,70,6,0.08571428571428572
12758,unknown,không rõ,exact_duplicate,7,8,1.1428571428571428
12759,%1,Vết lùi đã được lưu vào% 1.,extreme_length_ratio,2,27,13.5
12760,& Copy,& Chép,exact_duplicate,6,6,1.0
12766,& Overwrite,& Ghi đè,exact_duplicate,11,8,0.7272727272727273
12792,Add...,Thêm...,exact_duplicate,6,7,1.1666666666666667
12794,Remove,Gỡ bỏ,exact_duplicate,6,5,0.8333333333333334
12796,Description:,Mô tả,exact_duplicate,12,5,0.4166666666666667
12798,Ask whether to save to disk instead (only for Konqueror browser),Hỏi ghi lên đĩa hay không,noise_ui_fragment,64,25,0.390625
12799,"Here you can configure what the Konqueror file manager will do when you click on a file of this type. Konqueror can either display the file in an embedded viewer, or start up a separate application. If set to'Use settings for G group ', the file manager will behave according to the settings of the group G to which this type belongs; for instance, 'image' if the current file type is image/ png. Dolphin always shows files in a separate viewer.","Bạn có thể cấu hình để Trình quản lí tập tin Konqueror sẽ làm gì khi bạn nhấn vào tập tin loại này. Konqueror có thể hiển thị tập tin trong trình xem tập tin tích hợp hay trong 1 chương trình riêng. Nếu đặt là 'Dùng xác lậpcho nhóm G', Konqueror sẽ đối xử tuỳ vào xác lập củ a nhóm này, ví dụ nó sẽ là 'image' nếu kiểu tập tin là image/ png.",noise_ui_fragment,445,341,0.7662921348314606
12800,& General,Chung,exact_duplicate,9,5,0.5555555555555556
12805,Use settings for '%1 'group,Dùng xác lập cho nhóm '% 1',noise_ui_fragment,27,27,1.0
12806,"File Associations This module allows you to choose which applications are associated with a given type of file. File types are also referred to as MIME types (MIME is an acronym which stands for ""Multipurpose Internet Mail Extensions""). A file association consists of the following: Rules for determining the MIME-type of a file, for example the filename pattern *. png, which means'all files with names that end in. png ', is associated with the MIME type ""image/ png""; A short description of the MIME-type, for example the description of the MIME type ""image/ png"" is simply'PNG image'; An icon to be used for displaying files of the given MIME-type, so that you can easily identify the type of file in a file manager or file-selection dialog (at least for the types you use often); A list of the applications which can be used to open files of the given MIME-type -- if more than one application can be used then the list is ordered by priority. You may be surprised to find that some MIME types have no associated filename patterns; in these cases, KDE is able to determine the MIME-type by directly examining the contents of the file.","Liên kết tập tin Môđun này cho phép người dùng chọn ứng dụng mở một loại tập tin nào đó. Dạng tập tin cũng có thể là dạng MIME (MIME là viết tắt của ""Multipurpose Internet Mail Extensions"".) Một liên kết tập tin bao gồm: Những điều luật cho phép xác định dạng MIME của một tập tin, ví dụ mẫu tên tập tin *. kwd có nghĩa 'tất cả những tập tin kết thúc bởi. kwd', liên kết với dạng MIME ""x- kword"". Một mô tả ngắn của dạng MIME, ví dụ mô tả của dạng MIME ""x- kword"" là 'Tài liệu KWord'.) Một biểu tượng dùng để hiển thị tập tin với dạng MIME đó, nhờ vậy người dùng có thể dễ dạng nhận ra dạng tập tin, ví dụ khi xem trong Konqueror (ít nhất là cho những dạng thường dùng); Danh sách những ứng dụng có thể dùng để mở tập tin với dạng MIME đó. Nếu có vài ứng dụng thì sẽ có danh sách theo ưu tiên của các ứng dụng. Có thể bạn ngạc nhiên khi thấy một số dạng MIME không có mẫu tên tập tin; trong trường hợp này, Konqueror vẫn có thể xác định dạng MIME bằng cách kiểm tra nội dung của tập tin.",very_long_pair,1139,987,0.8665496049165935
12815,KEditFileType,KEditFileType,identical_pair,13,13,1.0
12817,"(c) 2000, KDE developers","(c) 2000, KDE developers",identical_pair,24,24,1.0
12823,%1 (%2),% 1 (% 2),exact_duplicate,7,9,1.2857142857142858
12838,None,None,identical_pair,4,4,1.0
12843,Group:,Nhóm:,exact_duplicate,6,5,0.8333333333333334
12846,"Type the name of the file type. For instance, if you selected'image 'as category and you type'custom' here, the file type'image/ custom 'will be created.",NAME OF TRANSLATORS,language_suspect; extreme_length_ratio,153,19,0.12418300653594772
12847,Your names,Phan Vĩnh ThịnhEMAIL OF TRANSLATORS,exact_duplicate,10,35,3.5
12848,Your emails,teppi82@ gmail. com,exact_duplicate,11,19,1.7272727272727273
12854,KHtmlIndex,KHtmlIndex,identical_pair,10,10,1.0
12857,above: about: according: across: actually: adj: after: afterwards: again: against: all: almost: alone: along: already: also: although: always: among: amongst: and: another: any: anyhow: anyone: anything: anywhere: are: aren: arent: around: became: because: become: becomes: becoming: been: before: beforehand: begin: beginning: behind: being: below: beside: besides: between: beyond: billion: both: but: can: cant: cannot: caption: could: couldnt: did: didnt: does: doesnt: dont: down: during: each: eight: eighty: either: else: elsewhere: end: ending: enough: etc: even: ever: every: everyone: everything: everywhere: except: few: fifty: first: five: for: former: formerly: forty: found: four: from: further: had: has: hasnt: have: havent: hence: her: here: hereafter: hereby: herein: heres: hereupon: hers: herself: hes: him: himself: his: how: however: hundred: inc: indeed: instead: into: isnt: its: itself: last: later: latter: latterly: least: less: let: like: likely: ltd: made: make: makes: many: may: maybe: meantime: meanwhile: might: million: miss: more: moreover: most: mostly: mrs: much: must: myself: namely: neither: never: nevertheless: next: nine: ninety: nobody: none: nonetheless: noone: nor: not: nothing: now: nowhere: off: often: once: one: only: onto: others: otherwise: our: ours: ourselves: out: over: overall: own: page: per: perhaps: rather: recent: recently: same: seem: seemed: seeming: seems: seven: seventy: several: she: shes: should: shouldnt: since: six: sixty: some: somehow: someone: something: sometime: sometimes: somewhere: still: stop: such: taking: ten: than: that: the: their: them: themselves: then: thence: there: thereafter: thereby: therefore: therein: thereupon: these: they: thirty: this: those: though: thousand: three: through: throughout: thru: thus: tips: together: too: toward: towards: trillion: twenty: two: under: unless: unlike: unlikely: until: update: updated: updates: upon: used: using: very: via: want: wanted: wants: was: wasnt: way: ways: wed: well: were: werent: what: whats: whatever: when: whence: whenever: where: whereafter: whereas: whereby: wherein: whereupon: wherever: wheres: whether: which: while: whither: who: whoever: whole: whom: whomever: whose: why: will: with: within: without: wont: work: worked: works: working: would: wouldnt: yes: yet: you: youd: youll: your: youre: yours: yourself: yourselves: youve,above: about: according: across: actually: adj: after: afterwards: again: against: all: almost: alone: along: already: also: although: always: among: amongst: and: another: any: anyhow: anyone: anything: anywhere: are: aren: arent: around: became: because: become: becomes: becoming: been: before: beforehand: begin: beginning: behind: being: below: beside: besides: between: beyond: billion: both: but: can: cant: cannot: caption: could: couldnt: did: didnt: does: doesnt: dont: down: during: each: eight: eighty: either: else: elsewhere: end: ending: enough: etc: even: ever: every: everyone: everything: everywhere: except: few: fifty: first: five: for: former: formerly: forty: found: four: from: further: had: has: hasnt: have: havent: hence: her: here: hereafter: hereby: herein: heres: hereupon: hers: herself: hes: him: himself: his: how: however: hundred: inc: indeed: instead: into: isnt: its: itself: last: later: latter: latterly: least: less: let: like: likely: ltd: made: make: makes: many: may: maybe: meantime: meanwhile: might: million: miss: more: moreover: most: mostly: mrs: much: must: myself: namely: neither: never: nevertheless: next: nine: ninety: nobody: none: nonetheless: noone: nor: not: nothing: now: nowhere: off: often: once: one: only: onto: others: otherwise: our: ours: ourselves: out: over: overall: own: page: per: perhaps: rather: recent: recently: same: seem: seemed: seeming: seems: seven: seventy: several: she: shes: should: shouldnt: since: six: sixty: some: somehow: someone: something: sometime: sometimes: somewhere: still: stop: such: taking: ten: than: that: the: their: them: themselves: then: thence: there: thereafter: thereby: therefore: therein: thereupon: these: they: thirty: this: those: though: thousand: three: through: throughout: thru: thus: tips: together: too: toward: towards: trillion: twenty: two: under: unless: unlike: unlikely: until: update: updated: updates: upon: used: using: very: via: want: wanted: wants: was: wasnt: way: ways: wed: well: were: werent: what: whats: whatever: when: whence: whenever: where: whereafter: whereas: whereby: wherein: whereupon: wherever: wheres: whether: which: while: whither: who: whoever: whole: whom: whomever: whose: why: will: with: within: without: wont: work: worked: works: working: would: wouldnt: yes: yet: you: youd: youll: your: youre: yours: yourself: yourselves: youve,language_suspect; identical_pair; very_long_pair; noise_ui_fragment,2387,2387,1.0
12863,Your names,Phan Vĩnh ThịnhEMAIL OF TRANSLATORS,exact_duplicate,10,35,3.5
12864,Your emails,teppi82@ gmail. com,exact_duplicate,11,19,1.7272727272727273
12871,Next,Tiếp theo,noise_ui_fragment,4,9,2.25
12875,Calibration is about to check the value range your device delivers. Please move axis %1 %2 on your device to the minimum position. Press any button on the device or click on the'Next 'button to continue with the next step.,Trình cân chỉnh sắp kiểm tra các dải giá trị mà thiết bị của bạn cung cấp. Xin hãy di chuyển trục% 1% 2 trên thiết bị tới vị trí nhỏ nhất. Nhấn bất kỳ phím nào trên thiết bị hoặc nút 'Tiếp theo' để tiếp tục bước kiểm tratiếp theo.,noise_ui_fragment,222,230,1.0360360360360361
12876,Calibration is about to check the value range your device delivers. Please move axis %1 %2 on your device to the center position. Press any button on the device or click on the'Next 'button to continue with the next step.,Trình cân chỉnh sắp kiểm tra các dải giá trị mà thiết bị của bạn cung cấp. Xin hãy di chuyển trục% 1% 2 trên thiết bị tới vị trí ở giữa. Nhấn bất kỳ phím nào trên thiết bị hoặc nút 'Tiếp theo' để tiếp tục bước kiểm tratiếp theo.,noise_ui_fragment,221,228,1.0316742081447965
12877,Calibration is about to check the value range your device delivers. Please move axis %1 %2 on your device to the maximum position. Press any button on the device or click on the'Next 'button to continue with the next step.,Trình cân chỉnh sắp kiểm tra các dải giá trị mà thiết bị của bạn cung cấp. Xin hãy di chuyển trục% 1% 2 trên thiết bị tới vị trí lớn nhất. Nhấn bất kỳ phím nào trên thiết bị hoặc nút 'Tiếp theo' để tiếp tục bước kiểm tratiếp theo.,noise_ui_fragment,222,230,1.0360360360360361
12894,KDE System Settings Module to test Joysticks,Môđun trung tâm điều khiển của KDE để thử cần điều khiển,noise_ui_fragment,44,56,1.2727272727272727
12897,Device:,Thiết bị:,exact_duplicate,7,9,1.2857142857142858
12898,Position:,Vị trí:,exact_duplicate,9,7,0.7777777777777778
12901,State,Trạng thái,exact_duplicate,5,10,2.0
12902,Axes:,Trục:,exact_duplicate,5,5,1.0
12903,Value,Giá trị,exact_duplicate,5,7,1.4
12911,Calibration is about to check the precision. Please move all axes to their center position and then do not touch the joystick anymore. Click OK to start the calibration.,Trình cân chỉnh sắp kiểm tra sự chính xác. Xin hãy di chuyển mọi trục tới vị trí trung tâm rồi đừng chạm vào cần điều khiển. Nhấn OK để bắt đầu cân chỉnh.,noise_ui_fragment,169,154,0.9112426035502958
12913,Your names,Phan Vĩnh ThịnhEMAIL OF TRANSLATORS,exact_duplicate,10,35,3.5
12914,Your emails,teppi82@ gmail. com,exact_duplicate,11,19,1.7272727272727273
12945,AltGraph,AltGraph,identical_pair; exact_duplicate,8,8,1.0
12946,Hyper,Hyper,identical_pair; exact_duplicate,5,5,1.0
12947,Super,Super,identical_pair; exact_duplicate,5,5,1.0
12948,Meta,Meta,identical_pair; exact_duplicate,4,4,1.0
12949,Warning,Cảnh báo,exact_duplicate,7,8,1.1428571428571428
12951,Change Settings Without Asking,Thay đổi thiết lập mà không hỏi lại,noise_ui_fragment,30,35,1.1666666666666667
12976,"An application has requested to change these settings, or you used a combination of several keyboard gestures.","Một ứng dụng nào đó đã yêu cầu thay đổi thiết lập này, hoặc bạn vừa dùng một tổ hợp vài hành động của bàn phím.",noise_ui_fragment,110,111,1.009090909090909
12977,An application has requested to change these settings.,Một ứng dụng nào đó đã yêu cầu thay đổi thiết lập này.,noise_ui_fragment,54,54,1.0
12978,"These AccessX settings are needed for some users with motion impairments and can be configured in the KDE System Settings. You can also turn them on and off with standardized keyboard gestures. If you do not need them, you can select ""Deactivate all AccessX features and gestures"".","Những thiết lập AccessX này cần cho một số người khó khăn trong di chuyển và có thể được cấu hình trong Trung tâm điều khiển của KDE. Có thể bật hoặc tắt chúng với các hành động bàn phím đã được chuẩn hoá. Nếu không cần đến chúng, thì có thể chọn ""Không dùng mọi tính năng và hành động AccessX"".",noise_ui_fragment,281,295,1.0498220640569396
12987,kaccess,kaccess,identical_pair; exact_duplicate,7,7,1.0
12989,"(c) 2000, Matthias Hoelzer-Kluepfel",Đăng ký (c) 2000 bởi Matthias Hoelzer- Kluepfel,exact_duplicate,35,47,1.3428571428571427
12990,Matthias Hoelzer-Kluepfel,Đăng ký (c) 2000 bởi Matthias Hoelzer- Kluepfel,exact_duplicate,25,47,1.88
12991,Author,Tác giảNAME OF TRANSLATORS,exact_duplicate,6,26,4.333333333333333
12992,Your names,Phan Vĩnh ThịnhEMAIL OF TRANSLATORS,exact_duplicate,10,35,3.5
12993,Your emails,teppi82@ gmail. com,exact_duplicate,11,19,1.7272727272727273
12995,KAppfinder,KAppfinder,identical_pair,10,10,1.0
12996,Install. desktop files into directory < dir >,Cài đặt các tập tin. desktop vào thư mục < dir > NAME OF TRANSLATORS,noise_markup_or_html_entity,45,68,1.511111111111111
12997,Your names,Phan Vĩnh ThịnhEMAIL OF TRANSLATORS,exact_duplicate,10,35,3.5
12998,Your emails,teppi82@ gmail. com,exact_duplicate,11,19,1.7272727272727273
13000,Application,Ứng dụng,exact_duplicate,11,8,0.7272727272727273
13001,Description,Mô tả,exact_duplicate,11,5,0.45454545454545453
13002,Command,Câu lệnh,exact_duplicate,7,8,1.1428571428571428
13004,Scan,Quét,exact_duplicate,4,4,1.0
13005,Select All,Chọn tất cả,exact_duplicate,10,11,1.1
13007,AltGraph,AltGraph,identical_pair; exact_duplicate,8,8,1.0
13008,Hyper,Hyper,identical_pair; exact_duplicate,5,5,1.0
13009,Super,Super,identical_pair; exact_duplicate,5,5,1.0
13018,kaccess,kaccess,identical_pair; exact_duplicate,7,7,1.0
13020,"(c) 2000, Matthias Hoelzer-Kluepfel",Đăng ký (c) 2000 bởi Matthias Hoelzer- Kluepfel,exact_duplicate,35,47,1.3428571428571427
13021,Matthias Hoelzer-Kluepfel,Đăng ký (c) 2000 bởi Matthias Hoelzer- Kluepfel,exact_duplicate,25,47,1.88
13022,Author,Tác giả,exact_duplicate,6,7,1.1666666666666667
13040,msec,mili giây,exact_duplicate,4,9,2.25
13069,min,phút,exact_duplicate,3,4,1.3333333333333333
13074,"If this option is checked, KDE will show a confirmation dialog whenever a keyboard accessibility feature is turned on or off. Ensure you know what you are doing if you uncheck it, as the keyboard accessibility settings will then always be applied without confirmation.","Nếu chọn tùy chọn này, thì KDE sẽ hiển thị một hộp thoại hỏi lại khi có tính năng giúp người tàn tật được bật hay tắt. Cần chắc chắn là bạn biết mình đang làm gì nếu bỏ chọn hộp thoại này, vì như vậy thì thiết lập giúp người tàn tật sẽ luôn được áp dụng không cần sự đồng ý của bạn.",noise_ui_fragment,268,282,1.0522388059701493
13077,Your names,Phan Vĩnh ThịnhEMAIL OF TRANSLATORS,exact_duplicate,10,35,3.5
13078,Your emails,teppi82@ gmail. com,exact_duplicate,11,19,1.7272727272727273
13079,Advanced Background Settings,Thiết lập nền nâng cao,noise_ui_fragment,28,22,0.7857142857142857
13085,& Remove,& Bỏ,exact_duplicate,8,4,0.5
13087,& Name:,& Tên:,exact_duplicate,7,6,0.8571428571428571
13088,Comment:,& Chú thích:,exact_duplicate,8,12,1.5
13093,min,phút,exact_duplicate,3,4,1.3333333333333333
13094,New Command,Lệnh mới,exact_duplicate,11,8,0.7272727272727273
13095,New Command,Lệnh mới,exact_duplicate,11,8,0.7272727272727273
13096,Bell Settings,Thiết lập chuông,noise_ui_fragment,13,16,1.2307692307692308
13105,msec,mili giây,exact_duplicate,4,9,2.25
13108,& Test,& Thử,exact_duplicate,6,5,0.8333333333333334
13109,"Click ""Test"" to hear how the system bell will sound using your changed settings.","Nhấn ""Thử"" để nghe tiếng chuông sau khi thay đổi thiết lập.",noise_ui_fragment,80,59,0.7375
13110,kcmbell,kcmbell,identical_pair,7,7,1.0
13113,Original author,Tác giả gốc,exact_duplicate,15,11,0.7333333333333333
13115,Carsten Pfeiffer,NAME OF TRANSLATORS,language_suspect,16,19,1.1875
13116,Your names,Phan Vĩnh ThịnhEMAIL OF TRANSLATORS,exact_duplicate,10,35,3.5
13117,Your emails,teppi82@ gmail. com,exact_duplicate,11,19,1.7272727272727273
13119,Add...,Thêm...,exact_duplicate,6,7,1.1666666666666667
13120,Remove,Bỏ,exact_duplicate,6,2,0.3333333333333333
13121,kcmcgi,kcmcgi,identical_pair,6,6,1.0
13126,Your names,Phan Vĩnh ThịnhEMAIL OF TRANSLATORS,exact_duplicate,10,35,3.5
13127,Your emails,teppi82@ gmail. com,exact_duplicate,11,19,1.7272727272727273
13128,Colors,Màu,exact_duplicate,6,3,0.5
13132,Save Color Scheme,Ghi nhớ bộ màu,noise_ui_fragment,17,14,0.8235294117647058
13135,Normal Background,Nền,extreme_length_ratio,17,3,0.17647058823529413
13144,Get new color schemes from the Internet,Bộ màu,extreme_length_ratio,39,6,0.15384615384615385
13145,Import a color scheme from a file,Bộ màu,extreme_length_ratio,33,6,0.18181818181818182
13147,Save the current color scheme,Ghi nhớ bộ màu,noise_ui_fragment,29,14,0.4827586206896552
13148,Save Scheme...,Ghi nhớ bộ màu,noise_ui_fragment,14,14,1.0
13158,Window,Cửa sổ,exact_duplicate,6,6,1.0
13159,Button,Nút,exact_duplicate,6,3,0.5
13172,Tooltip Background,Nền,extreme_length_ratio,18,3,0.16666666666666666
13206,Link Text on Normal Background,Nền,extreme_length_ratio,30,3,0.1
13207,Visited Text on Normal Background,Nền,extreme_length_ratio,33,3,0.09090909090909091
13208,Active Text on Normal Background,Nền,extreme_length_ratio,32,3,0.09375
13210,Inactive Text on Normal Background,Nền,extreme_length_ratio,34,3,0.08823529411764706
13212,Negative Text on Normal Background,Nền,extreme_length_ratio,34,3,0.08823529411764706
13215,Positive Text on Normal Background,Nền,extreme_length_ratio,34,3,0.08823529411764706
13220,focus,NAME OF TRANSLATORS,language_suspect,5,19,3.8
13221,Your names,Phan Vĩnh ThịnhEMAIL OF TRANSLATORS,exact_duplicate,10,35,3.5
13222,Your emails,teppi82@ gmail. com,exact_duplicate,11,19,1.7272727272727273
13223,& Save...,& Ghi bộ màu...,noise_ui_fragment,9,15,1.6666666666666667
13229,"Colors This module allows you to choose the color scheme used for the KDE desktop. The different elements of the desktop, such as title bars, menu text, etc., are called ""widgets"". You can choose the widget whose color you want to change by selecting it from a list, or by clicking on a graphical representation of the desktop. You can save color settings as complete color schemes, which can also be modified or deleted. KDE comes with several predefined color schemes on which you can base your own. All KDE applications will obey the selected color scheme. Non-KDE applications may also obey some or all of the color settings, if this option is enabled.","Màu Môđun này cho phép bạn chọn bộ màu dùng cho màn hình KDE. Các phần tử khác nhau của màn hình, như thanh tiêu đề, thực đơn, văn bản, v. v... được gọi là các ""phụ tùng"". Bạn có thể chọn phụ tùng muốn thay đổi màu của nó từ danh sách, hoặc nhấn vào ô bản sao của màn hình. Có thể ghi nhớ thiết lập màu thành một bộ màu. Cũng có thể sửa hay xóa bộ màu đã ghi. KDE có một vài bộ màu đi kèm để bạn có thể dùng để tạo bộ màu của mình. Tất cả các ứng dụng KDE sẽ tuân theo bộ màu đã chọn. Các ứng dụng không phải KDE cũng có thể sẽ tuân theo một vài hoặc tất cả những thiết lập màu, nếu người dùng chọn như vậy.",noise_ui_fragment,656,607,0.9253048780487805
13230,"This is a preview of the color settings which will be applied if you click ""Apply"" or ""OK"". You can click on different parts of this preview image. The widget name in the ""Widget color"" box will change to reflect the part of the preview image you clicked.","Đây là xem trước của thiết lập màu sẽ được áp dụng nếu bạn nhấn"" Áp dụng ""hay"" OK "". Bạn có thể nhấn vào các phần kháccủaảnh xem trước này. Tên phụ tùng trong hộp"" Màu phụ tùng ""sẽ thay đổi theo phần của ảnh xem trước mà bạn đã nhấn.",noise_ui_fragment,255,233,0.9137254901960784
13232,Press this button if you want to save the current color settings as a color scheme. You will be prompted for a name.,Nhấn nút này nếu bạn muốn ghi nhớ các thiết lập màu hiện tại thành một bộ màu. Bạn sẽ cần đặt tên cho bộ màu đó.,noise_ui_fragment,116,112,0.9655172413793104
13233,Press this button to remove the selected color scheme. Note that this button is disabled if you do not have permission to delete the color scheme.,Nhấn nút này để xóa bỏ những bộ màu đã chọn. Chú ý là nút này sẽ không dùng được nếu bạn không có đủ quyền để xoá bộ màu.,noise_ui_fragment,146,121,0.8287671232876712
13237,Standard,Chuẩn,exact_duplicate,8,5,0.625
13244,Low,ThấpHigh Contrast,extreme_length_ratio,3,17,5.666666666666667
13245,High,Cao,exact_duplicate,4,3,0.75
13249,Overwrite,Ghi đè,exact_duplicate,9,6,0.6666666666666666
13252,"Click here to select an element of the KDE desktop whose color you want to change. You may either choose the ""widget"" here, or click on the corresponding part of the preview image above.",Văn bản thường,extreme_length_ratio,186,14,0.07526881720430108
13255,Unknown,Không rõ,exact_duplicate,7,8,1.1428571428571428
13256,"You changed the default component of your choice, do want to save that change now?",Bạn đã thay đổi thành phần mặc định theo lựa chọn. Ghi thay đổi ngay bây giờ?,noise_ui_fragment,82,77,0.9390243902439024
13257,No description available,Không có mô tả,exact_duplicate,24,14,0.5833333333333334
13261,kcmcomponentchooser,kcmcomponentchooser,identical_pair,19,19,1.0
13268,...,...,identical_pair; exact_duplicate,3,3,1.0
13276,%t: Recipient's address %s: Subject %c: Carbon Copy (CC) %b: Blind Carbon Copy (BCC) %B: Template body text %A: Attachment %u: Full mailto: URL,% t: Địa chỉ người nhận% s: Chủ đề% c: Chép Cho (CC)% b: Bí mật Chép Cho (BCC)% B: Văn bản thân mẫu% A: Đính kèm% u: URL mailto: đầy đủ,noise_placeholder,143,135,0.9440559440559441
13277,Press this button to select your favorite email client. Please note that the file you select has to have the executable attribute set in order to be accepted. You can also use several placeholders which will be replaced with the actual values when the email client is called: %t: Recipient's address %s: Subject %c: Carbon Copy (CC) %b: Blind Carbon Copy (BCC) %B: Template body text %A: Attachment,Nhấn nút này để chọn trình thư ưa thích. Xin hãy chú ý rằng tập tin bạn chọn phải là có thể thực hiện. Bạn còn có thể chọn vài biến giữ chỗ mà sẽ được thay thế thành giá trị khi trình thư được gọi:% t: Địa chỉ người nhận% s: Tên thư% c: Bản sao (CC)% b: Bản sao phụ (BCC)% B: Văn bản thư mẫu% A: Gắn kèm,noise_placeholder,398,303,0.7613065326633166
13286,Note: Most window managers have their own configuration and do not follow KDE settings.,NAME OF TRANSLATORS,language_suspect; noise_ui_fragment,87,19,0.21839080459770116
13287,Your names,Phan Vĩnh ThịnhEMAIL OF TRANSLATORS,exact_duplicate,10,35,3.5
13288,Your emails,teppi82@ gmail. com,exact_duplicate,11,19,1.7272727272727273
13291,Configure Anti-Alias Settings,Cấu hình thiết lập làm mịn,noise_ui_fragment,29,26,0.896551724137931
13299,General,Chung,exact_duplicate,7,5,0.7142857142857143
13301,Toolbar,Thanh công cụ,exact_duplicate,7,13,1.8571428571428572
13302,Menu,Thực đơn,exact_duplicate,4,8,2.0
13304,Taskbar,Thanh tác vụ,exact_duplicate,7,12,1.7142857142857142
13317,System Settings,Thiết lập hệ thống,noise_ui_fragment,15,18,1.2
13318,Disabled,Tắt,exact_duplicate,8,3,0.375
13320,Configure...,Cấu hình...,exact_duplicate,12,11,0.9166666666666666
13322,96 DPI,96 DPI,identical_pair,6,6,1.0
13323,120 DPI,120 DPI,identical_pair,7,7,1.0
13326,Font Settings Changed,Thiết lập phông đã thay đổi,noise_ui_fragment,21,27,1.2857142857142858
13328,None,Không,exact_duplicate,4,5,1.25
13329,RGB,RGB,identical_pair; exact_duplicate,3,3,1.0
13330,BGR,BGR,identical_pair,3,3,1.0
13333,Medium,Vừa,exact_duplicate,6,3,0.5
13337,ht: / /dig,ht: // dig,exact_duplicate,10,10,1.0
13342,htdig,htdig,identical_pair,5,5,1.0
13344,htsearch,htsearch,identical_pair,8,8,1.0
13346,htmerge,htmerge,identical_pair,7,7,1.0
13348,Scope,Phạm vi,exact_duplicate,5,7,1.4
13354,"Here you can add additional paths to search for documentation. To add a path, click on the Add... button and select the folder from where additional documentation should be searched. You can remove folders by clicking on the Delete button.","Ở đây bạn có thể thêm đường dẫn khác để tìm kiếm tài liệu hướng dẫn. Để thêm một đường dẫn, nhấn vào nút Thêm... và chọn thư mục chứa tài liệu cần tìm kiếm. Có thể gỡ bỏ các thư mục bằng cách nhấn vào nút Xoá.",noise_ui_fragment,239,209,0.8744769874476988
13355,Add...,Thêm...,exact_duplicate,6,7,1.1666666666666667
13356,Delete,Xoá,exact_duplicate; noise_ui_fragment,6,3,0.5
13357,Language Settings,Thiết lập ngôn ngữ,noise_ui_fragment,17,18,1.0588235294117647
13359,& Language,& Ngôn ngữ,exact_duplicate,10,10,1.0
13364,Your names,Phan Vĩnh ThịnhEMAIL OF TRANSLATORS,exact_duplicate,10,35,3.5
13365,Your emails,teppi82@ gmail. com,exact_duplicate,11,19,1.7272727272727273
13367,Default,Mặc định,exact_duplicate,7,8,1.1428571428571428
13368,Active,Hoạt động,exact_duplicate,6,9,1.5
13369,Disabled,Tắt,exact_duplicate,8,3,0.375
13370,Size:,Cỡ:,exact_duplicate,5,3,0.6
13373,Toolbar,Thanh công cụ,exact_duplicate,7,13,1.8571428571428572
13374,Main Toolbar,Thanh công cụ chính,exact_duplicate,12,19,1.5833333333333333
13382,No Effect,Không hiệu ứng,exact_duplicate,9,14,1.5555555555555556
13389,Preview,Xem thử,exact_duplicate,7,7,1.0
13392,Color:,& Màu:,exact_duplicate,6,6,1.0
13394,Name,Tên,exact_duplicate,4,3,0.75
13395,Description,Mô tả,exact_duplicate,11,5,0.45454545454545453
13398,Remove Theme,Xóa bỏ sắc thái,exact_duplicate,12,15,1.25
13407,Are you sure you want to remove the %1 icon theme? This will delete the files installed by this theme.,Bạn có chắc muốn xóa bỏ sắc thái biểu tượng% 1? Sẽ xóa bỏ những tập tin đã cài đặt bởi sắc thái này.,noise_ui_fragment,102,100,0.9803921568627451
13408,Confirmation,Xác nhận,exact_duplicate,12,8,0.6666666666666666
13411,Icons,Biểu tượng,exact_duplicate,5,10,2.0
13415,"Icons This module allows you to choose the icons for your desktop. To choose an icon theme, click on its name and apply your choice by pressing the ""Apply"" button below. If you do not want to apply your choice you can press the ""Reset"" button to discard your changes. By pressing the ""Install New Theme"" button you can install your new icon theme by writing its location in the box or browsing to the location. Press the ""OK"" button to finish the installation. The ""Remove Theme"" button will only be activated if you select a theme that you installed using this module. You are not able to remove globally installed themes here. You can also specify effects that should be applied to the icons.","Biểu tượng Môđun này cho phép chọn biểu tượng cho môi trường làm việc của bạn. Để chọn một sắc thái biểu tượng, nhấn vào tên của nó và áp dụng sự lựa chọn bằng nút ""Áp dụng"" ở dưới. Nếu không muốn áp dụng sự lựa chọn có thể nhấn nút ""Đặt lại"" để bỏ qua mọi thay đổi. Nhất nút ""Cài đặt sắc thái mới"" để cài đặt sắc thái biểu tượng mới từ vị trí chỉ ra trong ô hoặc duyệt tìm vị trí của nó. Nhấn nút ""OK"" để kết thúc cài đặt. Nút ""Xóa bỏ sắc thái"" sẽ chỉ làm việc khi đã lựa chọn một sắc thái đã cài đặt bằng môđun này. Ở đây bạn không thể xóa bỏ sắc thái của hệ thống. Còn có thể chỉ ra hệu ứng sẽ áp dụng cho các biểu tượng. NAME OF TRANSLATORS",noise_ui_fragment,694,644,0.9279538904899135
13416,Your names,Phan Vĩnh ThịnhEMAIL OF TRANSLATORS,exact_duplicate,10,35,3.5
13417,Your emails,teppi82@ gmail. com,exact_duplicate,11,19,1.7272727272727273
13430,SCSI,SCSI,identical_pair; exact_duplicate,4,4,1.0
13432,Devices,Thiết bị,exact_duplicate,7,8,1.1428571428571428
13434,Your names,Nhóm Việt hoá KDEEMAIL OF TRANSLATORS,exact_duplicate,10,37,3.7
13435,Your emails,kde- l10n- vi@ kde. org,exact_duplicate,11,23,2.090909090909091
13436,kcminfo,kcminfo,identical_pair; exact_duplicate,7,7,1.0
13478,Bitmap,"% 1 BPP, Sâu:% 2, Đệm dòng quét:% 3",extreme_length_ratio,6,35,5.833333333333333
13496,Your sound system could not be queried. / dev/ sndstat does not exist or is not readable.,không có,extreme_length_ratio,89,8,0.0898876404494382
13504,PA-RISC Processor,Không thể truy vấn hệ thống phụ PCI: việc này có thể cần thiết quyền truy cập của người chủ.,extreme_length_ratio,17,92,5.411764705882353
13523,Unable to open Audio-Server (Alib).,Byte,extreme_length_ratio,35,4,0.11428571428571428
13525,Vendor,Khả năng hỗ trợ âm thanh (Alib) bị tắt trong tiến trình cấu hình và biên dịch.,extreme_length_ratio,6,78,13.0
13567,Stream Port (decimal),Khoá,extreme_length_ratio,21,4,0.19047619047619047
13580,No audio devices found.,IRQ,extreme_length_ratio,23,3,0.13043478260869565
13584,Flags,Không tìm thấy thiết bị SCSI.,extreme_length_ratio,5,29,5.8
13613,KDE Panel Memory Information Control Module,PCI,extreme_length_ratio,43,3,0.06976744186046512
13625,This graph gives you an overview of the total sum of physical and virtual memory in your system.,Bộ nhớ tạm đĩa:,extreme_length_ratio,96,15,0.15625
13627,"This graph gives you an overview of the usage of physical memory in your system. Most operating systems (including Linux) will use as much of the available physical memory as possible as disk cache, to speed up the system performance. This means that if you have a small amount of Free Physical Memory and a large amount of Disk Cache Memory, your system is well configured.",Bộ nhớ trao đổi còn rảnh:,extreme_length_ratio,374,25,0.06684491978609626
13630,Memory Information This display shows you the current memory usage of your system. The values are updated on a regular basis and give you an overview of the physical and virtual used memory.,Bộ nhớ vật lý,extreme_length_ratio,190,13,0.06842105263157895
13631,%1 free,"Đồ thị này cho bạn xem toàn cảnh của cách sử dụng bộ nhớ vật lý trên hệ thống. Phần lớn hệ điều hành (gồm Linux) sẽ sử dụng càng nhiều bộ nhớ vật lý càng có thể, như bộ nhớ tạm đĩa, để tăng tốc độ của hiệu suất hệ thống. Có nghĩalà nếu bạn có một ít Bộ nhớ vật lý còn rảnh và nhiều Bộ nhớ tạm đĩa, hệ thống có cấu hình tốt.",extreme_length_ratio,7,323,46.142857142857146
13633,Application Data,"Bộ nhớ trao đổi là bộ nhớ ảo sẵn sàng cho hệ thống sử dụng. Nó sẽ được dùng theo yêu cầu, và được cung cấp bằng một hay nhiều phân vùng trao đổi và/ hay tập tin trao đổi.",extreme_length_ratio,16,170,10.625
13634,Disk Buffers,Thông tin bộ nhớ Phần này hiển thị cách sử dụng hiện thời bộ nhớ của hệ thống. Các giá trị được cập nhật một cách đều đặn và cho bạn xem toàn cảnh tình trạng của bộ nhớ cả vật lý lẫn ảo.,extreme_length_ratio,12,186,15.5
13645,Max. display list nesting level,OpenGL,extreme_length_ratio,31,6,0.1935483870967742
13680,GLX,Phiên bản OpenGL,extreme_length_ratio,3,16,5.333333333333333
13684,client GLX vendor,GLX,extreme_length_ratio,17,3,0.17647058823529413
13688,GLU,nhà sản xuất GLX ứng dụng khách,extreme_length_ratio,3,31,10.333333333333334
13713,& General,& Chung,exact_duplicate,9,7,0.7777777777777778
13720,Advanced,Cấp cao,exact_duplicate,8,7,0.875
13742,Mouse,Chuột,exact_duplicate,5,5,1.0
13749,Icons,Biểu tượng,exact_duplicate,5,10,2.0
13754,Delay:,& Hoãn:,exact_duplicate,6,7,1.1666666666666667
13755,Short,Ngắn,exact_duplicate,5,4,0.8
13766,Your names,Nhóm Việt hoá KDEEMAIL OF TRANSLATORS,exact_duplicate,10,37,3.7
13767,Your emails,kde- l10n- vi@ kde. org,exact_duplicate,11,23,2.090909090909091
13770,Install New Theme...,Cài đặt sắc thái mới...,exact_duplicate,20,23,1.15
13772,Name,Tên,exact_duplicate,4,3,0.75
13773,Description,Mô tả,exact_duplicate,11,5,0.45454545454545453
13774,You have to restart KDE for these changes to take effect.,Bạn cần phải khởi chạy lại môi trường KDE để các thay đổi có tác dụng.,exact_duplicate,57,70,1.2280701754385965
13775,Cursor Settings Changed,Thiết lập con chạy đã thay đổi,noise_ui_fragment,23,30,1.3043478260869565
13788,Are you sure you want to remove the %1 cursor theme? This will delete all the files installed by this theme.,Bạn có chắc muốn gỡ bỏ sắc thái con chạy% 1 không? Việc này sẽ xoá bỏ hoàn toàn tất cả các tập tin được cài đặt bởi sắc thái này.,noise_ui_fragment,108,129,1.1944444444444444
13789,Confirmation,Xác nhận,exact_duplicate,12,8,0.6666666666666666
13792,No description available,Không có mô tả,exact_duplicate,24,14,0.5833333333333334
13798,kcmioslaveinfo,kcmioslaveinfo,identical_pair,14,14,1.0
13802,No documentation available for the '%1: / 'protocol.,NAME OF TRANSLATORS,language_suspect,52,19,0.36538461538461536
13803,Your names,Phan Vĩnh ThịnhEMAIL OF TRANSLATORS,exact_duplicate,10,35,3.5
13804,Your emails,teppi82@ gmail. com,exact_duplicate,11,19,1.7272727272727273
13815,"Date & Time This system settings module can be used to set the system date and time. As these settings do not only affect you as a user, but rather the whole system, you can only change these settings when you start the System Settings as root. If you do not have the root password, but feel the system time should be corrected, please contact your system administrator.","Ngày & thời gian Môđun điều khiển này có thể dùng để đặt thời gian và ngày tháng của hệ thống. Vì các thiết lập không chỉ ảnh hưởng đến người dùng, mà còn ảnh hưởng đến toàn bộ hệ thống nên chỉ có thể thay đổi các giá trị này khi chạy Trung tâm điều khiển với quyền root. Nếu bạn không có mật khẩu root và thấy thời gian bị sai, hãy liên hệ với nhà quản lí hệ thống.",noise_ui_fragment,370,366,0.9891891891891892
13816,kcmclock,kcmclock,identical_pair,8,8,1.0
13818,Original author,Tác giả gốc,exact_duplicate,15,11,0.7333333333333333
13819,Current Maintainer,Nhà bảo trì hiện tại,exact_duplicate,18,20,1.1111111111111112
13821,"Date & Time This control module can be used to set the system date and time. As these settings do not only affect you as a user, but rather the whole system, you can only change these settings when you start the System Settings as root. If you do not have the root password, but feel the system time should be corrected, please contact your system administrator.","Ngày & thời gian Môđun điều khiển này có thể dùng để đặt thời gian và ngày tháng của hệ thống. Vì các thiết lập không chỉ ảnh hưởng đến người dùng, mà còn ảnh hưởng đến toàn bộ hệ thống nên chỉ có thể thay đổi các giá trị này khi chạy Trung tâm điều khiển với quyền root. Nếu bạn không có mật khẩu root và thấy thời gian bị sai, hãy liên hệ với nhà quản lí hệ thống.",noise_ui_fragment,362,366,1.011049723756906
13827,Your names,Phan Vĩnh ThịnhEMAIL OF TRANSLATORS,exact_duplicate,10,35,3.5
13828,Your emails,teppi82@ gmail. com,exact_duplicate,11,19,1.7272727272727273
13830,kcmkded,kcmkded,identical_pair,7,7,1.0
13839,Service,Dịch vụ,exact_duplicate,7,7,1.0
13840,Status,Trạng thái,exact_duplicate,6,10,1.6666666666666667
13841,Description,Mô tả,exact_duplicate,11,5,0.45454545454545453
13843,This shows all KDE services that can be loaded on KDE startup. Checked services will be invoked on next startup. Be careful with deactivation of unknown services.,Đây là những dịch vụ của KDE có thể nạp khi bắt đầu chạy KDE. Những dịch vụ đã đánh dấu sẽ chạy trong lần khởi động tiếp theo. Hãy cẩn thận khi bỏ chọn những dịch vụ không biết.,noise_ui_fragment,162,177,1.0925925925925926
13845,Start,Chạy,exact_duplicate,5,4,0.8
13846,Stop,Dừng,exact_duplicate,4,4,1.0
13852,Your names,Phan Vĩnh ThịnhEMAIL OF TRANSLATORS,exact_duplicate,10,35,3.5
13853,Your emails,teppi82@ gmail. com,exact_duplicate,11,19,1.7272727272727273
13859,Your names,Phan Vĩnh ThịnhEMAIL OF TRANSLATORS,exact_duplicate,10,35,3.5
13860,Your emails,teppi82@ gmail. com,exact_duplicate,11,19,1.7272727272727273
13863,& General,& Chung,exact_duplicate,9,7,0.7777777777777778
13875,Domain:,Miền:,exact_duplicate,7,5,0.7142857142857143
13876,Hostname:,Tên máy:,exact_duplicate,9,8,0.8888888888888888
13893,"Keyboard Shortcuts Using shortcuts you can configure certain actions to be triggered when you press a key or a combination of keys, e. g. Ctrl+C is normally bound to'Copy '. KDE allows you to store more than one'scheme' of shortcuts, so you might want to experiment a little setting up your own scheme, although you can still change back to the KDE defaults. In the'Global Shortcuts' tab you can configure non-application-specific bindings, like how to switch desktops or maximize a window; in the'Application Shortcuts' tab you will find bindings typically used in applications, such as copy and paste.",Hãy nhấn vào đây để gỡ bỏ giản đồ tổ hợp phím đã chọn. Không cho phép bạn gỡ bỏ giản đồ chuẩn cho toàn hệ thống « Giản đồ hiện có » hay « Mặc định KDE ».,noise_ui_fragment,603,153,0.2537313432835821
13894,New scheme,"Tổ hợp phímBằng cách dùng tổ hợp phím, bạn có thể cấu hình hành động riêng để đươc kích hoạt khi bạn bấm một hay nhiều phím. Lấy thí dụ, hai phím Ctrl+C thường được tổ hợp với hành động « Chép ». KDE cho bạn khả năng cất giữ nhiều « giản đồ » các tổ hợp phím, vì vậy bạn có thể muốn thử ra một ít khi thiết lập giản đồ riêng, trong khi vẫn còn có khả năng hoàn nguyên về các giá trị mặc định của KDE. Trong phần « Phím tắt toàn cục », bạn có thể cấu hình tổ hợp phím không đặc trưng cho ứng dụng (cho toàn hệ thống), như cách chuyển đổi môi trường làm việc hay cách phóng to cửa sổ. Trong phần « Phím tắt ứng dụng » bạn sẽ tìm thấy tổ hợp phím thường được dùng trong ứng dụng, như « Chép » và « Dán ».",extreme_length_ratio,10,701,70.1
13899,"This scheme requires the ""%1"" modifier key, which is not available on your keyboard layout. Do you wish to view it anyway?",Phím tắt ứng dụng,extreme_length_ratio,122,17,0.13934426229508196
13900,Save Key Scheme,Giản đồ tự định nghĩa,noise_ui_fragment,15,21,1.4
13901,Enter a name for the key scheme:,Win,extreme_length_ratio,32,3,0.09375
13905,Shortcut,Lược đồ phím tên «% 1 » đã có. Bạn có muốn ghi đè lên nó không?,extreme_length_ratio,8,63,7.875
13917,Close Window,Đi qua danh sách màn hình nền (ngược lại),noise_ui_fragment,12,41,3.4166666666666665
13964,Window to Next Desktop,Cửa sổ tới màn hình nền 18,noise_ui_fragment,22,26,1.1818181818181819
13978,Window to Next Screen,Cửa sổ tới màn hình 5,noise_ui_fragment,21,21,1.0
14000,Switch to Next Desktop,Chuyển sang màn hình nền 18,noise_ui_fragment,22,27,1.2272727272727273
14014,Switch to Next Screen,Chuyển sang màn hình 5,noise_ui_fragment,21,22,1.0476190476190477
14019,Switch to Next Keyboard Layout,Diệt cửa sổ,noise_ui_fragment,30,11,0.36666666666666664
14022,Panel,Chặn các phím tắt toàn cục,extreme_length_ratio,5,26,5.2
14025,Next Taskbar Entry,Hãy nhấn vào đây để gỡ bỏ giản đồ tổ hợp phím đã chọn. Không cho phép bạn gỡ bỏ giản đồ chuẩn cho toàn hệ thống « Giản đồ hiện có » hay « Mặc định KDE ».,extreme_length_ratio; noise_ui_fragment,18,153,8.5
14026,Previous Taskbar Entry,Bảng,extreme_length_ratio,22,4,0.18181818181818182
14044,Ctrl,Khởi động lại mà không xác nhận,extreme_length_ratio,4,31,7.75
14045,"Cache This module lets you configure your cache settings. The cache is an internal memory in Konqueror where recently read web pages are stored. If you want to retrieve a web page again that you have recently read, it will not be downloaded from the Internet, but rather retrieved from the cache, which is a lot faster.","Bộ nhớ tạm Mô- đun này cho bạn khả năng cấu hình thiết lập bộ nhớ tạm. Bộ nhớ tạm là bộ nhớ nội bộ trong trình Konqueror, nơi cần cất giữ các trang Mạng vừa đọc. Nếu bạn muốn lấy lại trang Mạng nào vừa đọc, nó sẽ không được tải xuống Mạng. Thật sự nó được lấy từ bộ nhớ tạm, mà rất nhanh hơn.",noise_ui_fragment,319,292,0.9153605015673981
14049,"Cookies Cookies contain information that Konqueror (or other KDE applications using the HTTP protocol) stores on your computer, initiated by a remote Internet server. This means that a web server can store information about you and your browsing activities on your machine for later use. You might consider this an invasion of privacy. However, cookies are useful in certain situations. For example, they are often used by Internet shops, so you can'put things into a shopping basket '. Some sites require you have a browser that supports cookies. Because most people want a compromise between privacy and the benefits cookies offer, KDE offers you the ability to customize the way it handles cookies. So you might want to set KDE's default policy to ask you whenever a server wants to set a cookie, allowing you to decide. For your favorite shopping web sites that you trust, you might want to set the policy to accept, then you can access the web sites without being prompted every time KDE receives a cookie.","CookieTập tin cookie chứa thông tin mà trình Konqueror (hoặc ứng dụng KDE khác mà dùng giao thức HTTP) cất giữ trên máy tính của bạn, theo hướng dẫn từ máy tính ở xa. Có nghĩa là máy phục vụ Mạng có thể cất giữ thông tin về bạn và hoạt động duyệt của bạn trên máy tính này để sử dụng sau. Có lẽ bạn không thích, thấy việc này vi phạm sự riêng tư. Tuy nhiên, tập tin cookie có ích trong một số trường hợp nào đó. Lấy thí dụ, cookie thường bị tiệm Mạng sử dụng, để cho bạn khả năng « tập hợp nhiều thứ trong giỏ mua hàng ». Một số nơi Mạng cần thiết bạn chạy trình duyệt hỗ trợ tập tin cookie. Vì hậu hết người muốn thoả hiệp giữa sự riêng tư và lợi ích bị cookie cung cấp, môi trường KDE cho bạn khả năng tùy chỉnh cách xử lý cookie của nó. Có lẽ bạn muốn đặt chính sách mặc định của KDE là xin bạn mỗi lần máy phục vụ bên ngoài muốn thiết lập cookie, để bạn quyết định. Đối với những nơi Mạng mua hàng ưa thích mà bạn tin cây, có lẽ bạn muốn đặt chính sách là chấp nhận, để bạn truy cập các nơi Mạng đó, không cần nhắc bạn mỗi lần KDE nhận cookie nào.",very_long_pair,1011,1051,1.0395647873392682
14051,Unable to delete all the cookies as requested.,Không thể xoá mọi cookie như đã yêu cầu.,noise_ui_fragment,46,40,0.8695652173913043
14052,Unable to delete cookies as requested.,Không thể xoá các cookie như đã yêu cầu.,noise_ui_fragment,38,40,1.0526315789473684
14057,Yes,Có,exact_duplicate,3,2,0.6666666666666666
14062,Replace,Thay thế,exact_duplicate,7,8,1.1428571428571428
14064,"Cookies Cookies contain information that Konqueror (or any other KDE application using the HTTP protocol) stores on your computer from a remote Internet server. This means that a web server can store information about you and your browsing activities on your machine for later use. You might consider this an invasion of privacy. However, cookies are useful in certain situations. For example, they are often used by Internet shops, so you can'put things into a shopping basket '. Some sites require you have a browser that supports cookies. Because most people want a compromise between privacy and the benefits cookies offer, KDE offers you the ability to customize the way it handles cookies. You might, for example want to set KDE's default policy to ask you whenever a server wants to set a cookie or simply reject or accept everything. For example, you might choose to accept all cookies from your favorite shopping web site. For this all you have to do is either browse to that particular site and when you are presented with the cookie dialog box, click on This domain under the'apply to' tab and choose accept or simply specify the name of the site in the Domain Specific Policy tab and set it to accept. This enables you to receive cookies from trusted web sites without being asked every time KDE receives a cookie.","CookieTập tin cookie chứa thông tin mà trình Konqueror (hoặc ứng dụng KDE khác mà dùng giao thức HTTP) cất giữ trên máy tính của bạn, theo hướng dẫn từ máy tính ở xa. Có nghĩa là máy phục vụ Mạng có thể cất giữ thông tin về bạn và hoạt động duyệt của bạn trên máy tính này để sử dụng sau. Có lẽ bạn không thích, thấy việc này vi phạm sự riêng tư. Tuy nhiên, tập tin cookie có ích trong một số trường hợp nào đó. Lấy thí dụ, cookie thường bị tiệm Mạng sử dụng, để cho bạn khả năng « tập hợp nhiều thứ trong giỏ mua hàng ». Một số nơi Mạng cần thiết bạn chạy trình duyệt hỗ trợ tập tin cookie. Vì hậu hết người muốn thoả hiệp giữa sự riêng tư và lợi ích bị cookie cung cấp, môi trường KDE cho bạn khả năng tùy chỉnh cách xử lý cookie của nó. Có lẽ bạn muốn đặt chính sách mặc định của KDE là xin bạn mỗi lần máy phục vụ bên ngoài muốn thiết lập cookie, để bạn quyết định; hoặc có lẽ bạn muốn đơn giản chấp nhận hay từ chối hết. Lấy thí dụ, có lẽ bạn chọn chấp nhận mọi tập tin nhận diện cookie được tạo bởi nơi Mạng mua hàng ưa thích của bạn. Để làm như thế, bạn đơn giản hãy duyệt tới nơi Mạng đó, và khi hộp thoại cookie xuất hiện, bạn hãy nhắp vào Miền này dưới thanh « Áp dụng vào » và chọn Chấp nhận, hoặc đơn giản xác định tên của nơi Mạng đó trong thanh Chính sách đặc trưng cho miền và đặt nó là Chấp nhận. Thiết lập này cho bạn khả năng nhận tập tin nhận diện cookie từ các nơi Mạng đáng tin, không cần được nhắc mỗi lần KDE nhận cookie nào.",very_long_pair,1326,1448,1.0920060331825037
14072,"To learn about the variable names the automatic detection process searches for, press OK, click on the quick help button on the window title bar of the previous dialog and then click on the ""Auto Detect"" button.","Để tìm biết những tên biến mà tiến trình phát hiện tự động có tìm kiếm, hãy bấm nút Được, nhắp vào nút Trợ giúp Nhanh trên thanh tựa cửa sổ của hộp thoại trước, rồi nhắp vào nút Tìm ra tự động.",noise_ui_fragment,211,193,0.9146919431279621
14076,One or more of the specified proxy settings are invalid. The incorrect entries are highlighted.,Một hay nhiều của những thiết lập ủy nhiệm đã xác định là không hợp lệ. Các mục nhập sai đã được tô sáng.,noise_ui_fragment,95,105,1.105263157894737
14085,Enter the URL or address that should use the above proxy settings:,Hãy nhập tên hoặc địa chỉ Mạng cần có khả năng sử dụng thiết lập ủy nhiên trên:,noise_ui_fragment,66,79,1.196969696969697
14086,Enter the address or URL that should be excluded from using the above proxy settings:,Hãy nhập địa chỉ Mạng cần trừ ra khả năng sử dụng thiết lập ủy nhiêm trên:,noise_ui_fragment,85,74,0.8705882352941177
14090,The proxy settings you specified are invalid. Please click on the Setup... button and correct the problem before proceeding; otherwise your changes will be ignored.,Bạn đã xác định thiết lập ủy nhiệm không hợp lệ. Vui lòng nhắp vào nút Thiết lập... và sửa lỗi này; nếu không thì các thay đổi của bạn bị bỏ qua.,noise_ui_fragment,164,145,0.8841463414634146
14093,You have to restart KDE for these changes to take effect.,Bạn cần phải khởi chạy lại môi trường KDE để các thay đổi có tác dụng.,exact_duplicate,57,70,1.2280701754385965
14095,sec,giây,exact_duplicate,3,4,1.3333333333333333
14105,"Network Preferences Here you can define the behavior of KDE programs when using Internet and network connections. If you experience timeouts or use a modem to connect to the Internet, you might want to adjust these settings.","Tùy thích mạng Ở đây bạn có thể xác định ứng xử của chương trình KDE khi kết nối đến Mạng và đến mạng khác. Nếu bạn gặp trường hợp quá giờ, hoặc sử dụng bộ điều giải để kết nối đến Mạng, có lẽ bạn muốn điều chỉnh thiết lập này.",noise_ui_fragment,224,227,1.0133928571428572
14107,kB,KB,identical_pair,2,2,1.0
14111,Policy,Chính sách,exact_duplicate,6,10,1.6666666666666667
14121,HTTP:,HTTP:,identical_pair,5,5,1.0
14123,HTTPS:,HTTPS:,identical_pair,6,6,1.0
14125,& FTP:,& FTP:,identical_pair,6,6,1.0
14127,NO & PROXY:,NO & PROXY:,identical_pair,11,11,1.0
14137,Delete,& Xoá,exact_duplicate; noise_ui_fragment,6,5,0.8333333333333334
14138,Delete All,Xoá tất & cả,noise_ui_fragment,10,12,1.2
14141,Details,Chi tiết,exact_duplicate,7,8,1.1428571428571428
14142,Name:,Tên:,exact_duplicate,5,4,0.8
14143,Value:,Giá trị:,exact_duplicate,6,8,1.3333333333333333
14144,Domain:,Miền:,exact_duplicate,7,5,0.7142857142857143
14145,Path:,Đường dẫn:,exact_duplicate,5,10,2.0
14146,Expires:,Hạn dùng:,exact_duplicate,8,9,1.125
14150,"Reject the so called third-party cookies. These are cookies that originate from a site other than the one you are currently browsing. For example, if you visit www. foobar. com while this option is on, only cookies that originate from www. foobar. com will be processed per your settings. Cookies from any other site will be rejected. This reduces the chances of site operators compiling a profile about your daily browsing habits.","Từ chối các cookie được gọi là « thuộc nhóm ba ». Những cookie này được tạo bởi nơi Mạng khác với nơi bạn đang duyệt. Lấy thí dụ, nếu bạn thăm nơi Mạng www. phuba. com trong khi tùy chọn này đã bật, chỉ cookie nào bị & lt; www. phuba. comgt; tạo sẽ được xử lý tùy theo thiết lập của bạn. Cookie nào từ nơi Mạng khác sẽ bị từ chối. Thiết lập này giảm thông tin người khác có thể tập hợp về hoạt động duyệt của bạn.",noise_url; noise_ui_fragment,431,413,0.9582366589327146
14152,"Automatically accept temporary cookies meant to expire at the end of the current session. Such cookies will not be stored in your computer's hard drive or storage device. Instead, they are deleted when you close all applications (e. g. your browser) that use them. NOTE: Checking this option along with the next one will override your default as well as site specific cookie policies. However, doing so also increases your privacy since all cookies will be removed when the current session ends.","Chấp nhận tự động các cookie tạm thời, được đặt để hết hạn dùng tại kết thúc phiên chạy hiện thời của bạn. Cookie như vậy sẽ không được cất giữ trên đĩa cứng hay thiết bị chứa khác của bạn. Thay thế, nó bị xoá khi bạn đóng các ứng dụng (v. d. trình duyệt) dùng cookie đó. GHI CHÚ: nếu bạn bật tùy chọn này cùng với tùy chọn kế tiếp, hai tùy chọn này sẽ có quyền cao hơn thiết lập mặc định của bạn cũng như các chính sách cookie đặc trưng cho nơi Mạng. Tuy nhiên, việc bật hai tùy chọn này cũng tăng độ riêng tư của bạn, vì mọi cookie sẽ bị gỡ bỏ khi phiên chạy hiện thời có kết thúc.",noise_ui_fragment,495,583,1.1777777777777778
14154,"Treat all cookies as session cookies. Session cookies are small pieces of data that are temporarily stored in your computer's memory until you quit or close all applications (e. g. your browser) that use them. Unlike regular cookies, session cookies are never stored on your hard drive or other storage medium. NOTE: Checking this option along with the previous one will override your default as well as site specific cookie policies. However, doing so also increases your privacy since all cookies will be removed when the current session ends.","Xử lý mọi cookie như là cookie phiên chạy. Cookie phiên chạy là tập tin thông tin nhỏ được cất giữ tạm thời trong bộ nhớ của máy tính này, đến khi bạn thoát hay đóng các ứng dụng (v. d. trình duyệt) dùng nó. Không như cookie chuẩn, cookie phiên chạy không bao giờ được cất giữ trên đĩa cứng hay vật chứa khác của bạn. GHI CHÚ: nếu bạn bật tùy chọn này cùng với tùy chọn kế tiếp, hai tùy chọn này sẽ có quyền cao hơn thiết lập mặc định của bạn cũng như các chính sách cookie đặc trưng cho nơi Mạng. Tuy nhiên, việc bật hai tùy chọn này cũng tăng độ riêng tư của bạn, vì mọi cookie sẽ bị gỡ bỏ khi phiên chạy hiện thời có kết thúc.",noise_ui_fragment,545,629,1.1541284403669725
14161,"To add a new policy, simply click on the Add... button and supply the necessary information. To change an existing policy, use the Change... button and choose the new policy from the policy dialog box. Clicking on the Delete button will remove the currently selected policy causing the default policy setting to be used for that domain, whereas Delete All will remove all the site specific policies.","Để thêm một chính sách mới, đơn giản hãy nhấn vào cái nút Thêm... rồi cung cấp thông tin cần thiết. Để sửa đổi một chính sách đã có, dùng nút Đổi... rồi chọn chính sách mới trong hộp thoại chính sách. Việc nhấn vào nút Xoá sẽ gỡ bỏ chính sách được chọn hiện thời, gây ra chính sách mặc định được dùng cho miền đó, còn Xoá tất cả sẽ gỡ bỏ mọi chính sách đặc trưng cho nơi Mạng riêng.",noise_ui_fragment,399,382,0.9573934837092731
14163,& New...,& Mới...,exact_duplicate,8,8,1.0
14164,Change...,& Đổi...,exact_duplicate,9,8,0.8888888888888888
14166,Domain,Miền,exact_duplicate,6,4,0.6666666666666666
14175,"Automatically detect and configure the proxy settings. Automatic detection is performed using the Web Proxy Auto-Discovery Protocol (WPAD). NOTE: This option might not work properly or not work at all in some UNIX/ Linux distributions. If you encounter a problem when using this option, please check the FAQ section at http: / /konqueror. kde. org.","Phát hiện và cấu hình tự động thiết lập ủy nhiệm. Việc phát hiện tự động được thực hiện bằng Giao thức phát hiện tự động ủy nhiệm Mạng (WPAD). GHI CHÚ: tùy chọn này có lẽ không hoạt động cho đúng, hoặc không hoạt gì, trong một số bản phân phát UNIX/ Linux. Nếu bạn gặp khó khăn dùng tùy chọn này, vui lòng xem phần Hỏi Đáp (FAQ) tại & lt; http: // konqueror. kde. orggt;.",noise_ui_fragment,348,371,1.0660919540229885
14177,Use the specified proxy script URL to configure the proxy settings.,"Dùng đia chỉ Mạng của tập lệnh ủy nhiệm đã xác định, để cấu hình thiết lập ủy nhiệm.",noise_ui_fragment,67,84,1.2537313432835822
14180,"Use environment variables to configure the proxy settings. Environment variables such as HTTP_PROXY and NO_PROXY are usually used in multi-user UNIX installations, where both graphical and non-graphical applications need to share the same proxy configuration information.","Dùng biến môi trường để cấu hình thiết lập ủy nhiệm. Biến môi trường như HTTP_ PROXY (ủy nhiệm giao thức siêu văn bản) và NO_ PROXY (không có ủy nhiệm) thường được dùng trong bản cài đặt UNIX đa người dùng, trong mà ứng dụng kiểu cả đồ họa lẫn không đồ họa đều phải dùng cùng thông tin cấu hình ủy nhiệm.",noise_ui_fragment,271,304,1.121771217712177
14185,& Manually specify the proxy settings,Tự ghi rõ thiết lập ủy nhiệm,noise_ui_fragment,37,28,0.7567567567567568
14192,Username:,Tên người dùng:,exact_duplicate,9,15,1.6666666666666667
14195,Password:,Mật khẩu:,exact_duplicate,9,9,1.0
14196,Options,Tùy chọn,exact_duplicate,7,8,1.1428571428571428
14210,Delete All,Xoá hết,noise_ui_fragment,10,7,0.7
14212,Delete,Xoá & bỏ,noise_ui_fragment,6,8,1.3333333333333333
14215,Change...,& Đổi...,exact_duplicate,9,8,0.8888888888888888
14216,"Enter the host or domain to which this policy applies, e. g. www. kde. org or. kde. org.","Hãy nhập máy hay miền vào đó chính sách này áp dụng, v. d. www. kde. org hay. kde. org.",noise_url,88,87,0.9886363636363636
14219,& Policy:,Chính & sách:,exact_duplicate,9,13,1.4444444444444444
14220,Accept,Chấp nhận,exact_duplicate,6,9,1.5
14221,Reject,Từ chối,exact_duplicate,6,7,1.1666666666666667
14223,"Here you can modify the default browser-identification text or set a site (eg. www. kde. org) or a domain (eg. kde. org) specific identification text. To add a new site-specific identification text, click the New button and supply the necessary information. To change an existing site-specific entry, click on the Change button. The Delete button will remove the selected site-specific identification text, causing the default setting to be used for that site or domain.","Ở đây bạn có thể sửa đổi văn bản nhận diện trình duyệt mặc định, hoặc đặt văn bản nhận diện trình duyệt đặc trưng cho nơi Mạng (v. d. www. kde. org) hay miền (v. d. kde. org). Để thêm một văn bản nhận diện trình duyệt đặc trưng cho nơi Mạng mới, nhấn vào nút Mới rồi cung cấp thông tin cần thiết. Để thay đổi một mục nhập đã có, nhấn vào nút Đổi. Cái nút Xoá sẽ gỡ bỏ văn bản nhận diện trình duyệt đặc trưng cho nơi Mạng đã chọn, gây ra thiết lập mặc định được dùng cho nơi Mạng hay miền đó.",noise_url; noise_ui_fragment,470,491,1.0446808510638297
14227,Default Identification,Nhận diện mặc định,exact_duplicate,22,18,0.8181818181818182
14237,Includes your language settings in the browser identification text to obtain localized versions of the page.,"Gồm thiết lập ngôn ngữ của bạn trong văn bản nhận diện trình duyệt, để giánh được trang Mạng đã dịch, chẳng hặn, sang tiếng Việt.",noise_ui_fragment,108,129,1.1944444444444444
14245,Delete the selected identifier text.,Xoá đoạn nhận diện đã chọn.,noise_ui_fragment,36,27,0.75
14246,Delete all identifiers.,Xoá mọi đồ nhận diện.,noise_ui_fragment,23,21,0.9130434782608695
14255,"Windows Shares Konqueror is able to access shared Microsoft Windows file systems, if properly configured. If there is a specific computer from which you want to browse, fill in the Browse server field. This is mandatory if you are not running Samba locally. The Broadcast address and WINS address fields will also be available, if you use the native code, or the location of the'smb. conf 'file from which the options are read, when using Samba. In any case, the broadcast address (interfaces in smb. conf) must be set up if it is guessed incorrectly or you have multiple cards. A WINS server usually improves performance, and reduces the network load a lot. The bindings are used to assign a default user for a given server, possibly with the corresponding password, or for accessing specific shares. If you choose to, new bindings will be created for logins and shares accessed during browsing. You can edit all of them from here. Passwords will be stored locally, and scrambled so as to render them unreadable to the human eye. For security reasons, you may not want to do that, as entries with passwords are clearly indicated as such.","Chia sẻ WindowsTrình Konqueror có khả năng truy cập hệ thống Windows đã chia sẻ, nếu được cấu hình cho đúng. Nếu bạn muốn duyệt qua một máy tính nào đó, hãy điền vào trường Duyệt qua máy phục vụ. Thông tin này bắt buộc phải nhập, nếu bạn không chạy cục bộ phần mềm Samba. Những trường Địa chỉ quảng bá và địa chỉ WINS sẽ cũng sẵn sàng, nếu bạn sử dụng mã sở hữu, hay địa điểm của tập tin & lt; smb. confgt; từ đó các tùy chọn được đọc, khi sử dụng Samba. Trong bất kỳ trường hợp, địa chỉ quảng bá (giao diện trong & lt; smb. confgt;) phải được thiết lập nếu nó được đoán sai hoặc nếu bạn có nhiều thẻ mạng. Máy phục vụ WINS thường tăng hiệu suất, và giảm nhiều tải trọng lên mạng. Những tổ hợp được dùng để gán một người dùng mặc định cho mỗi máy phục vụ đưa ra, có thể với mật khẩu tương ứng, hoặc để truy cập phần chia sẻ đặc biệt. Nếu bạn chọn, tổ hợp mới sẽ được tạo cho sự đăng nhập và phần chia sẻ được truy cập trong khi duyệt. Bạn có thể hiệu chỉnh mọi thứ từ đây. Các mật khẩu sẽ được cất giữ cục bộ, cũng được trộn hỗn độn để không ai đọc trộm được. Vì lý do bảo mật, có lẽ bạn không muốn làm như thế, vì mục nhập chứa mật khẩu được ngụ ý rõ như vậy.",very_long_pair,1138,1160,1.0193321616871704
14264,lan: / Ioslave,lan: / Ioslave,identical_pair,14,14,1.0
14265,& Search:,Tìm & kiếm:,exact_duplicate,9,11,1.2222222222222223
14267,& SOCKS,& SOCKS,identical_pair,7,7,1.0
14268,SOCKS,SOCKS,identical_pair,5,5,1.0
14272,& Test,& Thử,exact_duplicate,6,5,0.8333333333333334
14280,& NEC SOCKS,& NEC SOCKS,identical_pair,11,11,1.0
14282,& Dante,& Dante,identical_pair,7,7,1.0
14283,"Here you can specify additional directories to search for the SOCKS libraries. / usr/ lib, / usr/ local/ lib, / usr/ local/ socks5/ lib and / opt/ socks5/ lib are already searched by default.","Ở đây bạn có thể xác định thư mục thêm nơi cần tìm kiếm thư viện SOCKS. Mặc định là tìm kiếm trong các thư mục < usr\ / lib >, < usr\ / local\ / lib >, < usr\ / local\ / socks5\ / lib > và < opt\ / socks5\ / lib >.",noise_markup_or_html_entity,191,214,1.1204188481675392
14285,Your names,Nhóm Việt hoá KDEEMAIL OF TRANSLATORS,exact_duplicate,10,37,3.7
14286,Your emails,kde- l10n- vi@ kde. org,exact_duplicate,11,23,2.090909090909091
14287,kcmsocks,kcmsocks,identical_pair,8,8,1.0
14289,(c) 2001 George Staikos,Bản quyền © năm 2001 của George Staikos,exact_duplicate,23,39,1.6956521739130435
14290,George Staikos,Bản quyền © năm 2001 của George Staikos,exact_duplicate,14,39,2.7857142857142856
14296,& Path:,Đường & dẫn:,exact_duplicate,7,12,1.7142857142857142
14298,Path,Đường dẫn,exact_duplicate,4,9,2.25
14299,& Add,Thêm,exact_duplicate,5,4,0.8
14300,& OK,"Đây là cấu hình chỉ cho ứng dụng khách Samba, không phải cho máy phục vụ.",extreme_length_ratio; noise_ui_fragment,4,73,18.25
14301,& Cancel,& OK,noise_ui_fragment,8,4,0.5
14302,List of sites for which the specified identification text will be used instead of the default one.,& Thôi,extreme_length_ratio,98,6,0.061224489795918366
14303,...,"Danh sách các nơi Mạng nơi cần dùng đoạn nhận diện đã xác định, thay vào đoạn mặc định.",extreme_length_ratio,3,87,29.0
14308,Show'Delete 'context menu entries which bypass the trashcan,Hiện mục trình đơn ngữ cảnh « Xoá bỏ » mà đi qua Sọt Rác,noise_ui_fragment,59,56,0.9491525423728814
14309,Check this if you want'Delete 'menu commands to be displayed on the desktop and in the file manager's context menus. You can always delete files by holding the Shift key while calling'Move to Trash'.,Hãy bật tùy chọn này nếu bạn muốn lệnh trình đơn « Xoá bỏ » được hiển thị trên màn hình nền và trong các trình đơn ngữ cảnh của bộ quản lý tập tin. Bạn cũng có khả năng xoá bỏ tập tin bằng cách bấm giữ phím Shift trong khi chọn lệnh « Chuyển vào Sọt Rác ».,noise_ui_fragment,199,256,1.2864321608040201
14316,This folder will be used by default to load or save documents from or to.,Thư mục này sẽ được dùng theo mặc định để tải hay lưu tài liệu.,noise_ui_fragment,73,63,0.863013698630137
14318,This folder will be used by default to save your downloaded items.,Thư mục này sẽ được dùng theo mặc định để tải hay lưu tài liệu.,noise_ui_fragment,66,63,0.9545454545454546
14320,This folder will be used by default to load or save movies from or to.,Thư mục này sẽ được dùng theo mặc định để tải hay lưu tài liệu.,noise_ui_fragment,70,63,0.9
14322,This folder will be used by default to load or save pictures from or to.,Thư mục này sẽ được dùng theo mặc định để tải hay lưu tài liệu.,noise_ui_fragment,72,63,0.875
14323,This folder will be used by default to load or save music from or to.,Thư mục này sẽ được dùng theo mặc định để tải hay lưu tài liệu.,noise_ui_fragment,69,63,0.9130434782608695
14325,Desktop,Màn hình nền,exact_duplicate,7,12,1.7142857142857142
14329,Move,ChuyểnUse the new directory but do not move anything,extreme_length_ratio,4,52,13.0
14331,Confirmation Required,Cần thiết xác nhận,exact_duplicate,21,18,0.8571428571428571
14333,Menu,Trình đơn,exact_duplicate,4,9,2.25
14334,New...,Mới...,exact_duplicate,6,6,1.0
14335,Remove,Bỏ,exact_duplicate,6,2,0.3333333333333333
14336,Move Up,Đem lên,exact_duplicate,7,7,1.0
14337,Move Down,Đem xuống,exact_duplicate,9,9,1.0
14339,"This option tells Konqueror whether to ask for a confirmation when you ""delete"" a file. Move To Trash: moves the file to your trash folder, from where it can be recovered very easily. Delete: simply deletes the file.","Tùy chọn này báo trình duyệt Mạng Konqueror nhắc bạn xác nhận mỗi thao tác « Xoá bỏ » tập tin. Chuyển vào Sọt Rác: di chuyển tập tin đó vào thư mục Rác, nơi bạn có thể phục hồi nó một cách rất dễ dàng. Xoá bỏ: đơn giản xoá bỏ tập tin đó.",noise_ui_fragment,216,237,1.0972222222222223
14341,Delete,& Xoá bỏ,exact_duplicate; noise_ui_fragment,6,8,1.3333333333333333
14351,MB,MB,identical_pair; exact_duplicate,2,2,1.0
14358,Right button:,Nút & phải:,exact_duplicate,13,11,0.8461538461538461
14363,No Action,Không làm gì,exact_duplicate,9,12,1.3333333333333333
14371,General,Chung,exact_duplicate,7,5,0.7142857142857143
14379,& None,Không có,exact_duplicate,6,8,1.3333333333333333
14385,Middle button:,Nút giữa:,exact_duplicate,14,9,0.6428571428571429
14386,Left button:,Nút trái:,exact_duplicate,12,9,0.75
14387,Right button:,Nút & phải:,exact_duplicate,13,11,0.8461538461538461
14388,Edit...,Sửa...,exact_duplicate,7,6,0.8571428571428571
14392,"If you check this option, any files in your desktop directory that begin with a period (.) will be shown. Usually, such files contain configuration information, and remain hidden from view. For example, files which are named "". directory"" are plain text files which contain information for Konqueror, such as the icon to use in displaying a directory, the order in which files should be sorted, etc. You should not change or delete these files unless you know what you are doing.","Nếu bạn bật tùy chọn này, tập tin nào nằm trong thư mục màn hình nền và có tên tập tin bắt đầu với dấu chấm (.) sẽ được hiển thị. Bình thường, tập tin như vậy chứa thông tin cấu hình và còn lại bị ẩn. Lấy thí dụ, tập tin có tên «. directory » là tập tin nhập thô chứa thông tin cho trình duyệt Mạng Konqueror, như biểu tượng nào cần dùng để ngụ ý thư mục nào và thứ tự tập tin. Khuyên bạn không thay đổi hay xoá bỏ tập tin kiểu này, nếu bạn không biết chính xác cần làm gì.",noise_ui_fragment,479,473,0.9874739039665971
14443,Images,Ảnh,exact_duplicate,6,3,0.5
14449,Disabled,Tắt,exact_duplicate,8,3,0.375
14460,Font Size,Cỡ & phông chữ,exact_duplicate,9,14,1.5555555555555556
14462,Minimum font size:,Cỡ phông chữ tối thiểu:,exact_duplicate,18,23,1.2777777777777777
14463,"Konqueror will never display text smaller than this size, overriding any other settings.","Konqueror sẽ không bao giờ hiển thị chữ nhỏ hơn kích cỡ này, mà có quyền cao hơn các thiết lập kích cỡ phông chữ khác.",noise_ui_fragment,88,118,1.3409090909090908
14465,Standard font:,Phông chữ & chuẩn:,exact_duplicate,14,18,1.2857142857142858
14469,Serif font:,Phông chữ chân:,exact_duplicate,11,15,1.3636363636363635
14478,Use Language Encoding,Dùng bộ ký tự của ngôn ngữ,exact_duplicate,21,26,1.2380952380952381
14482,Policy,Chính sách,exact_duplicate,6,10,1.6666666666666667
14483,& New...,& Mới...,exact_duplicate,8,8,1.0
14484,Change...,& Đổi...,exact_duplicate,9,8,0.8888888888888888
14485,Delete,& Xoá bỏ,exact_duplicate; noise_ui_fragment,6,8,1.3333333333333333
14486,& Import...,& Nhập...,exact_duplicate,11,9,0.8181818181818182
14487,& Export...,& Xuất...,exact_duplicate,11,9,0.8181818181818182
14490,Click on this button to delete the policy for the host or domain selected in the list box.,Hãy nhắp vào cái nút này để xoá bỏ chính sách cho máy hay miền được chọn trong hộp danh sách.,noise_ui_fragment,90,93,1.0333333333333334
14492,You must first select a policy to delete.,"Trước tiên, bạn cần phải chọn một chính sách cần xoá bỏ.",noise_ui_fragment,41,56,1.3658536585365855
14494,Accept,Chấp nhận,exact_duplicate,6,9,1.5
14495,Reject,Từ chối,exact_duplicate,6,7,1.1666666666666667
14499,Insert,Chèn,exact_duplicate,6,4,0.6666666666666666
14500,Update,Cập nhật,exact_duplicate,6,8,1.3333333333333333
14501,Remove,Bỏ,exact_duplicate,6,2,0.3333333333333333
14502,Import...,Nhập...,exact_duplicate,9,7,0.7777777777777778
14516,"Konqueror Browser Here you can configure Konqueror's browser functionality. Please note that the file manager functionality has to be configured using the ""File Manager"" configuration module. You can make some settings how Konqueror should handle the HTML code in the web pages it loads. It is usually not necessary to change anything here.",Bộ duyệt Konqueror Ở đây bạn co thể cấu hình chức năng của bộ duyệt Mạng Konqueror. Ghi chú rằng chức năng bộ quản lý tập tin phải được cấu hình bằng mô- đun cấu hình « File Manager ». Bạn có thể thiết lập Konqueror để xử lý mã HTML của các trang Mạng được tải một cách thích hợp với bạn.,noise_ui_fragment,340,288,0.8470588235294118
14531,Right click goes & back in history,Nhắp- phải đi & lùi trong Lịch sử,noise_ui_fragment,34,33,0.9705882352941176
14532,"If this box is checked, you can go back in history by right clicking on a Konqueror view. To access the context menu, press the right mouse button and move.","Khi bật, bạn có thể đi lùi trong Lịch sử bằng cách nhắp nút phải trên chuột vào một ô xem Konqueror. Để truy cập trình đơn ngữ cảnh, hãy bấm nút phải trên chuột rồi di chuyển.",noise_ui_fragment,156,175,1.1217948717948718
14538,Java Runtime Settings,Thiết lập lúc chạy Java,noise_ui_fragment,21,23,1.0952380952380953
14542,sec,giây,exact_duplicate,3,4,1.3333333333333333
14548,"Click this button to save the Java policy to a zipped file. The file, named java_policy. tgz, will be saved to a location of your choice.","Hãy nhắp vào cái nút này để lưu chính sách Java vào tập tin đã nén bằng zip. Tập tin này, tên java_ policy. tgz, sẽ được lưu vào địa điểm bạn chọn.",noise_ui_fragment,137,147,1.072992700729927
14549,"Here you can set specific Java policies for any particular host or domain. To add a new policy, simply click the New... button and supply the necessary information requested by the dialog box. To change an existing policy, click on the Change... button and choose the new policy from the policy dialog box. Clicking on the Delete button will remove the selected policy, causing the default policy setting to be used for that domain.","Ở đây bạn có thể đặt chính sách Java riêng cho bất cứ máy hay miền nào. Để thêm một chính sách mới, đơn giản hãy nhắp vào nút Mới... và cung cấp thông tin đã yêu cầu. Để sửa đổi một chính sách đã có, hãy nhắp vào nút Đổi... rồi chọn chính sách mới trong hộp thoại chính sách. Việc nhắp vào nút Xoá bỏ sẽ gỡ bỏ chính sách đã chọn, gây ra thiết lập chính sách mặc định được dùng cho miền đó.",noise_ui_fragment,432,389,0.9004629629629629
14550,"Enabling the security manager will cause the jvm to run with a Security Manager in place. This will keep applets from being able to read and write to your file system, creating arbitrary sockets, and other actions which could be used to compromise your system. Disable this option at your own risk. You can modify your $HOME/. java. policy file with the Java policytool utility to give code downloaded from certain sites more permissions.","Việc hiệu lực bộ quản lý bảo mật sẽ chạy jvm (cơ chế ảo Java) với một bộ quản lý bảo mật tại chỗ. Nó sẽ ngăn cản tiểu dụng đọc hay ghi vào hệ thống tập tin của bạn, tạo ổ cắm tùy ý, hoặc hành động khác mà có thể hại thậm hệ thống của bạn. Hãy tự chịu trách nhiệm khi bạn tắt tùy chọn này. Bạn có thể sửa đổi tập tin chính sách Java <\ $HOME\ /\. java\. policy > mình bằng tiện ích policytool (công cụ chính sách) Java để gán quyền thêm cho mã được tải xuống một số nơi Mạng riêng.",noise_markup_or_html_entity,438,481,1.0981735159817352
14566,"Here you can set specific JavaScript policies for any particular host or domain. To add a new policy, simply click the New... button and supply the necessary information requested by the dialog box. To change an existing policy, click on the Change... button and choose the new policy from the policy dialog box. Clicking on the Delete button will remove the selected policy causing the default policy setting to be used for that domain. The Import and Export button allows you to easily share your policies with other people by allowing you to save and retrieve them from a zipped file.","Ở đây bạn có thể đặt chính sách JavaScript riêng cho bất cứ máy hay miền nào. Để thêm một chính sách mới, đơn giản hãy nhắp vào nút Mới... và cung cấp thông tin đã yêu cầu. Để sửa đổi một chính sách đã có, hãy nhắp vào nút Đổi... rồi chọn chính sách mới trong hộp thoại chính sách. Việc nhắp vào nút Xoá bỏ sẽ gỡ bỏ chính sách đã chọn, gây ra thiết lập chính sách mặc định được dùng cho miền đó. Nút Nhập và Xuất cho bạn khả năng chia sẻ dễ dàng các chính sách với người khác, bằng cách cho phép bạn lưu vào và lấy chúng từ tập tin đã nén bằng zip.",noise_ui_fragment,587,548,0.9335604770017035
14569,"Click this button to save the JavaScript policy to a zipped file. The file, named javascript_policy. tgz, will be saved to a location of your choice.","Hãy nhắp vào cái nút này để lưu chính sách JavaScript vào tập tin đã nén bằng zip. Tập tin này, tên javascript_ policy. tgz, sẽ được lưu vào địa điểm bạn chọn.",noise_ui_fragment,149,159,1.0671140939597314
14578,Use global,Dùng toàn cục,exact_duplicate,10,13,1.3
14580,Allow,Cho phép,exact_duplicate,5,8,1.6
14582,Ask,Hỏi,exact_duplicate,3,3,1.0
14584,Deny,Từ chối,exact_duplicate,4,7,1.75
14586,Smart,Thông minh,exact_duplicate,5,10,2.0
14591,Ignore,Bỏ qua,exact_duplicate,6,6,1.0
14608,kcmkonqhtml,kcmkonqhtml,identical_pair,11,11,1.0
14612,& Java,& Java,identical_pair; exact_duplicate,6,6,1.0
14613,JavaScript,JavaScript,identical_pair; exact_duplicate,10,10,1.0
14615,Global Settings,Thiết lập toàn cục,exact_duplicate; noise_ui_fragment,15,18,1.2
14620,Domain-Specific Settings,Thiết lập đặc điểm & miền,noise_ui_fragment,24,25,1.0416666666666667
14625,"Click this button to save the plugin policy to a zipped file. The file, named plugin_policy. tgz, will be saved to a location of your choice.","Hãy nhắp vào cái nút này để lưu chính sách bổ sung vào tập tin đã nén bằng zip. Tập tin này, tên plugin_ policy. tgz, sẽ được lưu vào địa điểm bạn chọn.",noise_ui_fragment,141,152,1.0780141843971631
14626,"Here you can set specific plugin policies for any particular host or domain. To add a new policy, simply click the New... button and supply the necessary information requested by the dialog box. To change an existing policy, click on the Change... button and choose the new policy from the policy dialog box. Clicking on the Delete button will remove the selected policy causing the default policy setting to be used for that domain.","Ở đây bạn có thể đặt chính sách bổ sung riêng cho bất cứ máy hay miền nào. Để thêm một chính sách mới, đơn giản hãy nhắp vào nút Mới... và cung cấp thông tin đã yêu cầu. Để sửa đổi một chính sách đã có, hãy nhắp vào nút Đổi... rồi chọn chính sách mới trong hộp thoại chính sách. Việc nhắp vào nút Xoá bỏ sẽ gỡ bỏ chính sách đã chọn, gây ra thiết lập chính sách mặc định được dùng cho miền đó.",noise_ui_fragment,433,392,0.9053117782909931
14629,low,thấpmedium priority,extreme_length_ratio,3,19,6.333333333333333
14641,Description,Mô tả,exact_duplicate,11,5,0.45454545454545453
14648,"Enter the name of a host (like www. kde. org) or a domain, starting with a dot (like. kde. org or. org)","Hãy nhập tên của máy (như www. kde. org) hay miền, bắt đầu với dấu chấm (như. kde. org hay. org)",noise_url,103,96,0.9320388349514563
14662,This will display close buttons inside each tab instead of websites' icons.,"Tùy chọn này sẽ hiển thị cái nút Đóng bên trong mỗi trang, thay cho biểu tượng của nơi Mạng đó.",noise_ui_fragment,75,95,1.2666666666666666
14663,& Show close button on tabs,Hiện nút & Đóng thay cho biểu tượng nơi Mạng,noise_ui_fragment,27,44,1.6296296296296295
14664,"When you click on a tab using the middle mouse button or mouse wheel, it will close that tab. (Konqueror needs to be restarted for changes to take effect.)",Việc bấm phím Ctrl khi xem trang Mạng sẽ kích hoạt Phím Truy Cập của KDE. Bỏ chọn hộp nay để tắt tính năng khả năng truy cập này. (Konqueror cần phải được khởi chạy lại để thay đổi có tác động.),noise_ui_fragment,155,194,1.2516129032258065
14665,This will ask you whether you are sure you want to close a window when it has multiple tabs opened in it.,Tùy chọn sẽ hỏi nếu bạn muốn đóng cửa sổ chứa nhiều trang mở không.,noise_ui_fragment,105,67,0.638095238095238
14667,When checking this the previous used or opened tab will be activated when you close the current active tab instead of the one right to the current tab.,"Khi bật, trang đã dùng hay mở trước sẽ được kích hoạt khi bạn đóng trang hoạt động hiện thời, thay cho trang nằm sau điều hiện thời.",noise_ui_fragment,151,132,0.8741721854304636
14670,& Remove,& Bỏ,exact_duplicate,8,4,0.5
14671,& New,& Mới,exact_duplicate,5,5,1.0
14672,Down,& Xuống,exact_duplicate,4,7,1.75
14673,& Up,& Lên,exact_duplicate,4,5,1.25
14677,Information,Thông tin,exact_duplicate,11,9,0.8181818181818182
14678,Value,Giá trịNAME OF TRANSLATORS,extreme_length_ratio,5,26,5.2
14679,Your names,Nhóm Việt hoá KDEEMAIL OF TRANSLATORS,exact_duplicate,10,37,3.7
14680,Your emails,kde- l10n- vi@ kde. org,exact_duplicate,11,23,2.090909090909091
14681,Stylesheets See http: / /www. w3. org/ Style/ CSS for further information on cascading style sheets.,Tờ kiểu dáng Xem thêm thông tin về CSS tại http: // www. w3. org/ Style/ CSS.,noise_url,100,77,0.77
14685,"Use user-defined stylesheet If this box is checked, Konqueror will try to load a user-defined style sheet as specified in the location below. The style sheet allows you to completely override the way web pages are rendered in your browser. The file specified should contain a valid style sheet (see http: / /www. w3. org/ Style/ CSS for further information on cascading style sheets).","Dùng tờ kiểu dáng do người dùng định nghĩa Nếu chọn hộp này, thì Konqueror sẽ nạp tờ kiểu dáng do người dùng định nghĩa từ vị trí chỉ ra ở dưới đây. Tờ kiểu dáng này cho phép ghi chèn lên cách trang trí do nhà thiết kế đã tạo ra. Tập tin được chỉ định cần phải chứa một tờ kiểu dáng đúng (xin xem http: // www. w3. org/ Style/ CSS để biết thêm chi tiết).",noise_url,384,354,0.921875
14696,Font Size,Cỡ & phông chữ,exact_duplicate,9,14,1.5555555555555556
14698,7,7,identical_pair; exact_duplicate,1,1,1.0
14699,8,8,identical_pair; exact_duplicate,1,1,1.0
14700,9,9,identical_pair; exact_duplicate,1,1,1.0
14701,10,10,identical_pair; exact_duplicate,2,2,1.0
14702,11,11,identical_pair,2,2,1.0
14703,12,12,identical_pair,2,2,1.0
14704,14,14,identical_pair,2,2,1.0
14705,16,16,identical_pair,2,2,1.0
14706,20,20,identical_pair,2,2,1.0
14707,24,24,identical_pair,2,2,1.0
14708,32,32,identical_pair,2,2,1.0
14709,48,48,identical_pair,2,2,1.0
14710,64,64,identical_pair,2,2,1.0
14721,Background:,& Nền:,exact_duplicate,11,6,0.5454545454545454
14727,Images,Ảnh,exact_duplicate,6,3,0.5
14732,Preview,Xem thử,exact_duplicate,7,7,1.0
14733,Konqueror Stylesheets This module allows you to apply your own color and font settings to Konqueror by using stylesheets (CSS). You can either specify options or apply your own self-written stylesheet by pointing to its location. Note that these settings will always have precedence before all other settings made by the site author. This can be useful to visually impaired people or for web pages that are unreadable due to bad design.,Tờ kiểu dáng Konqueror. Môđun này cho phép dùng các thiết lập màu và phông cá nhân cho Konqueror bằng tờ kiểu dáng (stylesheet bằng CSS). Bạn có thể chỉ định các tuỳ chọn hay áp dụng CSS tự viết bằng cách chỉ đến vị trí của nó. Chú ý là các thiết lập này luôn luôn được thực hiện sau các thiết lập của nhà thiết kế trang web. Tính năng này rất có ích cho những người có khả năng nhìn kém hay khi các trang web có thiết kế xấu khó đọc.,noise_ui_fragment,436,434,0.9954128440366973
14735,Expression (e. g. http: / /www. example. com/ ad/ *):,Biểu thức (v. d. http: // www. site. com/ ad / *):,noise_url,53,50,0.9433962264150944
14736,Enter an expression to filter. Expressions can be defined as either a filename style wildcard e. g. http: / /www. example. com/ ads* or as a full regular expression by surrounding the string with '/ 'e. g. / /(ad_BAR_banner)\\. /,"Hãy nhập một biểu thức cần lọc. Có thể xác định biểu thức hoặc dạng tên tập tin đại diện (v. d. http: // www. site. com/ ad *) hoặc dạng một biểu thức chính quy đầy đủ, có dấu xuyệc bao quanh (v. d. // (ad_BAR_banner)\\. /).",noise_url,229,224,0.9781659388646288
14739,Scan,Cấu hình bổ sung Netscape,extreme_length_ratio,4,25,6.25
14740,Use artsdsp to pipe plugin sound through aRts,Quét,extreme_length_ratio,45,4,0.08888888888888889
14741,"If this option is enabled, KDE will look for new Netscape plugins every time it starts up. This makes it easier for you if you often install new plugins, but it may also slow down KDE startup. You might want to disable this option, especially if you seldom install plugins.",Dùng artsdsp để hướng lệnh âm thanh bổ sung qua aRts,extreme_length_ratio,273,52,0.19047619047619047
14742,Scan for new plugins at & KDE startup,"Nếu bật, KDE sẽ tìm bổ sung Netscape mới, mỗi lần nó khởi động. Tùy chọn này có ích nếu bạn thường cài đặt bổ sung mới, còn cũng có thể làm chậm sự khởi động KDE. Có lẽ bạn muốn tắt tùy chọn này, nhất là nếu bạn không thường cài đặt bổ sung.",extreme_length_ratio,37,241,6.513513513513513
14744,Advanced Options,Tùy chọn cấp cao,exact_duplicate,16,16,1.0
14754,None,Không,exact_duplicate,4,5,1.25
14755,Change...,& Đổi...,exact_duplicate,9,8,0.8888888888888888
14757,Delete,& Xoá,exact_duplicate; noise_ui_fragment,6,5,0.8333333333333334
14758,Delete the selected search provider.,Xóa nhà cung cấp tìm kiếm đã chọn.,noise_ui_fragment,36,34,0.9444444444444444
14759,& New...,& Mới...,exact_duplicate,8,8,1.0
14761,Name,Tên,exact_duplicate,4,3,0.75
14765,Space,Dấu cách,exact_duplicate,5,8,1.6
14770,"Enter the URI that is used to do a search on the search engine here. The whole text to be searched for can be specified as \\{@} or \\{0}. Recommended is \\{@}, since it removes all query variables (name=value) from the resulting string whereas \\{0} will be substituted with the unmodified query string. You can use \\{1}... \\{n} to specify certain words from the query and \\{name} to specify a value given by'name=value 'in the user query. In addition it is possible to specify multiple references (names, numbers and strings) at once (\\{name1, name2,..., ""string""}). The first matching value (from the left) will be used as substitution value for the resulting URI. A quoted string can be used as default value if nothing matches from the left of the reference list.","Nhập URI dùng để tìm kiếm trên máy tìm kiếm ở đây Văn bản cần tìm đầy đủ có thể đưa ra ở dạng\\ {@} hoặc\\ {0}. Khuyên dùng\\ {@}, vì nó bỏ mọi biến số (tên=giá trị) từ chuỗi kết quả trong khi\\ {0} sẽ chỉ thay thế bằng chuỗi tìm kiếm gốc. Có thể dùng\\ {1}...\\ {n} để chỉ ra từ nào đó trong yêu cầu và\\ {tên} để chỉ ra một giá trị đưa ra bởi 'têm=giá' trong yêu cầu của người dùng. Thêm vào đó còn có thể chỉ ra nhiều mục (tên, số và chuỗi) cùng một lúc (\\ {name1, name2,..., ""string""}). Giá trị tương ứng đầu tiên (từ bên trái) sẽ được dùng làm giá trị thay thế cho URI cuối cùng. Một chuỗi nằm trong ngoặc có thể dùng làm giá trị mặc định nếu không có gì tương ứng từ bên trái của danh sách các mục.",noise_placeholder,772,705,0.9132124352331606
14779,"The URI does not contain a \\{...} placeholder for the user query. This means that the same page is always going to be visited, regardless of what the user types.","URI không thể chứa một sự giữ chỗ\\ {....} cho yêu cầu tìm kiếm. Điều đó có nghĩa một trang sẽ luôn luôn được xem, không phụ thuộc vào những gì người dùng gõ.",noise_placeholder,162,158,0.9753086419753086
14785,KDE,KDE,identical_pair; exact_duplicate,3,3,1.0
14788,Resize,Đổi cỡ,exact_duplicate,6,6,1.0
14789,Shade,Bóng,exact_duplicate,5,4,0.8
14792,Close,Đóng,exact_duplicate; noise_ui_fragment,5,4,0.8
14793,Maximize,Phóng đại,exact_duplicate,8,9,1.125
14794,Minimize,Thu nhỏ,exact_duplicate,8,7,0.875
14795,Help,Trợ giúp,exact_duplicate,4,8,2.0
14796,On All Desktops,Trên mọi môi trường,exact_duplicate,15,19,1.2666666666666666
14797,Menu,Trình đơn,exact_duplicate,4,9,2.25
14806,"The appropriate settings can be found in the ""Buttons"" Tab; please note that this option is not available on all styles yet.","Các thiết lập thích hợp có thể tìm thấy trong thẻ ""Nút""; xin chú ý rằng tuỳ chọn này vẫn chưa có trong tất các kiểu!",noise_ui_fragment,124,116,0.9354838709677419
14809,kcmkwindecoration,kcmkwindecoration,identical_pair,17,17,1.0
14815,Large,Lớn,exact_duplicate,5,3,0.6
14822,Active Window,Cửa sổ hoạt động,exact_duplicate,13,16,1.2307692307692308
14824,Your names,Phan Vĩnh ThịnhEMAIL OF TRANSLATORS,exact_duplicate,10,35,3.5
14825,Your emails,teppi82@ gmail. com,exact_duplicate,11,19,1.7272727272727273
14827,KDE 2,KDE 2,identical_pair,5,5,1.0
14829,Desktop,Màn hình nền,exact_duplicate,7,12,1.7142857142857142
14831,Toolbar,Thanh công cụ,exact_duplicate,7,13,1.8571428571428572
14839,kcmkwinrules,kcmkwinrules,identical_pair,12,12,1.0
14840,Window-Specific Settings Configuration Module,Mô đun Cấu hình Cài đặt Cửa sổ Đặc dụng,noise_ui_fragment,45,39,0.8666666666666667
14842,"Window-specific Settings Here you can customize window settings specifically only for some windows. Please note that this configuration will not take effect if you do not use KWin as your window manager. If you do use a different window manager, please refer to its documentation for how to customize window behavior.","Cài đặt dành riêng cho Cửa sổ Tại đây bạn có thể thay đổi cài đặt của cửa sổ, dành cho một số cửa sổ đặc dụng. Chú ý là các cài đặt này sẽ không có tác dụng nếu bạn không dùng trình quản lý cửa sổ KWin. Nếu bạn dùng trình quản lý cửa sổ khác, xin đọc hướng dẫn của trình đó để biết cách cài đặt cho nó.",noise_ui_fragment,317,302,0.9526813880126183
14843,Remember settings separately for every window,Ghi nhớ các cài đặt riêng lẻ cho từng cửa sổ,noise_ui_fragment,45,44,0.9777777777777777
14844,Show internal settings for remembering,Hiển thị cài đặt nội bộ để ghi nhớ,noise_ui_fragment,38,34,0.8947368421052632
14846,Application settings for %1,Cài đặt ứng dụng cho% 1,noise_ui_fragment,27,23,0.8518518518518519
14847,Window settings for %1,Cài đặt cửa sổ cho% 1,noise_ui_fragment,22,21,0.9545454545454546
14848,KWin,KWin,identical_pair; exact_duplicate,4,4,1.0
14852,Class:,Hạng:,exact_duplicate,6,5,0.8333333333333334
14854,Type:,Kiểu:,exact_duplicate,5,5,1.0
14855,Title:,Tựa:,exact_duplicate,6,4,0.6666666666666666
14857,Machine:,Máy:,exact_duplicate,8,4,0.5
14867,Clear,& Xoá,exact_duplicate,5,5,1.0
14868,& New...,& Mới...,exact_duplicate,8,8,1.0
14870,Delete,Xoá,exact_duplicate; noise_ui_fragment,6,3,0.5
14873,& Window,& Cửa sổ,exact_duplicate,8,8,1.0
14880,Regular Expression,Biểu thức chính quy,exact_duplicate,18,19,1.0555555555555556
14881,Edit,Sửa,exact_duplicate,4,3,0.75
14904,Default,Mặc định,exact_duplicate,7,8,1.1428571428571428
14910,Random,Ngẫu nhiên,exact_duplicate,6,10,1.6666666666666667
14924,0123456789,0123456789,identical_pair,10,10,1.0
14927,Edit...,Sửa...,exact_duplicate,7,6,0.8571428571428571
14931,Transparent,Trong suốt,exact_duplicate,11,10,0.9090909090909091
14934,None,Không có,exact_duplicate,4,8,2.0
14935,Low,Thấp,exact_duplicate,3,4,1.3333333333333333
14936,Normal,Thường,exact_duplicate,6,6,1.0
14937,High,Cao,exact_duplicate,4,3,0.75
14944,Your names,Trần Thế TrungEMAIL OF TRANSLATORS,exact_duplicate,10,34,3.4
14945,Your emails,tttrung@ hotmail. com,exact_duplicate,11,21,1.9090909090909092
14947,"Specify how the window property should be affected: Do Not Affect: The window property will not be affected and therefore the default handling for it will be used. Specifying this will block more generic window settings from taking effect. Apply Initially: The window property will be only set to the given value after the window is created. No further changes will be affected. Remember: The value of the window property will be remembered and every time time the window is created, the last remembered value will be applied. Force: The window property will be always forced to the given value. Apply Now: The window property will be set to the given value immediately and will not be affected later (this action will be deleted afterwards). Force temporarily: The window property will be forced to the given value until it is hidden (this action will be deleted after the window is hidden).","Chỉ định các tính chất cửa sổ sẽ được thay đổi như nào Đừng Thay đổi: Tính chất cửa sổ sẽ không thay đổi và các mặc định sẽ được dùng. Lựa chọn này sẽ vô hiệu hoá các cài đặt cửa sổ chung. Áp dụng Lúc đầu: Tính chất cửa sổ sẽ chỉ được đặt theo giá trị đã cho sau khi cửa sổ được tạo ra. Không có thêm thay đổi sau đó. Ghi nhớ: Các tính chất cửa sổ sẽ được ghi nhớ và mỗi khi cửa sổ được tạo, giá trị tính chất trong lần sử dụng cuối sẽ được áp dụng. Ép buộc: Tính chất của cửa sổ sẽ luôn nhận giá trị đã chọn. Áp dụng Ngay: Tính chất của cửa sổ sẽ được thay đổi ngay nhưng sẽ không bị thay đổi sau đó (hành động này sẽ không có hiệu lực sau đó). Ép buộc tạm thời: Tính chất cửa sổ sẽ nhận giá trị đã chọn cho đến khi cửa sổ được giấu đi (hành động này sẽ hết hiệu lực sau khi cửa sổ bị giấu).",noise_ui_fragment,892,792,0.8878923766816144
14948,Specify how the window property should be affected: Do Not Affect: The window property will not be affected and therefore the default handling for it will be used. Specifying this will block more generic window settings from taking effect. Force: The window property will be always forced to the given value. Force temporarily: The window property will be forced to the given value until it is hidden (this action will be deleted after the window is hidden).,Chỉ định các tính chất cửa sổ sẽ được thay đổi như nào Đừng Thay đổi: Tính chất cửa sổ sẽ không thay đổi và các mặc định sẽ được dùng. Lựa chọn này sẽ vô hiệu hoá các cài đặt cửa sổ chung. Ép buộc: Tính chất của cửa sổ sẽ luôn nhận giá trị đã chọn. Ép buộc tạm thời: Tính chất cửa sổ sẽ nhận giá trị đã chọn cho đến khi cửa sổ được giấu đi (hành động này sẽ hết hiệu lực sau khi cửa sổ bị giấu).,noise_ui_fragment,458,395,0.8624454148471615
14950,Settings for %1,Thiết lập cho% 1,noise_ui_fragment,15,16,1.0666666666666667
14952,"You have specified the window class as unimportant. This means the settings will possibly apply to windows from all applications. If you really want to create a generic setting, it is recommended you at least limit the window types to avoid special window types.","Bạn vừa chỉ định lớp cửa sổ là không quan trọng. Điều này nghĩa là cài đặt sẽ có thể được áp dụng cho mọi ứng dụng. Nếu bạn thực sự muốn tạo ra cài đặt chung, bạn nên ít nhất là giới hạn kiểu cửa sổ để tránh kiểu cửa sổ đặc biệt.",noise_ui_fragment,262,229,0.8740458015267175
14953,Edit Window-Specific Settings,Sửa thiết lập cửa sổ đặc dụng,noise_ui_fragment,29,29,1.0
14954,"This configuration dialog allows altering settings only for the selected window or application. Find the setting you want to affect, enable the setting using the checkbox, select in what way the setting should be affected and to which value.","Hộp thoại cấu hình này cho phép thay đổi cài đặt chỉ dành cho cửa sổ hay ứng dụng đã chọn. Hãy tìm cài đặt bạn muốn thay đổi, kích hoạt cài đặt bằng cách ấn vào hộp đánh dấu, chọn cách thay đổi và các giá trị mới.",noise_ui_fragment,241,213,0.8838174273858921
14962,Advanced,Cấp cao,exact_duplicate,8,7,0.875
14963,kcmkwinoptions,kcmkwinoptions,identical_pair,14,14,1.0
14967,Maximize,Phóng to,exact_duplicate,8,8,1.0
14970,Minimize,Thu nhỏ,exact_duplicate,8,7,0.875
14971,Shade,Bóng,exact_duplicate,5,4,0.8
14973,On All Desktops,Trên mọi môi trường,exact_duplicate,15,19,1.2666666666666666
14981,Move to Previous/ Next Desktop,Chuyển sang màn hình nền lùi/ kế,noise_ui_fragment,30,32,1.0666666666666667
14987,Left button:,Nút trái:,exact_duplicate,12,9,0.75
14991,Middle button:,Nút giữa:,exact_duplicate,14,9,0.6428571428571429
14993,Active,Hoạt động,exact_duplicate,6,9,1.5
14995,Raise,Nâng lên,exact_duplicate,5,8,1.6
15026,Meta,Meta,identical_pair; exact_duplicate,4,4,1.0
15027,Alt,Alt,identical_pair; exact_duplicate,3,3,1.0
15030,Move,Chuyển,exact_duplicate,4,6,1.5
15032,Resize,Đổi cỡ,exact_duplicate,6,6,1.0
15035,Your names,Nhóm Việt hoá KDEEMAIL OF TRANSLATORS,exact_duplicate,10,37,3.7
15037,None,Không cóFocus Stealing Prevention Level,extreme_length_ratio,4,39,9.75
15038,Low,ThấpFocus Stealing Prevention Level,extreme_length_ratio,3,35,11.666666666666666
15039,Medium,Focus Stealing Prevention Level,extreme_length_ratio,6,31,5.166666666666667
15040,High,CaoFocus Stealing Prevention Level,extreme_length_ratio,4,34,8.5
15042,"This option specifies how much KWin will try to prevent unwanted focus stealing caused by unexpected activation of new windows. (Note: This feature does not work with the Focus Under Mouse or Focus Strictly Under Mouse focus policies.) None: Prevention is turned off and new windows always become activated. Low: Prevention is enabled; when some window does not have support for the underlying mechanism and KWin cannot reliably decide whether to activate the window or not, it will be activated. This setting may have both worse and better results than the medium level, depending on the applications. Medium: Prevention is enabled. High: New windows get activated only if no window is currently active or if they belong to the currently active application. This setting is probably not really usable when not using mouse focus policy. Extreme: All windows must be explicitly activated by the user. Windows that are prevented from stealing focus are marked as demanding attention, which by default means their taskbar entry will be highlighted. This can be changed in the Notifications control module.","Tùy chọn này xác định cách KWin sẽ cố ngăn cản tiêu điểm bị ăn cấp do sự kích hoạt cửa sổ mới không mong đợi. (Ghi chú: tính năng này không hoạt động với chính sách tiêu điểm « Tiêu điểm dưới chuột » hay « Tiêu điểm dưới chính sách chuột ».) Không có: ngăn cản bị tắt nên cửa sổ mới luôn luôn trở thành hoạt động. Thấp: ngăn cản đã bật: khi cửa sổ nào không có hỗ trợ cơ chế bên dưới và KWin không thể quyết định tin nhiệm có nên đóng cửa sổ này hay không, nó sẽ được kích hoạt. Thiết lập này có thể có kết quả cả tốt hơn lần xấu hơn mức chuẩn, phụ thuộc vào ứng dụng chạy cửa sổ. Chuẩn: khả năng ngăn cả đã được hiệu lực. Cao: cửa sổ mới được kích hoạt chỉ nếu không có cửa sổ hoạt động hiện thời, hoặc nếu cửa sổ đó thuộc về ứng dụng hoạt động hiện thời. Thiết lập này rất có thể không thật có ích khi bạn không sử dụng chính sách tiêu điểm con chuột. Rất cao: mỗi cửa sổ phải bị người dùng kích hoạt dứt khoát. Cửa sổ bị ngăn cản ăn cấp tiêu điểm có được đánh dấu như là yêu cầu hoạt động. mà theo mặc định có nghĩa là mục nhập của nó trên thanh tác vụ sẽ được tô sáng. Có thể thay đổi ứng xử này trong mô- đun điều khiển « Thông báo ».",very_long_pair,1102,1139,1.0335753176043556
15048,& Policy:,Chính & sách:,exact_duplicate,9,13,1.4444444444444444
15055,"When this option is enabled, the active window will be brought to the front when you click somewhere into the window contents. To change it for inactive windows, you need to change the settings in the Actions tab.","Khi bật, cửa sổ hoạt động sẽ lên trước khi bạn nhắp vào nơi nào trong nội dung cửa sổ. Để bật tùy chọn này cho cửa sổ bị động, bạn cần phải thay đổi thiết lập trong phần Hành động.",noise_ui_fragment,213,180,0.8450704225352113
15061,Shading,Bóng,exact_duplicate,7,4,0.5714285714285714
15065,Delay:,& Hoãn:,exact_duplicate,6,7,1.1666666666666667
15067,Smart,Thông minh,exact_duplicate,5,10,2.0
15070,Random,Ngẫu nhiên,exact_duplicate,6,10,1.6666666666666667
15071,Centered,Ở giữa,exact_duplicate,8,6,0.75
15073,The placement policy determines where a new window will appear on the desktop. Smart will try to achieve a minimum overlap of windows Maximizing will try to maximize every window to fill the whole screen. It might be useful to selectively affect placement of some windows using the window-specific settings. Cascade will cascade the windows Random will use a random position Centered will place the window centered Zero-Cornered will place the window in the top-left corner,"Chính sách vị trí này xác định nơi hiển thị cửa sổ mới trên màn hình nền. Thông minh sẽ cố tránh sự chồng chéo lên nhau nhiều. Phóng to sẽ cố phóng to mỗi cửa sổ để chiếm toàn bộ màn hình. Có thể bạn muốn đặt vị trí riêng cho một số cửa sổ bằng thiết lập đặc điểm cửa sổ. Tầng xếp sẽ xếp khung chồng lên nhau. Ngẫu nhiên sẽ đặt vị trí nào. Ở giữa sẽ giữa lại cửa sổ. Góc số không sẽ để cửa sổ bên trái, góc trên.",noise_ui_fragment,473,412,0.8710359408033826
15077,Windows,Cửa sổ,exact_duplicate,7,6,0.8571428571428571
15087,none,không có,exact_duplicate,4,8,2.0
15097,"Hold down the Alt key and press the Tab key repeatedly to walk through the windows on the current desktop (the Alt+Tab combination can be reconfigured). If this checkbox is checked a popup widget is shown, displaying the icons of all windows to walk through and the title of the currently selected one. Otherwise, the focus is passed to a new window each time Tab is pressed, with no popup widget. In addition, the previously activated window will be sent to the back in this mode.","Hãy ấn giữ phím Alt và bấm phím Tab lặp đi lặp lại để đi qua các cửa sổ trong màn hình nền hiện thời (cũng có thể thay đổi phím tắt này). Nếu bật, một bộ bật lên KDE hiển thị biểu tượng của các cửa sổ, và tựa của điều đã chọn, trong khi bạn đi qua. Nếu tắt, mỗi lần bạn bấm phím Tab, tiêu điểm được gởi cho cửa sổ kế tiếp, nhưng không hiển thị bộ bật lên. Hơn nữa, cửa sổ đã kich hoạt trước sẽ nằm sau trong chế độ này.",noise_ui_fragment,481,419,0.8711018711018711
15104,Normal,Chuẩn,exact_duplicate,6,5,0.8333333333333334
15107,Disabled,& Tắt,exact_duplicate,8,5,0.625
15125,Slow,Chậm,exact_duplicate,4,4,1.0
15126,Fast,Nhanh,exact_duplicate,4,5,1.25
15147,Shadows,Bóng,exact_duplicate,7,4,0.5714285714285714
15150,Effects,Hiệu ứng,exact_duplicate,7,8,1.1428571428571428
15162,sec,giây,exact_duplicate,3,4,1.3333333333333333
15177,"Here you can choose your country or region. The settings for languages, numbers etc. will automatically switch to the corresponding values.","Ở đây bạn có thể chọn quốc gia hay miền. Thiết lập cho ngôn ngữ, con số v. v. sẽ tự động chuyển đổi sang những giá trị tương ứng.",noise_ui_fragment,139,129,0.9280575539568345
15178,"Here you can choose the languages that will be used by KDE. If the first language in the list is not available, the second will be used, etc. If only US English is available, no translations have been installed. You can get translation packages for many languages from the place you got KDE from. Note that some applications may not be translated to your languages; in this case, they will automatically fall back to US English.","Ở đây bạn có thể chọn những ngôn ngữ sẽ bị KDE dùng. Nếu ngôn ngữ thứ nhất trong danh sách không phải sẵn sàng, điều thứ hai sẽ được dùng, v. v. Nếu chỉ có tiếng Anh của Mỹ sẵn sàng, chưa cài đặt bản dịch nào. Bạn có thể lấy gói dịch cho nhiều ngôn ngữ khác nhau từ cùng nơi lấy KDE. Ghi chú rằng một số ứng dụng có thể chưa được dịch sang ngôn ngữ của bạn: trong trường hợp đó, chương trình tự động dự trữ tiếng Anh của Mỹ.",noise_ui_fragment,428,424,0.9906542056074766
15181,Date:,Ngày:,exact_duplicate,5,5,1.0
15183,Time:,Giờ:,exact_duplicate,5,4,0.8
15192,Thousands separator:,Dấu định giới ngàn:,exact_duplicate,20,19,0.95
15198,Digit set:,@ item currency name and currency code,language_suspect,10,38,3.8
15213,Thousands separator:,Dấu định giới ngàn:,exact_duplicate,20,19,0.95
15227,A4,A4,identical_pair; exact_duplicate,2,2,1.0
15228,US Letter,Thư Mỹ,exact_duplicate,9,6,0.6666666666666666
15235,AMPM,AMPM,identical_pair,4,4,1.0
15253,Day of the week for religious observance:,some reasonable time formats for the language,language_suspect,41,45,1.0975609756097562
15254,HH: MM: SS pH: MM: SS AMPM,GG: PP: GiGi bG: PP: GiGi AMPMsome reasonable date formats for the language,language_suspect,26,75,2.8846153846153846
15268,Your names,Nhóm Việt hoá KDEEMAIL OF TRANSLATORS,exact_duplicate,10,37,3.7
15269,Your emails,kde- l10n- vi@ kde. org,exact_duplicate,11,23,2.090909090909091
15270,KCMLocale,KCMLocale,identical_pair,9,9,1.0
15271,Regional settings,Thiết lập miền,noise_ui_fragment,17,14,0.8235294117647058
15272,"Changed language settings apply only to newly started applications. To change the language of all programs, you will have to logout first.","Thiết lập ngôn ngữ đã thay đổi có tác động chỉ trong ứng dụng được khởi chạy mới. Để thay đổi ngôn ngữ của mọi chương trình, bạn sẽ phải đăng xuất trước.",noise_ui_fragment,138,153,1.108695652173913
15273,Applying Language Settings,Áp dụng thiết lập ngôn ngữ,noise_ui_fragment,26,26,1.0
15274,"Country/ Region & Language From here you can configure language, numeric, and time settings for your particular region. In most cases it will be sufficient to choose the country you live in. For instance KDE will automatically choose ""German"" as language if you choose ""Germany"" from the list. It will also change the time format to use 24 hours and and use comma as decimal separator.","Quốc gia/ Miền và Ngôn ngữ Từ đây bạn có thể cấu hình thiết lập ngôn ngữ, kiểu số và múi giờ cho chỗ bạn. Trong phần lớn trường hợp, bạn chỉ cần chọn quốc gia mình. Lấy thí dụ, hệ thống KDE sẽ tự động chọn ngôn ngữ « Đức » nếu bạn chọn quốc gia « Đức » trong danh sách. Nó sẽ cũng thay đổi dạng thức giờ thành 24- giờ và dùng dấu phẩy để định giới số nguyên và phân số thập phân.",noise_ui_fragment,385,379,0.9844155844155844
15284,Hebrew,Hi- gi- riCalendar System Hebrew,extreme_length_ratio,6,32,5.333333333333333
15291,Name,Tên,exact_duplicate,4,3,0.75
15294,Type,Kiểu,exact_duplicate,4,4,1.0
15295,State,Trạng thái,exact_duplicate,5,10,2.0
15297,& Update,Cập nhật,exact_duplicate,8,8,1.0
15298,kcminfo,kcminfo,identical_pair; exact_duplicate,7,7,1.0
15299,KDE Panel System Information Control Module,Môđun điều khiển thông tin hệ thống bảng KDE,exact_duplicate,43,44,1.0232558139534884
15302,Up,BậtState of network card is disconnected,extreme_length_ratio,2,40,20.0
15308,Unknown,Không rõ,exact_duplicate,7,8,1.1428571428571428
15309,Your names,Phan Vĩnh ThịnhEMAIL OF TRANSLATORS,exact_duplicate,10,35,3.5
15310,Your emails,teppi82@ gmail. com,exact_duplicate,11,19,1.7272727272727273
15314,& Player Settings,Thiết lập bộ & phát,noise_ui_fragment,17,19,1.1176470588235294
15315,KNotify,KNotify,identical_pair,7,7,1.0
15319,100%,100%,identical_pair; exact_duplicate,4,4,1.0
15320,0%,0%,identical_pair; exact_duplicate,2,2,1.0
15325,Your names,Phan Vĩnh ThịnhEMAIL OF TRANSLATORS,exact_duplicate,10,35,3.5
15326,Your emails,teppi82@ gmail. com,exact_duplicate,11,19,1.7272727272727273
15327,Audio Player Settings,Thiết lập trình phát âm thanh,noise_ui_fragment,21,29,1.380952380952381
15328,KDE Performance You can configure settings that improve KDE performance here.,Hiệu suất của KDE Bạn có thể cấu hình những thiết lập làm tăng hiệu suất làm việc của KDE ở đây.,noise_ui_fragment,77,96,1.2467532467532467
15329,Konqueror,Konqueror,identical_pair; exact_duplicate,9,9,1.0
15330,System,Hệ thống,exact_duplicate,6,8,1.3333333333333333
15331,Konqueror Performance You can configure several settings that improve Konqueror performance here. These include options for reusing already running instances and for keeping instances preloaded.,Hiệu suất Konqueror Bạn có thể cấu hình những thiết lập làm tăng hiệu suất làm việc của KDE ở đây. Chúng bao gồm những tùy chọn để dùng lại những tiến trình Konqueror đang chạy và giữ chúng nạp trước.,noise_ui_fragment,194,200,1.0309278350515463
15352,Matthias Kretz,Matthias Kretz,identical_pair,14,14,1.0
15354,Backend,Hậu phương,exact_duplicate,7,10,1.4285714285714286
15368,Remove,Bỏ,exact_duplicate,6,2,0.3333333333333333
15371,Your names,Nhóm Việt hoá KDEEMAIL OF TRANSLATORS,exact_duplicate,10,37,3.7
15372,Your emails,kde- l10n- vi@ kde. org,exact_duplicate,11,23,2.090909090909091
15373,Type,Kiểu,exact_duplicate,4,4,1.0
15382,& Update,Cập nhật,exact_duplicate,8,8,1.0
15386,Check this option if you want to see the files which were opened on your computer by remote users. Note that file open/ close events are not logged unless the samba log level is set to at least 2 (you cannot set the log level using this module).,Chọn tuỳ chọn này nếu bạn muốn xem các tập tin mà người dùng ở xa đã mở trên máy tính của bạn. Chú ý rằng các sự kiện đóng/ mở tập tin sẽ không được ghi lại trừ khi mức độ ghi bản ghi của samba được đặt ít nhất là 2 (bạn không thể đặt mức độ ghi bản ghi trong môđun này).,noise_ui_fragment,245,271,1.1061224489795918
15387,Check this option if you want to see the events when files opened by remote users were closed. Note that file open/ close events are not logged unless the samba log level is set to at least 2 (you cannot set the log level using this module).,Chọn tuỳ chọn này nếu bạn muốn thấy khi tập tin mà người dùng ở xa mở bị đóng lại. Chú ý rằng các sự kiện đóng/ mở tập tin sẽ không được ghi lại trừ khi mức độ ghi bản ghi của samba được đặt ít nhất là 2 (bạn không thể đặt mức độ ghi bản ghi trong môđun này).,noise_ui_fragment,241,259,1.0746887966804979
15389,Date & Time,Ngày và Giờ,exact_duplicate,11,11,1.0
15396,FILE OPENED,TẬP TIN ĐÃ MỞ,exact_duplicate,11,13,1.1818181818181819
15404,& Search,Tìm & kiếm,exact_duplicate,8,10,1.25
15408,Nr,Nr,identical_pair,2,2,1.0
15410,Connection,Kết nối,exact_duplicate,10,7,0.7
15414,FILE OPENED,TẬP TIN ĐÃ MỞ,exact_duplicate,11,13,1.1818181818181819
15415,Service,Dịch vụ,exact_duplicate,7,7,1.0
15417,UID,UID,identical_pair; exact_duplicate,3,3,1.0
15418,GID,GID,identical_pair; exact_duplicate,3,3,1.0
15419,PID,PID,identical_pair,3,3,1.0
15425,& Log,& Bản ghi,exact_duplicate,5,9,1.8
15428,kcmsamba,kcmsamba,identical_pair,8,8,1.0
15429,KDE Panel System Information Control Module,Môđun điều khiển thông tin hệ thống bảng KDE,exact_duplicate,43,44,1.0232558139534884
15431,Alexander Neundorf,NAME OF TRANSLATORS,language_suspect,18,19,1.0555555555555556
15432,Your names,Phan Vĩnh ThịnhEMAIL OF TRANSLATORS,exact_duplicate,10,35,3.5
15433,Your emails,teppi82@ gmail. com,exact_duplicate,11,19,1.7272727272727273
15434,Advanced Options,Tùy chọn cấp cao,exact_duplicate,16,16,1.0
15452,No Action,Không làm gì,exact_duplicate,9,12,1.3333333333333333
15459,Low,Thấp,exact_duplicate,3,4,1.3333333333333333
15460,Medium,Vừa,exact_duplicate,6,3,0.5
15461,High,Cao,exact_duplicate,4,3,0.75
15463,Settings,Thiết lập,exact_duplicate; noise_ui_fragment,8,9,1.125
15477,Your names,Nhóm Việt hoá KDEEMAIL OF TRANSLATORS,exact_duplicate,10,37,3.7
15478,Your emails,kde- l10n- vi@ kde. org,exact_duplicate,11,23,2.090909090909091
15481,kcmscreensaver,kcmscreensaver,identical_pair,14,14,1.0
15484,Loading...,Đang tải...,exact_duplicate,10,11,1.1
15491,Maintainer,Nhà duy trì,exact_duplicate,10,11,1.1
15498,Your names,Nhóm Việt hoá KDEEMAIL OF TRANSLATORS,exact_duplicate,10,37,3.7
15499,Your emails,kde- l10n- vi@ kde. org,exact_duplicate,11,23,2.090909090909091
15505,"1) The KDE daemon, 'kded 'is not running. You can restart it by running the command'kdeinit' and then try reloading the KDE System Settings to see if this message goes away. 2) You do not appear to have smartcard support in the KDE libraries. You will need to recompile the kdelibs package with libpcsclite installed.","1) Dịch vụ KDE, 'kded' chưa chạy. Bạn có thể khởi động lại nó bằng cách chạy lệnh kdeinit rồi thử tải lại Trung Tâm Điều Khiển KDE để xem thông điệp này có mất đi hay không. 2) Có thể bạn không có hỗ trợ thẻ thông minh trong các thư viện của KDE. Bạn sẽ cần phải biên dịch lại gói kdelibs để có libpcsclite được cài đặt.",noise_ui_fragment,317,320,1.0094637223974763
15515,Type,Kiểu,exact_duplicate,4,4,1.0
15520,Your names,Phan Vĩnh ThịnhEMAIL OF TRANSLATORS,exact_duplicate,10,35,3.5
15521,Your emails,teppi82@ gmail. com,exact_duplicate,11,19,1.7272727272727273
15522,kcmsmartcard,kcmsmartcard,identical_pair,12,12,1.0
15524,(c) 2001 George Staikos,Bản quyền © năm 2001 của George Staikos,exact_duplicate,23,39,1.6956521739130435
15525,George Staikos,Bản quyền © năm 2001 của George Staikos,exact_duplicate,14,39,2.7857142857142856
15536,General,Chung,exact_duplicate,7,5,0.7142857142857143
15545,"Restore previous session: Will save all applications running on exit and restore them when they next start up Restore manually saved session: Allows the session to be saved at any time via ""Save Session"" in the K-Menu. This means the currently started applications will reappear when they next start up. Start with an empty session: Do not save anything. Will come up with an empty desktop on next start.","Phục hồi phiên chạy trước: Sẽ ghi nhớ mọi ứng dụng đang chạy khi thoát ra và phục hồi chúng trong lần khởi động tiếp theo. Phục hồi phiên chạy tự ghi: Cho phép ghi nhớ các phiên chạy qua ""Ghi nhớ phiên chạy"" trong thực đơn KDE. Có nghĩa là những ứng dụng đã chạy sẽ xuất hiện trong lần khởi động tiếp theo. Chạy phiên chạy mới: Không ghi nhớ gì. Sẽ khởi động lại với một màn hình rỗng.",noise_ui_fragment,404,385,0.9529702970297029
15553,Advanced,Nâng cao,exact_duplicate,8,8,1.0
15556,kcmstyle,kcmstyle,identical_pair,8,8,1.0
15561,Preview,Xem thử,exact_duplicate,7,7,1.0
15567,Description: %1,Mô tả:% 1,exact_duplicate,15,9,0.6
15582,Button,Nút,exact_duplicate,6,3,0.5
15585,Get New Themes...,NAME OF TRANSLATORS,language_suspect,17,19,1.1176470588235294
15586,Your names,Nhóm Việt hoá KDEEMAIL OF TRANSLATORS,exact_duplicate,10,37,3.7
15587,Your emails,kde- l10n- vi@ kde. org,exact_duplicate,11,23,2.090909090909091
15588,Configure %1,Cấu hình% 1,exact_duplicate,12,11,0.9166666666666666
15589,Icons Only,Chỉ có hình,exact_duplicate,10,11,1.1
15600,Disable,Tắt,exact_duplicate,7,3,0.42857142857142855
15603,Fade,Mờ dần,exact_duplicate,4,6,1.5
15612,0%,0%,identical_pair; exact_duplicate,2,2,1.0
15613,50%,50%,identical_pair; exact_duplicate,3,3,1.0
15614,100%,100%,identical_pair; exact_duplicate,4,4,1.0
15631,%,%,identical_pair; exact_duplicate,1,1,1.0
15634,Device,Thiết bị,exact_duplicate,6,8,1.3333333333333333
15635,kcmusb,kcmusb,identical_pair,6,6,1.0
15639,Live Monitoring of USB Bus,NAME OF TRANSLATORS,language_suspect,26,19,0.7307692307692307
15640,Your names,Phan Vĩnh ThịnhEMAIL OF TRANSLATORS,exact_duplicate,10,35,3.5
15641,Your emails,teppi82@ gmail. com,exact_duplicate,11,19,1.7272727272727273
15642,Unknown,Không rõ,exact_duplicate,7,8,1.1428571428571428
15643,Manufacturer:,Nhà sản xuất:,exact_duplicate,13,13,1.0
15671,CDC PUF,CDC PUF,identical_pair,7,7,1.0
15676,Data,Dữ liệu,exact_duplicate,4,7,1.75
15680,HDLC,HDLC,identical_pair,4,4,1.0
15685,Interface,Giao diện,exact_duplicate,9,9,1.0
15688,Mouse,Chuột,exact_duplicate,5,5,1.0
15692,None,Không,exact_duplicate,4,5,1.25
15693,Printer,Máy in,exact_duplicate,7,6,0.8571428571428571
15698,SCSI,SCSI,identical_pair; exact_duplicate,4,4,1.0
15701,Transparent,Trong suốt,exact_duplicate,11,10,0.9090909090909091
15711,Name,Tên,exact_duplicate,4,3,0.75
15712,GUID,GUID,identical_pair,4,4,1.0
15713,Local,Cục bộ,exact_duplicate,5,6,1.2
15714,IRM,IRM,identical_pair,3,3,1.0
15715,CRM,CRM,identical_pair,3,3,1.0
15716,ISO,ISO,identical_pair; exact_duplicate,3,3,1.0
15717,BM,BM,identical_pair,2,2,1.0
15718,PM,PM,identical_pair,2,2,1.0
15719,Acc,Acc,identical_pair,3,3,1.0
15720,Speed,Tốc độ,exact_duplicate,5,6,1.2
15727,Unknown,Không rõ,exact_duplicate,7,8,1.1428571428571428
15728,kcmxinerama,kcmxinerama,identical_pair,11,11,1.0
15736,Some settings may affect only newly started applications.,Một số thiết lập chỉ có hiệu lực với các ứng dụng sẽ chạy.,noise_ui_fragment,57,58,1.0175438596491229
15750,Your names,Phan Vĩnh ThịnhEMAIL OF TRANSLATORS,exact_duplicate,10,35,3.5
15751,Your emails,teppi82@ gmail. com,exact_duplicate,11,19,1.7272727272727273
15753,Debug Settings,Thiết lập gỡ lỗi,noise_ui_fragment,14,16,1.1428571428571428
15755,File,Tập tin,exact_duplicate,4,7,1.75
15757,Shell,Trình bao,exact_duplicate,5,9,1.8
15759,None,Không,exact_duplicate,4,5,1.25
15760,Information,Thông tin,exact_duplicate,11,9,0.8181818181818182
15762,Filename:,Tên tập tin:,exact_duplicate,9,12,1.3333333333333333
15763,Warning,Cảnh báo,exact_duplicate,7,8,1.1428571428571428
15764,Error,Lỗi,exact_duplicate,5,3,0.6
15769,KDebugDialog,KDebugDialog,identical_pair,12,12,1.0
15771,Maintainer,Nhà duy trì,exact_duplicate,10,11,1.1
15773,Turn area off,NAME OF TRANSLATORS,language_suspect,13,19,1.4615384615384615
15774,Your names,Phan Vĩnh ThịnhEMAIL OF TRANSLATORS,exact_duplicate,10,35,3.5
15775,Your emails,teppi82@ gmail. com,exact_duplicate,11,19,1.7272727272727273
15778,Maintainer,Nhà duy trì,exact_duplicate,10,11,1.1
15796,Your names,Phan Vĩnh ThịnhEMAIL OF TRANSLATORS,exact_duplicate,10,35,3.5
15797,Your emails,teppi82@ gmail. com,exact_duplicate,11,19,1.7272727272727273
15801,Geert Jansen,Geert Jansen,identical_pair; exact_duplicate,12,12,1.0
15802,Maintainer,Nhà duy trì,exact_duplicate,10,11,1.1
15803,Pietro Iglio,Pietro Iglio,identical_pair,12,12,1.0
15804,Original author,Tác giả gốc,exact_duplicate,15,11,0.7333333333333333
15806,Run command under target uid if < file > is not writable,Chạy câu lệnh dưới uid đã chọn nếu là không ghi được,noise_markup_or_html_entity,56,52,0.9285714285714286
15823,Your names,"Phan Vĩnh Thịnh, nhóm Việt hóa KDEEMAIL OF TRANSLATORS",extreme_length_ratio; exact_duplicate,10,54,5.4
15824,Your emails,"teppi82@ gmail. com, kde- l10n- vi@ lists. kde. org",exact_duplicate,11,51,4.636363636363637
15825,Ignore,Bỏ qua,exact_duplicate,6,6,1.0
15832,& Ignore,& Bỏ qua,exact_duplicate,8,8,1.0
15840,Geert Jansen,Geert Jansen,identical_pair; exact_duplicate,12,12,1.0
15841,Author,Tác giảNAME OF TRANSLATORS,exact_duplicate,6,26,4.333333333333333
15842,Your names,"Phan Vĩnh Thịnh, nhóm Việt hóa KDEEMAIL OF TRANSLATORS",extreme_length_ratio; exact_duplicate,10,54,5.4
15843,Your emails,"teppi82@ gmail. com, kde- l10n- vi@ lists. kde. org",exact_duplicate,11,51,4.636363636363637
15844,Open,Mở,exact_duplicate,4,2,0.5
15845,Save As,Lưu Vào,exact_duplicate; noise_ui_fragment,7,7,1.0
15847,KDialog,KDialog,identical_pair,7,7,1.0
15850,David Faure,David Faure,identical_pair; exact_duplicate,11,11,1.0
15852,Brad Hards,Brad Hards,identical_pair,10,10,1.0
15853,Nick Thompson,Nick Thompson,identical_pair,13,13,1.0
15854,Matthias Hölzer,Matthias Hölzer,identical_pair,15,15,1.0
15855,David Gümbel,David Gümbel,identical_pair,12,12,1.0
15856,Richard Moore,Richard Moore,identical_pair,13,13,1.0
15857,Dawit Alemayehu,Dawit Alemayehu,identical_pair,15,15,1.0
15859,Question message box with yes/ no/ cancel buttons,Hộp thoại câu hỏi với các nút có/ không/ thôi,noise_ui_fragment,49,45,0.9183673469387755
15861,Warning message box with continue/ cancel buttons,Hộp thoại cảnh báo với các nút tiếp tục/ thôi,noise_ui_fragment,49,45,0.9183673469387755
15862,Warning message box with yes/ no/ cancel buttons,Hộp thoại cảnh báo với các nút có/ không/ thôi,noise_ui_fragment,48,46,0.9583333333333334
15876,File dialog to save a file,Hộp thoại tập tin để ghi nhớ một tập tin,noise_ui_fragment,26,40,1.5384615384615385
15879,File dialog to save a URL,Hộp thoại tập tin để ghi một địa chỉ URL,noise_ui_fragment,25,40,1.6
15893,Your names,"Phan Vĩnh Thịnh, nhóm Việt hóa KDEEMAIL OF TRANSLATORS",extreme_length_ratio; exact_duplicate,10,54,5.4
15894,Your emails,"teppi82@ gmail. com, kde- l10n- vi@ lists. kde. org",exact_duplicate,11,51,4.636363636363637
15897,"If this is checked, KDM will use the settings below for the background. If it is disabled, you have to look after the background yourself. This is done by running some program (possibly xsetroot) in the script specified in the Setup= option in kdmrc (usually Xsetup).","Nếu bật, KDM sẽ dùng thiết lập bên dưới cho nền. Nếu tắt, bạn cần phải tự quản lý nền, bằng cách chạy chương trình (có thể là xsetroot) trong tập lệnh được xác định trong tùy chọn « Setup= » (thiết lập) trong tập tin tài nguyên kdmrc (thường là Xsetup).",noise_ui_fragment,267,253,0.947565543071161
15901,User:,Người dùng:,exact_duplicate,5,11,2.2
15906,& None,Không có,exact_duplicate,6,8,1.3333333333333333
15913,"When this option is on, KDM will place the cursor in the password field instead of the user field after preselecting a user. Use this to save one key press per login, if the preselection usually does not need to be changed.","Nếu tùy chọn này được bật, KDM sẽ để con chạy trong trường mật khẩu thay vào trường người dùng, sau khi chọn sẵn người dùng. Hãy dùng tùy chọn này để tiết kiếm một cú bấm phím trong mỗi việc đăng nhập, nếu người dùng đã chọn không thay đổi.",noise_ui_fragment,223,240,1.0762331838565022
15918,Miscellaneous,Lặt vặt,exact_duplicate,13,7,0.5384615384615384
15922,"This is the ""headline"" for KDM's login window. You may want to put some nice greeting or information about the operating system here. KDM will substitute the following character pairs with the respective contents: %d - > current display %h - > host name, possibly with domain name %n - > node name, most probably the host name without domain name %s - > the operating system %r - > the operating system's version %m - > the machine (hardware) type%% - > a single%","Đây là « Hàng đầu » cho cửa sổ đăng nhập KDE. Có lẽ bạn muốn chèn vào đây lời chào mừng thân thiện hay thông tin về hệ điều hành. KDM sẽ thay thế:% d → bộ trình bày hiện có% h → tên máy, có thể cũng có tên miền% n → tên nút, rất có thể là tên máy không có tên miền% s → hệ điều hành% r → phiên bản của hệ điều hành% m → kiểu máy (phần cứng)%% → một dấu phần trăm",noise_placeholder,463,362,0.7818574514038877
15931,Welcome to %s at %n,Chào mừng bạn vào% s trên% n,noise_placeholder,19,28,1.4736842105263157
15934,& Language:,& Ngôn ngữ:,exact_duplicate,11,11,1.0
15935,Here you can choose the language used by KDM. This setting does not affect a user's personal settings; that will take effect after login.,Ở đây bạn có thể chọn ngôn ngữ bị KDM dùng. Thiết lập này không có tác động thiết lập cá nhân của người dùng; đó sẽ có tác dụng sau khi đăng nhập. @ title: group,noise_ui_fragment,137,161,1.1751824817518248
15938,default,mặc định,exact_duplicate,7,8,1.1428571428571428
15958,Commands,Lệnh,exact_duplicate,8,4,0.5
15963,None,Không có,exact_duplicate,4,8,2.0
15964,Grub,Grub,identical_pair,4,4,1.0
15965,Lilo,Lilo,identical_pair,4,4,1.0
15968,Theme,Sắc thái,exact_duplicate,5,8,1.6
15969,Author,Tác giả,exact_duplicate,6,7,1.1666666666666667
15980,Description: %1,Mô tả:% 1,exact_duplicate,15,9,0.6
15994,Users,Người dùng,exact_duplicate,5,10,2.0
16010,System,& UID (mã số người dùng) hệ thống,extreme_length_ratio,6,33,5.5
16013,User,Người dùng,exact_duplicate,4,10,2.5
16016,User:,Người dùng:,exact_duplicate,5,11,2.2
16020,Save image as default?,Lưu ảnh là ảnh mặc định không?,noise_ui_fragment,22,30,1.3636363636363635
16026,Thomas Tanghus,Thomas Tanghus,identical_pair; exact_duplicate,14,14,1.0
16027,Original author,Tác giả gốc,exact_duplicate,15,11,0.7333333333333333
16028,Steffen Hansen,Steffen Hansen,identical_pair,14,14,1.0
16029,Oswald Buddenhagen,Oswald Buddenhagen,identical_pair,18,18,1.0
16031,Stephen Leaf,Stephen Leaf,identical_pair,12,12,1.0
16032,"Login Manager In this module you can configure the various aspects of the KDE Login Manager. This includes the look and feel as well as the users that can be selected for login. Note that you can only make changes if you run the module with superuser rights. If you have not started the KDE System Settings with superuser rights (which is absolutely the right thing to do, by the way), click on the Modify button to acquire superuser rights. You will be asked for the superuser password. General On this tab page, you can configure parts of the Login Manager's look, and which language it should use. The language settings made here have no influence on the user's language settings. Dialog Here you can configure the look of the ""classical"" dialog based mode if you have chosen to use it. Background If you want to set a special background for the dialog based login screen, this is where to do it. Themes Here you can specify a theme to be used by the Login Manager. Shutdown Here you can specify who is allowed to shutdown/ reboot the machine and whether a boot manager should be used. Users On this tab page, you can select which users the Login Manager will offer you for logging in. Convenience Here you can specify a user to be logged in automatically, users not needing to provide a password to log in, and other convenience features. Note, that these settings are security holes by their nature, so use them very carefully.","Bộ quản lý đăng nhập Trong mô- đun này, bạn có khả năng cấu hình các khía cạnh của Bộ quản lý đăng nhập KDE (KDM), gồm giao diện và cảm nhận, cũng với những người dùng có thể được chọn để đăng nhập. Ghi chú rằng bạn có thể thay đổi gì chỉ nếu bạn chạy mô- đun này với quyền của siêu người dùng (« su », thường là người chủ). Nếu bạn đã không khởi chạy Trung tâm Điều khiển KDE với quyền của siêu người dùng (phương pháp đúng), hãy nhấn vào cái nút Sửa đổi để giành các quyền của siêu người dùng. Bạn sẽ được nhắc nhập mật khẩu của siêu người dùng. Diện mạo Trong phần này, bạn có thể cấu hình hình thức của bộ quản lý đăng nhập KDM, ngôn ngữ nó nên dùng và kiểu dáng giao diện đồ họa người dùng nó nên dùng. Thiết lập ngôn ngữ này không có tác động thiết lập ngôn ngữ riêng của người dùng. Phông chữ Ở đây bạn có thể chọn những phông chữ mà bộ quản lý đăng nhập KDM nên dùng để hiển thị đoạn như lời chào mừng và tên người dùng. Nền Nếu bạn muốn đặt nền riêng cho màn hình đăng nhập, đây là nơi làm như thế. Tắt máy Ở đây bạn có thể xác định những người có quyền tắt hay khởi động lại máy tính, và nếu bộ quản lý khởi động nên được dùng không. Người dùng Trong phần này, bạn có thể chọn những người dùng sẽ được cung cấp cho bạn chọn người dùng đăng nhập. Tiện Ở đây bạn có thể xác định một người dùng sẽ được đăng nhập tự động, những người dùng không cần nhập mật khẩu khi đăng nhập, và tính năng tiện khác. Ghi chú rằng các thiết lập này tạo lỗ bảo mật vì tăng cấp truy cập, vậy bạn hãy sử dụng rất cẩn thận.",very_long_pair; noise_ui_fragment,1432,1510,1.0544692737430168
16044,Your names,Nhóm Việt hoá KDEEMAIL OF TRANSLATORS,exact_duplicate,10,37,3.7
16045,Your emails,kde- l10n- vi@ kde. org,exact_duplicate,11,23,2.090909090909091
16046,User:,Người dùng:,exact_duplicate,5,11,2.2
16051,< default >,Bỏ đặt,noise_markup_or_html_entity,11,6,0.5454545454545454
16056,KRootImage,KRootImage,identical_pair,10,10,1.0
16062,Status,Trạng thái,exact_duplicate,6,10,1.6666666666666667
16063,Host:,Máy:,exact_duplicate,5,4,0.8
16064,Add,Thêm,exact_duplicate,3,4,1.3333333333333333
16065,& Accept,Chấp nhận,exact_duplicate,8,9,1.125
16069,Default,Mặc định,exact_duplicate,7,8,1.1428571428571428
16070,Custom,Tự chọn,exact_duplicate,6,7,1.1666666666666667
16083,Switch User,Chuyển đổi người dùng,exact_duplicate,11,21,1.9090909090909092
16084,Cancel Session,Phiên chạy,noise_ui_fragment,14,10,0.7142857142857143
16086,Close Connection,& Đóng kết nối,noise_ui_fragment,16,14,0.875
16089,%1 (%2),% 1 (% 2),exact_duplicate,7,9,1.2857142857142858
16096,Your login shell is not listed in / etc/ shells.,Hệ vỏ đăng nhập của bạn không phải được liệt kê trong tập tin < etc\ / shells >.,noise_markup_or_html_entity,48,80,1.6666666666666667
16125,(Next boot: %1),(Khởi động kế:% 1),noise_ui_fragment,15,18,1.2
16128,Session,Phiên chạy,exact_duplicate,7,10,1.4285714285714286
16129,Location,Địa điểm,exact_duplicate,8,8,1.0
16130,Cancel pending shutdown:,Hủy bỏ việc tắt máy bị hoãn:,noise_ui_fragment,24,28,1.1666666666666667
16131,No permission to cancel pending shutdown:,Không có quyền hủy bỏ việc tắt máy bị hoãn:,noise_ui_fragment,41,43,1.048780487804878
16133,infinite,vô hạn,exact_duplicate,8,6,0.75
16138,Next boot: %1,Khởi động kế:% 1,noise_ui_fragment,13,16,1.2307692307692308
16142,cancel shutdown,thôi tắt máy,noise_ui_fragment,15,12,0.8
16159,%a %d %B,% a% d% B,noise_placeholder,8,9,1.125
16174,Create Folder,Tạo thư mục,exact_duplicate,13,11,0.8461538461538461
16183,Move Items,Chuyển mục,exact_duplicate,10,10,1.0
16189,Replace,Thay thế,exact_duplicate,7,8,1.1428571428571428
16192,Bookmarks,Liên kết lưu,exact_duplicate,9,12,1.3333333333333333
16194,URL,URL,identical_pair; exact_duplicate,3,3,1.0
16195,Comment,Chú thích,exact_duplicate,7,9,1.2857142857142858
16196,Status,Trạng thái,exact_duplicate,6,10,1.6666666666666667
16198,Warning,Cảnh báo,exact_duplicate,7,8,1.1428571428571428
16205,Author,Tác giả,exact_duplicate,6,7,1.1666666666666667
16222,KBookmarkMerger,KBookmarkMerger,identical_pair,15,15,1.0
16225,Original author,Tác giả gốc,exact_duplicate,15,11,0.7333333333333333
16227,Name:,Tên:,exact_duplicate,5,4,0.8
16228,Location:,Địa điểm:,exact_duplicate,9,9,1.0
16229,Comment:,Chú thích:,exact_duplicate,8,10,1.25
16235,Column No. %1,Số hiệu cột% 1,exact_duplicate,13,14,1.0769230769230769
16236,Search:,Tìm & kiếm:,exact_duplicate,7,11,1.5714285714285714
16238,& File,& Tập tin,exact_duplicate,6,9,1.5
16239,& Edit,& Sửa,exact_duplicate,6,5,0.8333333333333334
16240,& View,& Xem,exact_duplicate,6,5,0.8333333333333334
16243,& Settings,Thiết lập,exact_duplicate; noise_ui_fragment,10,9,0.9
16244,Main Toolbar,Thanh công cụ chính,exact_duplicate,12,19,1.5833333333333333
16246,& Export,& Xuất,exact_duplicate,8,6,0.75
16248,Your names,Nhóm Việt hoá KDEEMAIL OF TRANSLATORS,exact_duplicate,10,37,3.7
16249,Your emails,kde- l10n- vi@ kde. org,exact_duplicate,11,23,2.090909090909091
16251,Galeon,Galeon,identical_pair,6,6,1.0
16252,KDE,KDE,identical_pair; exact_duplicate,3,3,1.0
16253,Netscape,Netscape,identical_pair,8,8,1.0
16254,Mozilla,Mozilla,identical_pair,7,7,1.0
16255,IE,IE,identical_pair,2,2,1.0
16256,Opera,Opera,identical_pair,5,5,1.0
16258,& Delete,& Xoá,exact_duplicate; noise_ui_fragment,8,5,0.625
16259,Rename,Thay tên,exact_duplicate,6,8,1.3333333333333333
16265,& New Folder...,Thư mục & mới...,exact_duplicate,15,16,1.0666666666666667
16276,Cancel & Checks,Thôi & kiểm tra,noise_ui_fragment,15,15,1.0
16277,Cancel & Favicon Updates,Thôi cập nhật & hình ưa thích,noise_ui_fragment,24,29,1.2083333333333333
16292,Paste,Dán,exact_duplicate,5,3,0.6
16294,New folder:,Thư mục mới:,exact_duplicate,11,12,1.0909090909090908
16296,Delete Items,Xoá mục,noise_ui_fragment,12,7,0.5833333333333334
16298,Icon,Biểu tượng,exact_duplicate,4,10,2.5
16310,Name,Tên,exact_duplicate,4,3,0.75
16312,Size,Cỡ,exact_duplicate,4,2,0.5
16313,Modified,Đã sửa đổi,exact_duplicate,8,10,1.25
16314,Permissions,Quyền hạn,exact_duplicate,11,9,0.8181818181818182
16316,& Delete,Xoá,exact_duplicate; noise_ui_fragment,8,3,0.375
16317,Save Results As,Lưu kết quả dạng,noise_ui_fragment,15,16,1.0666666666666667
16318,Unable to save results.,Không thể lưu kết quả.,noise_ui_fragment,23,22,0.9565217391304348
16326,& Browse...,& Duyệt...,exact_duplicate,11,10,0.9090909090909091
16332,and,và,exact_duplicate,3,2,0.6666666666666666
16336,(none),(không có),exact_duplicate,6,10,1.6666666666666667
16340,KiB,KB,exact_duplicate,3,2,0.6666666666666666
16341,MiB,MB,exact_duplicate,3,2,0.6666666666666666
16342,GiB,GB,exact_duplicate,3,2,0.6666666666666666
16346,Case sensitive,Phân biệt chữ hoa/ thường,exact_duplicate,14,25,1.7857142857142858
16348,Regular expression,& Biểu thức chính quy,exact_duplicate,18,21,1.1666666666666667
16350,& Edit...,& Sửa...,exact_duplicate,9,8,0.8888888888888888
16354,Files,Tập tin,exact_duplicate,5,7,1.4
16355,Folders,Thư mục,exact_duplicate,7,7,1.0
16356,Symbolic Links,Liên kết tượng trưng,exact_duplicate,14,20,1.4285714285714286
16364,Contents,Nội dung,exact_duplicate,8,8,1.0
16365,& Properties,Tài & sản,exact_duplicate,12,9,0.75
16373,Error,Lỗi,exact_duplicate,5,3,0.6
16374,Set,Đặt,exact_duplicate,3,3,1.0
16378,KFind,KFind,identical_pair,5,5,1.0
16381,Developer,Nhà phát triển,exact_duplicate,9,14,1.5555555555555556
16385,Your names,Nhóm Việt hoá KDEEMAIL OF TRANSLATORS,exact_duplicate,10,37,3.7
16386,Your emails,kde- l10n- vi@ kde. org,exact_duplicate,11,23,2.090909090909091
16388,Ready.,Sẵn sàng.,exact_duplicate,6,9,1.5
16389,Open,Mở,exact_duplicate,4,2,0.5
16395,kfmclient,kfmclient,identical_pair,9,9,1.0
16423,kfmclient exec ftp: / /localhost/ / / Opens new window with URL,kfmclient exec ftp: // localhost / // Mở một cửa sổ mới với URL đó,noise_windows_or_unix_file_path,63,66,1.0476190476190477
16428,Your names,Nhóm Việt hoá KDEEMAIL OF TRANSLATORS,exact_duplicate,10,37,3.7
16429,Your emails,kde- l10n- vi@ kde. org,exact_duplicate,11,23,2.090909090909091
16441,"Font to print, specified as ""Family, Style"" where Style is a 24-bit decimal number composed as :< weight > < width > < slant >","Phông chữ cần in ra, được xác định như « Nhóm, Kiểu » mà Kiểu là một con số thập phân 24- bit được tạo dạng <\\ xC4\\ x91\\ xE1\\ xBA\\ xADm > < r\\ xE1\\ xBB\\ x99ng > < xi\\ xC3\\ xAAn >.",noise_markup_or_html_entity,126,189,1.5
16452,Are you sure you wish to delete: %1,Bạn có chắc muốn xoá:% 1,noise_ui_fragment,35,24,0.6857142857142857
16453,Are you sure you wish to delete:,Bạn có chắc muốn xoá:,noise_ui_fragment,32,21,0.65625
16454,Cancel font scan?,Hủy bỏ tiến trình quét tìm phông chữ không?,noise_ui_fragment,17,43,2.5294117647058822
16457,Size,Cỡ,exact_duplicate,4,2,0.5
16458,Date,Ngày,exact_duplicate,4,4,1.0
16467,Style,Kiểu,exact_duplicate,5,4,0.8
16469,File,Tập tin,exact_duplicate,4,7,1.75
16474,Font,Phông,exact_duplicate,4,5,1.25
16478,%1 [%2],% 1 [% 2],exact_duplicate,7,9,1.2857142857142858
16479,Delete,Xoá...,noise_ui_fragment,6,6,1.0
16480,Enable,Bật,exact_duplicate,6,3,0.5
16481,Disable,Tắt,exact_duplicate,7,3,0.42857142857142855
16483,Reload,Nạp lại,exact_duplicate,6,7,1.1666666666666667
16487,Unclassified,Chưa phân loại,exact_duplicate,12,14,1.1666666666666667
16488,Group,Nhóm,exact_duplicate,5,4,0.8
16491,Remove,Bỏ,exact_duplicate,6,2,0.3333333333333333
16497,Rename...,Thay tên...,exact_duplicate,9,11,1.2222222222222223
16499,Cancel,Ô ký tự,noise_ui_fragment,6,7,1.1666666666666667
16501,Cancel? Are you sure you wish to cancel?,Bạn có chắc muốn thôi không?,noise_ui_fragment,40,28,0.7
16510,"%1 is a bitmap font, and these have been disabled on your system.","Bạn không thể cài đặt phông chữ kiểu mảng ảnh, vì kiểu phông chữ này bị tắt trên hệ thống này.",exact_duplicate,65,94,1.4461538461538461
16511,"%1 contains the font %2, which is already installed on your system.",Tập tin% 1 chứa phông chữ:% 2 Một phông chữ tên này đã được cài đặt.,exact_duplicate,67,68,1.0149253731343284
16512,Could not remove all files associated with %1,Đang tìm tập tin liên quan đến% 1,exact_duplicate,45,33,0.7333333333333333
16521,Tools,Công cụ,exact_duplicate,5,7,1.4
16526,Add...,Thêm...,exact_duplicate,6,7,1.1666666666666667
16528,Delete all selected fonts,Xoá mọi phông đã chọn,noise_ui_fragment,25,21,0.84
16534,Failed to save list of fonts to print.,Gặp lỗi khi thử lưu danh sách các phông chữ cần in.,noise_ui_fragment,38,51,1.3421052631578947
16538,You did not select anything to delete.,Bạn chưa chọn gì để xoá.,noise_ui_fragment,38,24,0.631578947368421
16539,Nothing to Delete,Không có gì cần xoá,exact_duplicate; noise_ui_fragment,17,19,1.1176470588235294
16540,Do you really want to delete '%1'?,Bạn có thực sự muốn xoá «% 1 » không?,noise_ui_fragment,34,37,1.088235294117647
16541,Delete Font,Xoá phông,noise_ui_fragment,11,9,0.8181818181818182
16542,Delete Fonts,Xoá phông,noise_ui_fragment,12,9,0.75
16554,New Group,Nhóm mới,exact_duplicate,9,8,0.8888888888888888
16581,12pt,12pt,identical_pair,4,4,1.0
16582,18pt,18pt,identical_pair,4,4,1.0
16583,24pt,24pt,identical_pair,4,4,1.0
16584,36pt,36pt,identical_pair,4,4,1.0
16585,48pt,48pt,identical_pair,4,4,1.0
16591,Fonts,Phông,exact_duplicate,5,5,1.0
16593,"%1 is a bitmap font, and these have been disabled on your system.","Bạn không thể cài đặt phông chữ kiểu mảng ảnh, vì kiểu phông chữ này bị tắt trên hệ thống này.",exact_duplicate,65,94,1.4461538461538461
16594,"%1 contains the font %2, which is already installed on your system.",Tập tin% 1 chứa phông chữ:% 2 Một phông chữ tên này đã được cài đặt.,exact_duplicate,67,68,1.0149253731343284
16596,Could not remove all files associated with %1,Đang tìm tập tin liên quan đến% 1,exact_duplicate,45,33,0.7333333333333333
16597,Unknown,Không rõFirst letter of the alphabet (in upper then lower case),extreme_length_ratio,7,63,9.0
16598,Aa,"AaAll letters of the alphabet (in upper/ lower case pairs), followed by numbers",language_suspect; extreme_length_ratio,2,79,39.5
16604,"0123456789.:,; (*! ?'/ \\"")£$€ %^-+@~#< > {}[]","0123456789.:,; (*!? '/\\ "") ₫« » ©£$€% ^- +@ ~ # < > {} []",noise_markup_or_html_entity,46,58,1.2608695652173914
16609,"Other, Private Use","Khác, Dùng riêng",exact_duplicate,18,16,0.8888888888888888
16610,"Other, Surrogate","Khác, Thay thế",exact_duplicate,16,14,0.875
16614,"Letter, Titlecase",Chữ hoa đầu câu,exact_duplicate,17,15,0.8823529411764706
16615,"Letter, Uppercase",Chữ hoa,exact_duplicate,17,7,0.4117647058823529
16617,"Mark, Enclosing",Dấu bao gồm,exact_duplicate,15,11,0.7333333333333333
16624,"Punctuation, Close","Chấm câu, đóng",noise_ui_fragment,18,14,0.7777777777777778
16631,"Symbol, Math",Ký hiệu toán học,exact_duplicate,12,16,1.3333333333333333
16632,"Symbol, Other",Ký hiệu khác,exact_duplicate,13,12,0.9230769230769231
16636,Category,Loại,exact_duplicate,8,4,0.5
16654,System,Hệ thống,exact_duplicate,6,8,1.3333333333333333
16655,All,Tất cả,exact_duplicate,3,6,2.0
16661,Regular,Chuẩn,exact_duplicate,7,5,0.7142857142857143
16662,Normal,Chuẩn,exact_duplicate,6,5,0.8333333333333334
16663,Medium,Vừa,exact_duplicate,6,3,0.5
16666,Bold,Đậm,exact_duplicate,4,3,0.75
16669,Black,Đen,exact_duplicate,5,3,0.6
16670,Heavy,Nặng,exact_duplicate,5,4,0.8
16672,Italic,Nghiêng,exact_duplicate,6,7,1.1666666666666667
16700,Thaana,Thaana,identical_pair,6,6,1.0
16701,NKo,NKo,identical_pair,3,3,1.0
16712,Thai,Thái,exact_duplicate,4,4,1.0
16717,Hangul Jamo,Hangul Jamo,identical_pair,11,11,1.0
16731,Tai Le,Tai Le,identical_pair,6,6,1.0
16810,Specials,Đặc biệt,exact_duplicate,8,8,1.0
16835,Tags,Thẻ,exact_duplicate,4,3,0.75
16841,Common,Chung,exact_duplicate,6,5,0.8333333333333334
16843,Greek,Hy Lạp,exact_duplicate,5,6,1.2
16844,Han,Han,identical_pair,3,3,1.0
16845,Hangul,Hangul,identical_pair,6,6,1.0
16849,Nko,Nko,identical_pair,3,3,1.0
16851,Yi,Yi,identical_pair,2,2,1.0
16852,Preview,Xem thử,exact_duplicate,7,7,1.0
16855,"Drop here to copy, or move, the selected fonts to your personal folder.",% 1 (Bị tắt),extreme_length_ratio,71,12,0.16901408450704225
16858,Settings,Xoá mọi phông đã chọn,noise_ui_fragment,8,21,2.625
16862,You are attempting to copy a font that is located in a file alongside other fonts; in order to proceed with the copy they will all have to be copied. The affected fonts are: %1 Do you wish to copy all of these?,Thành công,extreme_length_ratio,210,10,0.047619047619047616
16863,You are attempting to delete a font that is located in a file alongside other fonts; in order to proceed with the deletion they will all have to be deleted. The affected fonts are: %1 Do you wish to delete all of these?,Giao diện đồ hoạ cho người dùng cài đặt phông chữ: / ioslave. © năm 2000- 2006 của Craig Drummond.,noise_ui_fragment,219,98,0.4474885844748858
16864,You are attempting to enable a font that is located in a file alongside other fonts; in order to proceed with the enabling they will all have to be enabled. The affected fonts are: %1 Do you wish to enable all of these?,Thiết lập,extreme_length_ratio,219,9,0.0410958904109589
16867,Delete...,Bạn chưa chọn gì để xoá.,noise_ui_fragment,9,24,2.6666666666666665
16874,Name,Tiếc là phông chữ không thể đổi tên được.,extreme_length_ratio,4,41,10.25
16876,"Modern applications use a system called ""FontConfig"" to obtain the list of fonts. Older applications, such as OpenOffice 1. x, GIMP 1. x, etc. use the previous ""core X fonts"" mechanism for this. Selecting this option will inform the installer to create the necessary files so that these older applications can use the fonts you install. Please note, however, that this will slow down the installation process.",Mật khẩu sai.,extreme_length_ratio,409,13,0.03178484107579462
16878,"You have enabled a previously disabled option. Would you like the config files updated now? (Normally they are only updated upon installing, or removing, a font.)",Phông trùng,extreme_length_ratio,162,11,0.06790123456790123
16880,"Do you wish to install the font into ""%1"" (in which case the font will only be usable by you), or ""%2"" (the font will be usable by all users - but you will need to know the administrator's password)?",Phông bị tắt,extreme_length_ratio,199,12,0.06030150753768844
16881,Could not install %1: %2,"Phông chữ này đi kèm theo các phông chữ khác; để di chuyển phông này, cần di chuyển toàn bộ các phông chữ liên quan. Các phông chữ liên quan là:% 1 Bạn có muốn di chuyển toàn bộ chúng?",extreme_length_ratio,24,184,7.666666666666667
16882,& Username:,& Tên người dùng:,exact_duplicate,11,17,1.5454545454545454
16883,Username:,Tên người dùng:,exact_duplicate,9,15,1.6666666666666667
16884,& Password:,& Mật khẩu:,exact_duplicate,11,11,1.0
16885,Current & password:,& Mật khẩu hiện thời:,exact_duplicate,19,21,1.105263157894737
16886,& New password:,Mật khẩu & mới:,exact_duplicate,15,15,1.0
16887,Confirm password:,& Lặp lại mật khẩu:,exact_duplicate,17,19,1.1176470588235294
16888,"Unrecognized prompt ""%1""","Dấu nhắc không nhận ra ""% 1""",exact_duplicate,24,28,1.1666666666666667
16891,& Username:,& Tên người dùng:,exact_duplicate,11,17,1.5454545454545454
16892,Domain:,Miền:,exact_duplicate,7,5,0.7142857142857143
16893,Username:,Tên người dùng:,exact_duplicate,9,15,1.6666666666666667
16894,& Password:,& Mật khẩu:,exact_duplicate,11,11,1.0
16895,Current & password:,& Mật khẩu hiện thời:,exact_duplicate,19,21,1.105263157894737
16896,& New password:,Mật khẩu & mới:,exact_duplicate,15,15,1.0
16897,Confirm password:,& Lặp lại mật khẩu:,exact_duplicate,17,19,1.1176470588235294
16898,"Unrecognized prompt ""%1""","Dấu nhắc không nhận ra ""% 1""",exact_duplicate,24,28,1.1666666666666667
16899,Winbind / Samba,Winbind / Samba,identical_pair,15,15,1.0
16903,Original Author,Tác giả gốc,exact_duplicate,15,11,0.7333333333333333
16907,%1 (%2),% 1 (% 2),exact_duplicate,7,9,1.2857142857142858
16908,English,Tiếng Anh,exact_duplicate,7,9,1.2857142857142858
16910,Sizes,Cỡ,exact_duplicate,5,2,0.4
16911,Minimum font size:,Cỡ phông chữ tối thiểu:,exact_duplicate,18,23,1.2777777777777777
16913,Fonts,Phông,exact_duplicate,5,5,1.0
16914,Standard font:,Phông chữ & chuẩn:,exact_duplicate,14,18,1.2857142857142858
16916,Serif font:,Phông chữ chân:,exact_duplicate,11,15,1.3636363636363635
16922,Use Language Encoding,Dùng bộ ký tự của ngôn ngữ,exact_duplicate,21,26,1.2380952380952381
16928,Error,Lỗi,exact_duplicate,5,3,0.6
16930,See also:,Xem cũng:,exact_duplicate,9,9,1.0
16932,ht: / /dig,ht: // dig,exact_duplicate,10,10,1.0
16936,htsearch:,htsearch:,identical_pair,9,9,1.0
16947,Close,Đóng,exact_duplicate; noise_ui_fragment,5,4,0.8
16949,Stop,Dừng,exact_duplicate,4,4,1.0
16957,Status,Trạng thái,exact_duplicate,6,10,1.6666666666666667
16958,Change...,Đổi...,exact_duplicate,9,6,0.6666666666666666
16960,OK,OK,identical_pair; exact_duplicate; noise_ui_fragment,2,2,1.0
16975,Ready,Sẵn sàng,exact_duplicate,5,8,1.6
16978,Next Page,Trang kế,noise_ui_fragment,9,8,0.8888888888888888
16979,Moves to the next page of the document,Chuyển tới trang kế tiếp trong tài liệu,noise_ui_fragment,38,39,1.0263157894736843
16982,Go back to the table of contents,Lùi lại về mục lục,noise_ui_fragment,32,18,0.5625
16989,& Search,Tìm & kiếm,exact_duplicate,8,10,1.25
16996,Create,Tạo,exact_duplicate,6,3,0.5
16997,Do Not Create,Không tạo,exact_duplicate,13,9,0.6923076923076923
17001,& File,& Tập tin,exact_duplicate,6,9,1.5
17002,& Edit,& Sửa,exact_duplicate,6,5,0.8333333333333334
17003,& View,& Xem,exact_duplicate,6,5,0.8333333333333334
17004,& Go,& Tới,exact_duplicate,4,5,1.25
17005,Main Toolbar,Thanh công cụ chínhNAME OF TRANSLATORS,exact_duplicate,12,38,3.1666666666666665
17006,Your names,Nhóm Việt hoá KDEEMAIL OF TRANSLATORS,exact_duplicate,10,37,3.7
17007,Your emails,kde- l10n- vi@ kde. org,exact_duplicate,11,23,2.090909090909091
17015,Error: %1,Lỗi:% 1,exact_duplicate,9,7,0.7777777777777778
17017,and,và,exact_duplicate,3,2,0.6666666666666666
17018,or,hoặc,exact_duplicate,2,4,2.0
17022,Scope,Phạm vi,exact_duplicate,5,7,1.4
17024,Custom,Tự chọn,exact_duplicate,6,7,1.1666666666666667
17025,Default,Mặc định,exact_duplicate,7,8,1.1428571428571428
17026,All,Tất cả,exact_duplicate,3,6,2.0
17027,None,Không có,exact_duplicate,4,8,2.0
17028,unknown,không rõ,exact_duplicate,7,8,1.1428571428571428
17029,Copy Link Address,Chép địa chỉ liên kết,exact_duplicate,17,21,1.2352941176470589
17051,Your names,Nhóm Việt hoá KDEEMAIL OF TRANSLATORS,exact_duplicate,10,37,3.7
17052,Your emails,kde- l10n- vi@ kde. org,exact_duplicate,11,23,2.090909090909091
17055,Disabled,& Tắt,exact_duplicate,8,5,0.625
17062,Window,Cửa sổ,exact_duplicate,6,6,1.0
17063,Edit,Sửa...,exact_duplicate,4,6,1.5
17078,Normal,Chuẩn,exact_duplicate,6,5,0.8333333333333334
17080,Dialog,Hộp thoại,exact_duplicate,6,9,1.5
17084,& Delete,Xoá,exact_duplicate; noise_ui_fragment,8,3,0.375
17085,New,& Mới,exact_duplicate,3,5,1.6666666666666667
17086,Edit...,Sửa...,exact_duplicate,7,6,0.8571428571428571
17087,Delete,Xoá,exact_duplicate; noise_ui_fragment,6,3,0.5
17093,Arguments:,Đối số:,exact_duplicate,10,7,0.7
17099,Command/ URL:,Lệnh/ URL:,exact_duplicate,13,10,0.7692307692307693
17100,Settings,Thiết lập giọng nói,noise_ui_fragment,8,19,2.375
17105,And,vàNot_ condition,extreme_length_ratio,3,16,5.333333333333333
17106,Or,hoặcAnd_ condition,extreme_length_ratio,2,18,9.0
17123,Maintainer,Nhà duy trì,exact_duplicate,10,11,1.1
17125,Action,Hành động,exact_duplicate,6,9,1.5
17135,Command/ URL:,Lệnh/ URL:,exact_duplicate,13,10,0.7692307692307693
17137,Keyboard input:,Nhập bàn phím:,exact_duplicate,15,14,0.9333333333333333
17143,Active Window,Cửa sổ hoạt động,exact_duplicate,13,16,1.2307692307692308
17153,General,Chung,exact_duplicate,7,5,0.7142857142857143
17156,& Copy,& Chép,exact_duplicate,6,6,1.0
17158,Global & Settings,Thiết & lập toàn cục,noise_ui_fragment,17,20,1.1764705882352942
17163,& Browse...,& Duyệt...,exact_duplicate,11,10,0.9090909090909091
17166,& Stop,& Dừng,exact_duplicate,6,6,1.0
17176,Keyboard input:,Nhập bàn phím:,exact_duplicate,15,14,0.9333333333333333
17177,Modify...,Sửa đổi...,exact_duplicate,9,10,1.1111111111111112
17181,& Try,& Thử,exact_duplicate,5,5,1.0
17189,You have already completed the three required drawings. Either press'Ok 'to save or'Reset' to try again.,"Bạn đã vẽ xong ba lần cần thiết. Hoặc bấm nút « Được » để lưu, hay « Đặt lại » để thử lại.",noise_ui_fragment,104,90,0.8653846153846154
17198,Info,Thông tin,exact_duplicate,4,9,2.25
17199,General Settings,Thiết lập chung,exact_duplicate; noise_ui_fragment,16,15,0.9375
17200,Gestures Settings,Thiết lập điều bộ,noise_ui_fragment,17,17,1.0
17201,Command/ URL Settings,Thiết lập lệnh/ URL,noise_ui_fragment,21,19,0.9047619047619048
17202,Menu Entry Settings,Thiết lập mục trình đợn,noise_ui_fragment,19,23,1.2105263157894737
17203,D-Bus Call Settings,Thiết lập gọi DCOP,noise_ui_fragment,19,18,0.9473684210526315
17204,Keyboard Input Settings,Tùy chọn nhập bàn phím,noise_ui_fragment,23,22,0.9565217391304348
17208,The word you recorded is too close to the existing reference '%1 '. Please record another word.,Từ đã thu nghe quá tương tự với tham chiếu tồn tại «% 1 ». Hãy thu một từ khác.,noise_ui_fragment,95,79,0.8315789473684211
17219,Generic,Giống loài,exact_duplicate,7,10,1.4285714285714286
17233,DCOP:,DCOP:,identical_pair,5,5,1.0
17239,& Tools,& Công cụ,exact_duplicate,7,9,1.2857142857142858
17260,User:,Người dùng:,exact_duplicate,5,11,2.2
17261,Hostname:,Tên máy:,exact_duplicate,9,8,0.8888888888888888
17264,Machine:,Máy:,exact_duplicate,8,4,0.5
17268,There are unsaved changes in the active module. Do you want to apply the changes before exiting the System Settings or discard the changes?,Có các thay đổi chưa được lưu trong môđun đang được chọn Bạn có muốn áp dụng các thay đổi này trước khi thoát hay bỏ qua chúng?,noise_ui_fragment,139,127,0.9136690647482014
17272,Current Maintainer,Nhà bảo trì hiện tại,exact_duplicate,18,20,1.1111111111111112
17275,Your names,Phan Vĩnh ThịnhEMAIL OF TRANSLATORS,exact_duplicate,10,35,3.5
17276,Your emails,teppi82@ gmail. com,exact_duplicate,11,19,1.7272727272727273
17278,& Report Bug...,& Báo cáo lỗi... Help menu - > about < modulename >,noise_markup_or_html_entity,15,51,3.4
17286,The %1 configuration group. Click to open it.,< big > Đang nạp...,noise_markup_or_html_entity,45,19,0.4222222222222222
17290,& Administrator Mode,"Môđun này đòi hỏi quyền đặc biệt để có thể thay đổi cho toàn hệ thống. Bởi vậy bạn cần nhập mật khẩu root để có thể thay đổi tính chất trong môđun này. Nếu không cung cấp mật khẩu root, sẽ không dùng được môđun này.",extreme_length_ratio,20,215,10.75
17298,KDE Control Center There is no quick help available for the active control module. Click here to read the general Control Center manual.,& Nhỏ,extreme_length_ratio,136,5,0.03676470588235294
17302,Applications,Ứng dụng,exact_duplicate,12,8,0.6666666666666666
17305,Settings,Thiết lập,exact_duplicate; noise_ui_fragment,8,9,1.125
17312,The supposedly temporary file %1 has been modified. Do you still want to delete it?,Tập tin giả sử là tạm% 1 đã được sửa đổi. Vậy bạn vẫn còn muốn xoá bỏ nó không?,noise_ui_fragment,83,79,0.9518072289156626
17314,Do Not Delete,Đừng xoá bỏ,noise_ui_fragment,13,11,0.8461538461538461
17318,KIOExec,KIOExec,identical_pair,7,7,1.0
17319,Treat URLs as local files and delete them afterwards,Xử lý địa chỉ Mạng (URL) là tập tin cục bộ và xoá bỏ chúng về sau,noise_ui_fragment,52,65,1.25
17323,Your names,Nhóm Việt hoá KDEEMAIL OF TRANSLATORS,exact_duplicate,10,37,3.7
17324,Your emails,kde- l10n- vi@ kde. org,exact_duplicate,11,23,2.090909090909091
17334,Your names,EMAIL OF TRANSLATORS,language_suspect; exact_duplicate,10,20,2.0
17348,KDE Man Viewer Error,< body > Lỗi trình xem man KDE,noise_markup_or_html_entity,20,30,1.5
17356,Devices,Thiết bị,exact_duplicate,7,8,1.1428571428571428
17359,Miscellaneous,Lặt vặt,exact_duplicate,13,7,0.5384615384615384
17363,New,Mới,exact_duplicate,3,3,1.0
17369,KMan,KManNAME OF TRANSLATORS,language_suspect; extreme_length_ratio,4,23,5.75
17370,Your names,Phan Vĩnh ThịnhEMAIL OF TRANSLATORS,exact_duplicate,10,35,3.5
17371,Your emails,teppi82@ gmail. com,exact_duplicate,11,19,1.7272727272727273
17378,Protocol name,Tên giao thức,exact_duplicate,13,13,1.0
17379,Socket name,Tên ổ cắm,exact_duplicate,11,9,0.8181818181818182
17383,site:,nơi:,exact_duplicate,5,4,0.8
17441,Your names,Nhóm Việt hoá KDEEMAIL OF TRANSLATORS,exact_duplicate,10,37,3.7
17442,Your emails,kde- l10n- vi@ kde. org,exact_duplicate,11,23,2.090909090909091
17453,ktrash,ktrash,identical_pair,6,6,1.0
17459,TByte,"% 1 is amount of disk space,% 2 the unit, KBytes, MBytes, GBytes, TBytes, etc.",language_suspect; extreme_length_ratio,5,78,15.6
17460,Delete files older than:,@ info: whatsthis,noise_ui_fragment,24,17,0.7083333333333334
17461,Check this box to allow automatic deletion of files that are older than the value specified. Leave this disabled to not automatically delete any items after a certain timespan,@ info: whatsthis,extreme_length_ratio; noise_ui_fragment,175,17,0.09714285714285714
17465,Delete Biggest Files From Trash,@ info: whatsthis,noise_ui_fragment,31,17,0.5483870967741935
17469,Protocol name,Tên giao thức,exact_duplicate,13,13,1.0
17470,Socket name,Tên ổ cắm,exact_duplicate,11,9,0.8181818181818182
17471,General,Chung,exact_duplicate,7,5,0.7142857142857143
17474,Advanced Settings,Thiết lập nâng caoGeneral Config,noise_ui_fragment,17,32,1.8823529411764706
17475,General,Chung,exact_duplicate,7,5,0.7142857142857143
17477,Actions,Hành động,exact_duplicate,7,9,1.2857142857142858
17479,Shortcuts,Phím tắt,exact_duplicate,9,8,0.8888888888888888
17482,"This lets you specify windows in which Klipper should not invoke ""actions"". Use xprop _BAR_ grep WM_CLASS in a terminal to find out the WM_CLASS of a window. Next, click on the window you want to examine. The first string it outputs after the equal sign is the one you need to enter here.","Tính năng này cho phép bạn chỉ định cửa sổ mà klipper sẽ không gọi ""hành động"". Dùng xprop _BAR_ grep WM_ CLASS trong trình đầu cuối để tìm ra WM_ CLASS của cửa sổ. Tiếp theo, nhấn vào cửa sổ mà bạn muốn thử nghiệm. Chuỗi đầu tiên được xuất sau dấu bằng là cái bạn cần nhập vào đây.",noise_ui_fragment,288,282,0.9791666666666666
17486,Description,Mô tả,exact_duplicate,11,5,0.45454545454545453
17491,& Quit,Thoát,exact_duplicate,6,5,0.8333333333333334
17500,Start,Chạy,exact_duplicate,5,4,0.8
17503,Klipper,Klipper,identical_pair,7,7,1.0
17505,Carsten Pfeiffer,Carsten Pfeiffer,identical_pair; exact_duplicate,16,16,1.0
17506,Author,Tác giả,exact_duplicate,6,7,1.1666666666666667
17508,Original Author,Tác giả gốc,exact_duplicate,15,11,0.7333333333333333
17509,Patrick Dubroy,Patrick Dubroy,identical_pair,14,14,1.0
17511,Luboš Luň ák,Luboš Luňák,language_suspect,12,11,0.9166666666666666
17513,Esben Mose Hansen,Esben Mose Hansen,identical_pair,17,17,1.0
17514,Maintainer,Nhà duy trì,exact_duplicate,10,11,1.1
17516,Really delete entire clipboard history?,& Xoá lịch sử bảng tạm,noise_ui_fragment,39,22,0.5641025641025641
17517,Delete clipboard history?,& Xoá lịch sử bảng tạm,noise_ui_fragment,25,22,0.88
17525,Regular Expression,Biểu thức chính quy,exact_duplicate,18,19,1.0555555555555556
17528,Delete Action,& Xoá hành động,noise_ui_fragment,13,15,1.1538461538461537
17530,"Click on a highlighted item's column to change it. ""%s"" in a command will be replaced with the clipboard contents. For more information about regular expressions, you could have a look at the Wikipedia entry about this topic.","Để biết thêm về biểu thức chính quy, bạn có thể xem mục này trên Wikipedia.",noise_placeholder,225,75,0.3333333333333333
17532,Description:,Mô tả,exact_duplicate,12,5,0.4166666666666667
17536,Save clipboard contents on exit,& Lưu nội dung bảng tạm khi thoát,noise_ui_fragment,31,33,1.064516129032258
17555,Your names,"Phan Vĩnh Thịnh, nhóm Việt hóa KDEEMAIL OF TRANSLATORS",extreme_length_ratio; exact_duplicate,10,54,5.4
17560,& Cancel,& Thôi,exact_duplicate; noise_ui_fragment,8,6,0.75
17572,"Click on a highlighted item's column to change it. ""%s"" in a command will be replaced with the clipboard contents.","Nhấn vào cột của mục đã bôi đen để thay đổi nó. ""% s"" trong một lệnh sẽ được thay thế bằng nội dung của bảng tạm.",noise_placeholder,114,113,0.9912280701754386
17576,Configure,Cấu hình,exact_duplicate,9,8,0.8888888888888888
17577,"Following the command, you can have several place holders which will be replaced with the actual values when the actual program is run: %f - a single file name %F - a list of files; use for applications that can open several local files at once %u - a single URL %U - a list of URLs %d - the folder of the file to open %D - a list of folders %i - the icon %m - the mini-icon %c - the caption","Phía sau tên lệnh bạn có thể đặt một vài biến số, giá trị thực của chúng sẽ được đặt vào khi chương trình chạy:% f - tên một tập tin% F - một danh sách tập tin, dùng cho những ứng dụng có thể mở nhiều tập tin một lúc% u - một địa chỉ URL% U - một danh sách các địa chỉ URL% d - thư mục của tập tin muốn mở% D - danh sách thư mục% i - biểu tượng% m - biểu tượng nhỏ% c - đầu đề",noise_placeholder,391,376,0.9616368286445013
17580,& Name:,& Tên:,exact_duplicate,7,6,0.8571428571428571
17582,& Comment:,& Chú thích:,exact_duplicate,10,12,1.2
17588,& Username:,Tên người dùng:,exact_duplicate,11,15,1.3636363636363635
17593,& Delete,& Xoá,exact_duplicate; noise_ui_fragment,8,5,0.625
17594,You have made changes to the menu. Do you want to save the changes or discard them?,Bạn đã thay đổi thực đơn. Lưu hay bỏ đi những thay đổi này?,noise_ui_fragment,83,59,0.7108433734939759
17595,Save Menu Changes?,Lưu thay đổi của Thực đơn?,noise_ui_fragment,18,26,1.4444444444444444
17598,Maintainer,Nhà duy trì,exact_duplicate,10,11,1.1
17600,Original Author,Tác giả gốc,exact_duplicate,15,11,0.7333333333333333
17604,& File,& Tập tin,exact_duplicate,6,9,1.5
17605,& Edit,& Sửa,exact_duplicate,6,5,0.8333333333333334
17606,Main Toolbar,Thanh công cụ chínhNAME OF TRANSLATORS,exact_duplicate,12,38,3.1666666666666665
17607,Your names,Phan Vĩnh ThịnhEMAIL OF TRANSLATORS,exact_duplicate,10,35,3.5
17608,Your emails,teppi82@ gmail. com,exact_duplicate,11,19,1.7272727272727273
17619,You have made changes to the Control Center. Do you want to save the changes or discard them?,Bạn đã thay đổi Trung tâm điều khiển. Ghi nhớ hay bỏ đi những thay đổi này?,noise_ui_fragment,93,75,0.8064516129032258
17620,Save Control Center Changes?,Ghi nhớ thay đổi của Trung tâm điều khiển?,noise_ui_fragment,28,42,1.5
17621,Save & & Connect,Lưu và kết nối,noise_ui_fragment,16,14,0.875
17622,"Enter a name for this WebFolder as well as a server address, port and folder path to use and press the Save & Connect button.","Nhập tên cho Thư mục Web này cũng như địa chỉ máy chủ, cổng và đường dẫn thư mục để sử dụng rồi nhấn nút Lưu và kết nối.",noise_ui_fragment,125,120,0.96
17623,"Enter a name for this Secure shell connection as well as a server address, port and folder path to use and press the Save & Connect button.","Nhập tên cho Kết nối hệ vỏ bảo mật này cũng như địa chỉ máy chủ, cổng và đường dẫn thư mục để sử dụng rồi nhấn nút Lưu và kết nối.",noise_ui_fragment,139,130,0.935251798561151
17624,Enter a name for this File Transfer Protocol connection as well as a server address and folder path to use and press the Save & Connect button.,"Nhập tên cho Kết nối giao thức truyền tải tập tin FTP này cũng như địa chỉ máy chủ, cổng và đường dẫn thư mục để sử dụng rồi nhấn nút Lưu và kết nối.",noise_ui_fragment,143,149,1.0419580419580419
17625,Enter a name for this Microsoft Windows network drive as well as a server address and folder path to use and press the Save & Connect button.,"Nhập tên cho Ổ mạng Microsoft Windows này cũng như địa chỉ máy chủ, cổng và đường dẫn thư mục để sử dụng rồi nhấn nút Lưu và kết nối.",noise_ui_fragment,141,133,0.9432624113475178
17626,Unable to connect to server. Please check your settings and try again.,Không kết nối được tới máy phục vụ. Xin hãy kiểm tra các thiết lập rồi thử lại.,noise_ui_fragment,70,79,1.1285714285714286
17627,Connect,& Kết nối,exact_duplicate,7,9,1.2857142857142858
17637,FTP,FTP,identical_pair; exact_duplicate,3,3,1.0
17639,Select the type of network folder you wish to connect to and press the Next button.,Chọn dạng thư mục mạng bạn muốn kết nối rồi nhấn nút Tiếp tục.,noise_ui_fragment,83,62,0.7469879518072289
17641,"Enter a name for this %1 as well as the server address, port and folder path to use and press the Next button.","Nhập tên cho% 1 này cũng như địa chỉ máy chủ, cổng và đường dẫn thư mục để sử dụng rồi nhấn nút Tiếp tục.",noise_ui_fragment,110,105,0.9545454545454546
17642,& Name:,& Tên:,exact_duplicate,7,6,0.8571428571428571
17643,& User:,& Người dùng:,exact_duplicate,7,13,1.8571428571428572
17644,Server:,Máy phục vụ:,exact_duplicate,7,12,1.7142857142857142
17649,Encoding:,NAME OF TRANSLATORS,language_suspect,9,19,2.111111111111111
17650,Your names,Phan Vĩnh ThịnhEMAIL OF TRANSLATORS,exact_duplicate,10,35,3.5
17651,Your emails,teppi82@ gmail. com,exact_duplicate,11,19,1.7272727272727273
17653,Starting KTTSD Failed,NAME OF TRANSLATORS,language_suspect,21,19,0.9047619047619048
17654,Your names,EMAIL OF TRANSLATORS,language_suspect; exact_duplicate,10,20,2.0
17656,"During the previous startup, KNotify crashed while instantiating KNotify. Do you want to try again or disable aRts sound output? If you choose to disable aRts output now, you can re-enable it later or select an alternate sound player in the System Notifications control panel.",Cấu hình Thông báo,extreme_length_ratio,276,18,0.06521739130434782
17658,Konqueror,Konqueror,identical_pair; exact_duplicate,9,9,1.0
17665,Developer,Nhà phát triển,exact_duplicate,9,14,1.5555555555555556
17688,Close the current tab,Đóng thẻ hiện thời,noise_ui_fragment,21,18,0.8571428571428571
17690,Close & Other Tabs,Đóng những thẻ & khác,noise_ui_fragment,18,21,1.1666666666666667
17696,& Close Tab,Đóng thẻ,exact_duplicate; noise_ui_fragment,11,8,0.7272727272727273
17710,Home,Nhà,exact_duplicate,4,3,0.75
17715,Navigate to your'Home Page 'You can configure the location where this button takes you under Settings - > Configure Konqueror - > General.,"Chuyển tới 'Vị trí nhà' Bạn cũng có thể cấu hình vị trí mà nút này sẽ đưa đến trong Trung tâm điều khiển KDE, dưới phần Quản lý tập tin/ Thái độ",noise_ui_fragment,138,144,1.0434782608695652
17719,Do you really want to close all other tabs?,Bạn có muốn đóng tất cả các thẻ tab khác?,noise_ui_fragment,43,41,0.9534883720930233
17720,Close Other Tabs Confirmation,Xác nhận đóng những thẻ khác,noise_ui_fragment,29,28,0.9655172413793104
17728,Save As...,Đặt tên...,noise_ui_fragment,10,10,1.0
17730,New & Window,& Cửa sổ mới,exact_duplicate,12,12,1.0
17740,& Up,& Lên,exact_duplicate,4,5,1.25
17745,& Save View Profile As...,& Ghi xác lập xem...,noise_ui_fragment,25,20,0.8
17752,& Close Active View,Đóng & xem hiện thời,noise_ui_fragment,19,20,1.0526315789473684
17753,Close Current Tab,Đóng thẻ hiện thời,noise_ui_fragment,17,18,1.0588235294117647
17754,Activate Next Tab,Chuyển sang thẻ tiếp theo,noise_ui_fragment,17,25,1.4705882352941178
17764,& Stop,& Dừng,exact_duplicate,6,6,1.0
17770,& Bookmarks,& Liên kết lưu,exact_duplicate,11,14,1.2727272727272727
17804,Open in New & Window,Mở trong cửa & sổ mới,exact_duplicate,20,21,1.05
17805,Open the document in a new window,Mở tài liệu trong cửa sổ mới,exact_duplicate,33,28,0.8484848484848485
17813,Close Current Tab,Đóng thẻ & hiện thời,noise_ui_fragment,17,20,1.1764705882352942
17820,Add,Thêm,exact_duplicate,3,4,1.3333333333333333
17828,Miscellaneous,Lặt vặt,exact_duplicate,13,7,0.5384615384615384
17830,Sort,Sắp xếp,exact_duplicate,4,7,1.75
17832,Warning,Cảnh báo,exact_duplicate,7,8,1.1428571428571428
17834,Configure,Cấu hình,exact_duplicate,9,8,0.8888888888888888
17838,You have multiple tabs open in this window. Loading a view profile will close them.,Bạn đang mở nhiều thẻ trong cửa sổ này. Nạp một xác lập xem sẽ đóng chúng.,noise_ui_fragment,83,74,0.891566265060241
17842,Close View,Đóng xem,noise_ui_fragment,10,8,0.8
17848,Clear History,Xóa lịch sử,exact_duplicate,13,11,0.8461538461538461
17856,Show %1,Hiện% 1,exact_duplicate,7,7,1.0
17857,Hide %1,Ẩn% 1,exact_duplicate,7,5,0.7142857142857143
17860,& Delete Profile,& Xoá xác lập,noise_ui_fragment,16,13,0.8125
17874,Name:,Tên:,exact_duplicate,5,4,0.8
17877,Delete Folder,Xóa thư mục,noise_ui_fragment,13,11,0.8461538461538461
17878,Delete Bookmark,Xóa đánh dấu,noise_ui_fragment,15,12,0.8
17879,Properties,Thuộc tính,exact_duplicate,10,10,1.0
17880,Open in New Window,Mở trong cửa sổ mới,exact_duplicate,18,19,1.0555555555555556
17888,& Update,Cập nhật,exact_duplicate,8,8,1.0
17893,Rename,Thay tên,exact_duplicate,6,8,1.3333333333333333
17894,Delete Link,Xóa liên kết,noise_ui_fragment,11,12,1.0909090909090908
17895,New Folder,Thư mục mới,exact_duplicate,10,11,1.1
17897,Enter folder name:,Nhập tên thư mục:,exact_duplicate,18,17,0.9444444444444444
17905,Close Sidebar,Thanh bên Web,noise_ui_fragment,13,13,1.0
17917,Remove,Bỏ,exact_duplicate,6,2,0.3333333333333333
17920,min,phút,exact_duplicate,3,4,1.3333333333333333
17921,sec,giây,exact_duplicate,3,4,1.3333333333333333
17927,Introduction,Giới thiệu,exact_duplicate,12,10,0.8333333333333334
17936,Next: An Introduction to Konqueror,Tiếp theo: Giới thiệu về Konqueror,noise_ui_fragment,34,34,1.0
17939,"Konqueror is also a full featured and easy to use web browser which you can use to explore the Internet. Enter the address (e. g. http: / /www. kde. org) of a web page you would like to visit in the location bar and press Enter, or choose an entry from the Bookmarks menu.","Konqueror còn là trình duyệt mạng với đầy đủ các tính năng và dễ sử dụng. Hãy nhập địa chỉ (ví dụ http: // www. kde. org) của trang web bạn muốn xem vào thanh vị trí và nhấn Enter, hoặc chọn một mục từ thực đơn Đánh dấu.",noise_url,272,220,0.8088235294117647
17940,"To return to the previous location, press the back button in the toolbar.","Nếu bạn muốn quay lại vị trí trước, hãy nhấn nút quay lại trong thanh công cụ.",noise_ui_fragment,73,78,1.0684931506849316
17943,"Tuning Tip: If you want the Konqueror web browser to start faster, you can turn off this information screen by clicking here. You can re-enable it by choosing the Help - > Konqueror Introduction menu option, and then pressing Settings - > Save View Profile As... - > ""Web Browsing"".","Điều chỉnh Mách nước Nếu bạn muốn trình duyệt web Konqueror khởi động nhanh hơn, bạn có thể tắt màn hình thông tin này bằng cách nhấn vào đây. Bạn có thể cho phép hiển thị lại mẹo bằng cách chọn thực đơn Trợ giúp - > Giới thiệu Konqueror, rồi nhấn Thiết lập - > Lưu xác lập xem ""Duyệt mạng"".",noise_ui_fragment,282,291,1.0319148936170213
17944,Next: Tips & Tricks,Tiếp theo: Mách nước & Mẹo,noise_ui_fragment,19,26,1.368421052631579
17960,OpenSSL,OpenSSL,identical_pair; exact_duplicate,7,7,1.0
17963,General,Chung,exact_duplicate,7,5,0.7142857142857143
17965,Details,Chi tiết,exact_duplicate,7,8,1.1428571428571428
17969,FTP,FTP,identical_pair; exact_duplicate,3,3,1.0
17981,"You can also find ""Full-Screen Mode"" in the Settings menu. This feature is very useful for ""Talk"" sessions.","Bạn cũng có thể tìm ""Chế độ toàn màn hình"" trong thực đơn Thiết lập. Chức năng này rất có ích cho buổi làm việc ""Nói chuyện"".",noise_ui_fragment,107,125,1.1682242990654206
17986,Advanced users will appreciate the Konsole which you can embed into Konqueror (Settings - > Show Terminal Emulator).,Người dùng Linux kinh nghiệm đánh giá cao Konsole vì nó cho phép gắn vào Konqueror (Cửa sổ - > Hiển thị trình lệnh).,noise_ui_fragment,116,116,1.0
17987,Next: Specifications,Tiếp: Chi tiết kĩ thuật,noise_ui_fragment,20,23,1.15
17988,Installed Plugins,Bổ sung đã cài,exact_duplicate,17,14,0.8235294117647058
17994,Disable,Tắt,exact_duplicate,7,3,0.42857142857142855
17995,Keep,Giữ,exact_duplicate,4,3,0.75
18002,Your names,Phan Vĩnh ThịnhEMAIL OF TRANSLATORS,exact_duplicate,10,35,3.5
18003,Your emails,teppi82@ gmail. com,exact_duplicate,11,19,1.7272727272727273
18005,& Edit,& Sửa,exact_duplicate,6,5,0.8333333333333334
18006,& View,& Xem,exact_duplicate,6,5,0.8333333333333334
18007,& Go,& Go,identical_pair,4,4,1.0
18008,& Settings,Thiết & lập,exact_duplicate; noise_ui_fragment,10,11,1.1
18009,& Window,& Cửa sổ,exact_duplicate,8,8,1.0
18010,& Help,Trợ giúp,exact_duplicate,6,8,1.3333333333333333
18011,Main Toolbar,Thanh công cụ chính,exact_duplicate,12,19,1.5833333333333333
18015,& Tools,& Công cụ,exact_duplicate,7,9,1.2857142857142858
18017,Save & URLs in profile,Lưu các & URL vào xác lập,noise_ui_fragment,22,25,1.1363636363636365
18019,Save Current,Đóng thẻ hiện thời,noise_ui_fragment,12,18,1.5
18021,Delete,& Xoá,exact_duplicate; noise_ui_fragment,6,5,0.8333333333333334
18023,Limits,Giới hạn,exact_duplicate,6,8,1.3333333333333333
18032,Clear History,Xóa lịch sử,exact_duplicate,13,11,0.8461538461538461
18041,Show'Delete 'menu entries which bypass the trashcan,Hiển thị mục thực đơn 'Xóa' để xóa thẳng không qua sọt rác,noise_ui_fragment,51,58,1.1372549019607843
18042,Uncheck this if you do not want'Delete 'menu commands to be displayed on the desktop and in the file manager's menus and context menus. You can still delete files when hidden by holding the Shift key while calling'Move to Trash'.,Bỏ đánh dấu nếu không muốn hiển thị mục 'Xóa' trong thực đơn khi nhấn chuột phải. Khi này bạn vẫn có thể xóa tập tin bằng cách giữ phím Shift khi chọn 'Chuyển tới sọt rác'.,noise_ui_fragment,229,172,0.7510917030567685
18046,"This option tells Konqueror whether to ask for a confirmation when you delete a file without using the trash folder. Warning, deleted files can not be recovered, so it is recommended to leave this confirmation enabled.","Tùy chọn này nói Konqueror có hỏi lại hay không khi bạn di chuyển tập tin vào thư mục sọt rác, từ đó có thể phụ hồi tập tin rất dễ dàng.",noise_ui_fragment,218,136,0.6238532110091743
18049,"& Save View Profile ""%1""...","& Lưu xác lập xem ""% 1""...",noise_ui_fragment,27,26,0.9629629629629629
18051,Close Navigation Panel,Đóng thanh di chuyển,noise_ui_fragment,22,20,0.9090909090909091
18056,Minutes,Phút,exact_duplicate,7,4,0.5714285714285714
18062,Reload,Nạp lại,exact_duplicate,6,7,1.1666666666666667
18063,G E N E R A L,"Konqueror là trình quản lý tập tin, trình duyệt web và trình xem tài liệu đa năng.",extreme_length_ratio,13,82,6.3076923076923075
18069,Save & window size in profile,Không biết,noise_ui_fragment,29,10,0.3448275862068966
18073,Settings,Ổ ghi thông tin,noise_ui_fragment,8,15,1.875
18084,"Here you can control if you want the popup window to contain a larger preview for the file, when moving the mouse over it.",Không tìm thấy hồ sơ% 1,extreme_length_ratio,122,23,0.1885245901639344
18097,& Delete,Nhân đôi chính sách,noise_ui_fragment,8,19,2.375
18098,This is the font size used to display text in Konqueror windows.,Trình đơn,extreme_length_ratio,64,9,0.140625
18099,This is the color used to display text in Konqueror windows.,Đem lên,extreme_length_ratio,60,7,0.11666666666666667
18105,Selection,"Ở đây bạn có thể điều khiển nếu bạn muốn cửa sổ bật lên chứa ô xem thử lớn hơn cho tập tin, khi di chuyển con chuột trên nó, hay không.",extreme_length_ratio,9,135,15.0
18107,Show Details,Tùy chọn này báo Konqueror có nên nhắc bạn xác nhận khi bạn « xoá » tập tin hay không. Chuyển vào Rác: thì chuyển tập tin vào thư mục Rác của bạn: vẫn còn có thể phục hồi nó. Xoá: đơn giản xoá tập tin.,extreme_length_ratio,12,201,16.75
18109,MimeType,Hiển thị mục trình đơn ngữ cảnh « Xóa » mà xóa thẳng không qua sọt rác,extreme_length_ratio,8,70,8.75
18110,Size,Đánh dấu nếu bạn muốn hiển thị lệnh trình đơn « Xóa » trên màn hình nền và trong các trình đơn ngữ cảnh của bộ quản lý tập tin. Bạn vẫn có thể xóa tập tin bằng cách giữ phím Shift khi chọn « Chuyển tới sọt rác ».,extreme_length_ratio,4,212,53.0
18132,You cannot drop any items in a directory in which you do not have write permission,Chọn dịch vụ:,extreme_length_ratio,82,13,0.15853658536585366
18138,Cancel & Favicon Updates,Đem & lên,noise_ui_fragment,24,9,0.375
18154,%1,% 1,exact_duplicate,2,3,1.5
18167,Name,Tên,exact_duplicate,4,3,0.75
18168,Color,Màu,exact_duplicate,5,3,0.6
18186,Copy Link Address,Chép địa chỉ liên kết,exact_duplicate,17,21,1.2352941176470589
18193,Save to current profile,Sửa hồ sơ hiện thời...,noise_ui_fragment,23,22,0.9565217391304348
18195,Close the search bar,Đóng các điều khác,noise_ui_fragment,20,18,0.9
18197,Next,Kế,exact_duplicate; noise_ui_fragment,4,2,0.5
18206,Konsole,Konsole,identical_pair,7,7,1.0
18214,Maintainer,Nhà duy trì,exact_duplicate,10,11,1.1
18215,Author,Tác giả,exact_duplicate,6,7,1.1666666666666667
18231,New & Window,& Cửa sổ mới,exact_duplicate,12,12,1.0
18233,& Bookmarks,& Liên kết lưu,exact_duplicate,11,14,1.2727272727272727
18234,Show Menu Bar,Hiện thanh trình đơn,exact_duplicate,13,20,1.5384615384615385
18236,Close Current Tab,Đóng thẻ,noise_ui_fragment,17,8,0.47058823529411764
18239,Shortcut,Phím tắt,exact_duplicate,8,8,1.0
18241,Shell,Trình bao,exact_duplicate,5,9,1.8
18242,Description:,Mô tả:,exact_duplicate,12,6,0.5
18244,Percent,Phần trăm,exact_duplicate,7,9,1.2857142857142858
18246,General,Chung,exact_duplicate,7,5,0.7142857142857143
18249,Command:,Lệnh:,exact_duplicate,8,5,0.625
18254,...,...,identical_pair; exact_duplicate,3,3,1.0
18255,Icon:,Biểu tượng:,exact_duplicate,5,11,2.2
18258,Edit...,Sửa...,exact_duplicate,7,6,0.8571428571428571
18267,Insert,Chèn,exact_duplicate,6,4,0.6666666666666666
18274,Appearance,Diện mạo,exact_duplicate,10,8,0.8
18277,New...,Mới...,exact_duplicate,6,6,1.0
18279,Delete the selected color scheme,Xoá giản đồ màu đã chọn,noise_ui_fragment,32,23,0.71875
18280,Remove,Bỏ,exact_duplicate,6,2,0.3333333333333333
18281,Font,Phông,exact_duplicate,4,5,1.25
18284,Small,Nhỏ,exact_duplicate,5,3,0.6
18286,Large,Lớn,exact_duplicate,5,3,0.6
18308,Delete the selected key bindings list,Xoá danh sách tổ hợp phím đã chọn,noise_ui_fragment,37,33,0.8918918918918919
18309,Advanced,Cấp cao,exact_duplicate,8,7,0.875
18335,Select,Chọn,exact_duplicate,6,4,0.6666666666666666
18336,Add,Thêm,exact_duplicate,3,4,1.3333333333333333
18344,Delete the selected profile(s),Xoá hồ sơ đã chọn,noise_ui_fragment,30,17,0.5666666666666667
18345,Delete Profile,Xoá hồ sơ,noise_ui_fragment,14,9,0.6428571428571429
18352,Host:,Máy:,exact_duplicate,5,4,0.8
18353,User:,Người dùng:,exact_duplicate,5,11,2.2
18356,SSH,SSH,identical_pair,3,3,1.0
18358,Background color:,Màu nền:,exact_duplicate,17,8,0.47058823529411764
18359,Save as custom session,Lưu dạng phiên chạy riêngNAME OF TRANSLATORS,noise_ui_fragment,22,44,2.0
18360,Your names,Phan Vĩnh ThịnhEMAIL OF TRANSLATORS,exact_duplicate,10,35,3.5
18361,Your emails,teppi82@ gmail. com,exact_duplicate,11,19,1.7272727272727273
18364,Scrollback,Không cuộn ngược,exact_duplicate,10,16,1.6
18366,Edit,Sửa...,exact_duplicate,4,6,1.5
18367,Scrollback,Không cuộn ngược,exact_duplicate,10,16,1.6
18371,Connect,Kết nối,exact_duplicate,7,7,1.0
18382,& Close Tab,Đóng thẻ,exact_duplicate; noise_ui_fragment,11,8,0.7272727272727273
18383,& Copy,& Chép,exact_duplicate,6,6,1.0
18384,& Paste,& Dán,exact_duplicate,7,5,0.7142857142857143
18394,Find Next,Tìm kế,exact_duplicate; noise_ui_fragment,9,6,0.6666666666666666
18396,Save Output...,Lưu kết xuất...,noise_ui_fragment,14,15,1.0714285714285714
18402,Save Output From %1,Lưu kết xuất từ% 1,noise_ui_fragment,19,18,0.9473684210526315
18418,User Name,Tên người dùng,exact_duplicate,9,14,1.5555555555555556
18424,Next View,Xem kế,noise_ui_fragment,9,6,0.6666666666666666
18426,Next View Container,Đồ chứa ô xem kế,noise_ui_fragment,19,16,0.8421052631578947
18431,Close Active,Đóng điều hoạt động,noise_ui_fragment,12,19,1.5833333333333333
18432,Close Others,Đóng các điều khác,noise_ui_fragment,12,18,1.5
18437,& Stop,& Dừng,exact_duplicate,6,6,1.0
18441,Enable transparent backgrounds,Mới,extreme_length_ratio,30,3,0.1
18458,"... that you can create your own session types by using the session editor which you can find under ""Settings- > Configure Konsole...""?",... nghĩa là bạn có thể chọn thực đơn bằng phím nóng Ctrl+Alt+M?,noise_ui_fragment,135,64,0.4740740740740741
18459,"... that you can create your own color schemes by using the schema editor which you can find under ""Settings- > Configure Konsole...""?",... nghĩa là bạn có thể đổi tên của phiên chạy Konsole hiện tại bằng phím nóng Clt+Alt+S?,noise_ui_fragment,134,89,0.664179104477612
18467,"... that you can turn off the terminal size hint under ""Settings- > Configure Konsole...""?",... nghĩa là bạn có thể chèn lựa chọn của X bằng cách giữ phím Shift và Ctrl rồi nhấn phím Insert?,noise_ui_fragment,90,98,1.0888888888888888
18474,"... that if you let your shell pass the current directory to Konsole within the prompt variable, e. g. for Bash with'export PS1=$PS1""\\[\\e]31; \\w\\a\\] ""'in your ~/. bashrc, then Konsole can bookmark it, and session management will remember your current working directory on non-Linux systems too?","... nghĩa là bạn có thể để Konsosle đặt thư mục hiện thời làm tiêu đề cửa sổ? Với Bash, hãy đặt 'export PS1=$PS1 ""\\ [\\ e] 0;\\ H:\\ w\\ a\\]' vào ~ /. bashrc.",noise_windows_or_unix_file_path,299,160,0.5351170568561873
18475,... that double-clicking will select a whole word? When you do n't release the mouse button after the second click you can extend your selection by additional words when moving the mouse.,"... nghĩa là bạn có thể để Konsosle đặt thư mục hiện thời làm tên phiên chạy? Với Bash, hãy đặt 'export PS1=$PS1 ""\\ [\\ e] 30;\\ H:\\ w\\ a\\]' vào ~ /. bashrc.",noise_windows_or_unix_file_path,187,161,0.8609625668449198
18478,"... that the ""Settings- > Configure Shortcuts..."" dialog allows you to define keyboard shortcuts for actions not shown in the menu, like activating menu, changing font and for listing and switching sessions?","... nghĩa là nhấn ba lần sẽ chọn cả một dòng? Khi bạn không nhả chuột sau lần nhấn thứ ba, thì có thể mở rộng khoảng bôi đen theo các dòng khi di chuyển chuột.",noise_ui_fragment,207,159,0.7681159420289855
18480,Send Input to All,"... nghĩa là hộp thoại ""Thiết lập - > Cấu hình phím nóng..."" cho phép xác định phím nóng dùng cho các hoạt động không hiển thị trong thực đơn, như chọn thực đơn, thay đổi phông chữ và liệt kê và chuyển các phiên chạy?",extreme_length_ratio,17,217,12.764705882352942
18481,Hide Menu Bar,"... nghĩa là nhấn chuột phải lên nút ""Mới"" ở góc trái của thanh thẻ tab hoặc trên khoảng trống của thanh thẻ tab hiển thị một thực đơn cho phép đặt một vài tùy chọn thẻ tab?",extreme_length_ratio,13,173,13.307692307692308
18490,Transparent for MC,Konsole không thể mở một PTY (têlêtip giả). Nguyên nhân rất có thể là sai cấu hình các thiết bị PTY. Konsole cần có quyền truy cập đọc/ ghi tới các thiết bị PTY.,extreme_length_ratio,18,161,8.944444444444445
18493,Authentication,Xác thực,exact_duplicate,14,8,0.5714285714285714
18494,Retry,Thử lại,exact_duplicate,5,7,1.4
18497,Screen Settings,Kích thước màn hình,noise_ui_fragment,15,19,1.2666666666666666
18503,Orientation,Hướng,exact_duplicate,11,5,0.45454545454545453
18506,Disable,Tắt,exact_duplicate,7,3,0.42857142857142855
18516,Gustavo Pichorim Boiko,Gustavo Pichorim Boiko,identical_pair,22,22,1.0
18517,Maintainer,Nhà duy trì,exact_duplicate,10,11,1.1
18518,Hamish Rodda,Hamish Rodda,identical_pair,12,12,1.0
18519,Original Author,Tác giả gốc,exact_duplicate,15,11,0.7333333333333333
18520,Lubos Lunak,Lubos Lunak,identical_pair,11,11,1.0
18522,Harry Bock,Harry Bock,identical_pair,10,10,1.0
18526,Right of,Về bên phảiOutput is placed above another one,extreme_length_ratio,8,45,5.625
18527,Above,Về phía trênOutput is placed below another one,extreme_length_ratio,5,46,9.2
18533,Auto,Tự động,exact_duplicate,4,7,1.75
18555,Your screen configuration has been changed to the requested settings. Please indicate whether you wish to keep this configuration. In 15 seconds the display will revert to your previous settings.,Cấu hình màn hình của bạn đã thay đổi theo yêu cầu thiết lập. Xin hãy cho biết bạn có muốn giữ cấu hình này không. Trong vòng 15 giây màn hình sẽ nhận lại thiết lập cũ.,noise_ui_fragment,195,168,0.8615384615384616
18557,Screen Resize and Rotate Settings,Thiết lập thay đổi kích cỡ và xoay màn hình,noise_ui_fragment,33,43,1.303030303030303
18559,Settings for screen:,Thiết lập cho màn hình:,noise_ui_fragment,20,23,1.15
18560,The screen whose settings you would like to change can be selected using this drop-down list.,Có thể chọn màn hình để thay đổi thiết lập dùng danh sách hiện xuống này.,noise_ui_fragment,93,73,0.7849462365591398
18567,If this option is enabled the size and orientation settings will be used when KDE starts.,Nếu tùy chọn này bật thì các thiết lập kích thước và góc quay sẽ được dùng khi KDE khởi động.,noise_ui_fragment,89,93,1.0449438202247192
18568,Apply settings on KDE startup,Áp dụng thiết lập khi chạy KDE,noise_ui_fragment,29,30,1.0344827586206897
18569,Allow tray application to change startup settings,Cho phép ứng dụng khay thay đổi thiết lập khởi động,noise_ui_fragment,49,51,1.0408163265306123
18571,Size:,Cỡ:,exact_duplicate,5,3,0.6
18574,Position:,Vị trí:,exact_duplicate,9,7,0.7777777777777778
18577,Your names,"Phan Vĩnh Thịnh, nhóm Việt hóa KDEEMAIL OF TRANSLATORS",extreme_length_ratio; exact_duplicate,10,54,5.4
18578,Your emails,"teppi82@ gmail. com, kde- l10n- vi@ lists. kde. org",exact_duplicate,11,51,4.636363636363637
18580,%1 x %2,% 1 x% 2,exact_duplicate,7,8,1.1428571428571428
18581,Normal,Thường,exact_duplicate,6,6,1.0
18585,"# created by KDE, %1 # # If you do not want KDE to override your GTK settings, select # Appearance - > Colors in the System Settings and disable the checkbox # ""Apply colors to non-KDE4 applications"" # #","# tạo bởi KDE,% 1 # # Nếu muốn KDE ghi chèn lên thiết lập GTK, hãy chọn # Trang trí & Sắc thái - > Màu sắc trong Trung tâm điều khiển và bỏ đi # ""Áp dụng màu cho các ứng dụng không phải KDE"" # #",noise_ui_fragment,203,194,0.9556650246305419
18586,KReadConfig,KReadConfig,identical_pair,11,11,1.0
18588,Use < file > instead of global config,Dùng < t\ �\ �\ �p_ tin > thay cho cấu hình chung,encoding_issue; exact_duplicate; noise_markup_or_html_entity,37,49,1.3243243243243243
18589,Key to look for,Từ khóa cần tìm kiếm,exact_duplicate,15,20,1.3333333333333333
18593,Your names,Phan Vĩnh ThịnhEMAIL OF TRANSLATORS,exact_duplicate,10,35,3.5
18594,Your emails,teppi82@ gmail. com,exact_duplicate,11,19,1.7272727272727273
18595,Settings,Phiên chạy,noise_ui_fragment,8,10,1.25
18596,%1 (%2),% 1 (% 2),exact_duplicate,7,9,1.2857142857142858
18599,Automatic Log Out,< nobr > Tự động đăng xuất < nobr >,noise_markup_or_html_entity,17,35,2.0588235294117645
18610,The session is locked,< nobr > Phiên chạy bị khoá,noise_markup_or_html_entity,21,27,1.2857142857142858
18611,The session was locked by %1,< nobr > Phiên chạy bị khoá bởi% 1,noise_markup_or_html_entity,28,34,1.2142857142857142
18612,Unlock,Bỏ khoá,exact_duplicate,6,7,1.1666666666666667
18620,Session,Phiên chạy,exact_duplicate,7,10,1.4285714285714286
18632,Preview,NAME OF TRANSLATORS,language_suspect,7,19,2.7142857142857144
18633,Your names,Nhóm Việt hoá KDEEMAIL OF TRANSLATORS,exact_duplicate,10,37,3.7
18634,Your emails,kde- l10n- vi@ kde. org,exact_duplicate,11,23,2.090909090909091
18641,Switch User,Chuyển đổi người dùng,exact_duplicate,11,21,1.9090909090909092
18648,KRunner Settings,Bộ khoá KRunner,noise_ui_fragment,16,15,0.9375
18658,KBlankScreen,KBlankScreen,identical_pair,12,12,1.0
18660,Color:,Màu:,exact_duplicate,6,4,0.6666666666666666
18663,Maintainer,Nhà duy trì,exact_duplicate,10,11,1.1
18667,Your names,Phan Vĩnh ThịnhEMAIL OF TRANSLATORS,exact_duplicate,10,35,3.5
18668,Your emails,teppi82@ gmail. com,exact_duplicate,11,19,1.7272727272727273
18676,& Cancel,Thôi,exact_duplicate; noise_ui_fragment,8,4,0.5
18681,Remove Theme,Bỏ,extreme_length_ratio,12,2,0.16666666666666666
18683,Delete folder %1 and its contents?,Xóa thư mục% 1 và nội dung của nó?,noise_ui_fragment,34,34,1.0
18684,& Delete,& Xoá,exact_duplicate; noise_ui_fragment,8,5,0.625
18687,Unknown,Không rõ,exact_duplicate,7,8,1.1428571428571428
18688,Name: %1,Tên:% 1,exact_duplicate,8,7,0.875
18689,Description: %1,Mô tả:% 1,exact_duplicate,15,9,0.6
18690,Version: %1,Phiên bản:% 1,exact_duplicate,11,13,1.1818181818181819
18705,Your names,Phan Vĩnh ThịnhEMAIL OF TRANSLATORS,exact_duplicate,10,35,3.5
18706,Your emails,teppi82@ gmail. com,exact_duplicate,11,19,1.7272727272727273
18710,Add...,Thêm...,exact_duplicate,6,7,1.1666666666666667
18711,Test,Thử,exact_duplicate,4,3,0.75
18713,KStart,KStart,identical_pair,6,6,1.0
18734,Your names,Phan Vĩnh ThịnhEMAIL OF TRANSLATORS,exact_duplicate,10,35,3.5
18735,Your emails,teppi82@ gmail. com,exact_duplicate,11,19,1.7272727272727273
18751,Cannot save file %1,Không thể lưu tập tin% 1,noise_ui_fragment,19,24,1.263157894736842
18771,Memory,Bộ nhớ,exact_duplicate,6,6,1.0
18794,Network,Mạng,exact_duplicate,7,4,0.5714285714285714
18808,Data,Dữ liệu,exact_duplicate,4,7,1.75
18811,Errors,Lỗi,exact_duplicate,6,3,0.5
18819,Table,Bảng,exact_duplicate,5,4,0.8
18821,ACPI,ACPI,identical_pair,4,4,1.0
18825,State,Tình trạng,exact_duplicate,5,10,2.0
18840,System,Hệ thống,exact_duplicate,6,8,1.3333333333333333
18842,Linux Soft Raid (md),Linux Soft Raid (md),identical_pair,20,20,1.0
18857,min,phútthe frequency unit,extreme_length_ratio,3,22,7.333333333333333
18859,%,%,identical_pair; exact_duplicate,1,1,1.0
18866,Timer Settings,Thiết lập đếm thời gian,noise_ui_fragment,14,23,1.6428571428571428
18869,sec,giây,exact_duplicate,3,4,1.3333333333333333
18872,Host:,Máy:,exact_duplicate,5,4,0.8
18875,ssh,SSH,identical_pair,3,3,1.0
18877,rsh,RSH,identical_pair,3,3,1.0
18883,Port:,Cổng:,exact_duplicate,5,5,1.0
18886,Command:,Lệnh:,exact_duplicate,8,5,0.625
18890,The tab '%1 'contains unsaved data. Do you want to save the tab?,Bảng làm việc «% 1 » chứa dữ liệu chưa lưu. Bạn có muốn lưu tờ này không?,noise_ui_fragment,64,73,1.140625
18897,Title,Tựa,exact_duplicate,5,3,0.6
18900,Minimum value:,Giá trị tối thiểu:,exact_duplicate,14,18,1.2857142857142858
18906,Enable alarm,Bật báo động,exact_duplicate,12,12,1.0
18915,Background color:,Màu nền:,exact_duplicate,17,8,0.47058823529411764
18919,Edit...,Sửa...,exact_duplicate,7,6,0.8571428571428571
18921,Delete,Xoá,exact_duplicate; noise_ui_fragment,6,3,0.5
18922,Push this button to delete the sensor.,Hãy nhấn nút này để xoá bỏ bộ nhạy.,noise_ui_fragment,38,35,0.9210526315789473
18925,Plotter Settings,Thiết lập bộ vẽ tín hiệu,noise_ui_fragment,16,24,1.5
18926,General,Chung,exact_duplicate,7,5,0.7142857142857143
18927,Title:,Tựa:,exact_duplicate,6,4,0.6666666666666666
18934,Grid,Lưới,exact_duplicate,4,4,1.0
18935,Lines,Đường,exact_duplicate,5,5,1.0
18938,Distance:,Khoảng cách:,exact_duplicate,9,12,1.3333333333333333
18943,Text,Chữ,exact_duplicate,4,3,0.75
18947,Move Up,Đem lên,exact_duplicate,7,7,1.0
18948,Move Down,Đem xuống,exact_duplicate,9,9,1.0
18950,OK,OK,identical_pair; exact_duplicate; noise_ui_fragment,2,2,1.0
18951,Error,Lỗi,exact_duplicate,5,3,0.6
18952,& Properties,Tài & sản,exact_duplicate,12,9,0.75
18954,This is a sensor display. To customize a sensor display click the right mouse button here and select the Properties entry from the popup menu. Select Remove to delete the display from the worksheet. %1,"Đây là một bộ trình bày dữ liệu nhạy. Để tùy chỉnh nó, hãy nhấn- phải vào đây, rồi chọn Thuộc tính trong trình đơn bật lên. Chọn Bỏ để xoá bộ trình bày ra bảng làm việc.% 1 Largest axis title",noise_ui_fragment,201,191,0.9502487562189055
18957,%1 of %2%1,units,encoding_issue,11,5,0.45454545454545453
18967,Logging,Ghi lưu,exact_duplicate,7,7,1.0
18976,Host,Máy,exact_duplicate,4,3,0.75
18979,Status,Trạng thái,exact_duplicate,6,10,1.6666666666666667
18981,File logging settings,Thiết lập ghi lưu tập tin,noise_ui_fragment,21,25,1.1904761904761905
18983,Multimeter Settings,Thiết lập bộ đa đo,noise_ui_fragment,19,18,0.9473684210526315
18984,List View Settings,Thiết lập ô xem danh sách,noise_ui_fragment,18,25,1.3888888888888888
18985,Sensor Logger Settings,Thiết lập bộ ghi lưu dữ liệu nhạy,noise_ui_fragment,22,33,1.5
18988,& File,& Tập tin,exact_duplicate,6,9,1.5
18990,& Settings,Thiết & lập,exact_duplicate; noise_ui_fragment,10,11,1.1
18991,Main Toolbar,Thanh công cụ chínhNAME OF TRANSLATORS,exact_duplicate,12,38,3.1666666666666665
18992,Your names,Nhóm Việt hoá KDEEMAIL OF TRANSLATORS,exact_duplicate,10,37,3.7
18993,Your emails,kde- l10n- vi@ kde. org,exact_duplicate,11,23,2.090909090909091
18994,File,Tập tin,exact_duplicate,4,7,1.75
18996,Enable alarm,Bật báo động,exact_duplicate,12,12,1.0
19004,Colors,Màu sắc,exact_duplicate,6,7,1.1666666666666667
19008,& Text,& Văn bản,exact_duplicate,6,9,1.5
19009,Title:,Tựa:,exact_duplicate,6,4,0.6666666666666666
19010,Filter,& Lọc,exact_duplicate,6,5,0.8333333333333334
19011,& Add,Thêm,exact_duplicate,5,4,0.8
19012,& Delete,& Xoá,exact_duplicate; noise_ui_fragment,8,5,0.625
19017,Properties,Thuộc tính,exact_duplicate,10,10,1.0
19019,Columns:,Cột:,exact_duplicate,8,4,0.5
19032,CPU: %1%%1%,CPU:% 1% Arguments are formatted byte sizes (used/ total),encoding_issue; language_suspect,12,57,4.75
19034,Swap: %1 / %2Swap: %1%1,Trao đổi:% 1 /% 2,encoding_issue,25,17,0.68
19040,Do you really want to delete the display?,Nền:,extreme_length_ratio; noise_ui_fragment,41,4,0.0975609756097561
19041,Delete Display,Bạn thực sự muốn xoá bộ trình bày không?,noise_ui_fragment,14,40,2.857142857142857
19044,Connection to %1 has been lost.,Đây là vùng làm việc của bạn. Nó chứa các bảng làm việc của bạn. Bạn cần phải tạo một bảng làm việc mới (trình đơn Tập tin → Mới) trước khi bạn có thể kéo bộ nhạy vào đây.,extreme_length_ratio,31,171,5.516129032258065
19047,System Guard Applet Settings,Tựa,extreme_length_ratio; noise_ui_fragment,28,3,0.10714285714285714
19066,Top bar,Hãy nhập vào đây tổng số đường ngang.,extreme_length_ratio,7,37,5.285714285714286
19067,Check this to active the display title bar. This is probably only useful for applet displays. The bar is only visible if the display is large enough.,Nhãn,extreme_length_ratio,149,4,0.026845637583892617
19069,Sensor Load,Bật tùy chọn này để hiển thị thanh tựa của bộ trình bày. Rất có thể là ích chỉ cho bộ trình bày tiểu dụng. Thanh này chỉ hiển thị nếu bộ trình bày đủ lớn thôi.,extreme_length_ratio,11,159,14.454545454545455
19075,KSysTrayCmd,KSysTrayCmd,identical_pair,11,11,1.0
19076,& Hide,Ẩn,exact_duplicate,6,2,0.3333333333333333
19079,& Quit,Thoát,exact_duplicate,6,5,0.8333333333333334
19092,Your names,Phan Vĩnh ThịnhEMAIL OF TRANSLATORS,exact_duplicate,10,35,3.5
19093,Your emails,teppi82@ gmail. com,exact_duplicate,11,19,1.7272727272727273
19100,Remove Theme,Xóa bỏ sắc thái,exact_duplicate,12,15,1.25
19115,Theme,Sắc thái,exact_duplicate,5,8,1.6
19118,Background,Nền,exact_duplicate,10,3,0.3
19120,Colors,Màu,exact_duplicate,6,3,0.5
19124,Icons,Biểu tượng,exact_duplicate,5,10,2.0
19126,Fonts,Phông,exact_duplicate,5,5,1.0
19133,Comment:,& Chú thích:,exact_duplicate,8,12,1.5
19135,Your names,Phan Vĩnh ThịnhEMAIL OF TRANSLATORS,exact_duplicate,10,35,3.5
19136,Your emails,teppi82@ gmail. com,exact_duplicate,11,19,1.7272727272727273
19139,System,Hệ thống,exact_duplicate,6,8,1.3333333333333333
19140,Navigation,Di chuyển,exact_duplicate,10,9,0.9
19151,Windows,Cửa sổ,exact_duplicate,7,6,0.8571428571428571
19153,Close Window,Đóng cửa sổ,exact_duplicate; noise_ui_fragment,12,11,0.9166666666666666
19157,Minimize Window,Thu nhỏ cửa sổ,exact_duplicate,15,14,0.9333333333333333
19158,Shade Window,Che cửa sổ,exact_duplicate,12,10,0.8333333333333334
19206,Window to Next Desktop,Cửa sổ tới màn hình tiếp,noise_ui_fragment,22,24,1.0909090909090908
19220,Window to Next Screen,Cửa sổ tới màn hình kế,noise_ui_fragment,21,22,1.0476190476190477
19243,Switch to Next Desktop,Chuyển tới màn hình tiếp,noise_ui_fragment,22,24,1.0909090909090908
19257,Switch to Next Screen,Chuyển tới màn hình kế,noise_ui_fragment,21,22,1.0476190476190477
19258,Miscellaneous,Lặt vặt,exact_duplicate,13,7,0.5384615384615384
19267,KWin,KWin,identical_pair; exact_duplicate,4,4,1.0
19269,Maintainer,Nhà duy trì,exact_duplicate,10,11,1.1
19272,KWin:,KWin:,identical_pair,5,5,1.0
19274,Your names,Phan Vĩnh ThịnhEMAIL OF TRANSLATORS,exact_duplicate,10,35,3.5
19275,Your emails,teppi82@ gmail. com,exact_duplicate,11,19,1.7272727272727273
19281,& Special Window Settings...,Thiết lập cửa sổ đặc biệt...,noise_ui_fragment,28,28,1.0
19282,& Special Application Settings...,Thiết lập ứng dụng đặc biệt...,noise_ui_fragment,33,30,0.9090909090909091
19286,Minimize,Thu nhỏ,exact_duplicate,8,7,0.875
19287,Maximize,Phóng to,exact_duplicate,8,8,1.0
19289,Advanced,Nâng cao,exact_duplicate,8,8,1.0
19291,& Close,Đóng,exact_duplicate; noise_ui_fragment,7,4,0.5714285714285714
19295,& All Desktops,& Mọi màn hình,exact_duplicate,14,14,1.0
19303,Menu,Thực đơn,exact_duplicate,4,8,2.0
19304,Not on all desktops,Không trên mọi màn hình,exact_duplicate,19,23,1.2105263157894737
19305,On all desktops,Trên mọi màn hình,exact_duplicate,15,17,1.1333333333333333
19306,Help,Trợ giúp,exact_duplicate,4,8,2.0
19307,Minimize,Thu nhỏ,exact_duplicate,8,7,0.875
19308,Restore,Phục hồi,exact_duplicate,7,8,1.1428571428571428
19309,Maximize,Phóng to,exact_duplicate,8,8,1.0
19310,Close,Đóng,exact_duplicate; noise_ui_fragment,5,4,0.8
19312,Keep above others,Giữ trên các cửa sổ khác,exact_duplicate,17,24,1.411764705882353
19314,Keep below others,Giữ dưới các cửa sổ khác,exact_duplicate,17,24,1.411764705882353
19315,Unshade,Bỏ che,exact_duplicate,7,6,0.8571428571428571
19316,Shade,Che,exact_duplicate,5,3,0.6
19319,The library %1 is not a KWin plugin.,Thư viện% 1 không phải là một bổ sung KWin.,exact_duplicate,36,43,1.1944444444444444
19328,Advanced,Nâng cao,exact_duplicate,8,8,1.0
19343,kompmgr cannot find the Xrender extension You are using either an outdated or a crippled version of XOrg. Get XOrg & ge; 6.8 from www. freedesktop. org.,kompmgr không tìm thấy mở rộng Xrender Bạn đang dùng phiên bản XOrg đã cũ hoặc đã bị hỏng. Hãy lấy XOrg & ge; 6. 8 từ www. freedesktop. org.,noise_url,152,140,0.9210526315789473
19352,Actions Settings,Thiết lập hành động,noise_ui_fragment,16,19,1.1875
19355,Minimize Window,Thu nhỏ cửa sổ,exact_duplicate,15,14,0.9333333333333333
19356,Shade Window,Che cửa sổ,exact_duplicate,12,10,0.8333333333333334
19357,Close Window,Đóng cửa sổ,exact_duplicate; noise_ui_fragment,12,11,0.9166666666666666
19359,Menu,Thực đơn,exact_duplicate,4,8,2.0
19360,Not on all desktops,Không trên mọi màn hình,exact_duplicate,19,23,1.2105263157894737
19361,On all desktops,Trên mọi màn hình,exact_duplicate,15,17,1.1333333333333333
19362,Minimize,Thu nhỏ,exact_duplicate,8,7,0.875
19363,Maximize,Phóng đại,exact_duplicate,8,9,1.125
19364,Close,Đóng,exact_duplicate; noise_ui_fragment,5,4,0.8
19365,Help,Trợ giúp,exact_duplicate,4,8,2.0
19366,Unshade,Bỏ che,exact_duplicate,7,6,0.8571428571428571
19367,Shade,Che,exact_duplicate,5,3,0.6
19368,Resize,Đổi cỡ,exact_duplicate,6,6,1.0
19370,Restore,"Phục hồiHelp button label, one character",extreme_length_ratio,7,40,5.714285714285714
19371,Web,Web,identical_pair,3,3,1.0
19382,Redmond,Redmond,identical_pair,7,7,1.0
19383,KWMTheme,KWMTheme,identical_pair,8,8,1.0
19384,Sticky,Dính,exact_duplicate,6,4,0.6666666666666666
19389,Close Item,Đóng,noise_ui_fragment,10,4,0.4
19393,Left,Trái,exact_duplicate,4,4,1.0
19394,Center,Giữa,exact_duplicate,6,4,0.6666666666666666
19395,Right,Phải,exact_duplicate,5,4,0.8
19396,Small,Nhỏ,exact_duplicate,5,3,0.6
19397,Large,Lớn,exact_duplicate,5,3,0.6
19402,Shade Button,NAME OF TRANSLATORS,language_suspect,12,19,1.5833333333333333
19403,Your names,EMAIL OF TRANSLATORS,language_suspect; exact_duplicate,10,20,2.0
19404,Keramik,Keramik,identical_pair,7,7,1.0
19406,Check this option if you want the window icon to be displayed in the caption bubble next to the titlebar text.,Chọn tùy chọn này nếu bạn muốn hiển thị biểu tượng cửa sổ trong bong bóng tiêu đề ở cạnh chữ thanh tiêu đề.,noise_ui_fragment,110,107,0.9727272727272728
19434,Close windows by double clicking the menu button,Đóng cửa sổ khi nháy kép lên nút thực đơn,noise_ui_fragment,48,41,0.8541666666666666
19444,Medium,Vừa,exact_duplicate,6,3,0.5
19446,Plastik,Plastik,identical_pair,7,7,1.0
19449,Keep above others,Giữ trên các cửa sổ khác,exact_duplicate,17,24,1.411764705882353
19450,Keep below others,Giữ dưới các cửa sổ khác,exact_duplicate,17,24,1.411764705882353
19454,Menu,Trình đơn,exact_duplicate,4,9,2.25
19456,On all desktops,Trên mọi màn hình,exact_duplicate,15,17,1.1333333333333333
19457,Help,Trợ giúp,exact_duplicate,4,8,2.0
19458,Minimize,Thu nhỏ,exact_duplicate,8,7,0.875
19459,Restore,Phục hồi,exact_duplicate,7,8,1.1428571428571428
19460,Maximize,Phóng đại,exact_duplicate,8,9,1.125
19461,Close,Đóng,exact_duplicate; noise_ui_fragment,5,4,0.8
19470,The library %1 is not a KWin plugin.,Thư viện% 1 không phải là một bổ sung KWin.,exact_duplicate,36,43,1.1944444444444444
19471,KWriteConfig,KWriteConfig,identical_pair,12,12,1.0
19473,Use < file > instead of global config,Dùng < t\ �\ �\ �p_ tin > thay cho cấu hình chung,encoding_issue; exact_duplicate; noise_markup_or_html_entity,37,49,1.3243243243243243
19474,Key to look for,Từ khóa cần tìm kiếm,exact_duplicate,15,20,1.3333333333333333
19478,Your names,Phan Vĩnh ThịnhEMAIL OF TRANSLATORS,exact_duplicate,10,35,3.5
19479,Your emails,teppi82@ gmail. com,exact_duplicate,11,19,1.7272727272727273
19483,None,Không có,exact_duplicate,4,8,2.0
19486,Switch to Next Keyboard Layout,Chuyển sang Bố trí Bàn phím Tiếp theo,noise_ui_fragment,30,37,1.2333333333333334
19488,Configure...,Cấu hình...,exact_duplicate,12,11,0.9166666666666666
19490,Layout,Bố trí,exact_duplicate,6,6,1.0
19502,Command:,Lệnh:,exact_duplicate,8,5,0.625
19505,Label:,Nhãn:,exact_duplicate,6,5,0.8333333333333334
19514,This is the command which will be executed to initialize configured options.,NAME OF TRANSLATORS,language_suspect,76,19,0.25
19515,Your names,Trần Thế TrungEMAIL OF TRANSLATORS,exact_duplicate,10,34,3.4
19516,Your emails,tttrung@ hotmail. com,exact_duplicate,11,21,1.9090909090909092
19520,"This is the command which is executed when switching to the selected layout. It may help you if you want to debug layout switching, or if you want to switch layouts without the help of KDE.",< < Bỏ,extreme_length_ratio,189,6,0.031746031746031744
19521,Sticky Switching,"Đây là lệnh được thực hiện khi chuyển đổi vào bố trí đã chọn. Nó có ích nếu bạn cần phải gỡ lỗi việc chuyển đổi bố trí, hoặc nếu bạn muốn tự chuyển đổi bố trí (không có KDE).",extreme_length_ratio,16,174,10.875
19522,"If you have more than two layouts and turn this option on, switching with the keyboard shortcut or clicking on the kxkb indicator will only cycle through the last few layouts. You can specify the number of layouts to rotate below. You can still access all layouts by right-clicking on the kxkb indicator.",Chuyển đổi dính,extreme_length_ratio,304,15,0.049342105263157895
19523,Enable sticky switching,"Nếu bạn có nhiều bố trí (> 2) và bật tùy chọn này, việc chuyển đổi bằng phím tắt hay nhấn vào chỉ thị kxkb sẽ chỉ quay qua vài bố trí vừa dùng. Cũng có thể xác định bên dưới số bố trí cần quay qua. Vẫn còn có thể truy cập mọi bố trí bằng cách nhấn- phải vào chỉ thị kxkb.",extreme_length_ratio,23,271,11.782608695652174
19530,"If more than one layout is present in this list, the KDE panel will offer a docked flag. By clicking on this flag you can easily switch between layouts. The first layout will be default one.",Tùy chọn,extreme_length_ratio,190,8,0.042105263157894736
19531,Keymap,"Nếu danh sách này chứa nhiều bố trí, bảng KDE sẽ cung cấp một cờ đã gắn. Bằng cách nhấn vào cờ này, bạn có thể chuyển đổi dẽ dàng giữa các bố trí khác nhau. Mặc định là bố trí thứ nhất.",extreme_length_ratio,6,185,30.833333333333332
19532,"If you check this option, pressing and holding down a key emits the same character over and over again. For example, pressing and holding down the Tab key will have the same effect as that of pressing that key several times in succession: Tab characters continue to be emitted until you release the key.",Sơ đồ phím,extreme_length_ratio,303,10,0.033003300330033
19533,& Enable keyboard repeat,"Đây là danh sách các bố trí bàn phím sẵn sàng trên hệ thống này. Bạn có thể thêm bố trí vào danh sách hoạt động, bằng cách chọn nó rồi bấm cái nút « Thêm ».",extreme_length_ratio,24,156,6.5
19534,& Delay:,"Bật tùy chọn này thì việc bấm giữ một phím sẽ nhập nhiều lần cùng một ký tự. Chẳng hạn, việc bấm giữ phím Tab có cùng một tác động với việc bấm phím đó vài lần liên tiếp: các ký tự Tab tiếp tục nhập vào đến khi bạn buông phím đó.",extreme_length_ratio,8,229,28.625
19535,"If supported, this option allows you to set the delay after which a pressed key will start generating keycodes. The'Repeat rate 'option controls the frequency of these keycodes.",& Bật lặp lại bàn phím,extreme_length_ratio,177,22,0.12429378531073447
19538,"If supported, this option allows you to setup the state of NumLock after KDE startup. You can configure NumLock to be turned on or off, or configure KDE not to set NumLock state.",& Tỷ lệ:,extreme_length_ratio,178,8,0.0449438202247191
19540,Turn off,"Nếu được hỗ trợ, tùy chọn này cho bạn có khả năng thiết lập tình trang của phím khoá chữ số NumLock sau khi KDE khởi chạy. Bạn có thể cấu hình bật/ tắt phím NumLock, hoặc cấu hình KDE không đặt tình trang NumLock.",extreme_length_ratio,8,213,26.625
19543,"If supported, this option allows you to hear audible clicks from your computer's speakers when you press the keys on your keyboard. This might be useful if your keyboard does not have mechanical keys, or if the sound that the keys make is very soft. You can change the loudness of the key click feedback by dragging the slider button or by clicking the up/ down arrows on the spin box. Setting the volume to 0% turns off the key click.",Để lại không thay đổi,extreme_length_ratio,435,21,0.04827586206896552
19545,Belgian,"Nếu được hỗ trợ, tùy chọn này cho bạn có khả năng nghe tiếng lách cách qua loa của máy tính khi bạn bấm phím trên bàn phím. Có thể hữu ích nếu bàn phím của bạn không có phím cơ khí (v. d. bàn phím ảo), hoặc nếu phím làm tiếng rất nhẹ. Có thể thay đổi âm lượng phản hồi của phím bằng cách kéo con trược, hoặc bằng cách nhấn vào mũi tên lên/ xuống trong hộp xoay. Việc đặt âm lượng thành 0% thì tắt khả năng làm tiếng lách cách của phím.",extreme_length_ratio,7,435,62.142857142857146
19556,Hungarian (qwerty),Đức,extreme_length_ratio,18,3,0.16666666666666666
19559,Lithuanian,Ý,extreme_length_ratio,10,1,0.1
19572,Thai,Thuỵ Sĩ nói tiếng Đức,extreme_length_ratio,4,21,5.25
19585,Serbian,"Li- tu- a- ni (querty ""lập trình viên"")",extreme_length_ratio,7,39,5.571428571428571
19594,"Lithuanian qwerty ""programmer's""",Hy Lạp,extreme_length_ratio,32,6,0.1875
19640,Create New,Tạo mới,exact_duplicate,10,7,0.7
19643,File name:,Tên tập tin:,exact_duplicate,10,12,1.2
19644,"Basic links can only point to local files or directories. Please use ""Link to Location"" for remote URLs.",@ title: menu,extreme_length_ratio,104,13,0.125
19652,& Move Here,& Chuyển vào đây,exact_duplicate,11,16,1.4545454545454546
19656,Cancel,& Dừng,noise_ui_fragment,6,6,1.0
19659,New Folder,Thư mục mới,exact_duplicate,10,11,1.1
19660,Enter folder name:,Nhập tên thư mục:,exact_duplicate,18,17,0.9444444444444444
19664,& Open,& Mở,exact_duplicate,6,4,0.6666666666666666
19666,& Restore,& Phục hồi,exact_duplicate,9,10,1.1111111111111112
19675,Share,Chia sẻ,exact_duplicate,5,7,1.4
19676,& Actions,Hành động,exact_duplicate,9,9,1.0
19678,& Other...,& Khác...,exact_duplicate,10,9,0.9
19681,Open in New & Window,Mở trong cửa & sổ mới,exact_duplicate,20,21,1.05
19684,Open the document in a new window,Mở tài liệu trong cửa sổ mới,exact_duplicate,33,28,0.8484848484848485
19686,Undo,Hủy bước,exact_duplicate,4,8,2.0
19695,Background Settings,Thùng & rác,noise_ui_fragment,19,11,0.5789473684210527
19711,Allows choosing of background settings for this view,Tí hon,extreme_length_ratio; noise_ui_fragment,52,6,0.11538461538461539
19721,Your names,Nhóm Việt hoá KDEEMAIL OF TRANSLATORS,exact_duplicate,10,37,3.7
19722,Your emails,kde- l10n- vi@ kde. org,exact_duplicate,11,23,2.090909090909091
19728,%1 (%2),% 1 (% 2),exact_duplicate,7,9,1.2857142857142858
19733,Minimize,& Thu nhỏ,exact_duplicate,8,9,1.125
19734,Maximize,Phóng đại,exact_duplicate,8,9,1.125
19738,& Close,Đóng,exact_duplicate; noise_ui_fragment,7,4,0.5714285714285714
19740,& All Desktops,& Mọi màn hình,exact_duplicate,14,14,1.0
19751,& Close All,Đóng & tất cả,noise_ui_fragment,11,13,1.1818181818181819
19755,& Save As...,& Ghi như...,noise_ui_fragment,12,12,1.0
19761,nspluginscan,nspluginscan,identical_pair,12,12,1.0
19764,Your names,Phan Vĩnh ThịnhEMAIL OF TRANSLATORS,exact_duplicate,10,35,3.5
19765,Your emails,teppi82@ gmail. com,exact_duplicate,11,19,1.7272727272727273
19772,Your names,Nhóm Việt hoá KDEEMAIL OF TRANSLATORS,exact_duplicate,10,37,3.7
19773,Your emails,kde- l10n- vi@ kde. org,exact_duplicate,11,23,2.090909090909091
19783,& Save copy in custom faces folder for future use,& Ghi bản sao trong tập tin khuôn mặt cá nhân để sử dụng sau,noise_ui_fragment,49,60,1.2244897959183674
19787,"(C) 2002, Braden MacDonald, (C) 2004 Ravikiran Rajagopal","(C) 2002, Braden MacDonald, (C) 2004 Ravikiran Rajagopal",identical_pair,56,56,1.0
19788,Maintainer,Nhà duy trì,exact_duplicate,10,11,1.1
19791,Icons,Biểu tượng,exact_duplicate,5,10,2.0
19794,Please enter your password in order to save your settings:,Xin hãy nhập mật khẩu của bạn để có thể ghi nhớ thiết lập:,noise_ui_fragment,58,58,1.0
19820,Your names,Phan Vĩnh ThịnhEMAIL OF TRANSLATORS,exact_duplicate,10,35,3.5
19821,Your emails,teppi82@ gmail. com,exact_duplicate,11,19,1.7272727272727273
19824,KCMUserAccount,KCMUserAccount,identical_pair,14,14,1.0
19825,Sounds,Âm thanh,exact_duplicate,6,8,1.3333333333333333
19826,Start,Bắt đầu,exact_duplicate,5,7,1.4
19829,Name:,Tên:,exact_duplicate,5,4,0.8
19840,Next sequence in 3...,Dãy tiếp theo trong 3...,noise_ui_fragment,21,24,1.1428571428571428
19841,"Next sequence in 3, 2...","Dãy tiếp theo trong 3, 2...",noise_ui_fragment,24,27,1.125
19842,Next sequence in 2...,Dãy tiếp theo trong 2...,noise_ui_fragment,21,24,1.1428571428571428
19843,"Next sequence in 3, 2, 1...","Dãy tiếp theo trong 3, 2, 1...",noise_ui_fragment,27,30,1.1111111111111112
19844,"Next sequence in 2, 1...","Dãy tiếp theo trong 2, 1...",noise_ui_fragment,24,27,1.125
19847,2,2,identical_pair; exact_duplicate,1,1,1.0
19848,1,1,identical_pair; exact_duplicate,1,1,1.0
19849,?,?,identical_pair,1,1,1.0
19850,Level,Trình độ,exact_duplicate,5,8,1.6
19853,Blinken,blinKen,identical_pair,7,7,1.0
19860,Your names,Trần Thế TrungEMAIL OF TRANSLATORS,exact_duplicate,10,34,3.4
19861,Your emails,tttrung@ hotmail. com,exact_duplicate,11,21,1.9090909090909092
19862,Level 2,Trình độ 2,exact_duplicate,7,10,1.4285714285714286
19867,An Assistant dialog to simplify calculating derivatives of expressions,Name,extreme_length_ratio,70,4,0.05714285714285714
19869,An Assistant dialog to simplify calculation of integrals,Name,extreme_length_ratio,56,4,0.07142857142857142
19871,An Assistant dialog to simplify entering of matrices,Name,extreme_length_ratio,52,4,0.07692307692307693
19873,An Assistant dialog to simplify calculating of Eigenvalues,Name,extreme_length_ratio,58,4,0.06896551724137931
19875,An Assistant dialog to simplify calculating of EigenVectors,Name,extreme_length_ratio,59,4,0.06779661016949153
19877,An Assistant dialog to simplify inverting of matrices,Name,extreme_length_ratio,53,4,0.07547169811320754
19879,An Assistant dialog to simplify plotting of 2D functions,Name,extreme_length_ratio,56,4,0.07142857142857142
19882,An Assistant for running an external Script file,Name,extreme_length_ratio,48,4,0.08333333333333333
19884,An Assistant dialog to simplify solving of equations,Name,extreme_length_ratio,52,4,0.07692307692307693
19886,KAlgebra backend for Cantor. Lets you use the same language you use in the KAlgebra application in Cantor worksheets.,Name,extreme_length_ratio,117,4,0.03418803418803419
19888,Backend for the Maxima Computer Algebra System,Name,extreme_length_ratio,46,4,0.08695652173913043
19890,Backend for Cantor for testing purposes,Name,extreme_length_ratio,39,4,0.10256410256410256
19891,R,Comment,extreme_length_ratio,1,7,7.0
19892,Backend for The R Project for Statistical Computing,Name,extreme_length_ratio,51,4,0.0784313725490196
19894,Backend for the Sage Mathematics Software,Name,extreme_length_ratio,41,4,0.0975609756097561
19896,KDE Frontend to Mathematical Software.,Name,extreme_length_ratio,38,4,0.10526315789473684
19902,Math Expression Solver and Plotter,Name,extreme_length_ratio,34,4,0.11764705882352941
19904,An OpenGL-based 3D-renderer for molecules,Name,extreme_length_ratio,41,4,0.0975609756097561
19907,Kalzium concentration Calculator,Name,extreme_length_ratio,32,4,0.125
19909,Facts about the chemical elements,Name,extreme_length_ratio,33,4,0.12121212121212122
19910,Kalzium gas Calculator,Name,extreme_length_ratio,22,4,0.18181818181818182
19912,Kalzium Nuclear Calculator,Name,extreme_length_ratio,26,4,0.15384615384615385
19963,Shows the time in different parts of the world,Name,extreme_length_ratio,46,4,0.08695652173913043
19968,This example script offers two actions: 1) Move selected vocabulary to a different lesson 2) Change the grade of selected words to known (highest grade),Name,extreme_length_ratio,152,4,0.02631578947368421
19970,Uses Google Dictionary (translate. google. com) to translate words,Name,extreme_length_ratio,66,4,0.06060606060606061
19971,Google Images (online image fetching),Comment,extreme_length_ratio,37,7,0.1891891891891892
19972,This script automatically fetches images from images. google. com for the selected word. The search language depends on the selected word. Downloaded images are stored in a < > _files folder next to the document file. Requires PyQt4.,Name,extreme_length_ratio; noise_markup_or_html_entity; noise_ui_fragment,233,4,0.017167381974248927
19974,Uses LEO Dictionary (dict. leo. org) to translate words,Name,extreme_length_ratio,55,4,0.07272727272727272
19976,Description of what the plugin does,Name,extreme_length_ratio,35,4,0.11428571428571428
19978,This script fetches sound files from http: / /commons. wikimedia. org.,GenericName,extreme_length_ratio,70,11,0.15714285714285714
19982,Graph Theory Tool for Professors and Students.,Name,extreme_length_ratio,46,4,0.08695652173913043
19985,Simulate physics experiments,Name,extreme_length_ratio,28,4,0.14285714285714285
20013,Summary,Tóm tắt,exact_duplicate,7,7,1.0
20015,Texts,Văn bản,exact_duplicate,5,7,1.4
20016,Macros,Chương trìnhTranslators: what this drgeo file contains,extreme_length_ratio,6,54,9.0
20017,Contents,Nội dung,exact_duplicate,8,8,1.0
20019,Text,Văn bản,exact_duplicate,4,7,1.75
20020,Macro,Chương trìnhNAME OF TRANSLATORS,extreme_length_ratio,5,31,6.2
20021,Summary,Tóm tắt,exact_duplicate,7,7,1.0
20022,Version,Phiên bản,exact_duplicate,7,9,1.2857142857142858
20025,Grid,Lưới,exact_duplicate,4,4,1.0
20028,n/ a,không áp dụng% 1 represents Kig version,extreme_length_ratio,4,39,9.75
20030,No,NAME OF TRANSLATORS,language_suspect; extreme_length_ratio,2,19,9.5
20043,Level,Trình độ,exact_duplicate,5,8,1.6
20046,& Language,& Ngôn ngữ,exact_duplicate,10,10,1.0
20047,Themes,Sắc thái,exact_duplicate,6,8,1.3333333333333333
20054,Font Settings,Cài đặt Phông chữ,noise_ui_fragment,13,17,1.3076923076923077
20055,Timer,Đồng hồ hẹn giờ@ info: status the current level chosen,extreme_length_ratio,5,54,10.8
20067,Luganda,Luganda@ item: inlistbox no language for that locale,language_suspect; extreme_length_ratio,7,52,7.428571428571429
20069,KLettres,KLettres,identical_pair,8,8,1.0
20089,Language,Ngôn ngữ,exact_duplicate,8,8,1.0
20090,Theme,Sắc thái,exact_duplicate,5,8,1.6
20091,Mode,Chế độ,exact_duplicate,4,6,1.5
20096,& Settings,Cài đặt Phông chữ,noise_ui_fragment,10,17,1.7
20101,Grown-up Mode,NAME OF TRANSLATORS,language_suspect,13,19,1.4615384615384615
20102,Your names,Trần Thế TrungEMAIL OF TRANSLATORS,exact_duplicate,10,34,3.4
20103,Your emails,tttrung@ hotmail. com,exact_duplicate,11,21,1.9090909090909092
20106,Level 2,Trình độ 2,exact_duplicate,7,10,1.4285714285714286
20129,KmPlot,KmPlot,identical_pair,6,6,1.0
20136,File to open,Tập tin để mở,exact_duplicate,12,13,1.0833333333333333
20150,& Overwrite,& Ghi đè,exact_duplicate,11,8,0.7272727272727273
20153,Color:,Màu:,exact_duplicate,6,4,0.6666666666666666
20159,Value:,Giá trị:,exact_duplicate,6,8,1.3333333333333333
20163,& New,& Mới...,exact_duplicate,5,8,1.6
20164,Constant,Hằng số,exact_duplicate,8,7,0.875
20165,Value,Giá trị,exact_duplicate,5,7,1.4
20166,Delete the selected constant,xoá hằng số đã chọn,noise_ui_fragment,28,19,0.6785714285714286
20167,Click here to delete the selected constant; it can only be removed if it is not currently used by a plot.,"Ấn vào để xoá hằng số đã chọn, nó chỉ có thể bị xoá nếy nó không đang được dùng bởi một đồ thị nào đó.",noise_ui_fragment,105,102,0.9714285714285714
20168,& Delete,& Độ,noise_ui_fragment,8,4,0.5
20169,Max:,Cực đại:,exact_duplicate,4,8,2.0
20172,Min:,Cực tiểu:,exact_duplicate,4,9,2.25
20179,delete the selected function,xoá hàm đã chọn,noise_ui_fragment,28,15,0.5357142857142857
20180,Click here to delete the selected function from the list.,Ấn vào đây để xoá hàm đã chọn khỏi danh sách.,noise_ui_fragment,57,45,0.7894736842105263
20181,Function,Hàm,exact_duplicate,8,3,0.375
20224,Name:,Tên:,exact_duplicate,5,4,0.8
20295,& Edit,& Soạn...,exact_duplicate,6,9,1.5
20298,& Settings,Cài đặt Chung,noise_ui_fragment,10,13,1.3
20301,1,1,identical_pair; exact_duplicate,1,1,1.0
20302,10,10,identical_pair; exact_duplicate,2,2,1.0
20316,delete selected constant,xoá hằng số đã chọn,noise_ui_fragment,24,19,0.7916666666666666
20320,& Import...,& Nhập...,exact_duplicate,11,9,0.8181818181818182
20323,& Export...,& Xuất...,exact_duplicate,11,9,0.8181818181818182
20331,Specify the color of the axes. Thechange will appear as soon as you press the OK button.,Chọn màu cho trục. Các thay đổi sẽ hiện ra ngay khi bạn ấn OK.,noise_ui_fragment,88,62,0.7045454545454546
20333,Specify the color of the grid. The change will appear as soon as you press the OK button.,Chọn màu cho lưới. Các thay đổi sẽ hiện ra ngay khi bạn ấn OK.,noise_ui_fragment,89,62,0.6966292134831461
20336,"The default color for function number 2. Please note that this color setting only affects empty functions, so if you have defined a function at number 1 and you change color for that number here, the setting will be shown next time you define a new function at number 1.","Màu mặc định cho hàm số 2. Xin chú ý là cài đặt cho màu này chỉ áp dụng cho các hàm rỗng, nghĩa là nếu bạn đã định nghĩa một hàm ở số 1 và nếu bạn thay đổi màu cho số này tại đây, cài đặt sẽ có hiệu lực cho lần tới, khi bạn định nghĩa một hàm mới tại số 1.",noise_ui_fragment,270,256,0.9481481481481482
20338,"The default color for function number 5. Please note that this color setting only affects empty functions, so if you have defined a function at number 1 and you change color for that number here, the setting will be shown next time you define a new function at number 1.","Màu mặc định cho hàm số 5. Xin chú ý là cài đặt cho màu này chỉ áp dụng cho các hàm rỗng, nghĩa là nếu bạn đã định nghĩa một hàm ở số 1 và nếu bạn thay đổi màu cho số này tại đây, cài đặt sẽ có hiệu lực cho lần tới, khi bạn định nghĩa một hàm mới tại số 1.",noise_ui_fragment,270,256,0.9481481481481482
20340,"The default color for function number 1. Please note that this color setting only affects empty functions, so if you have defined a function at number 1 and you change color for that number here, thesetting will be shown next time you define a new function at number 1.","Màu mặc định cho hàm số 1. Xin chú ý là cài đặt cho màu này chỉ áp dụng cho các hàm rỗng, nghĩa là nếu bạn đã định nghĩa một hàm ở số 1 và nếu bạn thay đổi màu cho số này tại đây, cài đặt sẽ có hiệu lực cho lần tới, khi bạn định nghĩa một hàm mới tại số 1.",noise_ui_fragment,269,256,0.9516728624535316
20343,"The default color for function number 3. Please note that this color setting only affects empty functions, so if you have defined a function at number 1 and you change color for that number here, thesetting will be shown next time you define a new function at number 1.","Màu mặc định cho hàm số 3. Xin chú ý là cài đặt cho màu này chỉ áp dụng cho các hàm rỗng, nghĩa là nếu bạn đã định nghĩa một hàm ở số 1 và nếu bạn thay đổi màu cho số này tại đây, cài đặt sẽ có hiệu lực cho lần tới, khi bạn định nghĩa một hàm mới tại số 1.",noise_ui_fragment,269,256,0.9516728624535316
20348,"The default color for function number 4. Please note that this color setting only affects empty functions, so if you have defined a function at number 1 and you change color for that number here, the setting will be shown next time you define a new function at number 1.","Màu mặc định cho hàm số 4. Xin chú ý là cài đặt cho màu này chỉ áp dụng cho các hàm rỗng, nghĩa là nếu bạn đã định nghĩa một hàm ở số 1 và nếu bạn thay đổi màu cho số này tại đây, cài đặt sẽ có hiệu lực cho lần tới, khi bạn định nghĩa một hàm mới tại số 1.",noise_ui_fragment,270,256,0.9481481481481482
20353,"The default color for function number 9. Please note that this color setting only affects empty functions, so if you have defined a function at number 1 and you change color for that number here, the setting will be shown next time you define a new function at number 1.","Màu mặc định cho hàm số 9. Xin chú ý là cài đặt cho màu này chỉ áp dụng cho các hàm rỗng, nghĩa là nếu bạn đã định nghĩa một hàm ở số 1 và nếu bạn thay đổi màu cho số này tại đây, cài đặt sẽ có hiệu lực cho lần tới, khi bạn định nghĩa một hàm mới tại số 1.",noise_ui_fragment,270,256,0.9481481481481482
20356,"The default color for function number 7. Please note that this color setting only affects empty functions, so if you have defined a function at number 1 and you change color for that number here, the setting will be shown next time you define a new function at number 1.","Màu mặc định cho hàm số 7. Xin chú ý là cài đặt cho màu này chỉ áp dụng cho các hàm rỗng, nghĩa là nếu bạn đã định nghĩa một hàm ở số 1 và nếu bạn thay đổi màu cho số này tại đây, cài đặt sẽ có hiệu lực cho lần tới, khi bạn định nghĩa một hàm mới tại số 1.",noise_ui_fragment,270,256,0.9481481481481482
20358,"The default color for function number 8. Please note that this color setting only affects empty functions, so if you have defined a function at number 1 and you change color for that number here, the setting will be shown next time you define a new function at number 1.","Màu mặc định cho hàm số 8. Xin chú ý là cài đặt cho màu này chỉ áp dụng cho các hàm rỗng, nghĩa là nếu bạn đã định nghĩa một hàm ở số 1 và nếu bạn thay đổi màu cho số này tại đây, cài đặt sẽ có hiệu lực cho lần tới, khi bạn định nghĩa một hàm mới tại số 1.",noise_ui_fragment,270,256,0.9481481481481482
20360,"The default color for function number 6. Please note that this color setting only affects empty functions, so if you have defined a function at number 1 and you change color for that number here, the setting will be shown next time you define a new function at number 1.","Màu mặc định cho hàm số 6. Xin chú ý là cài đặt cho màu này chỉ áp dụng cho các hàm rỗng, nghĩa là nếu bạn đã định nghĩa một hàm ở số 1 và nếu bạn thay đổi màu cho số này tại đây, cài đặt sẽ có hiệu lực cho lần tới, khi bạn định nghĩa một hàm mới tại số 1.",noise_ui_fragment,270,256,0.9481481481481482
20363,"The default color for function number 10. Please note that this color setting only affects empty functions, so if you have defined a function at number 1 and you change color for that number here, the setting will be shown next time you define a new function at number 1.","Màu mặc định cho hàm số 10. Xin chú ý là cài đặt cho màu này chỉ áp dụng cho các hàm rỗng, nghĩa là nếu bạn đã định nghĩa một hàm ở số 1 và nếu bạn thay đổi màu cho số này tại đây, cài đặt sẽ có hiệu lực cho lần tới, khi bạn định nghĩa một hàm mới tại số 1.",noise_ui_fragment,271,257,0.948339483394834
20381,Lines,Đường,exact_duplicate,5,5,1.0
20388,General,Chung,exact_duplicate,7,5,0.7142857142857143
20392,& Radian,& Radian,identical_pair,8,8,1.0
20400,%,%,identical_pair; exact_duplicate,1,1,1.0
20403,< 0 >,NAME OF TRANSLATORS,language_suspect; noise_markup_or_html_entity,5,19,3.8
20404,Your names,Trần Thế TrungEMAIL OF TRANSLATORS,exact_duplicate,10,34,3.4
20405,Your emails,tttrung@ hotmail. com,exact_duplicate,11,21,1.9090909090909092
20409,General Settings,Cài đặt Chung,noise_ui_fragment,16,13,0.8125
20410,Colors,Màu,exact_duplicate,6,3,0.5
20413,Export...,& Xuất...,exact_duplicate,9,9,1.0
20432,The plot has been modified. Do you want to save it?,Đồ thị đã bị thay đổi. Bạn có muốn lưu nó không?,noise_ui_fragment,51,48,0.9411764705882353
20433,"This file is saved with an old file format; if you save it, you cannot open the file with older versions of KmPlot. Are you sure you want to continue?","Tập tin đang có định dạng cũ; nếu bạn lưu nó, bạn sẽ không thể mở nó bằng các phiên bản cũ của Kmplot. Bạn có chắc là muố tiếp tục không?",noise_ui_fragment,150,137,0.9133333333333333
20434,Save New Format,Lưu Định dạng Mới,noise_ui_fragment,15,17,1.1333333333333333
20438,KmPlotPart,KmPlotPart,identical_pair,10,10,1.0
20456,and:,Lỗi phân tích ngữ pháp tại% 1: Hàm tự gọi chính mình,extreme_length_ratio,4,52,13.0
20473,The font size for the axis,Màu:,extreme_length_ratio,26,4,0.15384615384615385
20477,5,thay đổi giá trị tham số bằng cách di chuyển con trượt,extreme_length_ratio,1,54,54.0
20478,pi/2,đọc giá trị tham số từ một danh sách,extreme_length_ratio,4,36,9.0
20480,cm,Không dùng bất cứ giá trị tham số nào,extreme_length_ratio,2,37,18.5
20481,Y-Axis,Giới hạn & dưới của dải vẽ theo ý người dùng:,extreme_length_ratio,6,45,7.5
20484,Font size of the axis labels,Màu:,extreme_length_ratio,28,4,0.14285714285714285
20488,Recursive function is not allowed,Biến:,extreme_length_ratio,33,5,0.15151515151515152
20492,Title:,@ item: intable the author will be written here,language_suspect; extreme_length_ratio,6,47,7.833333333333333
20493,This is not a KDE Vocabulary document.,A generic name for a new lesson and its number.,language_suspect,38,47,1.236842105263158
20494,Level 7,@ item: inlistbox The grammatical type of a word,language_suspect; extreme_length_ratio,7,48,6.857142857142857
20495,Verb,The grammatical type of a word,language_suspect; extreme_length_ratio,4,30,7.5
20496,Noun,The grammatical type of a word,language_suspect; extreme_length_ratio,4,30,7.5
20497,Name,The grammatical type of a word,language_suspect; extreme_length_ratio,4,30,7.5
20498,Article,The grammatical type of a word,language_suspect,7,30,4.285714285714286
20499,Adjective,The grammatical type of a word,language_suspect,9,30,3.3333333333333335
20500,Adverb,The grammatical type of a word,language_suspect,6,30,5.0
20501,Pronoun,The grammatical type of an entry,language_suspect,7,32,4.571428571428571
20502,Phrase,The grammatical type of a word,language_suspect,6,30,5.0
20503,Numeral,The grammatical type of a word,language_suspect,7,30,4.285714285714286
20504,Conjunction,The grammatical type of a word,language_suspect,11,30,2.727272727272727
20505,Preposition,The grammatical type of an entry,language_suspect,11,32,2.909090909090909
20506,Ordinal,"@ item: inlistbox A subtype of the grammatical word type: Numeral Cardinal (one, two, three,...)",language_suspect; extreme_length_ratio,7,96,13.714285714285714
20507,Cardinal,@ item: inlistbox A subtype of the grammatical word type: Article (the),language_suspect; extreme_length_ratio,8,71,8.875
20508,Definite,@ item: inlistbox A subtype of the grammatical word type: Article (a),language_suspect; extreme_length_ratio,8,69,8.625
20509,Indefinite,@ item: inlistbox A subtype of the grammatical word type: Verb with regular conjugation,language_suspect; extreme_length_ratio,10,87,8.7
20510,Regular,@ item: inlistbox A subtype of the grammatical word type: Verb with irregular conjugation,language_suspect; extreme_length_ratio,7,89,12.714285714285714
20511,Irregular,"@ item: inlistbox A subtype of the grammatical word type: Pronoun (my, your, his, her...)",language_suspect; extreme_length_ratio,9,89,9.88888888888889
20512,Possessive,"@ item: inlistbox A subtype of the grammatical word type: Pronoun (I, you, he...)",language_suspect; extreme_length_ratio,10,81,8.1
20513,Personal,EMAIL OF TRANSLATORS,language_suspect,8,20,2.5
20514,Male,tttrung@ hotmail. comEMAIL OF TRANSLATORS,language_suspect; extreme_length_ratio,4,41,10.25
20515,Female,tttrung@ hotmail. com@ item: inlistbox A subtype of the grammatical word type: Noun,language_suspect; extreme_length_ratio,6,83,13.833333333333334
20516,Future,The grammatical type of a word,language_suspect,6,30,5.0
20517,Error while reading file,The top level lesson which contains all other lessons of the document.,language_suspect,24,70,2.9166666666666665
20518,Cannot write to file %1,"The name of the first language/ column of vocabulary, if we have to guess it.",language_suspect,23,77,3.347826086956522
20519,Original,"The name of the second, third... language/ column of vocabulary, if we have to guess it.",language_suspect; extreme_length_ratio,8,88,11.0
20520,Unknown error.,NAME OF TRANSLATORS,language_suspect,14,19,1.3571428571428572
20521,Your names,Trần Thế TrungEMAIL OF TRANSLATORS,exact_duplicate,10,34,3.4
20522,"Historically known as eka-radon, eka-emanation before 1960. Ununoctium is a temporary IUPAC systematic element name.",NAME OF TRANSLATORS,language_suspect; extreme_length_ratio,116,19,0.16379310344827586
20524,from the Latin'carbo 'for coal.,Tìm:,extreme_length_ratio,31,4,0.12903225806451613
20525,"from the Greek'chroma 'for color, paint.",Tuần% 1,extreme_length_ratio,40,7,0.175
20527,"from the Greek'xenos' for foreigner, stranger, strange.",Năm trước,extreme_length_ratio,55,9,0.16363636363636364
20528,"from the Greek'astatos' for unsteady, changing",Tháng sau,extreme_length_ratio,46,9,0.1956521739130435
20529,from the Greek'aktis' for ray; 'aktinoeides' for radiating.,Tháng trước,extreme_length_ratio,59,11,0.1864406779661017
20530,"Named after the German State (Bundesland) Hessen the Latin name of which is'Hassia '; in Hessen, many elements have been discovered.",Chọn một tuần,extreme_length_ratio,132,13,0.09848484848484848
20538,Stop the lava and save the day,Name,extreme_length_ratio; noise_ui_fragment,30,4,0.13333333333333333
20543,A theme with a lot of contrast,Name,extreme_length_ratio,30,4,0.13333333333333333
20545,A pen and paper theme,Name,extreme_length_ratio,21,4,0.19047619047619047
20567,Clanbomber Huge Standard,Name,extreme_length_ratio,24,4,0.16666666666666666
20577,Clanbomber Small Standard,Name,extreme_length_ratio,25,4,0.16
20579,Clanbomber Tiny Standard,Name,extreme_length_ratio,24,4,0.16666666666666666
20583,Default Granatier Arena,Name,extreme_length_ratio,23,4,0.17391304347826086
20603,Eat pills escaping ghosts,Name,extreme_length_ratio,25,4,0.16
20605,"Getting bored with Kapman? More than 100,000 points over level 20? Next step: the invisible maze!",Name,extreme_length_ratio; noise_ui_fragment,97,4,0.041237113402061855
20610,Avoid the mummies at all costs!,Name,extreme_length_ratio,31,4,0.12903225806451613
20612,The old game theme revisited,Name,extreme_length_ratio,28,4,0.14285714285714285
20616,This is the original collection of KAtomic levels.,Name,extreme_length_ratio,50,4,0.08
20626,Poly-Tetra-Fluoro-Ethene,Name,extreme_length_ratio,24,4,0.16666666666666666
20630,Acetic acid ethyl ester,Name,extreme_length_ratio,23,4,0.17391304347826086
20644,Prussic Acid (Cyanic Acid),Name,extreme_length_ratio,26,4,0.15384615384615385
20652,Acetyle salicylic acid,Name,extreme_length_ratio,22,4,0.18181818181818182
20653,Meta-Di-Nitro-Benzene,Name,extreme_length_ratio,21,4,0.19047619047619047
20659,"1,3,5,7-Cyclooctatetraene",Name,extreme_length_ratio,25,4,0.16
20672,Formic acid ethyl ester,Name,extreme_length_ratio,23,4,0.17391304347826086
20699,"KBlocks, Egyptian style.",Name,extreme_length_ratio,24,4,0.16666666666666666
20701,KBlocks Oxygen theme for KDE 4,Name,extreme_length_ratio,30,4,0.13333333333333333
20707,A simple high-contrast theme for those who like it clean.,Name,extreme_length_ratio,57,4,0.07017543859649122
20710,"Roads, cones and wheels.",Name,extreme_length_ratio,24,4,0.16666666666666666
20716,Crystal-like theme for KBreakOut,Name,extreme_length_ratio,32,4,0.125
20718,Egyptian style breakout theme.,Name,extreme_length_ratio,30,4,0.13333333333333333
20722,Simple KBreakOut theme,Name,extreme_length_ratio,22,4,0.18181818181818182
20724,"Web 2.0 theme showcases graphical elements reminiscent of those used in popular'WEB 2.0 'movement, currently taking the interweb by storm.",Name,extreme_length_ratio,138,4,0.028985507246376812
20729,Sounds that appear during a game,Name,extreme_length_ratio,32,4,0.125
20736,Egyptian style theme.,Name,extreme_length_ratio,21,4,0.19047619047619047
20738,A theme based on real looking diamonds.,Name,extreme_length_ratio,39,4,0.10256410256410256
20740,It is a fun time in the jungle! Help animals find their families. And watch out for those hard to find frogs.,Name,extreme_length_ratio,109,4,0.03669724770642202
20744,Yellow and Red Reflection,Name,extreme_length_ratio,25,4,0.16
20748,"Hunt Gold, Dodge Enemies and Solve Puzzles",Comment,extreme_length_ratio,42,7,0.16666666666666666
20749,A game of action and puzzle-solving,Name,extreme_length_ratio,35,4,0.11428571428571428
20751,"A monochrome, black on white theme for KGoldrunner",Name,extreme_length_ratio,50,4,0.08
20753,A light and clean theme for KDE4,Name,extreme_length_ratio,32,4,0.125
20755,Help Matt Goldrunner escape the traps of ancient Egypt.,Name,extreme_length_ratio,55,4,0.07272727272727272
20759,A scalable theme for KGoldrunner that brings back that 8-bit look...,Name,extreme_length_ratio; noise_ui_fragment,68,4,0.058823529411764705
20760,Kigo Default theme for KDE 4,Name,extreme_length_ratio,28,4,0.14285714285714285
20765,"The rules used in the original BSD command line version of robots. Nothing fancy, just the basic game elements: no fastbots, no safe teleports, no pushing junkheaps, and a huge game grid. Due to its larger width, it is recommended that you use a theme with narrower tiles to better fit your screen.",Name,extreme_length_ratio,298,4,0.013422818791946308
20767,"An approximation of the rules used in Daleks, a robots-like game for early Apple computers. The hero is allotted one energy each round that can be used to power the sonic screwdriver. All other special features are disabled.",Description,extreme_length_ratio,224,11,0.049107142857142856
20768,"The default Killbots game type. Includes a medium size grid, safe teleports, fast enemies and pushable junkheaps.",Name,extreme_length_ratio,113,4,0.035398230088495575
20770,"An easier version of the ""Killbots"" game type. Includes a bigger game grid prepopulated with junkheaps, a starting stash of energy and an increasing energy cap.",Name,extreme_length_ratio,160,4,0.025
20772,The player starts with 30 energy and cannot earn more. How many rounds can you survive and how many points can you collect before your energy and luck run out?,Description,extreme_length_ratio,159,11,0.06918238993710692
20774,Indiana Gnomes battles ghosts and bats on a misty mountainside. Sprites by Nicu Buculei. Background by Eugene Trounev.,Name,extreme_length_ratio,118,4,0.03389830508474576
20776,Egyptian style theme with mad mummies.,Name,extreme_length_ratio,38,4,0.10526315789473684
20778,The default Killbots theme.,Name,extreme_length_ratio,27,4,0.14814814814814814
20782,Territory Capture Game,Name,extreme_length_ratio,22,4,0.18181818181818182
20786,Kolor Lines,Kolor Lines,identical_pair,11,11,1.0
20788,An Egyptian style theme for klines.,Name,extreme_length_ratio,35,4,0.11428571428571428
20791,A metal style theme with bouncing balls,Name,extreme_length_ratio,39,4,0.10256410256410256
20795,A layout resembling a fortress,Name,extreme_length_ratio,30,4,0.13333333333333333
20797,A humanoid made up of Mahjongg tiles,Name,extreme_length_ratio,36,4,0.1111111111111111
20801,A big arrow pointing in the right direction,Name,extreme_length_ratio,43,4,0.09302325581395349
20803,The starship-city from Stargate Atlantis,Name,extreme_length_ratio,40,4,0.1
20805,A layout resembling Aztec buildings,Name,extreme_length_ratio,35,4,0.11428571428571428
20807,Time to weight every decision carefully!,Name,extreme_length_ratio,40,4,0.1
20811,The bug. Let us take it apart!,Name,extreme_length_ratio,30,4,0.13333333333333333
20814,Vista-styled castle layout,Name,extreme_length_ratio,26,4,0.15384615384615385
20815,Cat,Thảm Description,extreme_length_ratio,3,16,5.333333333333333
20816,Vista-styled cat layout,Name,extreme_length_ratio,23,4,0.17391304347826086
20818,Four chains making up a single structure,Name,extreme_length_ratio,40,4,0.1
20820,What if the chess board was not square?,Name,extreme_length_ratio,39,4,0.10256410256410256
20822,An electronic component with many connectors,Name,extreme_length_ratio,44,4,0.09090909090909091
20825,A circular arena covered with columns of varying height,Name,extreme_length_ratio,55,4,0.07272727272727272
20827,Vista-styled crab layout,Name,extreme_length_ratio,24,4,0.16666666666666666
20830,Default KMahjongg game layout,Name,extreme_length_ratio,29,4,0.13793103448275862
20833,A large carnivore bird in Mahjongg tiles,Name,extreme_length_ratio,40,4,0.1
20835,A layout for Star Trek fans,Name,extreme_length_ratio,27,4,0.14814814814814814
20837,Something has exploded. Collect the pieces.,Name,extreme_length_ratio,43,4,0.09302325581395349
20839,A layout consisting of six flowers,Name,extreme_length_ratio,34,4,0.11764705882352941
20842,Diversely sized piles of matter,Name,extreme_length_ratio,31,4,0.12903225806451613
20844,Regular patterns resembling a classical garden,Name,extreme_length_ratio,46,4,0.08695652173913043
20846,A layout resembling a girl's face,Name,extreme_length_ratio,33,4,0.12121212121212122
20848,A small piece of empty space surrounded by a forest,Name,extreme_length_ratio,51,4,0.0784313725490196
20850,A rectangular grid of varying height,Name,extreme_length_ratio,36,4,0.1111111111111111
20852,The greek Sun god's sign,Name,extreme_length_ratio,24,4,0.16666666666666666
20854,A pyramid with a hole in the middle,Name,extreme_length_ratio,35,4,0.11428571428571428
20856,Concentric boxes with openings pointing in opposite directions,Name,extreme_length_ratio,62,4,0.06451612903225806
20858,A large key made of Mahjongg tiles,Name,extreme_length_ratio,34,4,0.11764705882352941
20859,KM,Description,extreme_length_ratio,2,11,5.5
20860,Letters K and M. Do you have your favourite extension for that?,Description,extreme_length_ratio,63,11,0.1746031746031746
20861,A complex yet symmetric labyrinth,Name,extreme_length_ratio,33,4,0.12121212121212122
20863,A scary embossed pagan mask,Name,extreme_length_ratio,27,4,0.14814814814814814
20865,A layout resembling Maya pyramids,Name,extreme_length_ratio,33,4,0.12121212121212122
20866,Maze,Name=NmapfeDescription,extreme_length_ratio,4,22,5.5
20867,An extremely twisted maze. Beware of minotaurs!,Name,extreme_length_ratio,47,4,0.0851063829787234
20869,An interweaved structure made up of Mahjongg tiles,Name,extreme_length_ratio,50,4,0.08
20871,A layout representing a small flying insect,Name,extreme_length_ratio,43,4,0.09302325581395349
20873,A cross with thick ends,Name,extreme_length_ratio,23,4,0.17391304347826086
20875,A mysterious pattern atop rectangular blocks,Name,extreme_length_ratio,44,4,0.09090909090909091
20877,A fortress with five towers,Name,extreme_length_ratio,27,4,0.14814814814814814
20879,A couple of vertical pillars supporting a flat surface,Name,extreme_length_ratio,54,4,0.07407407407407407
20881,A sailing boat under the sun,Name,extreme_length_ratio,28,4,0.14285714285714285
20883,Can you tear the pyramid apart?,Name,extreme_length_ratio,31,4,0.12903225806451613
20885,A rocket for you to launch off the board,Name,extreme_length_ratio,40,4,0.1
20887,A shield and a sword made up of Mahjongg tiles,Name,extreme_length_ratio,46,4,0.08695652173913043
20889,Vista-styled spider layout,Name,extreme_length_ratio,26,4,0.15384615384615385
20891,Concentric squares of alterating height,Name,extreme_length_ratio,39,4,0.10256410256410256
20893,Who said squares are flat?,Name,extreme_length_ratio,26,4,0.15384615384615385
20895,A layout representing a football field,Name,extreme_length_ratio,38,4,0.10526315789473684
20897,A staircase for those who dislike taking the same path twice,Name,extreme_length_ratio,60,4,0.06666666666666667
20898,Star,Tiêu chuẩn Description,extreme_length_ratio,4,22,5.5
20899,An asterisk-shaped embossed layout,Name,extreme_length_ratio,34,4,0.11764705882352941
20901,A sci-fi space transport,Name,extreme_length_ratio,24,4,0.16666666666666666
20904,A spiral with thick ends,Name,extreme_length_ratio,24,4,0.16666666666666666
20906,A temple-shaped layout,Name,extreme_length_ratio,22,4,0.18181818181818182
20908,A rectangular building with empty space in the middle,Name,extreme_length_ratio,53,4,0.07547169811320754
20910,A doorway through a pyramid-shaped wall,Name,extreme_length_ratio,39,4,0.10256410256410256
20913,Fans of Lara Croft may start digging,Name,extreme_length_ratio,36,4,0.1111111111111111
20915,A T-shaped embossed object with a hole,Name,extreme_length_ratio,38,4,0.10526315789473684
20921,Have you ever tried to represent waves in rectangular blocks?,Name,extreme_length_ratio,61,4,0.06557377049180328
20922,Vi,Description,extreme_length_ratio,2,11,5.5
20923,A V-shaped layout with thick lower corners,Name,extreme_length_ratio,42,4,0.09523809523809523
20925,A rectangular well with stairs at all sides,Name,extreme_length_ratio,43,4,0.09302325581395349
20927,A large letter X made of mahjongg tiles,Name,extreme_length_ratio,39,4,0.10256410256410256
20947,KMines Oxygen theme for KDE 4,Name,extreme_length_ratio,29,4,0.13793103448275862
20949,A spooky theme for KMines. Do n't get caught by the zombies in the graveyard!,Name,extreme_length_ratio,77,4,0.05194805194805195
20951,A funny theme for KDE4 mines game,Name,extreme_length_ratio,33,4,0.12121212121212122
20958,KNetWalk Default theme for KDE 4,Name,extreme_length_ratio,32,4,0.125
20960,KNetWalk Electronic theme for KDE 4,Name,extreme_length_ratio,35,4,0.11428571428571428
20964,Let the floaters push you!,Name,extreme_length_ratio,26,4,0.15384615384615385
20986,Welcome to the tutorial course for Kolf!,Comment,extreme_length_ratio,40,7,0.175
20987,"To hit the ball, press and hold the Down Arrow or left mouse button. How long you hold down the mouse button or key determines strength of the shot.",Comment,extreme_length_ratio,148,7,0.0472972972972973
20988,"To aim the putter, press the Left (rotate counterclockwise) and Right (rotate clockwise) Arrow keys or use the mouse.",Comment,extreme_length_ratio,117,7,0.05982905982905983
20989,"Bridges Bridges can have walls on the top, bottom, left, or right.",Comment,extreme_length_ratio,66,7,0.10606060606060606
20990,Everything Here's a hole that has it all. Have fun with Kolf! -- Jason Katz-Brown,Comment,extreme_length_ratio,81,7,0.08641975308641975
20991,Slopes Slopes are slanted areas of ground that push the ball in the direction that they slope. This direction is shown when you choose Hole- > Show Info.,Comment,extreme_length_ratio,153,7,0.0457516339869281
20992,Hit the ball onto the slope and let it roll into cup.,Comment,extreme_length_ratio,53,7,0.1320754716981132
20994,The steepness of a slope is shown when you choose Hole- > Show Info. Steepness goes from 8 (steepest) to 1 (shallowest).,Comment,extreme_length_ratio,120,7,0.058333333333333334
20995,Walls Bounce the ball off of the red walls.,Comment,extreme_length_ratio,43,7,0.16279069767441862
20996,"Sand Sand is yellow, and slows your ball down.",Comment,extreme_length_ratio,46,7,0.15217391304347827
20997,"Puddles (Water) Hitting into a puddle (blue) adds a penalty stroke to your score, and your ball is placed outside the puddle.",Comment,extreme_length_ratio,125,7,0.056
20998,Windmills Windmills (brown base with moving arm) have brown walls (or half walls). The speed of the windmill arm may vary for each hole.,Comment,extreme_length_ratio,136,7,0.051470588235294115
20999,"Black Holes Black Holes transport the ball to their exit, and eject it at a speed in direct relation to the speed your ball was traveling. Choose Hole- > Show Info to see which Black Hole goes to which exit and the direction the ball will come out.",Comment,extreme_length_ratio,248,7,0.028225806451612902
21000,Floaters Floaters are moving platforms that carry a ball that lands on it. Floaters' speeds vary.,Name,extreme_length_ratio,97,4,0.041237113402061855
21002,A simple ball dodging game,Name,extreme_length_ratio,26,4,0.15384615384615385
21015,Shisen-Sho Mahjongg-like Tile Game,The Slick ThemeName,language_suspect,34,19,0.5588235294117647
21023,Connect the dots to create squares,Name,extreme_length_ratio,34,4,0.11764705882352941
21026,"KSudoku, Sudoku game & more for KDE",Name,extreme_length_ratio,35,4,0.11428571428571428
21034,A smaller samurai puzzle,Name,extreme_length_ratio,24,4,0.16666666666666666
21037,A ksudoku theme with abstract artwork.,Name,extreme_length_ratio,38,4,0.10526315789473684
21039,KSudoku egyptian style theme,Name,extreme_length_ratio,28,4,0.14285714285714285
21047,Default theme for KTron.,Name,extreme_length_ratio,24,4,0.16666666666666666
21049,A retro KTron theme with a distinctive touch of early 50s.,Name,extreme_length_ratio,58,4,0.06896551724137931
21064,A clean and easy style with a distinctively royal touch.,Name,extreme_length_ratio,56,4,0.07142857142857142
21066,"Simple, yet visually pleasing card back",Comment,extreme_length_ratio; noise_ui_fragment,39,7,0.1794871794871795
21067,"Simple, yet visually pleasing card back.",Name,extreme_length_ratio; noise_ui_fragment,40,4,0.1
21069,Egyptian style card back.,Comment,noise_ui_fragment,25,7,0.28
21070,"Futuristic, minimal card design.",Name,extreme_length_ratio,32,4,0.125
21072,Egyptian dark style card back.,Name,extreme_length_ratio; noise_ui_fragment,30,4,0.13333333333333333
21073,Tigullio International,Name,extreme_length_ratio,22,4,0.18181818181818182
21081,Modern Konqi - play the family carddeck\ Design: Laura Layland\ < l_layland\@hotmail\.com >\ Konqi by Stefan Spatz\ < stefan\.spatz\@stud\-mail\.uni\-wuerzburg\.de >,Modern Konqi - chơi carđeck\ Design: Laura Layland\ < l_ layland\ @ hotmail\. com >\ Konqi by Stefan Spatz\ < stefan\. spatz\ @ stud\ - mail\. uni\ - wuerzburg\. de > Name,noise_markup_or_html_entity,165,171,1.0363636363636364
21086,An ancient Egyptian card deck.,Name,extreme_length_ratio,30,4,0.13333333333333333
21095,"This file holds metadata, configuration settings, and the mappings controlling which segments are on or off for the theme fourteen-segment-sample. svg",Name,extreme_length_ratio; noise_ui_fragment,150,4,0.02666666666666667
21097,"This file holds metadata, configuration settings, and the mappings between digit's and id's for the theme individual-digit-sample. svg",Name,extreme_length_ratio; noise_ui_fragment,134,4,0.029850746268656716
21099,Chinese landscape with mountains and a waterfall,Name,extreme_length_ratio,48,4,0.08333333333333333
21102,A green background with light geometric patterns,Name,extreme_length_ratio,48,4,0.08333333333333333
21104,The Summertime Greens,Name,extreme_length_ratio,21,4,0.19047619047619047
21106,Resembles the surface of a wood table,Name,extreme_length_ratio,37,4,0.10810810810810811
21108,A colorful tileset designed for kids of all ages.,Name,extreme_length_ratio,49,4,0.08163265306122448
21110,Japanese tileset with brightly-colored kanji on a soft woodgrain,Description,extreme_length_ratio,64,11,0.171875
21111,"Chinese tileset, inspired by the classic version shipped with KDE 3",Description,extreme_length_ratio,67,11,0.16417910447761194
21112,Art inspired by real Japanese Mahjongg tiles,Name,extreme_length_ratio,44,4,0.09090909090909091
21115,Americanized tiles inspired by Japanese Mahjongg tiles,Name,extreme_length_ratio,54,4,0.07407407407407407
21119,"Slicer plugin for libpala, the base library of Palapeli",Name,extreme_length_ratio,55,4,0.07272727272727272
21120,Import into your Palapeli puzzle collection,Name,extreme_length_ratio,43,4,0.09302325581395349
21123,"Eure-et-Loir département, France",Name,extreme_length_ratio,32,4,0.125
21129,Female panther chameleon,Name,extreme_length_ratio,24,4,0.16666666666666666
21130,Classic jigsaw pieces,Name,extreme_length_ratio,21,4,0.19047619047619047
21135,A puzzle is being imported into the local puzzle collection,Name,extreme_length_ratio,59,4,0.06779661016949153
21139,Modern Konqi - play the family carddeck\ Design: Laura Layland\ < l_layland\@hotmail\.com >\ Katie by Agnieszka Czajkowska\ < agnieszka\@imagegalaxy\.de >\ Konqi by Stefan Spatz\ < stefan\.spatz\@stud\-mail\.uni\-wuerzburg\.de >,Modern Konqi - chơi trò family cardcheck\ Design: Laura Layland\ < l_ layland\ @ hotmail\. com >\ Katie by Agnieszka Czajkowska\ < agnieszka\ @ imagegalax\ �\ �\ �de >\ Konqi bởi Stefan Spatz\ < stefan\. spatz\ @ stud\ - mail\. uni\ - wuerzburg\. de > Name,encoding_issue; noise_markup_or_html_entity,228,256,1.1228070175438596
21148,Copy,BềEthẻ được cung cấp bởi Warwick Allison Name,extreme_length_ratio,4,45,11.25
21199,KSmileTris,Bạn nhấn vào một vài hòn đá và làm chúng biến mất. Comment,extreme_length_ratio,10,58,5.8
21200,Kwin4,Trò chơi kết thúc vì không còn hòn đá nào có thềEdi chuyển nữa. Name,extreme_length_ratio,5,68,13.6
21202,Comment=Luck,"Trò chơi kết thúc, bạn đã di chuyển được hòn đá cuối cùng. Comment",extreme_length_ratio,12,66,5.5
21220,Next Atom,Nguyên tử kế tiếp,noise_ui_fragment,9,17,1.8888888888888888
21223,Water,Nước,exact_duplicate,5,4,0.8
21229,Butanol,Butanol,identical_pair,7,7,1.0
21231,Glycerin,Glycerin,identical_pair,8,8,1.0
21234,Methane,Methane,identical_pair,7,7,1.0
21235,Formaldehyde,Formaldehyde,identical_pair,12,12,1.0
21238,Ammonia,Ammonia,identical_pair,7,7,1.0
21240,Propanal,Propanal,identical_pair,8,8,1.0
21241,Propyne,Propyne,identical_pair,7,7,1.0
21243,Pyran,Pyran,identical_pair,5,5,1.0
21245,Methanol,Methanol,identical_pair,8,8,1.0
21247,Ethane,Ethane,identical_pair,6,6,1.0
21251,Cyanoguanidine,Cyanoguanidine,identical_pair,14,14,1.0
21253,Anthracene,Anthracene,identical_pair,10,10,1.0
21254,Thiazole,Thiazole,identical_pair,8,8,1.0
21255,Saccharin,Saccharin,identical_pair,9,9,1.0
21256,Ethylene,Ethylene,identical_pair,8,8,1.0
21257,Styrene,Styrene,identical_pair,7,7,1.0
21258,Melamine,Melamine,identical_pair,8,8,1.0
21260,Nicotine,Nicotine,identical_pair,8,8,1.0
21266,Propene,Propene,identical_pair,7,7,1.0
21269,Vanillin,Vanillin,identical_pair,8,8,1.0
21272,Thymine,Thymine,identical_pair,7,7,1.0
21273,Aniline,Aniline,identical_pair,7,7,1.0
21274,Chloroform,Chloroform,identical_pair,10,10,1.0
21277,Ethanol,Ethanol,identical_pair,7,7,1.0
21279,Furan,Furan,identical_pair,5,5,1.0
21289,Phosgene,Phosgene,identical_pair,8,8,1.0
21290,Thiophene,Thiophene,identical_pair,9,9,1.0
21295,Diacetyl,Diacetyl,identical_pair,8,8,1.0
21301,Congratulations! You solved level %1 with %2 moves! Advance to the next one?,Propanal,extreme_length_ratio; noise_ui_fragment,76,8,0.10526315789473684
21303,Score,Bạn đã vượt qua vòng% 1 với% 2 nước đi,extreme_length_ratio,5,38,7.6
21308,Icon,Biểu tượng,exact_duplicate,4,10,2.5
21309,Sounds,Âm thanh,exact_duplicate,6,8,1.3333333333333333
21310,GFX,GFX,identical_pair,3,3,1.0
21320,& Port:,Cổng:,exact_duplicate,7,5,0.7142857142857143
21335,Game Toolbar,NAME OF TRANSLATORS,language_suspect,12,19,1.5833333333333333
21336,Your names,Tên người dịch: Nguyễn Ngọc TuấnEMAIL OF TRANSLATORS,extreme_length_ratio,10,52,5.2
21337,Your emails,Email của người dịch scorpionfirevn@ operamail. com,exact_duplicate,11,51,4.636363636363637
21353,& Connect,& Kết nối,exact_duplicate,9,9,1.0
21356,Ready,Sẵn sàng,exact_duplicate,5,8,1.6
21365,Water,Nước,exact_duplicate,5,4,0.8
21383,& Start,Mất kết nối với máy chủ. Bỏ trận đấu!,extreme_length_ratio,7,37,5.285714285714286
21391,CV,Chọn cổng để kết nối vào,extreme_length_ratio,2,24,12.0
21395,CI,Phiên bản của máy khách:,extreme_length_ratio,2,24,12.0
21397,Choose a port where the server listens on,PV,extreme_length_ratio,41,2,0.04878048780487805
21401,Shows all water shots,:,extreme_length_ratio,21,1,0.047619047619047616
21411,Switch Marker,The text may not be too wide. So please use some HTML- BR- tags to have something more or less as wide as in english. Thanks!,language_suspect; extreme_length_ratio,13,125,9.615384615384615
21414,Check positions,The text may not be too wide. So please use some HTML- BR- tags to have something more or less as wide as in english. Thanks!,language_suspect; extreme_length_ratio,15,125,8.333333333333334
21416,But it does not count because it is the sandbox!,The text may not be too wide. So please use some HTML- BR- tags to have something more or less as wide as in english. Thanks!,language_suspect,48,125,2.6041666666666665
21423,Describes what you should do to reach the next tutorial step.,Previous tutorial step,noise_ui_fragment,61,22,0.36065573770491804
21424,Go back to the previous tutorial step.,Next tutorial step,noise_ui_fragment,38,18,0.47368421052631576
21427,Difficulty level,NAME OF TRANSLATORS,language_suspect,16,19,1.1875
21428,Your names,Tên người dịch Nguyễn Ngọc TuấnEMAIL OF TRANSLATORS,extreme_length_ratio; exact_duplicate,10,51,5.1
21429,Your emails,Email của người dịch scorpionfire@ vnoperamail. comA number between 1 and 99 is displayed in front of it.,extreme_length_ratio,11,105,9.545454545454545
21438,8 x 8,8 x 8,identical_pair,5,5,1.0
21439,10 x 10,10 x 10,identical_pair,7,7,1.0
21440,12 x 12,12 x 12,identical_pair,7,7,1.0
21448,You should place %1 balls! You have placed %2. Do you want to give up this game?,& Bỏ qua,extreme_length_ratio,80,8,0.1
21450,Placed: 00 / 00,4,extreme_length_ratio,15,1,0.06666666666666667
21451,Placed: %1 / %2,6,extreme_length_ratio,15,1,0.06666666666666667
21458,Game over. Click to start a game,Nhấn < Space > để bắt đầu chơi!,noise_markup_or_html_entity,32,31,0.96875
21466,Do you really want to close the running game?,Bạn thực sự muốn thoát khỏi trò chơi không?,noise_ui_fragment,45,43,0.9555555555555556
21467,Game over. Press < Space > for a new game,Kết thúc rồi. Nhấn < Space > để chơi lại,noise_markup_or_html_entity,41,40,0.975609756097561
21468,Main Toolbar,NAME OF TRANSLATORS,language_suspect; exact_duplicate,12,19,1.5833333333333333
21469,Your names,Tên người dịch Nguyễn Ngọc TuấnEMAIL OF TRANSLATORS,extreme_length_ratio; exact_duplicate,10,51,5.1
21470,Your emails,Email của những người dịch scorpionfirevn@ operamail. com,extreme_length_ratio,11,57,5.181818181818182
21496,Computing next move.,Đang tính nước đi,noise_ui_fragment,20,17,0.85
21507,Average,Trung bình,exact_duplicate,7,10,1.4285714285714286
21515,Your names,Tên người dịch Nguyễn Ngọc TuấnEMAIL OF TRANSLATORS,extreme_length_ratio; exact_duplicate,10,51,5.1
21516,Your emails,Email của người dịch scorpionfirevn@ operamail. com,exact_duplicate,11,51,4.636363636363637
21537,Main Toolbar,NAME OF TRANSLATORS,language_suspect; exact_duplicate,12,19,1.5833333333333333
21538,Your names,Tên người dịch Nguyễn Ngọc TuấnEMAIL OF TRANSLATORS,extreme_length_ratio; exact_duplicate,10,51,5.1
21602,DirectDraw Surface Info,Name,extreme_length_ratio,23,4,0.17391304347826086
21608,XML Paper Specification Info,Name,extreme_length_ratio,28,4,0.14285714285714285
21610,Mobipocket thumbnailer,Name,extreme_length_ratio,22,4,0.18181818181818182
21617,Add,Thêm,exact_duplicate,3,4,1.3333333333333333
21619,Test,Thử,exact_duplicate,4,3,0.75
21621,Remove,Xóa,exact_duplicate,6,3,0.5
21623,Configure...,Cấu hình...,exact_duplicate,12,11,0.9166666666666666
21625,Information,Thông tin,exact_duplicate,11,9,0.8181818181818182
21627,Cancel,Dừng,exact_duplicate; noise_ui_fragment,6,4,0.6666666666666666
21628,Click this button to cancel the current camera operation.,Nhấn vào nút này dể thêm camera mới.,noise_ui_fragment,57,36,0.631578947368421
21635,Unable to initialize camera. Check your port settings and camera connectivity and try again.,Không thể khởi tạo máy ảnh. Kiểm tra xem thiết lập cổng và kết nối tới máy ảnh và thử lại.,noise_ui_fragment,92,90,0.9782608695652174
21639,USB,USB,identical_pair; exact_duplicate,3,3,1.0
21643,Port,Cổng,exact_duplicate,4,4,1.0
21644,Port Settings,Thiết lập cổng,noise_ui_fragment,13,14,1.0769230769230769
21648,Port:,Cổng:,exact_duplicate,5,5,1.0
21677,Till Krech,Till Krech,identical_pair,10,10,1.0
21678,Gunnstein Lye,Gunnstein Lye,identical_pair,13,13,1.0
21681,Is native moving (possibly wobbling windows) active,NAME OF TRANSLATORS,language_suspect,51,19,0.37254901960784315
21682,Your names,"Nguyen Hung Vu (Nguyễn Vũ Hưng), Hoàng Đức HiếuEMAIL OF TRANSLATORS",extreme_length_ratio; exact_duplicate,10,67,6.7
21683,Your emails,"vuhung@ fedu. uec. ac. jp, vuhung@ kde. org, hieu. d. hoang@ gmail. com",extreme_length_ratio; exact_duplicate,11,71,6.454545454545454
21691,KBackgroundSnapshot,KBackgroundSnapshot,identical_pair,19,19,1.0
21693,Quick Save Snapshot & As...,Lưu & Nhanh Hình Chụp...,noise_ui_fragment,27,24,0.8888888888888888
21694,Save the snapshot to the file specified by the user without showing the file dialog.,"Lưu hình chụp vào tập tin được chỉ định, không hiện hội thoại chọn tập tin.",noise_ui_fragment,84,75,0.8928571428571429
21695,Save Snapshot & As...,& Lưu Hình Chụp...,noise_ui_fragment,21,18,0.8571428571428571
21696,Save the snapshot to the file specified by the user.,Lưu hình chụp vào tập tin được chỉ định.,noise_ui_fragment,52,40,0.7692307692307693
21697,Save As,Lưu & Vào,noise_ui_fragment,7,9,1.2857142857142858
21703,Overwrite,Ghi đè,exact_duplicate,9,6,0.6666666666666666
21704,Unable to Save Image,Không thể lưu ảnh,noise_ui_fragment,20,17,0.85
21705,KSnapshot was unable to save the image to %1.,KSnapshot không thể lưu ảnh vào% 1.,noise_ui_fragment,45,35,0.7777777777777778
21707,KSnapshot,KSnapshot,identical_pair; exact_duplicate,9,9,1.0
21709,Richard J. Moore,Richard J. Moore,identical_pair; exact_duplicate,16,16,1.0
21710,Matthias Ettrich,Matthias Ettrich,identical_pair; exact_duplicate,16,16,1.0
21711,Aaron J. Seigo,Aaron J. Seigo,identical_pair; exact_duplicate,14,14,1.0
21712,Nadeem Hasan,Nadeem Hasan,identical_pair; exact_duplicate,12,12,1.0
21714,Marcus Hufgard,Marcus Hufgard,identical_pair; exact_duplicate,14,14,1.0
21721,Capture mode:,Chế độ chụp:,exact_duplicate,13,12,0.9230769230769231
21725,Full Screen,Toàn màn hình,exact_duplicate,11,13,1.1818181818181819
21726,Window Under Cursor,Cửa sổ dưới con trỏ,exact_duplicate,19,19,1.0
21732,"Click this button to save the current snapshot. To quickly save the snapshot without showing the file dialog, press Ctrl+Shift+S. The filename is automatically incremented after each save.","Ấn nút này để lưu hình chụp hiện tại. Để lưu nhanh hình mà không dùng hộp thoại chọn tập tin, ấn Ctrl+Shift+S. Tên tập tin sẽ tự động được tăng số sau mỗi lần lưu.",noise_ui_fragment,188,163,0.8670212765957447
21733,& Save As...,Lưu & Vào...,noise_ui_fragment,12,12,1.0
21738,Your names,"Nguyen Hung Vu (Nguyễn Vũ Hưng), Hoàng Đức HiếuEMAIL OF TRANSLATORS",extreme_length_ratio; exact_duplicate,10,67,6.7
21739,Your emails,"vuhung@ fedu. uec. ac. jp, vuhung@ kde. org, hieu. d. hoang@ gmail. com",extreme_length_ratio; exact_duplicate,11,71,6.454545454545454
21742,Default Language,Mặc định,exact_duplicate,16,8,0.5
21743,Belarusian (Belarus),Cảnh mờ kiểu Gauss,exact_duplicate,20,18,0.9
21744,German (Switzerland),Bản dịch Đức,exact_duplicate,20,12,0.6
21745,German (Liechtenstein),Bản dịch Đức,exact_duplicate,22,12,0.5454545454545454
21746,English (Singapore),Góc (theo độ):,exact_duplicate,19,14,0.7368421052631579
21747,Spanish (Argentina),Bản dịch Tây Ban Nha,exact_duplicate,19,20,1.0526315789473684
21748,Spanish (Spain),Bản dịch Tây Ban Nha,exact_duplicate,15,20,1.3333333333333333
21749,Spanish (Guatemala),Bản dịch Tây Ban Nha,exact_duplicate,19,20,1.0526315789473684
21750,Spanish (Panama),Bản dịch Tây Ban Nha,exact_duplicate,16,20,1.25
21751,Italian (Switzerland),Bản dịch Ý,exact_duplicate,21,10,0.47619047619047616
21752,Italian (Italy),Bản dịch Ý,exact_duplicate,15,10,0.6666666666666666
21753,Korean (South Korea),Thêm,exact_duplicate,20,4,0.2
21754,Dutch (Netherlands),Bản dịch Hoà Lan,exact_duplicate,19,16,0.8421052631578947
21755,Select item language here.,Ở đây hãy chọn giá trị nhập Gamma.,exact_duplicate,26,34,1.3076923076923077
21756,Algeria,Nối tiếp,exact_duplicate,7,8,1.1428571428571428
21757,Angola,Phạm vi:,exact_duplicate,6,8,1.3333333333333333
21758,Argentina,Bản dịch Tây Ban Nha,exact_duplicate,9,20,2.2222222222222223
21759,Australia,Trung lập,exact_duplicate,9,9,1.0
21760,Austria,Trừu tượng,exact_duplicate,7,10,1.4285714285714286
21761,Bahrain,Thu nhỏ,exact_duplicate,7,7,1.0
21762,Belgium,Trung vị:,exact_duplicate,7,9,1.2857142857142858
21763,Belize,Đổi cỡ,exact_duplicate,6,6,1.0
21764,Cambodia,Sổ tay máy ảnh,exact_duplicate,8,14,1.75
21765,Cameroon,Máy ảnh,exact_duplicate,8,7,0.875
21766,Canada,Chuẩn,exact_duplicate,6,5,0.8333333333333334
21767,Cape Verde,& Chép vào đây,exact_duplicate,10,14,1.4
21768,Cayman Islands,Danh sách máy ảnh,exact_duplicate,14,17,1.2142857142857142
21769,Chad,Cây nến,exact_duplicate,4,7,1.75
21770,Chile,Trẻ,exact_duplicate,5,3,0.6
21771,China,Trẻ,exact_duplicate,5,3,0.6
21772,Comoros,Màu sắc,exact_duplicate,7,7,1.0
21773,Congo,Đếm:,exact_duplicate,5,4,0.8
21774,Costa Rica,Khảm,exact_duplicate,10,4,0.4
21775,Cuba,Bậc ba,exact_duplicate,4,6,1.5
21776,Djibouti,Giới thiệu,exact_duplicate,8,10,1.25
21777,France,Thôi,exact_duplicate,6,4,0.6666666666666666
21778,Gambia,Gamma (γ):,exact_duplicate,6,10,1.6666666666666667
21779,Georgia,Nối tiếp,exact_duplicate,7,8,1.1428571428571428
21780,Greece,Lục,exact_duplicate,6,3,0.5
21781,Greenland,Lục,exact_duplicate,9,3,0.3333333333333333
21782,Grenada,Lục,exact_duplicate,7,3,0.42857142857142855
21783,Guam,Gamma (γ):,exact_duplicate,4,10,2.5
21784,Guatemala,Bản dịch Tây Ban Nha,exact_duplicate,9,20,2.2222222222222223
21785,Guinea,Tuyến,exact_duplicate,6,5,0.8333333333333334
21786,Guyana,Xanh lông mòng,exact_duplicate,6,14,2.3333333333333335
21787,Vatican,Lật dọc,exact_duplicate,7,7,1.0
21788,Honduras,Ngày nghỉ,exact_duplicate,8,9,1.125
21789,Israel,Du lịch,exact_duplicate,6,7,1.1666666666666667
21790,Italy,Nghiêng,exact_duplicate,5,7,1.4
21791,North-Korea,Thêm,exact_duplicate,11,4,0.36363636363636365
21792,South-Korea,Thêm,exact_duplicate,11,4,0.36363636363636365
21793,Lao,Lab,exact_duplicate,3,3,1.0
21794,Liberia,Tuyến,exact_duplicate,7,5,0.7142857142857143
21795,Liechtenstein,Bản dịch Đức,exact_duplicate,13,12,0.9230769230769231
21796,Macedonia,Trung vị:,exact_duplicate,9,9,1.0
21797,Mali,Chính:,exact_duplicate,4,6,1.5
21798,Malta,Đỏ tươi,exact_duplicate,5,7,1.4
21799,Martinique,Nhà duy trì,exact_duplicate,10,11,1.1
21800,Mauritania,Nhà duy trì,exact_duplicate,10,11,1.1
21801,Mayotte,Ghi chú nhà tạo,exact_duplicate,7,15,2.142857142857143
21802,Monaco,Khảm,exact_duplicate,6,4,0.6666666666666666
21803,Montserrat,Độ tương phản:,exact_duplicate,10,14,1.4
21804,Myanmar,Sổ tay,exact_duplicate,7,6,0.8571428571428571
21805,Nauru,Tự nhiên,exact_duplicate,5,8,1.6
21806,Nepal,Trung lập,exact_duplicate,5,9,1.8
21807,Netherlands,Bản dịch Hoà Lan,exact_duplicate,11,16,1.4545454545454546
21808,New Caledonia,Tên tập hợp mới,exact_duplicate,13,15,1.1538461538461537
21809,Nigeria,Nối tiếp,exact_duplicate,7,8,1.1428571428571428
21810,Niue,Ồn:,exact_duplicate,4,3,0.75
21811,Norway,Chuẩn,exact_duplicate,6,5,0.8333333333333334
21812,Paraguay,Tiệc,exact_duplicate,8,4,0.5
21813,Peru,Giấy,exact_duplicate,4,4,1.0
21814,Poland,Cây nến,exact_duplicate,6,7,1.1666666666666667
21815,Portugal,Dựa vào nhận thức,exact_duplicate,8,17,2.125
21816,Reunion,Mặt trời,exact_duplicate,7,8,1.1428571428571428
21817,Rwanda,Cây nến,exact_duplicate,6,7,1.1666666666666667
21818,Senegal,Chung,exact_duplicate,7,5,0.7142857142857143
21819,Seychelles,Việc tìm kiếm,exact_duplicate,10,13,1.3
21820,Sierra Leone,Sắc nâu đỏ,exact_duplicate,12,10,0.8333333333333334
21821,Singapore,Góc (theo độ):,exact_duplicate,9,14,1.5555555555555556
21822,Somalia,Đặc,exact_duplicate,7,3,0.42857142857142855
21823,Spain,Co dãn,exact_duplicate,5,6,1.2
21824,Sri Lanka,Thu nhỏ,exact_duplicate,9,7,0.7777777777777778
21825,Sudan,Mặt trời,exact_duplicate,5,8,1.6
21826,Suriname,Rạng đông,exact_duplicate,8,9,1.125
21827,Switzerland,Bản dịch Đức,exact_duplicate,11,12,1.0909090909090908
21828,Timor-Leste,Trên trái,exact_duplicate,11,9,0.8181818181818182
21829,Togo,Cần làm,exact_duplicate,4,7,1.75
21830,Tonga,Sắc,exact_duplicate,5,3,0.6
21831,Turkey,Họa tiết,exact_duplicate,6,8,1.3333333333333333
21832,Uganda,Cây nến,exact_duplicate,6,7,1.1666666666666667
21833,Vanuatu,Hãng chế tạo,exact_duplicate,7,12,1.7142857142857142
21834,Viet Nam,Tên tập tin ảnh mới,exact_duplicate,8,19,2.375
21835,Yemen,Lục,exact_duplicate,5,3,0.6
21836,United Nations,Lần lặp lại:,exact_duplicate,14,12,0.8571428571428571
21837,Space,Miền màu,exact_duplicate,5,8,1.6
21838,At Sea,Nhỏ nhất,exact_duplicate,6,8,1.3333333333333333
21839,In Flight,Phải trên:,exact_duplicate,9,10,1.1111111111111112
21840,Scotland,Co dãn,exact_duplicate,8,6,0.75
21841,Wales,Tưởng,exact_duplicate,5,5,1.0
21842,Palestine,Phối cảnh,exact_duplicate,9,9,1.0
21843,Gaza,Gamma (γ):,exact_duplicate,4,10,2.5
21844,Unknown,Không rõ,exact_duplicate,7,8,1.1428571428571428
21845,Use custom definition,Tự chọn,exact_duplicate,21,7,0.3333333333333333
21846,Name:,Tên:,exact_duplicate,5,4,0.8
21847,Matter:,Ghi chú nhà tạo,exact_duplicate,7,15,2.142857142857143
21848,Detail:,Chi tiết,exact_duplicate,7,8,1.1428571428571428
21849,& Add,Thêm,exact_duplicate,5,4,0.8
21850,& Delete,& Xoá,exact_duplicate; noise_ui_fragment,8,5,0.625
21851,& Replace,Tương đối,exact_duplicate,9,9,1.0
21852,Remove current item,Theo tập hợp,exact_duplicate,19,12,0.631578947368421
21853,Update current item,Theo tập hợp,exact_duplicate,19,12,0.631578947368421
21854,Add new item,Theo tập hợp,exact_duplicate,12,12,1.0
21862,KTextEditor load/ save filter/ check plugin,Comment,extreme_length_ratio; noise_ui_fragment,43,7,0.16279069767441862
21868,Insert closing braces on pressing Enter,Comment,extreme_length_ratio,39,7,0.1794871794871795
21870,Export highlighted document to HTML,Name,extreme_length_ratio,35,4,0.11428571428571428
21876,While saving check encoding of python files and add an encoding line,Name,extreme_length_ratio,68,4,0.058823529411764705
21877,Format of Time & Date insertion,Name,extreme_length_ratio,31,4,0.12903225806451613
21879,Insert current Time & Date,Name,extreme_length_ratio,26,4,0.15384615384615385
21883,Afrikaans,Hoà Nam PhiName,exact_duplicate,9,15,1.6666666666666667
21885,Arabic,A- rậpName,exact_duplicate,6,10,1.6666666666666667
21891,Belarusian,Be- la- ru- xợName,exact_duplicate,10,18,1.8
21893,Bulgarian,Bảo- gia- lơiName,exact_duplicate,9,17,1.8888888888888888
21896,Bengali,Ben- ga- liName,exact_duplicate,7,15,2.142857142857143
21897,Bengali (India),Ben- ga- liName,exact_duplicate,15,15,1.0
21899,Breton,Bợ- re- tonName,exact_duplicate,6,15,2.5
21901,Catalan,Ca- ta- lanName,exact_duplicate,7,15,2.142857142857143
21902,Valencian (southern Catalan),Name,extreme_length_ratio,28,4,0.14285714285714285
21906,Crimean Tatar,Name,exact_duplicate,13,4,0.3076923076923077
21907,Czech,SécName,exact_duplicate,5,7,1.4
21913,German,ĐứcName,exact_duplicate,6,7,1.1666666666666667
21916,Greek,Hy- lạpName,exact_duplicate,5,11,2.2
21918,British English,Anh (quốc Anh) Name,exact_duplicate,15,19,1.2666666666666666
21920,Esperanto,Ét- pe- ran- tôName,exact_duplicate,9,19,2.111111111111111
21921,Spanish,Tây- ban- nhaName,exact_duplicate,7,17,2.4285714285714284
21923,Basque,Ba- x- quợName,exact_duplicate,6,14,2.3333333333333335
21925,Finnish,Phần- lanName,exact_duplicate,7,13,1.8571428571428572
21928,French,PhápName,exact_duplicate,6,8,1.3333333333333333
21937,Hebrew,Do- tháiName,exact_duplicate,6,12,2.0
21939,Chhattisgarhi,Name,exact_duplicate,13,4,0.3076923076923077
21942,Upper Sorbian,Xoa- bi muộnName,exact_duplicate,13,16,1.2307692307692308
21943,Hungarian,Hung- gia- lợiName,exact_duplicate,9,18,2.0
21951,Icelandic,Băng- đảoName,exact_duplicate,9,13,1.4444444444444444
21952,Italian,ÝName,exact_duplicate,7,5,0.7142857142857143
21954,Japanese,NhậtName,exact_duplicate,8,8,1.0
21960,Khmer,Khơ- meName,exact_duplicate,5,11,2.2
21969,Luxembourgish,Lúc- xăm- buacName,exact_duplicate,13,18,1.3846153846153846
21973,Lithuanian,Li- tu- a- niName,exact_duplicate,10,17,1.7
21979,Macedonian,Ma- xê- đô- niName,exact_duplicate,10,18,1.8
21984,Malay,Mã- laiName,exact_duplicate,5,11,2.2
21987,Nauru,Nau- ruName,exact_duplicate,5,11,2.2
21991,Nepali,Ne- pa- liName,exact_duplicate,6,14,2.3333333333333335
21993,Dutch,Hoà- lanName,exact_duplicate,5,12,2.4
22005,Polish,Ba- lanName,exact_duplicate,6,11,1.8333333333333333
22007,Portuguese,Bồ- đào- nhaName,exact_duplicate,10,16,1.6
22013,Russian,NgaName,exact_duplicate,7,7,1.0
22018,Northern Sami,Xa- mi (Bắc) Name,exact_duplicate,13,17,1.3076923076923077
22022,Slovenian,Xlô- venName,exact_duplicate,9,12,1.3333333333333333
22027,Serbian,Xéc- biName,exact_duplicate,7,11,1.5714285714285714
22028,Serbian Ijekavian,Xéc- bi (La- tinh) Name,exact_duplicate,17,23,1.3529411764705883
22029,Serbian Ijekavian Latin,Xéc- bi (La- tinh) Name,exact_duplicate,23,23,1.0
22030,Serbian Latin,Xéc- bi (La- tinh) Name,exact_duplicate,13,23,1.7692307692307692
22034,Swedish,Thuỵ- điểnName,exact_duplicate,7,14,2.0
22036,Tamil,Ta- minName,exact_duplicate,5,11,2.2
22037,Telugu,Te- lu- guName,exact_duplicate,6,14,2.3333333333333335
22039,Thai,TháiName,exact_duplicate,4,8,2.0
22044,Turkish,Thổ- nhĩ- kỳName,exact_duplicate,7,16,2.2857142857142856
22050,Ukrainian,U- cợ- rainhName,exact_duplicate,9,16,1.7777777777777777
22052,Uzbek,U- x- bécName,exact_duplicate,5,13,2.6
22053,Uzbek (Cyrillic),Name,exact_duplicate,16,4,0.25
22055,Vietnamese,ViệtName,exact_duplicate,10,8,0.8
22057,Walloon,Oua- lunhName,exact_duplicate,7,13,1.8571428571428572
22059,Xhosa,Xô- xaName,exact_duplicate,5,10,2.0
22068,Storage backend for KConfig,Name,extreme_length_ratio,27,4,0.14814814814814814
22075,The default KDE file module providing the standard file dialog,Name,extreme_length_ratio,62,4,0.06451612903225806
22124,The downloaded proxy configuration script is invalid,Name,extreme_length_ratio,52,4,0.07692307692307693
22126,The proxy configuration script could not be downloaded,Name,extreme_length_ratio,54,4,0.07407407407407407
22128,There was an error executing the proxy configuration script,Description,extreme_length_ratio,59,11,0.1864406779661017
22140,The contact is now connected,Name,extreme_length_ratio,28,4,0.14285714285714285
22142,A Message has been received,Name,extreme_length_ratio,27,4,0.14814814814814814
22147,Library to use Adium emoticons theme,Name,extreme_length_ratio,36,4,0.1111111111111111
22149,Library to use KDE emoticons theme,Name,extreme_length_ratio,34,4,0.11764705882352941
22151,Library to use Pidgin emoticons theme,Name,extreme_length_ratio,37,4,0.10810810810810811
22159,Plasma applet container and background painter,Comment,extreme_length_ratio,46,7,0.15217391304347827
22163,Scripting language extension for Plasma,Comment,extreme_length_ratio,39,7,0.1794871794871795
22165,Save remote widgets policies,Description,noise_ui_fragment,28,11,0.39285714285714285
22166,Prevents the system from saving plasma remote widgets policies,Name,extreme_length_ratio,62,4,0.06451612903225806
22168,A test desktop file to test the PackageMetaData class.,Name,extreme_length_ratio,54,4,0.07407407407407407
22171,"Configure SSL, manage certificates, and other cryptography settings","Cấu hình SSL, quản lý chứng nhận và các thiết lập mật mã khácComment",noise_ui_fragment,67,68,1.0149253731343284
22180,Behavior,"Khả năng nhập xong từ trong tài liệu, đựa vào chiều hoặc vào bộ bật lên. Name",extreme_length_ratio,8,77,9.625
22184,Sound,Cấu hình Hệ thống Âm thanhName,extreme_length_ratio,5,30,6.0
22188,Afrikaans,Hoà Nam PhiName,exact_duplicate,9,15,1.6666666666666667
22189,Arabic,A- rậpName,exact_duplicate,6,10,1.6666666666666667
22193,Belarusian,Be- la- ru- xợName,exact_duplicate,10,18,1.8
22194,Bulgarian,Bảo- gia- lơiName,exact_duplicate,9,17,1.8888888888888888
22195,Bengali (India),Ben- ga- liName,exact_duplicate,15,15,1.0
22196,Bengali,Ben- ga- liName,exact_duplicate,7,15,2.142857142857143
22197,Breton,Bợ- re- tonName,exact_duplicate,6,15,2.5
22198,Catalan,Ca- ta- lanName,exact_duplicate,7,15,2.142857142857143
22200,Crimean Tatar,Name,exact_duplicate,13,4,0.3076923076923077
22202,Czech,SécName,exact_duplicate,5,7,1.4
22205,German,ĐứcName,exact_duplicate,6,7,1.1666666666666667
22206,Kontact Administration,Name,extreme_length_ratio,22,4,0.18181818181818182
22209,Greek,Hy- lạpName,exact_duplicate,5,11,2.2
22210,British English,Anh (quốc Anh) Name,exact_duplicate,15,19,1.2666666666666666
22211,Esperanto,Ét- pe- ran- tôName,exact_duplicate,9,19,2.111111111111111
22212,Spanish,Tây- ban- nhaName,exact_duplicate,7,17,2.4285714285714284
22214,Basque,Ba- x- quợName,exact_duplicate,6,14,2.3333333333333335
22216,Finnish,Phần- lanName,exact_duplicate,7,13,1.8571428571428572
22217,French,PhápName,exact_duplicate,6,8,1.3333333333333333
22223,Hebrew,Do- tháiName,exact_duplicate,6,12,2.0
22225,Chhattisgarhi,Name,exact_duplicate,13,4,0.3076923076923077
22227,Upper Sorbian,Xoa- bi muộnName,exact_duplicate,13,16,1.2307692307692308
22228,Hungarian,Hung- gia- lợiName,exact_duplicate,9,18,2.0
22231,Icelandic,Băng- đảoName,exact_duplicate,9,13,1.4444444444444444
22232,Italian,ÝName,exact_duplicate,7,5,0.7142857142857143
22233,Japanese,NhậtName,exact_duplicate,8,8,1.0
22236,Khmer,Khơ- meName,exact_duplicate,5,11,2.2
22240,Luxembourgish,Lúc- xăm- buacName,exact_duplicate,13,18,1.3846153846153846
22241,Lithuanian,Li- tu- a- niName,exact_duplicate,10,17,1.7
22244,Macedonian,Ma- xê- đô- niName,exact_duplicate,10,18,1.8
22247,Malay,Mã- laiName,exact_duplicate,5,11,2.2
22250,Nepali,Ne- pa- liName,exact_duplicate,6,14,2.3333333333333335
22251,Dutch,Hoà- lanName,exact_duplicate,5,12,2.4
22255,Polish,Ba- lanName,exact_duplicate,6,11,1.8333333333333333
22258,Portuguese,Bồ- đào- nhaName,exact_duplicate,10,16,1.6
22260,Russian,NgaName,exact_duplicate,7,7,1.0
22261,Northern Sami,Xa- mi (Bắc) Name,exact_duplicate,13,17,1.3076923076923077
22264,Slovenian,Xlô- venName,exact_duplicate,9,12,1.3333333333333333
22265,Serbian Ijekavian Latin,Xéc- bi (La- tinh) Name,exact_duplicate,23,23,1.0
22266,Serbian Ijekavian,Xéc- bi (La- tinh) Name,exact_duplicate,17,23,1.3529411764705883
22267,Serbian Latin,Xéc- bi (La- tinh) Name,exact_duplicate,13,23,1.7692307692307692
22268,Serbian,Xéc- biName,exact_duplicate,7,11,1.5714285714285714
22269,Swedish,Thuỵ- điểnName,exact_duplicate,7,14,2.0
22270,Tamil,Ta- minName,exact_duplicate,5,11,2.2
22271,Telugu,Te- lu- guName,exact_duplicate,6,14,2.3333333333333335
22273,Thai,TháiName,exact_duplicate,4,8,2.0
22274,Turkish,Thổ- nhĩ- kỳName,exact_duplicate,7,16,2.2857142857142856
22275,Ukrainian,U- cợ- rainhName,exact_duplicate,9,16,1.7777777777777777
22276,Uzbek (Cyrillic),Name,exact_duplicate,16,4,0.25
22277,Uzbek,U- x- bécName,exact_duplicate,5,13,2.6
22278,Vietnamese,ViệtName,exact_duplicate,10,8,0.8
22279,Walloon,Oua- lunhName,exact_duplicate,7,13,1.8571428571428572
22280,Xhosa,Xô- xaName,exact_duplicate,5,10,2.0
22289,Properties,Thuộc tính,exact_duplicate,10,10,1.0
22304,Disabled,Đã tắt,exact_duplicate,8,6,0.75
22308,Save the current document,Lưu tài liệu hiện có,noise_ui_fragment,25,20,0.8
22329,Lowercase,Chữ thường,exact_duplicate,9,10,1.1111111111111112
22337,Reload,Tải lại,exact_duplicate,6,7,1.1666666666666667
22339,"Save the current document to disk, with a name of your choice.","Lưu tài liệu hiện thời vào đĩa, với tên do bạn chọn.",noise_ui_fragment,62,52,0.8387096774193549
22379,"Choose which line endings should be used, when you save the document","Hãy chọn dùng kiểu kết thúc dòng nào, khi bạn lưu tài liệu.",noise_ui_fragment,68,59,0.8676470588235294
22383,Finds next occurrence of selected text.,Tìm lần xuất hiện tiếp theo của đoạn chữ được chọn.,noise_ui_fragment,39,51,1.3076923076923077
22386,Look up the next occurrence of the search phrase.,Tra tìm lần kế tiếp gặp chuỗi tìm kiếm.,noise_ui_fragment,49,39,0.7959183673469388
22406,Move to Next Line,Tới dòng kế,noise_ui_fragment,17,11,0.6470588235294118
22410,Select to Next Line,Chọn tới dòng kế,noise_ui_fragment,19,16,0.8421052631578947
22423,Delete Line,Xoá dòng,noise_ui_fragment,11,8,0.7272727272727273
22424,Delete Word Left,Xoá từ trái,noise_ui_fragment,16,11,0.6875
22425,Delete Word Right,Xoá từ phải,noise_ui_fragment,17,11,0.6470588235294118
22426,Delete Next Character,Xoá ký tự kế,noise_ui_fragment,21,12,0.5714285714285714
22427,Backspace,Xoá lùi,exact_duplicate,9,7,0.7777777777777778
22434,INS,CHÈN,exact_duplicate,3,4,1.3333333333333333
22435,General,Chung,exact_duplicate,7,5,0.7142857142857143
22439,Spellcheck,Kiểm tra chính tả,exact_duplicate,10,17,1.7
22440,Off,Tắt,exact_duplicate,3,3,1.0
22447,Universal,Chung,exact_duplicate,9,5,0.5555555555555556
22449,Plugins,Bổ sung,exact_duplicate,7,7,1.0
22454,Name,Tên,exact_duplicate,4,3,0.75
22455,Installed,Đã cài đặt,exact_duplicate,9,10,1.1111111111111112
22456,Latest,Mới nhất,exact_duplicate,6,8,1.3333333333333333
22462,& Save File As...,& Lưu tập tin dạng...,noise_ui_fragment,17,21,1.2352941176470589
22463,Lets you select a location and save the file again.,Cho bạn chọn một địa điểm khác rồi lưu lại tập tin.,noise_ui_fragment,51,51,1.0
22467,& Ignore,& Bỏ qua,exact_duplicate,8,8,1.0
22469,"Do nothing. Next time you focus the file, or try to save it or close it, you will be prompted again.","Không làm gì. Lần kế tiếp bạn để tiêu điểm trên tập tin này, hoặc cố lưu hoặc đóng nó, bạn sẽ được nhắc lại.",noise_ui_fragment,100,108,1.08
22471,Overwrite,Ghi đè,exact_duplicate,9,6,0.6666666666666666
22477,"Ignoring means that you will not be warned again (unless the disk file changes once more): if you save the document, you will overwrite the file on disk; if you do not save then the disk file (if present) is what you have.","Bỏ qua có nghĩa là bạn sẽ không được cảnh báo lại (trừ khi tập tin trên đĩa thay đổi lần nữa). Nếu bạn lưu tài liệu này, bạn sẽ ghi đè lên tập tin trên đĩa; còn nếu bạn không lưu, tập tin trên đĩa (nếu có) là dữ liệu hiện thời.",noise_ui_fragment,222,227,1.0225225225225225
22480,Compare failures of this testrun against snapshot< snapshot>. Defaults to the most recently captured failure snapshot or none if none exists.,So sánh các lỗi trong lần chạy thử này với snapshot < snapshot >. Mặc định là snapshot lỗi gần đấy nhất nếu có.,noise_markup_or_html_entity,141,111,0.7872340425531915
22485,Use this to close the current document,Dùng mục này để đóng tài liệu hiện thời.,noise_ui_fragment,38,40,1.0526315789473684
22494,Close the current document view,Đóng ô xem tài liệu hiện thời,noise_ui_fragment,31,29,0.9354838709677419
22501,INS,CHÈN,exact_duplicate,3,4,1.3333333333333333
22502,LINE,CHÈN,exact_duplicate,4,4,1.0
22503,Open File,Mở tập tin,exact_duplicate,9,10,1.1111111111111112
22505,Line: %1 Col: %2,Dòng:% 1 Cột:% 2,exact_duplicate,16,16,1.0
22507,Untitled,Không tên,exact_duplicate,8,9,1.125
22512,Document to open,Tài liệu cần mở,exact_duplicate,16,15,0.9375
22513,KWrite,KWrite,identical_pair,6,6,1.0
22516,Maintainer,Nhà duy trì,exact_duplicate,10,11,1.1
22517,Core Developer,Nhà phát triển lõi,exact_duplicate,14,18,1.2857142857142858
22540,Your names,Nhóm Việt hoá KDEEMAIL OF TRANSLATORS,exact_duplicate,10,37,3.7
22541,Your emails,kde- l10n- vi@ kde. org,exact_duplicate,11,23,2.090909090909091
22547,Text Settings,Thiết lập & văn bản,noise_ui_fragment,13,19,1.4615384615384615
22559,Colors:,Màu sắc:,exact_duplicate,7,8,1.1428571428571428
22566,%u: current user name %d: complete date/ time in short format %D: complete date/ time in long format %h: current time %y: current date in short format %Y: current date in long format %f: file name %U: full URL of the document %p: page number,"% u: tên người dùng hiện có% d: ngày/ giờ hoàn tất, dạng ngắn% D: ngày/ giờ hoàn tất, dạng dài% h: giờ hiện có% y: ngày hiện thời, dạng ngắn% Y: ngày hiện thời, dạng dài% f: tên tập tin% U: URL (địa chỉ Mạng) đầy đủ của tài liệu đó% p: số hiệu trang Note: Đừng dùng ký tự ống dẫn « _BAR_ ».",noise_placeholder,241,290,1.2033195020746887
22575,Color:,& Màu:,exact_duplicate,6,6,1.0
22585,Next Bookmark,Đánh Dấu kế,noise_ui_fragment,13,11,0.8461538461538461
22586,Go to the next bookmark.,Đi tới Đánh dấu kế tiếp.,noise_ui_fragment,24,24,1.0
22590,"& Next: %1 - ""%2""","& Kế:% 1 - ""% 2""",noise_ui_fragment,17,16,0.9411764705882353
22595,Developer,Nhà phát triển,exact_duplicate,9,14,1.5555555555555556
22598,Configure,Cấu hình,exact_duplicate,9,8,0.8888888888888888
22599,Appearance,Diện mạo,exact_duplicate,10,8,0.8
22602,Open/ Save,Mở / Lưu,noise_ui_fragment,10,8,0.8
22612,Warning,Cảnh báo,exact_duplicate,7,8,1.1428571428571428
22613,Error,Lỗi,exact_duplicate,5,3,0.6
22618,"This list displays the default styles for the current schema and offers the means to edit them. The style name reflects the current style settings. To edit the colors, click the colored squares, or select the color to edit from the popup menu. You can unset the Background and Selected Background colors from the popup menu when appropriate.","Danh sách này hiển thị kiểu mặc định cho giản đồ hiện thời, và cung cấp khả năng sửa đổi nó. Tên kiểu dáng phản ánh thiết lập kiểu dáng hiện có. Để sửa đổi màu sắc, nhắp vào hộp màu, hoặc chọn màu cần sửa đổi trong trình đơn bật lên. Bạn có thể bỏ đặt màu Nền và Nền đã chọn, từ trình đơn bật lên, khi thích hợp.",noise_ui_fragment,341,312,0.9149560117302052
22620,"This list displays the contexts of the current syntax highlight mode and offers the means to edit them. The context name reflects the current style settings. To edit using the keyboard, press lt; SPACEgt; and choose a property from the popup menu. To edit the colors, click the colored squares, or select the color to edit from the popup menu. You can unset the Background and Selected Background colors from the context menu when appropriate.","Danh sách này hiển thị các ngữ cảnh của chế độ tô sáng cú pháp, và cung cấp khả năng sửa đổi chúng. Tên ngữ cảnh phản ánh thiết lập kiểu dáng hiện có. Để sửa đổi bằng bàn phím, hãy bấm lt; phím dàigt; rồi chọn một tính chất trong trình đơn bật lên. Để sửa đổi màu sắc, nhắp vào hộp màu, hoặc chọn màu cần sửa đổi trong trình đơn bật lên. Bạn có thể bỏ đặt màu Nền và Nền đã chọn, từ trình đơn bật lên, khi thích hợp.",noise_ui_fragment,443,416,0.9390519187358917
22621,& New...,& Mới...,exact_duplicate,8,8,1.0
22622,& Delete,& Xoá,exact_duplicate; noise_ui_fragment,8,5,0.625
22623,Colors,Màu sắc,exact_duplicate,6,7,1.1666666666666667
22624,Font,Phông,exact_duplicate,4,5,1.25
22629,Name:,Tên:,exact_duplicate,5,4,0.8
22632,Normal,Chuẩn,exact_duplicate,6,5,0.8333333333333334
22634,Background,Nền,exact_duplicate,10,3,0.3
22651,None,Không có,exact_duplicate,4,8,2.0
22653,Missing argument. Usage: %1< value >,Thiếu đối số. Cách sử dụng:% 1 < gi\\ xC3\\ xA1_ tr\\ xE1\\ xBB\\ x8B >,noise_markup_or_html_entity,36,71,1.9722222222222223
22662,Missing argument(s). Usage: %1< from > [],Thiếu đối số. Cách sử dụng:% 1 < gi\\ xC3\\ xA1_ tr\\ xE1\\ xBB\\ x8B >,noise_markup_or_html_entity,41,71,1.7317073170731707
22666,Classes,Hạng,exact_duplicate,7,4,0.5714285714285714
22673,Icon,Biểu tượng,exact_duplicate,4,10,2.5
22676,Postfix,Postfix,identical_pair,7,7,1.0
22683,Class,Hạng,exact_duplicate,5,4,0.8
22685,Union,Hợp,exact_duplicate,5,3,0.6
22686,Function,Hàm,exact_duplicate,8,3,0.375
22687,Variable,Biến,exact_duplicate,8,4,0.5
22689,Template,Mẫu,exact_duplicate,8,3,0.375
22702,Reuse Word Above,Dùng lại từ trên,exact_duplicate,16,16,1.0
22703,Reuse Word Below,Dùng lại từ dưới,exact_duplicate,16,16,1.0
22705,Always,Luôn luôn,exact_duplicate,6,9,1.5
22706,& File,& Tập tin,exact_duplicate,6,9,1.5
22707,& Edit,& Sửa,exact_duplicate,6,5,0.8333333333333334
22708,& View,& Xem,exact_duplicate,6,5,0.8333333333333334
22710,& Tools,& Công cụ,exact_duplicate,7,9,1.2857142857142858
22712,& Settings,Thiết & lập,exact_duplicate; noise_ui_fragment,10,11,1.1
22713,Main Toolbar,Thanh công cụ chính,exact_duplicate,12,19,1.5833333333333333
22720,& Name:,Tên:,exact_duplicate,7,4,0.5714285714285714
22725,& New,& Mới...,exact_duplicate,5,8,1.6
22726,Delete the current file type.,In tài liệu hiện thời.,noise_ui_fragment,29,22,0.7586206896551724
22754,Backup on Save,Xoá lùi,noise_ui_fragment,14,7,0.5
22775,If the Word Wrap option is selected this entry determines the length (in characters) at which the editor will automatically start a new line.,Language,extreme_length_ratio,141,8,0.05673758865248227
22784,& Help,Trợ giúp,exact_duplicate,6,8,1.3333333333333333
22786,& Next,Kế,noise_ui_fragment,6,2,0.3333333333333333
22791,Replace next match,Mẫu,extreme_length_ratio; noise_ui_fragment,18,3,0.16666666666666666
22793,Replace all matches,Mẫu,extreme_length_ratio,19,3,0.15789473684210525
22803,ABC,ABCLanguage Section,extreme_length_ratio,3,19,6.333333333333333
22804,Other,Khác,exact_duplicate,5,4,0.8
22823,AWK,AWKLanguage Section,extreme_length_ratio,3,19,6.333333333333333
22839,C#,C# Language,extreme_length_ratio,2,11,5.5
22841,C,CLanguage,extreme_length_ratio,1,9,9.0
22850,D,DLanguage,extreme_length_ratio,1,9,9.0
22857,4GL,4GLLanguage Section,extreme_length_ratio,3,19,6.333333333333333
22990,Error: %1,Lỗi:% 1,exact_duplicate,9,7,0.7777777777777778
22991,Keyword,Từ khoá,exact_duplicate,7,7,1.0
22997,String,Chuỗi,exact_duplicate,6,5,0.8333333333333334
22998,Comment,Ghi chú,exact_duplicate,7,7,1.0
22999,Others,Khác,exact_duplicate,6,4,0.6666666666666666
23011,Save Nevertheless,Vẫn lưu,noise_ui_fragment,17,7,0.4117647058823529
23017,Trying to Save Binary File,Đang cố lưu tập tin nhị phân,noise_ui_fragment,26,28,1.0769230769230769
23018,Do you really want to save this unmodified file? You could overwrite changed data in the file on disk.,Bạn thật sự muốn lưu tập tin chưa được sửa đổi này? Việc này có thể ghi đè lên dữ liệu đã thay đổi trong tập tin trên đĩa.,noise_ui_fragment,102,122,1.196078431372549
23019,Trying to Save Unmodified File,Đang cố lưu tập tin chưa được sửa đổi,noise_ui_fragment,30,37,1.2333333333333334
23020,Do you really want to save this file? Both your open file and the file on disk were changed. There could be some data lost.,Bạn thật sự muốn lưu tập tin này? Cả tập tin được mở của bạn lẫn tập tin trên đĩa đều đã được thay đổi. Một phần dữ liệu có thể bị mất.,noise_ui_fragment,123,135,1.0975609756097562
23022,The selected encoding cannot encode every unicode character in this document. Do you really want to save it? There could be some data lost.,Bảng mã đã chọn không thể mã hoá mọi ký tự Unicode trong tài liệu này. Bạn thật sự muốn lưu nó không? Một phần dữ liệu có thể bị mất.,noise_ui_fragment,139,133,0.9568345323741008
23025,Try to Save Nevertheless,Vẫn thử lưu,noise_ui_fragment,24,11,0.4583333333333333
23027,Do you really want to continue to close this file? Data loss may occur.,Bạn thật sự muốn tiếp tục đóng tập tin này không? Một phần dữ liệu có thể bị mất.,noise_ui_fragment,71,81,1.1408450704225352
23028,Close Nevertheless,Vẫn đóng,noise_ui_fragment,18,8,0.4444444444444444
23029,Save File,Lưu tập tin,noise_ui_fragment,9,11,1.2222222222222223
23030,Save failed,Lỗi lưu,noise_ui_fragment,11,7,0.6363636363636364
23037,Overwrite File?,Ghi đè tập tin không?,exact_duplicate,15,21,1.4
23038,Close Document,& Ngắt từ trong tài liệu,noise_ui_fragment,14,24,1.7142857142857142
23056,as,Tác quyền © năm 2000- 2005 cua Các tác giả Kate,extreme_length_ratio,2,47,23.5
23058,From cursor,Không có số dòng lớn như vậy trong tài liệu này. Language,extreme_length_ratio,11,57,5.181818181818182
23063,The spelling program could not be started. Please make sure you have set the correct spelling program and that it is properly configured and in your PATH.,Phím tắt,extreme_length_ratio,154,8,0.05194805194805195
23066,Could not access view.,"Không thể khởi chạy chương trình chính tả. Hãy kiểm tra xem đã đặt chương trình chính tả đúng, đã cấu hình nó cho đúng, và nó có trong đường dẫn thực hiện (PATH) của bạn.",extreme_length_ratio,22,170,7.7272727272727275
23072,Static,Ngoại lệ: không tìm thấy chức năng «% 1 »:% 2,extreme_length_ratio,6,45,7.5
23076,"Selection, then Current Word",Tĩnh,extreme_length_ratio,28,4,0.14285714285714285
23079,Smart search text from:,"Tùy chọn này sẵn sàng chỉ nếu một đoạn văn bản được chọn trong tài liệu. Nếu nó sẵn sàng và được bật, chỉ đoạn đã chọn sẽ được in thôi.",extreme_length_ratio,23,135,5.869565217391305
23080,"This determines where a view will get the search text from (this will be automatically entered into the Find Text dialog): Nowhere: Do n't guess the search text. Selection Only: Use the current text selection, if available. Selection, then Current Word: Use the current selection if available, otherwise use the current word. Current Word Only: Use the word that the cursor is currently resting on, if available. Current Word, then Selection: Use the current word if available, otherwise use the current selection. Note that, in all the above modes, if a search string has not been or cannot be determined, then the Find Text Dialog will fall back to the last search text.",In% 1,extreme_length_ratio; noise_ui_fragment,672,5,0.00744047619047619
23086,Automatically & show completion list,CHUẨN,extreme_length_ratio,36,5,0.1388888888888889
23087,Show completions & when a word is at least,CHUẨN,extreme_length_ratio,42,5,0.11904761904761904
23089,Enable the automatic completion list popup as default. The popup can be disabled on a view basis from the'Tools' menu.,Tô & sáng tất cả,extreme_length_ratio,118,16,0.13559322033898305
23091,Failed to load file:,"Tự động hiển thị danh sách hoàn chỉnhTranslators: This is the first part of two strings which will comprise the sentence 'Show completions when a word is at least N characters'. The first part is on the right side of the N, which is represented by a spinbox widget, followed by the second part: 'characters long'. Characters is a ingeger number between and including 1 and 30. Feel free to leave the second part of the sentence blank if it suits your language better.",extreme_length_ratio,20,467,23.35
23092,Insert File Error,Hiển thị những cách hoàn chỉnh khi từ có ít nhấtThis is the second part of two strings that will comprise the sentence 'Show completions when a word is at least N characters',extreme_length_ratio,17,174,10.235294117647058
23093,"The file %1 does not exist or is not readable, aborting.",ký tự.,extreme_length_ratio,56,6,0.10714285714285714
23098,"Data tools are only available when text is selected, or when the right mouse button is clicked over a word. If no data tools are offered even when text is selected, you need to install them. Some data tools are part of the KOffice package.",Chèn,extreme_length_ratio,239,4,0.016736401673640166
23101,Edit Entry,Tập tin% 1 không tồn tại hoặc không có khả năng đọc nên hủy bỏ.,extreme_length_ratio,10,63,6.3
23108,"A list of filename masks, separated by semicolons. This can be used to limit the usage of this entity to files with matching names. Use the wizard button to the right of the mimetype entry below to easily fill out both lists.",Cấu hình Đánh dấu Tự động,extreme_length_ratio,225,25,0.1111111111111111
23109,"A list of mime types, separated by semicolon. This can be used to limit the usage of this entity to files with matching mime types. Use the wizard button on the right to get a list of existing file types to choose from, using it will fill in the file masks as well.",Sửa đổi mục nhập,extreme_length_ratio,265,16,0.06037735849056604
23110,"Click this button to display a checkable list of mimetypes available on your system. When used, the file masks entry above will be filled in with the corresponding masks.",& Mẫu:,extreme_length_ratio,170,6,0.03529411764705882
23112,& Patterns,"Nếu bật, cách khớp mẫu sẽ phân biệt chữ hoa/ thường, nếu không thì không.",extreme_length_ratio,10,73,7.3
23114,Mime Types,"Nếu bật, cách khớp mẫu sẽ khớp mức tối thiểu. Nếu bạn chưa biết thuật ngữ này là gì, hãy đọc Phụ lục về biểu thức chính quy trong Sổ tay Kate [chưa dịch: Kate Manual → Appendix: Regular Expressions).",extreme_length_ratio,10,199,19.9
23116,"This list shows your configured autobookmark entities. When a document is opened, each entity is used in the following way: The entity is dismissed, if a mime and/ or filename mask is defined, and neither matches the document. Otherwise each line of the document is tried against the pattern, and a bookmark is set on matching lines .< ul > Use the buttons below to manage your collection of entities.","Danh sách các bộ lọc tập tin, định giới bằng dấu chấm phẩy. Có thể sử dụng danh sách này để giới hạn cách sử dụng thực thể này là chỉ với những tập tin có tên khớp. Hãy dùng cái nút trợ lý bên phải mục nhập kiểu MIME bên dưới, để điền dễ vào cả hai danh sách.",noise_markup_or_html_entity,401,259,0.6458852867830424
23117,Press this button to create a new autobookmark entity.,"Danh sách các kiểu MIME, định giới bằng dấu chấm phẩy. Có thể sử dụng danh sách này để giới hạn cách sử dụng thực thể này là chỉ với những tập tin có kiểu MIME khớp. Hãy dùng cái nút trợ lý bên phải để xem danh sách các kiểu tập tin tồn tại có thể chọn; dùng nó sẽ cũng điền vào những bộ lọc tập tin.",extreme_length_ratio,54,300,5.555555555555555
23118,Press this button to delete the currently selected entity.,"Nhắp vào nút này để hiển thị danh sách các kiểu MIME sắn sàng trên hệ thống, với hộp chọn bên cạnh. Khi bạn đánh dấu trong một số hộp chọn, các bộ lọc tập tin đó sẽ cũng được điền vào mục nhập bên trên.",noise_ui_fragment,58,202,3.4827586206896552
23119,& Edit...,Hãy chọn những kiểu MIME cho mẫu này Ghi chú: việc này sẽ cũng tự động sửa đổi những phần mở rộng tập tin tương ứng.,extreme_length_ratio,9,116,12.88888888888889
23120,Press this button to edit the currently selected entity.,& Mẫu,extreme_length_ratio,56,5,0.08928571428571429
23121,Word Completion Plugin,Mẫu,extreme_length_ratio,22,3,0.13636363636363635
23124,Configure...,"Danh sách này hiển thị các thực thể Đánh dấu tự động đã cấu hình. Khi tài liệu được mở, mỗi thực thể có được dùng bằng cách theo đây: Thực thể bị bỏ qua nếu không có bộ lọc kiểu MIME/ tập tin khớp tài liệu. Nếu không, mọi dòng của tài liệu được so với mẫu, và mỗi dòng khớp có Đánh dấu. Hãy dùng những cái nút bên dưới, để quản lý tập hợp thực thể này.",extreme_length_ratio,12,352,29.333333333333332
23126,Mode Specific Settings,Bấm nút này để xoá thực thể đã chọn hiện thời.,noise_ui_fragment,22,46,2.090909090909091
23130,Select the MimeTypes you want highlighted using the '%1 'syntax highlight rules. Please note that this will automatically edit the associated file extensions as well.,Cấu hình Bổ sung hoàn chỉnh từ,extreme_length_ratio,166,30,0.18072289156626506
23133,Format,Định dạng,exact_duplicate,6,9,1.5
23134,& PEM,& PEM,identical_pair,5,5,1.0
23135,& Netscape,& Netscape,identical_pair,10,10,1.0
23136,& DER/ ASN1,& DER/ ASN1,identical_pair,11,11,1.0
23137,& Text,& Văn bản,exact_duplicate,6,9,1.5
23138,Filename:,Tên tập tin:,exact_duplicate,9,12,1.3333333333333333
23139,& Export,& Xuất,exact_duplicate,8,6,0.75
23140,& Cancel,& Thôi,exact_duplicate; noise_ui_fragment,8,6,0.75
23142,SSL,SSL,identical_pair; exact_duplicate,3,3,1.0
23147,KCMCrypto,KCMCrypto,identical_pair,9,9,1.0
23150,George Staikos,George Staikos,identical_pair,14,14,1.0
23151,Carsten Pfeiffer,Carsten Pfeiffer,identical_pair; exact_duplicate,16,16,1.0
23158,Use these preconfigurations to more easily configure the SSL encryption settings. You can choose among the following modes: Strong Ciphers Only: Select only the strong (gt; = 128 bit) encryption ciphers. Export Ciphers Only: Select only the weak ciphers (lt; = 56 bit). Enable All: Select all SSL ciphers and methods.,Dùng các cấu hình sẵn này để cấu hình mật mã SSL dễ dàng hơn. Bạn có thể chọn trong số các chế độ: Chỉ các mật mã mạnh: Chỉ chọn các mật mã mạnh (gt; = 128 bit). Chỉ các mật mã được phép xuất khẩu: Chỉ chọn các mật mã yếu (lt; = 56 bit). Bật tất cả: Chọn tất cả các mật mã và phương pháp của SSL.,noise_ui_fragment,317,296,0.9337539432176656
23168,& Test,& Thử,exact_duplicate,6,5,0.8333333333333334
23180,& Export...,& Xuất...,exact_duplicate,11,9,0.8181818181818182
23184,Change Password...,Đổi mật khẩu...,exact_duplicate,18,15,0.8333333333333334
23191,MD5 digest:,Bản tóm tắt MD5:,exact_duplicate,11,16,1.4545454545454546
23204,Host,Máy,exact_duplicate,4,3,0.75
23205,Certificate,Chứng nhận,exact_duplicate,11,10,0.9090909090909091
23206,Policy,Chính sách,exact_duplicate,6,10,1.6666666666666667
23207,Host:,Máy:,exact_duplicate,5,4,0.8
23209,Action,Hành động,exact_duplicate,6,9,1.5
23213,New,& Mới,exact_duplicate,3,5,1.6666666666666667
23217,& Remove,& Bỏ,exact_duplicate,8,4,0.5
23242,& Add,Thêm,exact_duplicate,5,4,0.8
23244,OpenSSL,OpenSSL,identical_pair; exact_duplicate,7,7,1.0
23246,Authentication,Xác thực,exact_duplicate,14,8,0.5714285714285714
23257,Certificate password,Mật khẩu chứng nhận,exact_duplicate,20,19,0.95
23262,Replace,Thay thế,exact_duplicate,7,8,1.1428571428571428
23263,Enter the certificate password:,Nhập mật khẩu chứng nhận:,exact_duplicate,31,25,0.8064516129032258
23285,S/ MIME,S/ MIME,identical_pair,7,7,1.0
23286,PGP,PGP,identical_pair,3,3,1.0
23287,GPG,GPG,identical_pair,3,3,1.0
23291,Server CA,Nhà cầm quyền chứng nhận máy phục vụPersonal certificate authority,extreme_length_ratio,9,66,7.333333333333333
23292,Personal CA,Nhà cầm quyền chứng nhận cá nhânSecure MIME certificate authority,extreme_length_ratio,11,65,5.909090909090909
23294,None,Không có,exact_duplicate,4,8,2.0
23305,City:,Thành phố:,exact_duplicate,5,10,2.0
23309,Email address:,Địa chỉ thư:,exact_duplicate,14,12,0.8571428571428571
23316,Your names,Nhóm Việt hoá KDEEMAIL OF TRANSLATORS,exact_duplicate,10,37,3.7
23317,Your emails,kde- l10n- vi@ kde. org,exact_duplicate,11,23,2.090909090909091
23320,Use these preconfigurations to more easily configure the SSL encryption settings. You can choose among the following modes:,Dùng các cấu hình sẵn này để cấu hình dễ hơn các thiết lập mật mã SSL. Bạn có thể chọn trong những chế độ này:,noise_ui_fragment,123,110,0.8943089430894309
23323,Enable All: Select all SSL ciphers and methods. < ul >,Bật tất cả: Chọn mọi mật mã và phương thức của SSL. < ul >,noise_markup_or_html_entity,54,58,1.0740740740740742
23324,kcmcrypto,kcmcrypto,identical_pair,9,9,1.0
23325,of Jan,Th1of February,exact_duplicate,6,14,2.3333333333333335
23326,of Feb,Th2of March,exact_duplicate,6,11,1.8333333333333333
23327,of Mar,Th3of April,exact_duplicate,6,11,1.8333333333333333
23328,of Apr,Th4of May short,exact_duplicate,6,15,2.5
23329,of May,Tháng Năm,exact_duplicate,6,9,1.5
23330,of Jun,Th6of July,exact_duplicate,6,10,1.6666666666666667
23331,of Jul,Th7of August,exact_duplicate,6,12,2.0
23332,of Aug,Th8of September,exact_duplicate,6,15,2.5
23333,of Sep,Th9of October,exact_duplicate,6,13,2.1666666666666665
23334,of Oct,Th10of November,exact_duplicate,6,15,2.5
23335,of Nov,Th11of December,exact_duplicate,6,15,2.5
23336,of Dec,Th12,exact_duplicate,6,4,0.6666666666666666
23337,of January,Tháng Giêng,exact_duplicate,10,11,1.1
23338,of February,Tháng Hai,exact_duplicate,11,9,0.8181818181818182
23339,of March,Tháng Ba,exact_duplicate,8,8,1.0
23340,of April,Tháng Tưof May long,exact_duplicate,8,19,2.375
23341,of June,Tháng Sáu,exact_duplicate,7,9,1.2857142857142858
23342,of July,Tháng Bảy,exact_duplicate,7,9,1.2857142857142858
23343,of August,Tháng Tám,exact_duplicate,9,9,1.0
23344,of September,Tháng Chín,exact_duplicate,12,10,0.8333333333333334
23345,of October,Tháng Mười,exact_duplicate,10,10,1.0
23346,of November,Tháng Mười Một,exact_duplicate,11,14,1.2727272727272727
23347,of December,Tháng ChạpJanuary,exact_duplicate,11,17,1.5454545454545454
23348,Jan,Th1February,exact_duplicate,3,11,3.6666666666666665
23349,Feb,Th2March,exact_duplicate,3,8,2.6666666666666665
23350,Mar,Th3April,exact_duplicate,3,8,2.6666666666666665
23351,Apr,Th4May short,exact_duplicate,3,12,4.0
23352,May,Tháng Năm,exact_duplicate,3,9,3.0
23353,Jun,Th6July,exact_duplicate,3,7,2.3333333333333335
23354,Jul,Th7August,exact_duplicate,3,9,3.0
23355,Aug,Th8September,exact_duplicate,3,12,4.0
23356,Sep,Th9October,exact_duplicate,3,10,3.3333333333333335
23357,Oct,Th10November,exact_duplicate,3,12,4.0
23358,Nov,Th11December,exact_duplicate,3,12,4.0
23359,Dec,Th12,exact_duplicate,3,4,1.3333333333333333
23360,January,Tháng Giêng,exact_duplicate,7,11,1.5714285714285714
23362,March,Tháng Ba,exact_duplicate,5,8,1.6
23363,April,Tháng TưMay long,exact_duplicate,5,16,3.2
23364,June,Tháng Sáu,exact_duplicate,4,9,2.25
23366,August,Tháng Tám,exact_duplicate,6,9,1.5
23367,September,Tháng Chín,exact_duplicate,9,10,1.1111111111111112
23368,October,Tháng Mười,exact_duplicate,7,10,1.4285714285714286
23369,November,Tháng Mười Một,exact_duplicate,8,14,1.75
23370,December,Tháng ChạpMonday,exact_duplicate,8,16,2.0
23371,Mon,T2Tuesday,exact_duplicate,3,9,3.0
23372,Tue,T3Wednesday,exact_duplicate,3,11,3.6666666666666665
23373,Wed,T4Thursday,exact_duplicate,3,10,3.3333333333333335
23374,Thu,T5Friday,exact_duplicate,3,8,2.6666666666666665
23375,Fri,T6Saturday,exact_duplicate,3,10,3.3333333333333335
23376,Sat,T7Sunday,exact_duplicate,3,8,2.6666666666666665
23377,Sun,CN,exact_duplicate,3,2,0.6666666666666666
23378,Monday,Thứ Hai,exact_duplicate,6,7,1.1666666666666667
23379,Tuesday,Thứ Ba,exact_duplicate,7,6,0.8571428571428571
23380,Wednesday,Thứ Tư,exact_duplicate,9,6,0.6666666666666666
23381,Thursday,Thứ Năm,exact_duplicate,8,7,0.875
23382,Friday,Thứ Sáu,exact_duplicate,6,7,1.1666666666666667
23383,Saturday,Thứ Bảy,exact_duplicate,8,7,0.875
23384,Sunday,Chủ NhậtIndian National month 1 - ShortNamePossessive,extreme_length_ratio,6,53,8.833333333333334
23385,of Cha,của Sha`banIndian National month 2 - ShortNamePossessive,extreme_length_ratio,6,56,9.333333333333334
23386,of Vai,Th3Indian National month 3 - ShortNamePossessive,extreme_length_ratio,6,48,8.0
23387,of Jya,Th1Indian National month 4 - ShortNamePossessive,extreme_length_ratio,6,48,8.0
23388,of Ā sh,KhoIndian National month 5 - ShortNamePossessive,extreme_length_ratio,7,48,6.857142857142857
23389,of Shr,của Sha`banIndian National month 6 - ShortNamePossessive,extreme_length_ratio,6,56,9.333333333333334
23390,of Bh ā,Tháng BaIndian National month 7 - ShortNamePossessive,extreme_length_ratio,7,53,7.571428571428571
23391,of Ā sw,EsfIndian National month 8 - ShortNamePossessive,extreme_length_ratio,7,48,6.857142857142857
23392,of Kā r,Th3Indian National month 9 - ShortNamePossessive,extreme_length_ratio,7,48,6.857142857142857
23393,of Agr,Th4Indian National month 10 - ShortNamePossessive,extreme_length_ratio,6,49,8.166666666666666
23394,of Pau,TamuzIndian National month 11 - ShortNamePossessive,extreme_length_ratio,6,51,8.5
23395,of M ā g,Th3Indian National month 12 - ShortNamePossessive,extreme_length_ratio,8,49,6.125
23396,of Ph ā,KhoIndian National month 1 - LongNamePossessive,extreme_length_ratio,7,47,6.714285714285714
23397,of Chaitra,của MuharramIndian National month 2 - LongNamePossessive,extreme_length_ratio,10,56,5.6
23403,of Ā shwin,HeshvanIndian National month 8 - LongNamePossessive,extreme_length_ratio,10,51,5.1
23406,of Paush,Tháng BaIndian National month 11 - LongNamePossessive,extreme_length_ratio,8,53,6.625
23407,of Mā gh,Tháng BaIndian National month 12 - LongNamePossessive,extreme_length_ratio,8,53,6.625
23409,Cha,KhaIndian National month 2 - ShortName,extreme_length_ratio,3,38,12.666666666666666
23410,Vai,Th3Indian National month 3 - ShortName,extreme_length_ratio,3,38,12.666666666666666
23411,Jya,Th1Indian National month 4 - ShortName,extreme_length_ratio,3,38,12.666666666666666
23412,Ā sh,KhoIndian National month 5 - ShortName,extreme_length_ratio,4,38,9.5
23413,Shr,ShaIndian National month 6 - ShortName,extreme_length_ratio,3,38,12.666666666666666
23414,Bh ā,Tháng BaIndian National month 7 - ShortName,extreme_length_ratio,4,43,10.75
23415,Ā sw,EsfIndian National month 8 - ShortName,extreme_length_ratio,4,38,9.5
23416,K ā r,Th3Indian National month 9 - ShortName,extreme_length_ratio,5,38,7.6
23417,Agr,ArbIndian National month 10 - ShortName,extreme_length_ratio,3,39,13.0
23418,Pau,Tạm dừngIndian National month 11 - ShortName,extreme_length_ratio,3,44,14.666666666666666
23419,M ā g,Th3Indian National month 12 - ShortName,extreme_length_ratio,5,39,7.8
23420,Ph ā,KhoIndian National month 1 - LongName,extreme_length_ratio,4,37,9.25
23421,Chaitra,Dây: Indian National month 2 - LongName,extreme_length_ratio,7,39,5.571428571428571
23427,Ā shwin,HeshvanIndian National month 8 - LongName,extreme_length_ratio,7,41,5.857142857142857
23430,Paush,Tạm dừngIndian National month 11 - LongName,extreme_length_ratio,5,43,8.6
23431,Mā gh,Tháng BaIndian National month 12 - LongName,extreme_length_ratio,5,43,8.6
23433,Som,JomIndian National weekday 2 - ShortDayName,extreme_length_ratio,3,43,14.333333333333334
23434,Mañ,Indian National weekday 3 - ShortDayName,extreme_length_ratio,3,40,13.333333333333334
23435,Bud,Indian National weekday 4 - ShortDayName,extreme_length_ratio,3,40,13.333333333333334
23436,Gur,Indian National weekday 5 - ShortDayName,extreme_length_ratio,3,40,13.333333333333334
23437,Suk,CNIndian National weekday 6 - ShortDayName,extreme_length_ratio,3,42,14.0
23438,San,SivanIndian National weekday 7 - ShortDayName,extreme_length_ratio,3,45,15.0
23439,Rav,Indian National weekday 1 - LongDayName,extreme_length_ratio,3,39,13.0
23464,Muharram,Muharram,identical_pair,8,8,1.0
23465,Safar,Safar,identical_pair,5,5,1.0
23466,R. Awal,R. Awal,identical_pair,7,7,1.0
23467,R. Thaani,R. Thaani,identical_pair,9,9,1.0
23468,J. Awal,J. Awal,identical_pair,7,7,1.0
23469,J. Thaani,J. Thaani,identical_pair,9,9,1.0
23470,Rajab,Rajab,identical_pair,5,5,1.0
23471,Sha`ban,Sha`ban,identical_pair,7,7,1.0
23472,Ramadan,Ramadan,identical_pair,7,7,1.0
23473,Shawwal,Shawwal,identical_pair,7,7,1.0
23474,Qi`dah,Qi`dah,identical_pair,6,6,1.0
23475,Hijjah,Hijjah,identical_pair,6,6,1.0
23482,Ith,Ith,identical_pair,3,3,1.0
23483,Thl,Thl,identical_pair,3,3,1.0
23484,Arb,ArbEthiopian weekday 6 - LongDayName,extreme_length_ratio,3,36,12.0
23485,Kha,Kha,identical_pair,3,3,1.0
23486,Jum,Jum,identical_pair,3,3,1.0
23487,Sab,Sab,identical_pair,3,3,1.0
23488,Ahd,Ahd,identical_pair,3,3,1.0
23508,Far,FarOrdibehesht short,extreme_length_ratio,3,20,6.666666666666667
23509,Ord,OrdKhordad short,extreme_length_ratio,3,16,5.333333333333333
23511,Tir,Tir,identical_pair,3,3,1.0
23512,Mor,MorShahrivar short,extreme_length_ratio,3,18,6.0
23517,Dei,Dei,identical_pair,3,3,1.0
23519,Esf,Esf,identical_pair,3,3,1.0
23530,Farvardin,Farvardin,identical_pair,9,9,1.0
23531,Ordibehesht,Ordibehesht,identical_pair,11,11,1.0
23533,Mordad,Mordad,identical_pair,6,6,1.0
23534,Shahrivar,Shahrivar,identical_pair,9,9,1.0
23535,Mehr,Mehr,identical_pair,4,4,1.0
23536,Aban,Aban,identical_pair,4,4,1.0
23538,Bahman,Bahman,identical_pair,6,6,1.0
23540,2sh,2shSe shanbe short,extreme_length_ratio,3,18,6.0
23541,3sh,3shChahar shanbe short,extreme_length_ratio,3,22,7.333333333333333
23542,4sh,4shPanj shanbe short,extreme_length_ratio,3,20,6.666666666666667
23545,shn,shnYek- shanbe short,extreme_length_ratio,3,20,6.666666666666667
23546,1sh,1sh,identical_pair,3,3,1.0
23547,Do shanbe,Do shanbe,identical_pair,9,9,1.0
23548,Se shanbe,Se shanbe,identical_pair,9,9,1.0
23549,Chahar shanbe,Chahar shanbe,identical_pair,13,13,1.0
23550,Panj shanbe,Panj shanbe,identical_pair,11,11,1.0
23551,Jumee,Jumee,identical_pair,5,5,1.0
23552,Shanbe,Shanbe,identical_pair,6,6,1.0
23568,Tishrey,Tishrey,identical_pair,7,7,1.0
23569,Heshvan,Heshvan,identical_pair,7,7,1.0
23570,Kislev,Kislev,identical_pair,6,6,1.0
23571,Tevet,Tevet,identical_pair,5,5,1.0
23572,Shvat,Shvat,identical_pair,5,5,1.0
23573,Adar,Adar,identical_pair,4,4,1.0
23574,Nisan,Nisan,identical_pair,5,5,1.0
23575,Iyar,Iyar,identical_pair,4,4,1.0
23576,Sivan,Sivan,identical_pair,5,5,1.0
23577,Tamuz,Tamuz,identical_pair,5,5,1.0
23578,Av,Av,identical_pair,2,2,1.0
23579,Elul,Elul,identical_pair,4,4,1.0
23580,Adar I,Adar I,identical_pair,6,6,1.0
23592,Today,Hôm nay,exact_duplicate,5,7,1.4
23594,of Tho,KhoCoptic month 2 - ShortNamePossessive,extreme_length_ratio,6,39,6.5
23595,of Pao,TamuzCoptic month 3 - ShortNamePossessive,extreme_length_ratio,6,41,6.833333333333333
23596,of Hat,ShvatCoptic month 4 - ShortNamePossessive,extreme_length_ratio,6,41,6.833333333333333
23597,of Kia,NisanCoptic month 5 - ShortNamePossessive,extreme_length_ratio,6,41,6.833333333333333
23598,of Tob,Th2Coptic month 6 - ShortNamePossessive,extreme_length_ratio,6,39,6.5
23599,of Mes,Tháng BaEthiopian month 2 - ShortNamePossessive,extreme_length_ratio,6,47,7.833333333333333
23600,of Par,Th3Coptic month 8 - ShortNamePossessive,extreme_length_ratio,6,39,6.5
23601,of Pam,TamuzCoptic month 9 - ShortNamePossessive,extreme_length_ratio,6,41,6.833333333333333
23602,of Pas,Tháng BaCoptic month 10 - ShortNamePossessive,extreme_length_ratio,6,45,7.5
23603,of Pan,Th1Coptic month 11 - ShortNamePossessive,extreme_length_ratio,6,40,6.666666666666667
23604,of Epe,Th2Coptic month 12 - ShortNamePossessive,extreme_length_ratio,6,40,6.666666666666667
23605,of Meo,Th3Coptic month 13 - ShortNamePossessive,extreme_length_ratio,6,40,6.666666666666667
23606,of Kou,KhoCoptic month 1 - LongNamePossessive,extreme_length_ratio,6,38,6.333333333333333
23611,of Tobe,Tháng MườiCoptic month 6 - LongNamePossessive,extreme_length_ratio,7,45,6.428571428571429
23617,of Epep,Th9Coptic month 12 - LongNamePossessive,extreme_length_ratio,7,39,5.571428571428571
23620,Tho,ThlCoptic month 2 - ShortName,extreme_length_ratio,3,29,9.666666666666666
23621,Pao,Tạm dừngCoptic month 3 - ShortName,extreme_length_ratio,3,34,11.333333333333334
23622,Hat,T7Coptic month 4 - ShortName,extreme_length_ratio,3,28,9.333333333333334
23623,Kia,KhaCoptic month 5 - ShortName,extreme_length_ratio,3,29,9.666666666666666
23624,Tob,JomCoptic month 6 - ShortName,extreme_length_ratio,3,29,9.666666666666666
23625,Mes,CóEthiopian month 2 - ShortName,extreme_length_ratio,3,31,10.333333333333334
23626,Par,Th3Coptic month 8 - ShortName,extreme_length_ratio,3,29,9.666666666666666
23627,Pam,sángCoptic month 9 - ShortName,extreme_length_ratio,3,30,10.0
23628,Pas,PageUp (trang lên) toolbar position stringCoptic month 10 - ShortName,extreme_length_ratio,3,69,23.0
23629,Pan,ChuẩnCoptic month 11 - ShortName,extreme_length_ratio,3,32,10.666666666666666
23630,Epe,Phím escCoptic month 12 - ShortName,extreme_length_ratio,3,35,11.666666666666666
23631,Meo,T2Coptic month 13 - ShortName,extreme_length_ratio,3,29,9.666666666666666
23632,Kou,KhoCoptic month 1 - LongName,extreme_length_ratio,3,28,9.333333333333334
23634,Paope,Thuộc tínhCoptic month 3 - LongName,extreme_length_ratio,5,35,7.0
23635,Hathor,Tác giảCoptic month 4 - LongName,extreme_length_ratio,6,32,5.333333333333333
23636,Kiahk,KhoCoptic month 5 - LongName,extreme_length_ratio,5,28,5.6
23637,Tobe,JomCoptic month 6 - LongName,extreme_length_ratio,4,28,7.0
23642,Paone,Không cóCoptic month 11 - LongName,extreme_length_ratio,5,34,6.8
23643,Epep,Phím escCoptic month 12 - LongName,extreme_length_ratio,4,34,8.5
23644,Mesore,& Phục hồiCoptic month 13 - LongName,extreme_length_ratio,6,36,6.0
23646,Pes,PageUp (trang lên) Coptic weekday 2 - ShortDayName,extreme_length_ratio,3,50,16.666666666666668
23647,Psh,Tạm dừngCoptic weekday 3 - ShortDayName,extreme_length_ratio,3,39,13.0
23648,Pef,PageUp (trang lên) Coptic weekday 4 - ShortDayName,extreme_length_ratio,3,50,16.666666666666668
23649,Pti,Coptic weekday 5 - ShortDayName,extreme_length_ratio,3,31,10.333333333333334
23650,Pso,Tạm dừngCoptic weekday 6 - ShortDayName,extreme_length_ratio,3,39,13.0
23651,Psa,Tạm dừngCoptic weekday 7 - ShortDayName,extreme_length_ratio,3,39,13.0
23652,Tky,Coptic weekday 1 - LongDayName,extreme_length_ratio,3,30,10.0
23653,Pesnau,Tạm dừngCoptic weekday 2 - LongDayName,extreme_length_ratio,6,38,6.333333333333333
23656,Ptiou,Coptic weekday 5 - LongDayName,extreme_length_ratio,5,30,6.0
23657,Psoou,Coptic weekday 6 - LongDayName,extreme_length_ratio,5,30,6.0
23660,of Teq,TevetEthiopian month 3 - ShortNamePossessive,extreme_length_ratio,6,44,7.333333333333333
23661,of Hed,Th2Ethiopian month 4 - ShortNamePossessive,extreme_length_ratio,6,42,7.0
23662,of Tah,Tháng BaEthiopian month 5 - ShortNamePossessive,extreme_length_ratio,6,47,7.833333333333333
23663,of Ter,TirEthiopian month 6 - LongNamePossessive,extreme_length_ratio,6,41,6.833333333333333
23664,of Yak,Th1Ethiopian month 7 - ShortNamePossessive,extreme_length_ratio,6,42,7.0
23665,of Mag,Th3Ethiopian month 8 - ShortNamePossessive,extreme_length_ratio,6,42,7.0
23666,of Miy,Th5Ethiopian month 9 - ShortNamePossessive,extreme_length_ratio,6,42,7.0
23667,of Gen,Th1Ethiopian month 10 - ShortNamePossessive,extreme_length_ratio,6,43,7.166666666666667
23668,of Sen,Th9Ethiopian month 11 - ShortNamePossessive,extreme_length_ratio,6,43,7.166666666666667
23669,of Ham,TamuzEthiopian month 12 - ShortNamePossessive,extreme_length_ratio,6,45,7.5
23670,of Neh,Tháng BaEthiopian month 13 - ShortNamePossessive,extreme_length_ratio,6,48,8.0
23671,of Pag,TamuzEthiopian month 1 - LongNamePossessive,extreme_length_ratio,6,43,7.166666666666667
23674,of Hedar,Th3Ethiopian month 4 - LongNamePossessive,extreme_length_ratio,8,41,5.125
23680,of Sene,Th9Ethiopian month 11 - LongNamePossessive,extreme_length_ratio,7,42,6.0
23681,of Hamle,TamuzEthiopian month 12 - LongNamePossessive,extreme_length_ratio,8,44,5.5
23682,of Nehase,của Sha`banEthiopian month 13 - LongNamePossessive,extreme_length_ratio,9,50,5.555555555555555
23684,Teq,T3Ethiopian month 3 - ShortName,extreme_length_ratio,3,31,10.333333333333334
23685,Hed,T4Ethiopian month 4 - ShortName,extreme_length_ratio,3,31,10.333333333333334
23686,Tah,RácEthiopian month 5 - ShortName,extreme_length_ratio,3,32,10.666666666666666
23687,Ter,T3Ethiopian month 6 - LongName,extreme_length_ratio,3,30,10.0
23688,Yak,Th1Ethiopian month 7 - ShortName,extreme_length_ratio,3,32,10.666666666666666
23689,Mag,Th3Ethiopian month 8 - ShortName,extreme_length_ratio,3,32,10.666666666666666
23690,Miy,Th5Ethiopian month 9 - ShortName,extreme_length_ratio,3,32,10.666666666666666
23691,Gen,Hy LạpEthiopian month 10 - ShortName,extreme_length_ratio,3,36,12.0
23692,Sen,& GởiEthiopian month 11 - ShortName,extreme_length_ratio,3,35,11.666666666666666
23693,Ham,sángEthiopian weekday 5 - ShortDayName,extreme_length_ratio,3,38,12.666666666666666
23694,Neh,MehEthiopian month 13 - ShortName,extreme_length_ratio,3,33,11.0
23695,Pag,PageUp (trang lên) Ethiopian month 1 - LongName,extreme_length_ratio,3,47,15.666666666666666
23698,Hedar,AdarEthiopian month 4 - LongName,extreme_length_ratio,5,32,6.4
23699,Tahsas,Tác vụEthiopian month 5 - LongName,extreme_length_ratio,6,34,5.666666666666667
23701,Magabit,của RajabEthiopian month 8 - LongName,extreme_length_ratio,7,37,5.285714285714286
23703,Genbot,Th2Ethiopian month 10 - LongName,extreme_length_ratio,6,32,5.333333333333333
23704,Sene,& GởiEthiopian month 11 - LongName,extreme_length_ratio,4,34,8.5
23705,Hamle,TênEthiopian month 12 - LongName,extreme_length_ratio,5,32,6.4
23706,Nehase,TênEthiopian month 13 - LongName,extreme_length_ratio,6,32,5.333333333333333
23707,Pagumen,PageUp (trang lên) Ethiopian weekday 1 - ShortDayName,extreme_length_ratio,7,53,7.571428571428571
23708,Seg,Th9Ethiopian weekday 2 - ShortDayName,extreme_length_ratio,3,37,12.333333333333334
23709,Mak,Th3Ethiopian weekday 3 - ShortDayName,extreme_length_ratio,3,37,12.333333333333334
23710,Rob,JomEthiopian weekday 4 - LongDayName,extreme_length_ratio,3,36,12.0
23711,Qed,T4Ethiopian weekday 7 - ShortDayName,extreme_length_ratio,3,36,12.0
23712,Ehu,T5Ethiopian weekday 1 - LongDayName,extreme_length_ratio,3,35,11.666666666666666
23713,Segno,& GởiEthiopian weekday 2 - LongDayName,extreme_length_ratio,5,38,7.6
23715,Hamus,Tạm dừngEthiopian weekday 5 - LongDayName,extreme_length_ratio,5,41,8.2
23716,Qedame,TênEthiopian weekday 7 - LongDayName,extreme_length_ratio,6,36,6.0
23718,Your names,Nhóm Việt hoá KDEEMAIL OF TRANSLATORS,exact_duplicate,10,37,3.7
23719,Your emails,kde- l10n- vi@ kde. org,exact_duplicate,11,23,2.090909090909091
23721,"Please choose the default text editing component that you wish to use in this application. If you choose System Default, the application will honor your changes in the System Settings. All other choices will override that setting.","Vui lòng chọn thành phần soạn thảo mặc định bạn muốn sử dụng trong ứng dụng này. Nếu bạn chọn Mặc định hệ thống, ứng dụng sẽ theo thay đổi đó trong Trung tâm Điều khiển. Các sự chọn khác sẽ có quyền cao hơn thiết lập đó.",noise_ui_fragment,230,220,0.9565217391304348
23729,Email address:,Địa chỉ thư:,exact_duplicate,14,12,0.8571428571428571
23730,Name:,Tên:,exact_duplicate,5,4,0.8
23731,Version:,Phiên bản:,exact_duplicate,8,10,1.25
23733,GPL,GPL,identical_pair,3,3,1.0
23734,LGPL,LGPL,identical_pair,4,4,1.0
23735,BSD,BSD,identical_pair; exact_duplicate,3,3,1.0
23745,Rating,Đánh giá,exact_duplicate,6,8,1.3333333333333333
23749,Search:,Tìm kiếm:,exact_duplicate,7,9,1.2857142857142858
23756,Description:,Mô tả:,exact_duplicate,12,6,0.5
23760,Description,Mô tả,exact_duplicate,11,5,0.45454545454545453
23768,Password:,Mật khẩu:,exact_duplicate,9,9,1.0
23778,Value,Giá trị,exact_duplicate,5,7,1.4
23780,1,1,identical_pair; exact_duplicate,1,1,1.0
23781,6,6,identical_pair; exact_duplicate,1,1,1.0
23782,2,2,identical_pair; exact_duplicate,1,1,1.0
23783,9,9,identical_pair; exact_duplicate,1,1,1.0
23784,4,4,identical_pair; exact_duplicate,1,1,1.0
23785,16,6,exact_duplicate,2,1,0.5
23786,Start,Bắt đầu,exact_duplicate,5,7,1.4
23793,Action,Hành động,exact_duplicate,6,9,1.5
23794,Shortcut,Phím tắt,exact_duplicate,8,8,1.0
23801,Username:,Tên người dùng:,exact_duplicate,9,15,1.6666666666666667
23804,Options,Tùy chọn,exact_duplicate,7,8,1.1428571428571428
23809,Default language:,Ngôn ngữ mặc định:,exact_duplicate,17,18,1.0588235294117647
23815,& Language:,& Ngôn ngữ:,exact_duplicate,11,11,1.0
23832,& Ignore,& Bỏ qua,exact_duplicate,8,8,1.0
23836,& File,& Tập tin,exact_duplicate,6,9,1.5
23840,& View,& Xem,exact_duplicate,6,5,0.8333333333333334
23841,& Go,& Tới,exact_duplicate,4,5,1.25
23843,& Tools,& Công cụ,exact_duplicate,7,9,1.2857142857142858
23844,& Settings,Thiết & lập,exact_duplicate; noise_ui_fragment,10,11,1.1
23846,Main Toolbar,Thanh công cụ chính,exact_duplicate,12,19,1.5833333333333333
23847,Main:,Chính:,exact_duplicate,5,6,1.2
23852,Pause,Tạm dừngconcatenation of dates and time,extreme_length_ratio,5,39,7.8
23857,Settings,Thiết lập,exact_duplicate; noise_ui_fragment,8,9,1.125
23869,General,Chung,exact_duplicate,7,5,0.7142857142857143
23870,URL:,Địa chỉ Mạng:,exact_duplicate,4,13,3.25
23871,Title:,Tựa:,exact_duplicate,6,4,0.6666666666666666
23878,& Close,& Đóng,noise_ui_fragment,7,6,0.8571428571428571
23879,Clear,& Xoá,exact_duplicate,5,5,1.0
23882,& Next,& Kế,exact_duplicate; noise_ui_fragment,6,4,0.6666666666666666
23884,Options,Tùy chọn,exact_duplicate,7,8,1.1428571428571428
23889,File:,Tập tin:,exact_duplicate,5,8,1.6
23890,...,...,identical_pair; exact_duplicate,3,3,1.0
23931,Show hidden files,Hiện tập tin ẩn,exact_duplicate,17,15,0.8823529411764706
23951,+,+,identical_pair; exact_duplicate,1,1,1.0
23952,AC,AC,identical_pair,2,2,1.0
23953,-,-,identical_pair; exact_duplicate,1,1,1.0
23954,=,=,identical_pair,1,1,1.0
23955,CL,CL,identical_pair,2,2,1.0
23956,5,5,identical_pair; exact_duplicate,1,1,1.0
23957,3,3,identical_pair; exact_duplicate,1,1,1.0
23958,7,7,identical_pair; exact_duplicate,1,1,1.0
23959,8,8,identical_pair; exact_duplicate,1,1,1.0
23961,Execute,Thực hiện,exact_duplicate,7,9,1.2857142857142858
23962,File,Tập tin,exact_duplicate,4,7,1.75
23966,Close Script,Đóng văn lệnh,noise_ui_fragment,12,13,1.0833333333333333
23967,Close script...,Đóng văn lệnh...,noise_ui_fragment,15,16,1.0666666666666667
23970,Run,Chạy,exact_duplicate,3,4,1.3333333333333333
23975,Step to next line...,Bước tới dòng kế...,noise_ui_fragment,20,19,0.95
23976,Stop,Dừng,exact_duplicate,4,4,1.0
23987,Cancel,Thôi,exact_duplicate; noise_ui_fragment,6,4,0.6666666666666666
23988,Suspend,Ngưng,exact_duplicate,7,5,0.7142857142857143
23991,Error,Lỗi,exact_duplicate,5,3,0.6
23995,Syntax error,Lỗi cú pháp,exact_duplicate,12,11,0.9166666666666666
24002,KDontChangeTheHostName,KDontChangeTheHostName,identical_pair,22,22,1.0
24004,Author,Tác giả,exact_duplicate,6,7,1.1666666666666667
24011,KBuildSycoca,KBuildSycoca,identical_pair,12,12,1.0
24026,Reload,Tải lại,exact_duplicate,6,7,1.1666666666666667
24051,Executables in $prefix/ bin,Tập tin chạy được trong <\ $prefix\ / bin >,noise_markup_or_html_entity,27,43,1.5925925925925926
24053,Icons,Biểu tượng,exact_duplicate,5,10,2.0
24080,Unable to open temporary file.,Không thể mở tập tin tạm thời.,exact_duplicate,30,30,1.0
24114,The certificate is not signed by any trusted certificate authority,SSL error,extreme_length_ratio,66,9,0.13636363636363635
24116,The certificate is unsuitable for this purpose,SSL error,extreme_length_ratio,46,9,0.1956521739130435
24117,The root certificate authority's certificate is not trusted for this purpose,SSL error,extreme_length_ratio,76,9,0.11842105263157894
24118,The certificate authority's certificate is marked to reject this certificate's purpose,SSL error,extreme_length_ratio,86,9,0.10465116279069768
24184,KDE,KDE,identical_pair; exact_duplicate,3,3,1.0
24186,'%1 'missing.,"Thiếu «% 1 ». @ info: shell message on appcmd -- version; do not translate 'Development Platform'% 3 application name, other% n version strings",extreme_length_ratio,13,143,11.0
24187,Qt: %1 KDE Development Platform: %2 %3: %4,"the 2nd argument is a list of name+address, one on each line",language_suspect,42,60,1.4285714285714286
24190,Please use http: / /bugs. kde. org to report bugs.,Vui lòng thông báo lỗi bằng < http\:\ /\ / bugs\. kde\. org >.,noise_markup_or_html_entity,50,62,1.24
24207,Arguments:,Đối số:,exact_duplicate,10,7,0.7
24228,Custom,Tự chọn,exact_duplicate,6,7,1.1666666666666667
24229,Not specified,Chưa xác địnhreplace this with information about your translation team,extreme_length_ratio,13,70,5.384615384615385
24235,40,40dictionary variant,extreme_length_ratio,2,20,10.0
24236,60,60dictionary variant,extreme_length_ratio,2,20,10.0
24237,80,80dictionary variant,extreme_length_ratio,2,20,10.0
24255,extended,"kéo dàidictionary name.% 1- language,% 2- country and% 3 variant name",extreme_length_ratio,8,69,8.625
24256,%1 (%2) [%3],% 1 (% 2) [% 3] dictionary name.% 1- language and% 2- country name,language_suspect; extreme_length_ratio,12,66,5.5
24257,%1 (%2),% 1 (% 2),exact_duplicate,7,9,1.2857142857142858
24258,%1 [%2],% 1 [% 2],exact_duplicate,7,9,1.2857142857142858
24264,Unicode,Unicode,identical_pair; exact_duplicate,7,7,1.0
24268,Greek,Hy Lạp,exact_duplicate,5,6,1.2
24275,Arabic,Ả RậpKCharselect unicode block name,extreme_length_ratio,6,35,5.833333333333333
24277,Thai,TháiKCharselect unicode block name,extreme_length_ratio,4,34,8.5
24305,Today,Hôm nay,exact_duplicate,5,7,1.4
24310,Other,KhácKCharselect unicode block name,extreme_length_ratio,5,34,6.8
24311,%1 (%2),% 1 (% 2) @ tag/ modifier/ modifier@ title/ plain,extreme_length_ratio,7,49,7.0
24315,%1,@ item/ plain,extreme_length_ratio,2,13,6.5
24318,Note: %1,concatenation of dates and time,language_suspect,8,31,3.875
24324,%2,[Thuộc tính] @ filename/ plain,extreme_length_ratio,2,30,15.0
24326,%1,Lỗi:% 1:% 2,extreme_length_ratio; exact_duplicate,2,11,5.5
24328,%1(%2),"% 1 (% 2) @ command- with- section/ rich% 1 is the command name,% 2 is its man section",language_suspect; extreme_length_ratio,6,86,14.333333333333334
24330,%1,Lỗi:% 1:% 2@ placeholder/ plain,extreme_length_ratio,2,31,15.5
24332,%1,Lỗi:% 1:% 2,extreme_length_ratio; exact_duplicate,2,11,5.5
24335,& lt; %1 gt;,"Vui lòng thông báo lỗi nào cho% 2. @ email- with- name/ plain% 1 is name,% 2 is address",extreme_length_ratio,12,87,7.25
24336,%1,Vui lòng thông báo lỗi nào cho% 2.,extreme_length_ratio,2,34,17.0
24337,$%1,% 1% @ envar/ rich,extreme_length_ratio,3,18,6.0
24341,Backspace,Xoá lùi,exact_duplicate,9,7,0.7777777777777778
24346,Delete,Xoá bỏ,noise_ui_fragment,6,6,1.0
24347,Down,PageDown (xuống trang),extreme_length_ratio,4,22,5.5
24353,Insert,Chèn,exact_duplicate,6,4,0.6666666666666666
24354,Left,Tráitoolbar position string,extreme_length_ratio,4,27,6.75
24355,Menu,Trình đơn,exact_duplicate,4,9,2.25
24365,Right,Phảitoolbar position string,extreme_length_ratio,5,27,5.4
24372,Up,Lên,exact_duplicate,2,3,1.5
24378,Name,Tên,exact_duplicate,4,3,0.75
24379,Payload,Trọng tảiProgram name followed by 'Add On Installer',extreme_length_ratio,7,52,7.428571428571429
24393,Provider: %1,Nhà cung cấp:% 1,exact_duplicate,12,16,1.3333333333333333
24394,Version: %1,Phiên bản:% 1,exact_duplicate,11,13,1.1818181818181819
24408,Translate,Dịch,exact_duplicate,9,4,0.4444444444444444
24413,Provider: %1,Nhà cung cấp:% 1,exact_duplicate,12,16,1.3333333333333333
24414,Version: %1,Phiên bản:% 1,exact_duplicate,11,13,1.1818181818181819
24437,Version %1,Phiên bản% 1,exact_duplicate,10,12,1.2
24441,Latest,Mới nhất,exact_duplicate,6,8,1.3333333333333333
24475,Overwrite File?,Ghi đè tập tin không?,exact_duplicate,15,21,1.4
24477,Stalled,Bị ngừng chạy,exact_duplicate,7,13,1.8571428571428572
24481,%1%,% 1%,exact_duplicate,3,4,1.3333333333333333
24482,Stalled,Bị ngừng chạy,exact_duplicate,7,13,1.8571428571428572
24485,& Resume,Tiếp tục,exact_duplicate,8,8,1.0
24487,Source:,Nguồn:,exact_duplicate,7,6,0.8571428571428571
24493,Redo,Làm lại,exact_duplicate,4,7,1.75
24495,& OK,& Được,noise_ui_fragment,4,6,1.5
24496,& Cancel,Thôi,exact_duplicate; noise_ui_fragment,8,4,0.5
24497,& Yes,& Có,exact_duplicate,5,4,0.8
24498,Yes,Có,exact_duplicate,3,2,0.6666666666666666
24500,No,Không,exact_duplicate,2,5,2.5
24504,& Save,& Lưu,exact_duplicate; noise_ui_fragment,6,5,0.8333333333333334
24505,Save data,Lưu dữ liệu,noise_ui_fragment,9,11,1.2222222222222223
24506,& DoNot Save,& Không lưu,noise_ui_fragment,12,11,0.9166666666666666
24507,Do not save data,Đừng lưu dữ liệu,noise_ui_fragment,16,16,1.0
24508,Save & As...,Lưu & dạng...,noise_ui_fragment,12,13,1.0833333333333333
24509,Save file with another name,Lưu tập tin với tên khác,noise_ui_fragment,27,24,0.8888888888888888
24511,Apply changes,Áp dụng thay đổi,exact_duplicate,13,16,1.2307692307692308
24512,"When clicking Apply, the settings will be handed over to the program, but the dialog will not be closed. Use this to try different settings.","Khi nhắp vào nút Áp dụng, thiết lập sẽ được gởi cho chương trình, còn hộp thoại sẽ còn lại mở. Hãy dùng khả năng này để thử ra thiết lập khác nhau.",noise_ui_fragment,140,147,1.05
24519,Close the current window or document,Đóng cửa sổ hay tài liệu hiện có,noise_ui_fragment,36,32,0.8888888888888888
24521,Close the current window.,Đóng cửa sổ hay tài liệu hiện có,noise_ui_fragment,25,32,1.28
24523,Close the current document.,Đóng cửa sổ hay tài liệu hiện có,noise_ui_fragment,27,32,1.1851851851851851
24525,Reset all items to their default values,Đặt lại mọi mục thành giá trị mặc địnhgo back,noise_ui_fragment,39,45,1.1538461538461537
24526,& Back,& LùiOpposite to Back,noise_ui_fragment,6,21,3.5
24527,Go back one step,Quay lui một tranggo forward,noise_ui_fragment,16,28,1.75
24532,Continue,& Tiếp tục,exact_duplicate,8,10,1.25
24534,& Delete,& Xoá bỏ,noise_ui_fragment,8,8,1.0
24535,Delete item(s),Xoá bỏ mục,noise_ui_fragment,14,10,0.7142857142857143
24537,Open file,Mở tập tin,exact_duplicate,9,10,1.1111111111111112
24538,& Quit,Thoát,exact_duplicate,6,5,0.8333333333333334
24540,& Reset,Đặt & lại,exact_duplicate,7,9,1.2857142857142858
24542,& Insert,& Chèn,exact_duplicate,8,6,0.75
24545,Add,Thêm,exact_duplicate,3,4,1.3333333333333333
24546,Remove,Bỏ,exact_duplicate,6,2,0.3333333333333333
24548,Properties,Thuộc tính,exact_duplicate,10,10,1.0
24549,& Overwrite,& Ghi đè,exact_duplicate,11,8,0.7272727272727273
24552,Props,Props,identical_pair,5,5,1.0
24553,Front,Mặt,exact_duplicate,5,3,0.6
24554,Copy,Chép,exact_duplicate,4,4,1.0
24555,Open,Mở,exact_duplicate,4,2,0.5
24556,Paste,Dán,exact_duplicate,5,3,0.6
24558,Cut,Cắt,exact_duplicate,3,3,1.0
24559,Print,In,exact_duplicate,5,2,0.4
24568,Low Password Strength,Mật khẩu yếuOpposite to Back,noise_ui_fragment,21,28,1.3333333333333333
24569,Next,Kế,exact_duplicate; noise_ui_fragment,4,2,0.5
24570,Finish,Kết thúc,exact_duplicate,6,8,1.3333333333333333
24579,Save as Scheme Defaults,& Mặc định,noise_ui_fragment,23,10,0.43478260869565216
24584,None,Không có,exact_duplicate,4,8,2.0
24593,Details,Chi tiết,exact_duplicate,7,8,1.1428571428571428
24596,Warning,Cảnh báo,exact_duplicate,7,8,1.1428571428571428
24598,Information,Thông tin,exact_duplicate,11,9,0.8181818181818182
24601,Configure,Cấu hình,exact_duplicate,9,8,0.8888888888888888
24602,& Try,& Thử,exact_duplicate,5,5,1.0
24603,modified,đã sửa đổiDocument/ application separator in titlebar,extreme_length_ratio,8,53,6.625
24604,& Details,& Chi tiết,exact_duplicate,9,10,1.1111111111111112
24606,--- separator ---,━━ bộ phân cách ━━,exact_duplicate,17,18,1.0588235294117647
24610,Reset,Đặt lại,exact_duplicate,5,7,1.4
24618,< Merge >,< Tr\\ xE1\\ xBB\\ x99n >,noise_markup_or_html_entity,9,25,2.7777777777777777
24636,Shortcuts,Phím tắt,exact_duplicate,9,8,0.8888888888888888
24644,Please use http://bugs.kde.orgto report bugs.,Vui lòng thông báo lỗi bằng Bugzilla.,noise_url,45,37,0.8222222222222222
24653,Submit Bug Report,Gởi báo cáo lỗi,noise_ui_fragment,17,15,0.8823529411764706
24655,From:,Từ:,exact_duplicate,5,3,0.6
24658,To:,Cho:,exact_duplicate,3,4,1.3333333333333333
24662,"The application for which you wish to submit a bug report - if incorrect, please use the Report Bug menu item of the correct application","Ứng dụng về mà bạn muốn thông báo lỗi. Nếu không đúng, hãy sử dụng mục trình đơn « Thông báo lỗi » của ứng dụng đúng.",noise_ui_fragment,136,117,0.8602941176470589
24671,Normal,Chuẩn,exact_duplicate,6,5,0.8333333333333334
24673,Translation,Bản dịch,exact_duplicate,11,8,0.7272727272727273
24675,"Enter the text (in English if possible) that you wish to submit for the bug report. If you press ""Send"", a mail message will be sent to the maintainer of this program.","Hãy nhập đoạn (bằng tiếng Anh nếu có thể) bạn muốn gồm có trong báo cáo lỗi. Khi bạn bấm nút « Gởi », thư báo cáo lỗi sẽ được gởi cho nhà duy trì chương trình này.",noise_ui_fragment,167,163,0.9760479041916168
24676,"To submit a bug report, click on the button below. This will open a web browser window on http://bugs.kde.orgwhere you will find a form to fill in. The information displayed above will be transferred to that server.","Để thông báo lỗi, hãy nhấn vào cái nút bên dưới. Việc này sẽ mở một cửa sổ trình duyệt Mạng ở địa chỉ của bộ theo dõi lỗi KDE mà cung cấp đơn cần điền vào. Thông tin bên trên sẽ được truyền cho máy phục vụ đó.",noise_url; noise_ui_fragment,215,209,0.9720930232558139
24678,unknown,không rõ,exact_duplicate,7,8,1.1428571428571428
24682,Unable to send the bug report. Please submit a bug report manually.... See http://bugs.kde.org/ for instructions.,Không thể gởi báo cáo lỗi này. Vui lòng tự thông báo lỗi... Xem (Bugzilla KDE) để tìm hướng dẫn.,noise_url; noise_windows_or_unix_file_path; noise_ui_fragment,113,96,0.8495575221238938
24684,Close and discard edited message?,Đóng và hủy thư đã soạn thảo không?,noise_ui_fragment,33,35,1.0606060606060606
24685,Close Message,Đóng thư,noise_ui_fragment,13,8,0.6153846153846154
24690,"KDEis a world-wide network of software engineers, artists, writers, translators and facilitators who are committed to Free Softwaredevelopment. This community has created hundreds of Free Software applications as part of the KDE Development Platform and KDE Software Distribution. KDE is a cooperative enterprise in which no single entity controls the efforts or products of KDE to the exclusion of others. Everyone is welcome to join and contribute to KDE, including you. Visit http://www.kde.orgfor more information about the KDE community and the software we produce.","Môi trường làm việc KDE được tạo và duy trì đều bởi Nhóm KDE, một mạng trên khắp thế giới các kỹ sư phần mềm đã cam kết phát triển Phần mềm Tự do. Không có nhóm, công ty hoặc tổ chức riêng lẻ nào có điều khiển mã nguồn KDE. Mời mọi người đóng góp cùng KDE. Thăm nơi Mạng KDE để xem thông tin thêm về dự án KDE.",noise_url,570,310,0.543859649122807
24691,"Software can always be improved, and the KDE team isready to do so. However, you - the user - must tell us when something does not work as expected or could be done better. KDE has a bug tracking system. Visit http://bugs.kde.orgor use the ""Report Bug..."" dialog from the ""Help"" menu to report bugs. If you have a suggestion for improvement then you are welcome to use the bug tracking system to register your wish. Make sure you use the severity called ""Wishlist"".","Phần mềm luôn còn cần cải tiến, và Nhóm KDE muốn làm như thế. Tuy nhiên, bạn & mdash; người dùng & mdash; cần phải báo chúng tôi biết khi thứ nào không hoạt động được, hoặc cần thay đổi. Môi trường làm việc KDE có bộ theo dõi lỗi Bugzilla KDE, hoặc bạn có thể sử dụng mục « Thông báo lỗi » trong trình đơn « Trợ giúp », để thông báo lỗi. Muốn gọi ý để cải tiến KDE thì có thể sử dụng hệ thống theo dõi lỗi để ghi lưu yêu cầu. Kiểm tra bạn đã đặt « severity » (độ quan trọng) của mục đăng ký là « Wishlist » (yêu cầu).",noise_url,465,517,1.1118279569892473
24692,"You do not have to be a software developer to be a member of the KDE team. You can join the national teams that translate program interfaces. You can provide graphics, themes, sounds, and improved documentation. You decide! Visit http://www.kde.org/jobs/for information on some projects in which you can participate. If you need more information or documentation, then a visit to http://techbase.kde.orgwill provide you with what you need.","Bạn có thể tham gia nhóm KDE, không cần phải là nhà phát triển. Bạn có thể tham gia nhóm quốc gia mà dịch giao diện ứng dụng và tài liệu (v. d. Nhóm Việt hoá KDE. Hoặc bạn có thể cung cấp đồ họa, sắc thái, âm thanh, và cải tiến tài liệu hướng dẫn. Theo ý kiến bạn.:) Thăm Công việc để xem thông tin về một số dự án cần người tham gia. Nếu bạn cần thông tin hay tài liệu thêm, xem Phát triển KDE.",noise_url; noise_windows_or_unix_file_path,439,395,0.8997722095671982
24693,"KDE is available free of charge, but costs are incurred and assets formed in its creation. Thus, the KDE community formed KDE e.V., a non-profit organization legally founded in Tuebingen, Germany. KDE e.V. represents the KDE community in legal and financial matters. See http://www.kde-ev.orgfor information on KDE e.V. KDE benefits from financial support. Most of the funds raised are used to reimburse members and others for expenses they incur when contributing to KDE. You are encouraged to support KDE through a financial donation, using one of the ways described at http://www.kde.org/support/. Thank you very much in advance for your support.","Môi trường KDE công bố miễn phí, nhưng mà các việc tạo, duy trì và phát triển nó cần tiền. Vì vậy, Nhóm KDE đã tạo KDE e. V., một tổ chức phi lợi nhuận được thành lập một cách pháp luật trong thành phố Tuebingen trong Đức. KDE e. V. đại diện cho dự án KDE trong trường hợp pháp luật và tài chính. Xem nơi Mạng KDE e. V. để tìm thông tin thêm. Nhóm KDE có phải cần tiền tăng. Hậu hết tiền này cần thiết để hỗ trợ thành viên đóng góp cùng KDE. Bạn giúp đỡ hỗ trợ dự án KDE nhé. Vui lòng tăng tiền bằng một của những cách được diễn tả trên trang này. Rất cám ơn bạn trước, nếu bạn sẽ giúp đỡ hỗ trợ KDE. About KDE",noise_url; noise_windows_or_unix_file_path,649,610,0.9399075500770416
24701,The language for this application has been changed. The change will take effect the next time the application is started.,Ngôn ngữ cho ứng dụng này bị thay đổi. Thay đổi sẽ có tác động lần kế tiếp bạn khởi chạy ứng dụng này.,noise_ui_fragment,121,102,0.8429752066115702
24707,Password,Mật khẩu,exact_duplicate,8,8,1.0
24711,Choose...,Chọn...,exact_duplicate,9,7,0.7777777777777778
24718,Here you can choose the font to be used.,Ở đây bạn có thể chọn phông chữ cần dùng.,exact_duplicate,40,41,1.025
24720,Font,Phông chữ,exact_duplicate,4,9,2.25
24721,Enable this checkbox to change the font family settings.,Đánh dấu trong hộp chọn này để thay đổi thiết lập nhóm phông chữ.,noise_ui_fragment,56,65,1.1607142857142858
24723,Font:,Phông chữ:,exact_duplicate,5,10,2.0
24725,Enable this checkbox to change the font style settings.,Đánh dấu trong hộp chọn này để thay đổi thiết lập kiểu phông chữ.,noise_ui_fragment,55,65,1.1818181818181819
24728,Size,Cỡ,exact_duplicate,4,2,0.5
24729,Enable this checkbox to change the font size settings.,Đánh dấu trong hộp chọn này để thay đổi thiết lập kích cỡ phông chữ.,noise_ui_fragment,54,68,1.2592592592592593
24731,Size:,Cỡ:,exact_duplicate,5,3,0.6
24734,Regular,Chuẩn,exact_duplicate,7,5,0.7142857142857143
24736,Bold,Đậm,exact_duplicate,4,3,0.75
24743,This sample text illustrates the current settings. You may edit it to test special characters.,Chuỗi ví dụ này hiển thị kiểu phông chữ đã đặt hiện thời. Bạn có thể hiệu chỉnh nó để kiểm tra xem các ký tự đặc biệt là đúng.,noise_ui_fragment,94,126,1.3404255319148937
24748,Regular expression,& Biểu thức chính quy,exact_duplicate,18,21,1.1666666666666667
24749,& Edit...,& Sửa...,exact_duplicate,9,8,0.8888888888888888
24792,Replace,Thay thế,exact_duplicate,7,8,1.1428571428571428
24793,& All,& Tất cả,exact_duplicate,5,8,1.6
24794,& Skip,& Bỏ qua,exact_duplicate,6,8,1.3333333333333333
24801,Restart,Chạy lại,exact_duplicate,7,8,1.1428571428571428
24805,Find Next,Tìm kế,exact_duplicate; noise_ui_fragment,9,6,0.6666666666666666
24806,Find next occurrence of '%1'?,Tìm lần gặp «% 1 » kế tiếp không?,noise_ui_fragment,29,33,1.1379310344827587
24807,No matches found for '%1'.,Không tìm thấy «% 1 ».,exact_duplicate,26,22,0.8461538461538461
24808,No matches found for '%1'.,Không tìm thấy «% 1 ».,exact_duplicate,26,22,0.8461538461538461
24811,Search,Tìm kiếm,exact_duplicate,6,8,1.3333333333333333
24814,Search:,Tìm & kiếm:,exact_duplicate,7,11,1.5714285714285714
24821,invalid button,"nút không hợp lệa kind of mouse gesture: hold down one mouse button, then press another button",extreme_length_ratio,14,94,6.714285714285714
24823,New,Mới,exact_duplicate,3,3,1.0
24824,Close,ĐóngFreeze the window geometry,extreme_length_ratio; noise_ui_fragment,5,30,6.0
24825,Save,Lưu,exact_duplicate; noise_ui_fragment,4,3,0.75
24828,Deselect,Bỏ chọn,exact_duplicate,8,7,0.875
24829,Delete Word Backwards,Xoá bỏ ngược từ,noise_ui_fragment,21,15,0.7142857142857143
24830,Delete Word Forward,Xoá bỏ tới từ,noise_ui_fragment,19,13,0.6842105263157895
24833,Prior,LùiOpposite to Back,noise_ui_fragment,5,19,3.8
24834,Back,Lùi,exact_duplicate; noise_ui_fragment,4,3,0.75
24840,Add Bookmark,Thêm Đánh dấu,exact_duplicate,12,13,1.0833333333333333
24841,Zoom In,Phóng to,exact_duplicate,7,8,1.1428571428571428
24842,Zoom Out,Thu nhỏ,exact_duplicate,8,7,0.875
24843,Full Screen Mode,Chế độ toàn màn hình,exact_duplicate,16,20,1.25
24844,Show Menu Bar,Hiện thanh trình đơn,exact_duplicate,13,20,1.5384615384615385
24845,Activate Next Tab,Kích hoạt thanh kế,noise_ui_fragment,17,18,1.0588235294117647
24847,Help,Trợ giúp,exact_duplicate,4,8,2.0
24851,Next Completion Match,Chuỗi gõ xong kế,noise_ui_fragment,21,16,0.7619047619047619
24854,Next Item in List,Mục kế trong danh sách,noise_ui_fragment,17,22,1.2941176470588236
24856,Save As,Lưu dạng,exact_duplicate; noise_ui_fragment,7,8,1.1428571428571428
24857,Revert,& Hoàn nguyên,exact_duplicate,6,13,2.1666666666666665
24860,Clear,& Xoá,exact_duplicate,5,5,1.0
24867,Document Back,Tài liệu:% 1,noise_ui_fragment,13,12,0.9230769230769231
24868,Document Forward,Tới,extreme_length_ratio,16,3,0.1875
24872,Show Statusbar,Hiện thanh trạng thái,exact_duplicate,14,21,1.5
24873,Save Options,Tùy chọn@ action,noise_ui_fragment,12,16,1.3333333333333333
24887,Full Screen Mode,Chế độ toàn màn hình,exact_duplicate,16,20,1.25
24891,Default,Mặc định,exact_duplicate,7,8,1.1428571428571428
24893,Ambiguous shortcut detected,beginning (of line),language_suspect,27,19,0.7037037037037037
24897,Show Statusbar,Hiện thanh trạng thái,exact_duplicate,14,21,1.5
24915,You are not allowed to save the configuration,Sẽ không lưu cấu hình.,noise_ui_fragment,45,22,0.4888888888888889
24921,Next in History,Mục kế trong danh sách,noise_ui_fragment,15,22,1.4666666666666666
24922,Next Character in History,Bộ ký tự,noise_ui_fragment,25,8,0.32
24928,Name:,Tên:,exact_duplicate,5,4,0.8
24932,See also:,Xem cũng:,exact_duplicate,9,9,1.0
24959,Symbols,Ký hiệu toán họcKCharSelect section name,extreme_length_ratio,7,40,5.714285714285714
24973,Bengali,Ban- tíchKCharselect unicode block name,extreme_length_ratio,7,39,5.571428571428571
24976,Tamil,TháiKCharselect unicode block name,extreme_length_ratio,5,34,6.8
24980,Lao,KCharselect unicode block name,extreme_length_ratio,3,30,10.0
24981,Myanmar,Sổ tay,exact_duplicate,7,6,0.8571428571428571
24989,Tagalog,Bản ghi đổiKCharselect unicode block name,extreme_length_ratio,7,41,5.857142857142857
24991,Buhid,KCharselect unicode block name,extreme_length_ratio,5,30,6.0
24993,Khmer,KCharselect unicode block name,extreme_length_ratio,5,30,6.0
24996,Limbu,KCharselect unicode block name,extreme_length_ratio,5,30,6.0
25057,Vai,Th3dictionary variant,extreme_length_ratio,3,21,7.0
25059,Bamum,TamuzKCharselect unicode block name,extreme_length_ratio,5,35,7.0
25069,Cham,Khadictionary variant,extreme_length_ratio,4,21,5.25
25087,Manual,Sổ tay,exact_duplicate,6,6,1.0
25088,Automatic,Tự động,exact_duplicate,9,7,0.7777777777777778
25093,Next year,Năm tới,noise_ui_fragment,9,7,0.7777777777777778
25095,Next month,Tháng tới,noise_ui_fragment,10,9,0.9
25115,Square,Nguồn: @ item: inmenu numbered lists,extreme_length_ratio,6,36,6.0
25128,"Other, Private Use","Khác, Dùng riêng",exact_duplicate,18,16,0.8888888888888888
25129,"Other, Surrogate","Khác, Thay thế",exact_duplicate,16,14,0.875
25133,"Letter, Titlecase",Chữ hoa đầu câu,exact_duplicate,17,15,0.8823529411764706
25134,"Letter, Uppercase",Chữ hoa,exact_duplicate,17,7,0.4117647058823529
25136,"Mark, Enclosing",Dấu bao gồm,exact_duplicate,15,11,0.7333333333333333
25143,"Punctuation ,Close",Dấu chấm câu đóng,noise_ui_fragment,18,17,0.9444444444444444
25150,"Symbol, Math",Ký hiệu toán học,exact_duplicate,12,16,1.3333333333333333
25151,"Symbol, Other",Ký hiệu khác,exact_duplicate,13,12,0.9230769230769231
25156,Shortcut '%1' in Application %2 for action %3,"% 1 is the number of conflicts (hidden),% 2 is the key sequence of the shortcut that is problematic",language_suspect,45,99,2.2
25164,& Add,Thêm,exact_duplicate,5,4,0.8
25165,& Remove,& Bỏ,exact_duplicate,8,4,0.5
25179,Toolbar Settings,Trình đơn Thanh công cụ,noise_ui_fragment,16,23,1.4375
25181,Top,Trêntoolbar position string,extreme_length_ratio,3,27,9.0
25182,Bottom,Dưới,exact_duplicate,6,4,0.6666666666666666
25184,Icons Only,Chỉ có hình,exact_duplicate,10,11,1.1
25185,Text Only,Chỉ có chữ,exact_duplicate,9,10,1.1111111111111112
25196,Comment,Ghi chú,exact_duplicate,7,7,1.0
25204,Minimize,Thu nhỏ,exact_duplicate,8,7,0.875
25206,& Restore,& Phục hồi,exact_duplicate,9,10,1.1111111111111112
25221,KHTML,KHTML,identical_pair,5,5,1.0
25226,& Save Link As...,& Lưu liên kết dạng...,noise_ui_fragment,17,22,1.2941176470588236
25233,Print Frame...,In khung...,language_suspect,14,11,0.7857142857142857
25234,Save & Frame As...,Lưu & khung dạng...,noise_ui_fragment,18,19,1.0555555555555556
25238,Save Image As...,Lưu ảnh dạng...,noise_ui_fragment,16,15,0.9375
25248,Save Link As,Lưu liên kết dạng,noise_ui_fragment,12,17,1.4166666666666667
25249,Save Image As,Lưu ảnh dạng,noise_ui_fragment,13,12,0.9230769230769231
25251,"A file named ""%1"" already exists. Are you sure you want to overwrite it?",Tập tin tên «% 1 » đã có. Bạn có chắc muốn ghi đè lên nó không?,exact_duplicate,72,63,0.875
25252,Overwrite,Ghi đè,exact_duplicate,9,6,0.6666666666666666
25258,HTML Settings,Thiết lập HTML,exact_duplicate; noise_ui_fragment,13,14,1.0769230769230769
25262,Accept,Chấp nhận,exact_duplicate,6,9,1.5
25263,Reject,Từ chối,exact_duplicate,6,7,1.1666666666666667
25267,Save & Background Image As...,Lưu ảnh & nền dạng...,noise_ui_fragment,29,21,0.7241379310344828
25294,URL: %1,Địa chỉ Mạng:% 1,exact_duplicate,7,16,2.2857142857142856
25316,Save Frame As,Lưu khung dạng,noise_ui_fragment,13,14,1.0769230769230769
25319,Warning: This is a secure form but it is attempting to send your data back unencrypted. A third party may be able to intercept and view this information. Are you sure you wish to continue?,"Cảnh báo: đơn này bảo mật, nhưng nó đang cố gởi dữ liệu bạn một cách không mật mã. Có lẽ người khác có thể lấy và xem thông tin này. Bạn cọ chắc muốn tiếp tục không?",noise_ui_fragment,188,165,0.8776595744680851
25323,This site is attempting to submit form data via email. Do you want to continue?,Nơi Mạng này đang cố gởi dữ liệu của đơn thông qua thư điện tử. Bạn có muốn tiếp tục không?,noise_ui_fragment,79,91,1.1518987341772151
25325,The form will be submitted to %1 on your local filesystem. Do you want to submit the form?,Đơn sẽ được gởi cho% 1 trong hệ thống tập tin cục bộ của bạn. Bạn có muốn gởi đơn này không?,noise_ui_fragment,90,92,1.0222222222222221
25326,Submit,Gởi,noise_ui_fragment,6,3,0.5
25333,& Close Wallet,Đóng ví,noise_ui_fragment,14,7,0.5
25341,Please choose a valid'khtmltests/regression/' directory.,Hãy chọn một thư mục « khtmltests/ regression » hợp lệ.,noise_windows_or_unix_file_path,56,55,0.9821428571428571
25344,Continue,Tiếp tục,exact_duplicate,8,8,1.0
25365,JavaScript,JavaScript,identical_pair; exact_duplicate,10,10,1.0
25369,Allow,Cho phép,exact_duplicate,5,8,1.6
25371,Close window?,Đóng cửa sổ?,noise_ui_fragment,13,12,0.9230769230769231
25372,Confirmation Required,Cần thiết xác nhận,exact_duplicate,21,18,0.8571428571428571
25384,& Break at Next Statement,& Ngắt tại câu kế,noise_ui_fragment,25,17,0.68
25385,Break at Next,& Ngắt tại câu kế,noise_ui_fragment,13,17,1.3076923076923077
25390,Close source,Đóng tài liệu,noise_ui_fragment,12,13,1.0833333333333333
25391,Ready,Sẵn sàng,exact_duplicate,5,8,1.6
25402,Submit Confirmation,Xác nhận,noise_ui_fragment,19,8,0.42105263157894735
25403,& Submit Anyway,Vẫn & gởi,noise_ui_fragment,15,9,0.6
25409,Download,Tải về,exact_duplicate,8,6,0.75
25413,Class,Hạng,exact_duplicate,5,4,0.8
25430,KMultiPart,KMultiPart,identical_pair,10,10,1.0
25446,Launching %1,Đang khởi chạy% 1...,exact_duplicate,12,20,1.6666666666666667
25451,Icon:,Biểu tượng:,exact_duplicate,5,11,2.2
25455,Edit...,Sửa...,exact_duplicate,7,6,0.8571428571428571
25457,Add...,Thêm...,exact_duplicate,6,7,1.1666666666666667
25472,Cancel?,Thôi,noise_ui_fragment,7,4,0.5714285714285714
25479,KConf Update,KConf Update,identical_pair,12,12,1.0
25483,Output file,Tập tin xuất,exact_duplicate,11,12,1.0909090909090908
25486,makekdewidgets,makekdewidgets,identical_pair,14,14,1.0
25491,New Tag,Thẻ mới,exact_duplicate,7,7,1.0
25501,& Search,Tìm & kiếm,exact_duplicate,8,10,1.25
25509,& Open,& Mở,exact_duplicate,6,4,0.6666666666666666
25512,Untitled,Không tên,exact_duplicate,8,9,1.125
25513,"The document ""%1"" has been modified. Do youwant to save your changes or discard them?",Tài liệu «% 1 » đã được sửa đổi. Bạn có muốn lưu các thay đổi hoặc hủy hết?,noise_ui_fragment,85,75,0.8823529411764706
25514,Close Document,Đóng tài liệu,exact_duplicate; noise_ui_fragment,14,13,0.9285714285714286
25531,",",",",identical_pair; exact_duplicate,1,1,1.0
25537,KJSCmd,KJSCmd,identical_pair,6,6,1.0
25586,Column No. %1,Số hiệu cột% 1,exact_duplicate,13,14,1.0769230769230769
25587,??,??,identical_pair,2,2,1.0
25596,& Password:,& Mật khẩu:,exact_duplicate,11,11,1.0
25605,Aspell,@ item: inlistbox Spell checker,extreme_length_ratio,6,31,5.166666666666667
25606,Hspell,@ item: inlistbox Spell checker,extreme_length_ratio,6,31,5.166666666666667
25608,English,Tiếng Anh,exact_duplicate,7,9,1.2857142857142858
25633,Email,Thư điện tử,exact_duplicate,5,11,2.2
25644,Hide %1,Ẩn% 1,exact_duplicate,7,5,0.7142857142857143
25645,Show %1,Hiện% 1,exact_duplicate,7,7,1.0
25653,KUnitTest ModRunner,KUnitTest ModRunner,identical_pair,19,19,1.0
25661,Named Colors,"% 1 is the number of paths,% 2 is the list of paths (with newlines between them)",language_suspect; extreme_length_ratio,12,80,6.666666666666667
25675,& New,& Mới,exact_duplicate,5,5,1.0
25677,Revert,& Hoàn nguyên,exact_duplicate,6,13,2.1666666666666665
25681,Cut,Cắt,exact_duplicate,3,3,1.0
25682,& Copy,& Chép,exact_duplicate,6,6,1.0
25683,& Paste,& Dán,exact_duplicate,7,5,0.7142857142857143
25686,Find &Next,Tìm & kế,noise_ui_fragment,10,8,0.8
25697,& Up,& Lên,exact_duplicate,4,5,1.25
25699,& Next Page,Trang & kế,noise_ui_fragment,11,10,0.9090909090909091
25709,& Save Settings,& Lưu thiết lập,noise_ui_fragment,15,15,1.0
25718,of Jan,Th1of February,exact_duplicate,6,14,2.3333333333333335
25719,of Feb,Th2of March,exact_duplicate,6,11,1.8333333333333333
25720,of Mar,Th3of April,exact_duplicate,6,11,1.8333333333333333
25721,of Apr,Th4of May short,exact_duplicate,6,15,2.5
25722,of May,Tháng Năm,exact_duplicate,6,9,1.5
25723,of Jun,Th6of July,exact_duplicate,6,10,1.6666666666666667
25724,of Jul,Th7of August,exact_duplicate,6,12,2.0
25725,of Aug,Th8of September,exact_duplicate,6,15,2.5
25726,of Sep,Th9of October,exact_duplicate,6,13,2.1666666666666665
25727,of Oct,Th10of November,exact_duplicate,6,15,2.5
25728,of Nov,Th11of December,exact_duplicate,6,15,2.5
25729,of Dec,Th12,exact_duplicate,6,4,0.6666666666666666
25730,of January,Tháng Giêng,exact_duplicate,10,11,1.1
25731,of February,Tháng Hai,exact_duplicate,11,9,0.8181818181818182
25732,of March,Tháng Ba,exact_duplicate,8,8,1.0
25733,of April,Tháng Tưof May long,exact_duplicate,8,19,2.375
25734,of June,Tháng Sáu,exact_duplicate,7,9,1.2857142857142858
25735,of July,Tháng Bảy,exact_duplicate,7,9,1.2857142857142858
25736,of August,Tháng Tám,exact_duplicate,9,9,1.0
25737,of September,Tháng Chín,exact_duplicate,12,10,0.8333333333333334
25738,of October,Tháng Mười,exact_duplicate,10,10,1.0
25739,of November,Tháng Mười Một,exact_duplicate,11,14,1.2727272727272727
25740,of December,Tháng ChạpJanuary,exact_duplicate,11,17,1.5454545454545454
25741,Jan,Th1February,exact_duplicate,3,11,3.6666666666666665
25742,Feb,Th2March,exact_duplicate,3,8,2.6666666666666665
25743,Mar,Th3April,exact_duplicate,3,8,2.6666666666666665
25744,Apr,Th4May short,exact_duplicate,3,12,4.0
25745,May,Tháng Năm,exact_duplicate,3,9,3.0
25746,Jun,Th6July,exact_duplicate,3,7,2.3333333333333335
25747,Jul,Th7August,exact_duplicate,3,9,3.0
25748,Aug,Th8September,exact_duplicate,3,12,4.0
25749,Sep,Th9October,exact_duplicate,3,10,3.3333333333333335
25750,Oct,Th10November,exact_duplicate,3,12,4.0
25751,Nov,Th11December,exact_duplicate,3,12,4.0
25752,Dec,Th12,exact_duplicate,3,4,1.3333333333333333
25753,January,Tháng Giêng,exact_duplicate,7,11,1.5714285714285714
25755,March,Tháng Ba,exact_duplicate,5,8,1.6
25756,April,Tháng TưMay long,exact_duplicate,5,16,3.2
25757,June,Tháng Sáu,exact_duplicate,4,9,2.25
25759,August,Tháng Tám,exact_duplicate,6,9,1.5
25760,September,Tháng Chín,exact_duplicate,9,10,1.1111111111111112
25761,October,Tháng Mười,exact_duplicate,7,10,1.4285714285714286
25762,November,Tháng Mười Một,exact_duplicate,8,14,1.75
25763,December,Tháng ChạpMonday,exact_duplicate,8,16,2.0
25764,Mon,T2Tuesday,exact_duplicate,3,9,3.0
25765,Tue,T3Wednesday,exact_duplicate,3,11,3.6666666666666665
25766,Wed,T4Thursday,exact_duplicate,3,10,3.3333333333333335
25767,Thu,T5Friday,exact_duplicate,3,8,2.6666666666666665
25768,Fri,T6Saturday,exact_duplicate,3,10,3.3333333333333335
25769,Sat,T7Sunday,exact_duplicate,3,8,2.6666666666666665
25770,Sun,CN,exact_duplicate,3,2,0.6666666666666666
25771,Monday,Thứ Hai,exact_duplicate,6,7,1.1666666666666667
25772,Tuesday,Thứ Ba,exact_duplicate,7,6,0.8571428571428571
25773,Wednesday,Thứ Tư,exact_duplicate,9,6,0.6666666666666666
25774,Thursday,Thứ Năm,exact_duplicate,8,7,0.875
25775,Friday,Thứ Sáu,exact_duplicate,6,7,1.1666666666666667
25776,Saturday,Thứ Bảy,exact_duplicate,8,7,0.875
25852,Ahd,Yaum al- Ithnain,extreme_length_ratio,3,16,5.333333333333333
25942,Gregorian (Proleptic),Th1,extreme_length_ratio,21,3,0.14285714285714285
25975,Mes,PageUp (trang lên) toolbar position string,extreme_length_ratio,3,42,14.0
25995,Psa,Tevetof February,extreme_length_ratio,3,16,5.333333333333333
26026,Miy,PageUp (trang lên),extreme_length_ratio,3,18,6.0
26044,"This word was considered to be an ""unknown word"" because it does not match any entry in the dictionary currently in use. It may also be a word in a foreign language. If the word is not misspelled, you may add it to the dictionary by clicking Add to Dictionary. If you don't want to add the unknown word to the dictionary, but you want to leave it unchanged, click Ignoreor Ignore All. However, if the word is misspelled, you can try to find the correct replacement in the list below. If you cannot find a replacement there, you may type it in the text box below, and click Replaceor Replace All.",Văn lệnh,extreme_length_ratio,595,8,0.013445378151260505
26050,& Abort,& Hủy bỏ,exact_duplicate,7,8,1.1428571428571428
26054,Save Login Information,Lưu thông tin đăng nhập,noise_ui_fragment,22,23,1.0454545454545454
26055,"Konqueror has the ability to store the password in an encrypted wallet. When the wallet is unlocked, it can then automatically restore the login information next time yousubmit this form.","Trình Konqueror có khả năng lưu mật khẩu vào ví đã mật mã. Khi ví đã mở khóa, nó có thể phục hồi tự động thông tin đăng nhập lần kế tiếp bạn gởi đơn này. Vậy bạn có muốn lưu thông tin này không?",noise_ui_fragment,187,194,1.0374331550802138
26057,"Konqueror has the ability to store the password in an encrypted wallet. When the wallet is unlocked, it can then automatically restore the login information next time you visit %1. Do you want to store the information now?","Trình Konqueror có khả năng lưu mật khẩu vào ví đã mật mã. Khi ví đã mở khóa, nó có thể phục hồi tự động thông tin đăng nhập lần kế tiếp bạn thăm% 1. Vậy bạn có muốn lưu thông tin này không?",noise_ui_fragment,222,190,0.8558558558558559
26067,An error occurred while attempting to run a script on this page. %1,% 1%,extreme_length_ratio,67,4,0.05970149253731343
26068,%1%,Tổ hợp phím «% 1 » đã được gán cho hành động «% 2 ». Bạn có muốn gán lại nó từ hành động này đến điều hiện thời không?,extreme_length_ratio,3,118,39.333333333333336
26069,"The '%1' key combination has already been allocated to the ""%2"" action. Do you want to reassign it from that action to the current one?",Đã mở.,extreme_length_ratio,135,6,0.044444444444444446
26096,Drive: %1,Ổ:% 1,exact_duplicate,9,5,0.5555555555555556
26103,Do you really want to delete '%1'?,Đánh dấu,noise_ui_fragment,34,8,0.23529411764705882
26104,Do you really want to trash '%1'?,Mạng,extreme_length_ratio,33,4,0.12121212121212122
26118,Close this tab,Bạn có thực sự muốn kéo «% 1 » vào Rác không?,noise_ui_fragment,14,45,3.2142857142857144
26120,An error occurred while loading %1:,& Rác,extreme_length_ratio,35,5,0.14285714285714285
26123,Ok,Thư mục Nhà,extreme_length_ratio; noise_ui_fragment,2,11,5.5
26134,OK,Hiển thị mọi tùy chọn,extreme_length_ratio; noise_ui_fragment,2,21,10.5
26139,%1,Phiên bản:\ t% 1,extreme_length_ratio; noise_windows_or_unix_file_path,2,16,8.0
26537,red1,xanh da trời thắm1color,extreme_length_ratio,4,23,5.75
26538,red2,xanh da trời thắm2color,extreme_length_ratio,4,23,5.75
26539,red3,xanh da trời thắm3color,extreme_length_ratio,4,23,5.75
26540,red4,xanh da trời thắm4color,extreme_length_ratio,4,23,5.75
26598,Source,Nguồn,exact_duplicate,6,5,0.8333333333333334
26599,Destination,Đích,exact_duplicate,11,4,0.36363636363636365
26607,Device,Thiết bị,exact_duplicate,6,8,1.3333333333333333
26614,SSL,SSL,identical_pair; exact_duplicate,3,3,1.0
26616,%1 (%2),% 1 (% 2),exact_duplicate,7,9,1.2857142857142858
26622,Unknown,Không rõ,exact_duplicate,7,8,1.1428571428571428
26626,& Skip,& Bỏ qua,exact_duplicate,6,8,1.3333333333333333
26629,& Overwrite,& Ghi đè,exact_duplicate,11,8,0.7272727272727273
26632,& Resume,Tiếp tục & lại,exact_duplicate,8,14,1.75
26635,Continue,& Tiếp tục,exact_duplicate,8,10,1.25
26654,Connect,& Kết nối,exact_duplicate,7,9,1.2857142857142858
26655,Enter the certificate password:,Nhập mật khẩu chứng nhận:,exact_duplicate,31,25,0.8064516129032258
26661,& Details,& Chi tiết,exact_duplicate,9,10,1.1111111111111112
26662,Continue,Tiếp tục,exact_duplicate,8,8,1.0
26667,SSL certificate is being rejected as requested. You can disable this in the KDE System Settings.,Chứng nhận SSL đang bị từ chối như được yêu cầu. Bạn có thể tắt khả năng này trong Trung tâm Điều khiển KDE.,noise_ui_fragment,96,108,1.125
26668,Delete Files,Xoá tập tin,noise_ui_fragment,12,11,0.9166666666666666
26671,Information,Thông tin,exact_duplicate,11,9,0.8181818181818182
26672,Skip,Bỏ qua,exact_duplicate,4,6,1.5
26676,& Actions,Hành động,exact_duplicate,9,9,1.0
26725,Could not delete file %1.,Không thể xoá tập tin% 1.,noise_ui_fragment,25,25,1.0
26735,Could not delete original file %1. Please check permissions.,Không thể xoá tập tin gốc% 1. Vui lòng kiểm tra xem quyền hạn là đúng.,noise_ui_fragment,60,70,1.1666666666666667
26736,Could not delete partial file %1. Please check permissions.,Không thể xoá tập tin bộ phận% 1. Vui lòng kiểm tra xem quyền hạn là đúng.,noise_ui_fragment,59,74,1.2542372881355932
26744,Unknown error code %1 %2 Please send a full bug report at http: / /bugs. kde. org.,Mã lỗi lạ% 1% 2 Vui lòng thông báo đầy đủ lỗi này tại < http\:\ /\ / bugs\. kde\. org >.,noise_markup_or_html_entity,82,88,1.0731707317073171
26767,URL: %1,Địa chỉ Mạng:% 1,exact_duplicate,7,16,2.2857142857142856
26770,Additional information: %1,Thông tin thêm:% 1 < ul >,noise_markup_or_html_entity,26,25,0.9615384615384616
26806,The U niform R esource L ocator (URL) that you entered was not properly formatted. The format of a URL is generally as follows: protocol: / /user: password@www. example. org: port/ folder/ filename. extension? query=value,Bạn đã nhập một địa chỉ Mạng (URL) không có dạng thức đúng. Dạng thức đúng của URL thường là: giao_ thức: // người_ dùng: mật_ khẩu@ www. miền. cổng/ thư_ mục/ tên_ tập_ tin. phần_ mở_ rộng? query=value,noise_url,221,202,0.9140271493212669
26829,Delete the current file and try again.,"Hãy xoá tập tin hiện thời, rồi thử lại.",noise_ui_fragment,38,39,1.0263157894736843
26833,Delete the current folder and try again.,"Hãy xoá thư mục hiện thời, rồi thử lại.",noise_ui_fragment,40,39,0.975
26852,"Delete one part of the loop in order that it does not cause an infinite loop, and try again.","Hãy xoá phần nào của vòng lặp, để ngắt nó, rồi thử lại.",noise_ui_fragment,92,55,0.5978260869565217
26869,"A protocol error may have occurred, causing the server to close the connection as a response to the error.","Có lẽ gặp lỗi giao thực, gây ra máy phục vụ đóng kết nối, đễ đáp ứng lỗi.",noise_ui_fragment,106,73,0.6886792452830188
26905,Could Not Cancel Listing,Không thể hủy bỏ việc liệt kê,noise_ui_fragment,24,29,1.2083333333333333
26925,Could Not Delete Resource,Không thể xoá tài nguyên,noise_ui_fragment,25,24,0.96
26926,An attempt to delete the specified resource %1 failed.,Một việc cố xoá tài nguyên đã ghi rõ% 1 bị lỗi.,noise_ui_fragment,54,47,0.8703703703703703
26934,Double-check your proxy settings and try again.,Hãy kiểm tra lại xem thiết lập ủy nhiệm là đúng rồi thử lại.,noise_ui_fragment,47,60,1.2765957446808511
26943,"If you know who the authors of the server software are, submit the bug report directly to them.","Nếu bạn biết những tác giả của phần mềm phục vụ là ai, vui lòng thông báo lỗi này trực tiếp cho họ.",noise_ui_fragment,95,99,1.0421052631578946
26945,"Although contact was made with the server, a response was not received within the amount of time allocated for the request as follows: Timeout for establishing a connection: %1 seconds Timeout for receiving a response: %2 seconds Timeout for accessing proxy servers: %3 seconds Please note that you can alter these timeout settings in the KDE System Settings, by selecting Network Settings - > Connection Preferences.","Dù đã liên lạc máy phục vụ, chưa nhận đáp ứng trong thời hạn được cấp phát cho yêu cầu, như theo: Thời hạn để thiết lập kết nối:% 1 giây Thời hạn để nhận đáp ứng:% 2 giây Thời hạn để truy cập máy phục vụ:% 3 giây Hãy ghi chú rằng bạn có thể sửa đổi những giá trị thời hạn này trong Trung tâm Điều khiển KDE, bằng cách chọn Mạng → Tùy thích.",noise_ui_fragment,417,340,0.815347721822542
26950,Could Not Delete Original File,Không thể xoá tập tin gốc,noise_ui_fragment,30,25,0.8333333333333334
26952,Could Not Delete Temporary File,Không thể xoá tập tin tạm thời,noise_ui_fragment,31,30,0.967741935483871
26953,The requested operation required the creation of a temporary file in which to save the new file while being downloaded. This temporary file %1 could not be deleted.,Thao tác đã yêu cầu cần thiết tạo tập tin tạm thời nơi cần lưu tập tin mới trong khi nó được tải về. Không thể xoá tập tin tạm thời% 1.,noise_ui_fragment,164,135,0.823170731707317
26969,Default,Mặc định,exact_duplicate,7,8,1.1428571428571428
26974,Open with:,Mở bằng:,exact_duplicate,10,8,0.8
26976,Launching %1,Đang khởi chạy% 1...,exact_duplicate,12,20,1.6666666666666667
26978,Warning,program name follows in a line edit below,language_suspect; extreme_length_ratio,7,41,5.857142857142857
26991,Name:,Tên:,exact_duplicate,5,4,0.8
26992,Type:,Kiểu:,exact_duplicate,5,5,1.0
26994,Size:,Cỡ:,exact_duplicate,5,3,0.6
26995,Modified:,Sửa đổi:,exact_duplicate,9,8,0.8888888888888888
26996,Owner:,Sở hữu:,exact_duplicate,6,7,1.1666666666666667
26997,Permissions:,Quyền hạn:,exact_duplicate,12,10,0.8333333333333334
27007,Mime Type,Kiểu MIME,exact_duplicate,9,9,1.0
27008,Comment,Ghi chú,exact_duplicate,7,7,1.0
27010,& Edit...,& Sửa...,exact_duplicate,9,8,0.8888888888888888
27014,Size,Cỡ,exact_duplicate,4,2,0.5
27015,Date,Ngày,exact_duplicate,4,4,1.0
27016,Permissions,Quyền hạn,exact_duplicate,11,9,0.8181818181818182
27017,Owner,Sở hữu,exact_duplicate,5,6,1.2
27018,Group,Nhóm,exact_duplicate,5,4,0.8
27019,Type,Kiểu,exact_duplicate,4,4,1.0
27020,Certificate password,Mật khẩu chứng nhận,exact_duplicate,20,19,0.95
27030,"NO, there were errors:",The certificate is trusted,language_suspect,22,26,1.1818181818181819
27065,KDE,KDE,identical_pair; exact_duplicate,3,3,1.0
27075,Certificate,Chứng nhận,exact_duplicate,11,10,0.9090909090909091
27076,Save selection for this host.,Lưu phần chọn cho máy này.,noise_ui_fragment,29,26,0.896551724137931
27094,KSendBugMail,KSendBugMail,identical_pair,12,12,1.0
27095,Author,Tác giả,exact_duplicate,6,7,1.1666666666666667
27098,KMailService,KMailService,identical_pair,12,12,1.0
27100,Location:,Địa điểm:,exact_duplicate,9,9,1.0
27101,Open,Mở,exact_duplicate,4,2,0.5
27102,Preview,Xem thử,exact_duplicate,7,7,1.0
27107,& Browse...,& Duyệt...,exact_duplicate,11,10,0.9090909090909091
27108,& Search:,Tìm & kiếm:,exact_duplicate,9,11,1.2222222222222223
27110,Actions,Hành động,exact_duplicate,7,9,1.2857142857142858
27112,Applications,Ứng dụng,exact_duplicate,12,8,0.6666666666666666
27114,Devices,Thiết bị,exact_duplicate,7,8,1.1428571428571428
27120,Places,Nơi,exact_duplicate,6,3,0.5
27121,Status,Trạng thái,exact_duplicate,6,10,1.6666666666666667
27123,< Error >,< L\\ xE1\\ xBB\\ x97i >,noise_markup_or_html_entity,9,24,2.6666666666666665
27125,Others,Khác,exact_duplicate,6,4,0.6666666666666666
27131,Delete Entry,Xoá mục,noise_ui_fragment,12,7,0.5833333333333334
27132,(Default),(Mặc định),exact_duplicate,9,10,1.1111111111111112
27138,User:,Người dùng:,exact_duplicate,5,11,2.2
27139,Group:,Nhóm:,exact_duplicate,6,5,0.8333333333333334
27140,r,đwrite permission,extreme_length_ratio,1,17,17.0
27141,w,gexecute permission,extreme_length_ratio,1,19,19.0
27144,Save As,Lưu dạng,exact_duplicate; noise_ui_fragment,7,8,1.1428571428571428
27150,Open With,Mở bằng,exact_duplicate,9,7,0.7777777777777778
27155,Choose Application,Chọn ứng dụng,exact_duplicate,18,13,0.7222222222222222
27157,"Following the command, you can have several place holders which will be replaced with the actual values when the actual program is run: %f - a single file name %F - a list of files; use for applications that can open several local files at once %u - a single URL %U - a list of URLs %d - the directory of the file to open %D - a list of directories %i - the icon %m - the mini-icon %c - the comment",Bạn có khả năng nhập theo lệnh một hay nhiều bộ giữ chỗ sẽ được thay thế bằng giá trị thật khi chương trình được chạy.% f\ tmột tên tập tin riêng lẻ% F\ tdanh sách nhiều tập tin; hãy dùng chỉ với ứng dụng có khả năng mở nhiều tập tin cùng lúc.% u\ tmột địa chỉ Mạng riêng lẻ% U\ tdanh sách nhiềU địa chỉ Mạng% d\ tthư mục chứa tập tin cần mở% D\ tDanh sách nhiều thư mục% i\ tbIểu tượng% m\ tbiểu tượng nhỏ% c\ tChú thích,noise_placeholder,398,421,1.0577889447236182
27159,& Do not close when command exits,& Không đóng khi lệnh thoát,noise_ui_fragment,33,27,0.8181818181818182
27163,& General,& Chung,exact_duplicate,9,7,0.7777777777777778
27168,Stop,Dừng,exact_duplicate,4,4,1.0
27169,Refresh,Cập nhật,exact_duplicate,7,8,1.1428571428571428
27171,Created:,Tạo:,exact_duplicate,8,4,0.5
27174,Device usage:,Tên thiết bịAvailable space out of total partition size (percent used),extreme_length_ratio,13,70,5.384615384615385
27179,Could not save properties. You do not have sufficient access to write to %1.,Không thể lưu thuộc tính vì bạn không có quyền ghi vào% 1.,noise_ui_fragment,76,58,0.7631578947368421
27188,Access Permissions,Quyền truy cập,exact_duplicate,18,14,0.7777777777777778
27196,Only owner can rename and delete folder content,Chỉ người & sở hữu có khả năng thay đổi tên của thư mục và xoá nội dung của thư mục.,noise_ui_fragment,47,84,1.7872340425531914
27198,"Enable this option to allow only the folder's owner to delete or rename the contained files and folders. Other users can only add new files, which requires the'Modify Content 'permission.","Hãy bật tùy chọn này để cho chỉ người sở hữu thư mục có khả năng xoá hay thay đổi tên của các tập tin và thư mục đã chứa. Người dùng khác chỉ có thể thêm tập tin mới, việc mà cần thiết quyền « Sửa đổi nội dung ».",noise_ui_fragment,187,212,1.1336898395721926
27200,Advanced Permissions,Quyền hạn cấp cao,exact_duplicate,20,17,0.85
27202,User:,Người dùng:,exact_duplicate,5,11,2.2
27203,Group:,Nhóm:,exact_duplicate,6,5,0.8333333333333334
27205,Advanced Permissions,Quyền hạn cấp cao,exact_duplicate,20,17,0.85
27206,Class,Hạng,exact_duplicate,5,4,0.8
27208,Read,Đọc,exact_duplicate,4,3,0.75
27212,Write,Ghi,exact_duplicate,5,3,0.6
27217,Exec,Chạy,exact_duplicate,4,4,1.0
27219,Special,Đặc biệt,exact_duplicate,7,8,1.1428571428571428
27222,User,Người dùng,exact_duplicate,4,10,2.5
27229,Sticky,Dính,exact_duplicate,6,4,0.6666666666666666
27230,"If the Sticky flag is set on a folder, only the owner and root can delete or rename files. Otherwise everybody with write permissions can do this.","Nếu cờ Dính đã bật trên thư mục, chỉ người sở hữu và người chủ (root) có khả năng xoá hay thay đổi tên của tập tin. Không thì mọi người có quyền ghi có thể làm như thế.",noise_ui_fragment,146,168,1.1506849315068493
27236,URL:,Địa chỉ Mạng:,exact_duplicate,4,13,3.25
27239,Device:,Thiết bị:,exact_duplicate,7,9,1.2857142857142858
27240,Read only,Chỉ đọc,exact_duplicate,9,7,0.7777777777777778
27244,Unmounted Icon,Biểu tượng không gắn kếtAvailable space out of total partition size (percent used),extreme_length_ratio,14,82,5.857142857142857
27251,& Share,Chia & sẻ,exact_duplicate,7,9,1.2857142857142858
27258,Error running'filesharelist '. Check if installed and in $PATH or / usr/ sbin.,Gặp lỗi khi chạy « filesharelist » (danh sách tập tin chia sẻ). Hãy kiểm tra xem nó đã được cài đặt và nằm trong đường dẫn thực hiện $PATH hay < usr\ / bin >.,noise_markup_or_html_entity,78,158,2.0256410256410255
27260,File sharing is disabled.,Khả năng chia sẻ tập tin bị tắt.,exact_duplicate,25,32,1.28
27265,Your names,Nhóm Việt hoá KDEEMAIL OF TRANSLATORS,exact_duplicate,10,37,3.7
27266,Your emails,kde- l10n- vi@ kde. org,exact_duplicate,11,23,2.090909090909091
27274,SSL version:,Phiên bản SSL:,exact_duplicate,12,14,1.1666666666666667
27279,MD5 digest:,Bản tóm tắt MD5:,exact_duplicate,11,16,1.4545454545454546
27281,"You have indicated that you wish to obtain or purchase a secure certificate. This wizard is intended to guide you through the procedure. You may cancel at any time, and this will abort the transaction.",Bạn đã ngụ ý rằng bạn muốn được hay mua một chứng nhận bảo mật. Trợ lý này sẽ hướng dẫn bạn qua thủ tục đó. Bạn có khả năng thôi tiến trình vào bất cứ điểm nào nên phiên giao dịch sẽ bị hủy bỏ.,noise_ui_fragment,201,193,0.9601990049751243
27289,Terminal,Thiết bị cuối,exact_duplicate,8,13,1.625
27294,Do not & close when command exits,Không & đóng khi lệnh kết thúc,noise_ui_fragment,33,30,0.9090909090909091
27298,& Username:,Tên người dùng:,exact_duplicate,11,15,1.3636363636363635
27300,Startup,Khởi chạy,exact_duplicate,7,9,1.2857142857142858
27306,None,Không có,exact_duplicate,4,8,2.0
27311,& Name:,Tên:,exact_duplicate,7,4,0.5714285714285714
27313,& Description:,& Mô tả:,exact_duplicate,14,8,0.5714285714285714
27315,Comment:,& Ghi chú:,exact_duplicate,8,10,1.25
27316,"Type the command to start this application here. Following the command, you can have several place holders which will be replaced with the actual values when the actual program is run: %f - a single file name %F - a list of files; use for applications that can open several local files at once %u - a single URL %U - a list of URLs %d - the directory of the file to open %D - a list of directories %i - the icon %m - the mini-icon %c - the caption",Hãy gõ vào đây lệnh khởi chạy ứng dụng. Bạn có khả năng nhập theo lệnh một hay nhiều bộ giữ chỗ sẽ được thay thế bằng giá trị thật khi chương trình được chạy.% f\ tmột tên tập tin riêng lẻ% F\ tdanh sách nhiều tập tin; hãy dùng chỉ với ứng dụng có khả năng mở nhiều tập tin cùng lúc.% u\ tmột địa chỉ Mạng riêng lẻ% U\ tdanh sách nhiềU địa chỉ Mạng% d\ tthư mục chứa tập tin cần mở% D\ tDanh sách nhiều thư mục% i\ tbIểu tượng% m\ tbiểu tượng nhỏ% c\ tphụ đề,noise_placeholder,447,458,1.0246085011185682
27317,Command:,& Lệnh:,exact_duplicate,8,7,0.875
27324,Description,Mô tả,exact_duplicate,11,5,0.45454545454545453
27326,Add...,Thêm...,exact_duplicate,6,7,1.1666666666666667
27328,Remove,Bỏ,exact_duplicate,6,2,0.3333333333333333
27330,Advanced Options,Tùy chọn cấp cao,exact_duplicate,16,16,1.0
27333,Open in New Window,Mở trong cửa sổ mới,exact_duplicate,18,19,1.0555555555555556
27336,< !-- This file was generated by Konqueror -- >,<! -- Tập tin này bị Konqueror tạo ra. -- >,noise_markup_or_html_entity,47,43,0.9148936170212766
27337,Bookmarks,Liên kết lưu,exact_duplicate,9,12,1.3333333333333333
27341,Delete Folder,Xoá thư mục,noise_ui_fragment,13,11,0.8461538461538461
27342,Properties,Thuộc tính,exact_duplicate,10,10,1.0
27343,Copy Link Address,Chép địa chỉ liên kết,exact_duplicate,17,21,1.2352941176470589
27344,Delete Bookmark,Xoá Đánh dấu,noise_ui_fragment,15,12,0.8
27356,--- separator ---,━━ bộ phân cách ━━,exact_duplicate,17,18,1.0588235294117647
27357,"Unable to save bookmarks in %1. Reported error was: %2. This error message will only be shown once. The cause of the error needs to be fixed as quickly as possible, which is most likely a full hard drive.","Không thể lưu Đánh dấu vào% 1. Lỗi đã thông báo:% 2. Thông điệp lỗi này sẽ được hiển thị chỉ một lần thôi. Cần phải sửa càng nhanh càng có thể điều nào gây ra lỗi này, mà rất có thể là đĩa cứng đầy.",noise_ui_fragment,204,198,0.9705882352941176
27360,Add,Thêm,exact_duplicate,3,4,1.3333333333333333
27361,Add Bookmark,Thêm Đánh dấu,exact_duplicate,12,13,1.0833333333333333
27362,& New Folder...,Thư mục & mới...,exact_duplicate,15,16,1.0666666666666667
27365,New Folder,Thư mục mới,exact_duplicate,10,11,1.1
27368,New folder:,Thư mục mới:,exact_duplicate,11,12,1.0909090909090908
27376,%1,% 1,exact_duplicate,2,3,1.5
27377,Login OK,Đăng nhập được,noise_ui_fragment,8,14,1.75
27378,Could not login to %1.,Không thể đăng nhập vào% 1.,exact_duplicate,22,27,1.2272727272727273
27400,delete the specified file or folder,xoá tập tin hay thư mục đã chọn,noise_ui_fragment,35,31,0.8857142857142857
27446,Select this option to accept/ reject only this cookie. You will be prompted if another cookie is received. (see WebBrowsing/ Cookies in the System Settings).,Hãy chọn điều này để chấp nhận / từ chối chỉ cookie này. Bạn sẽ được nhắc nếu cookie thêm được nhận (xem Duyệt Mạng/ Cookies trong Trung tâm Điều khiển).,noise_ui_fragment,157,153,0.9745222929936306
27448,Select this option to accept/ reject all cookies from this site. Choosing this option will add a new policy for the site this cookie originated from. This policy will be permanent until you manually change it from the System Settings (see WebBrowsing/ Cookies in the System Settings).,Hãy chọn điều này để chấp nhận / từ chối mọi cookie từ nơi Mạng này. Việc chọn điều này sẽ thêm một giao thức mới về nơi Mạng đã tạo cookie này. Giao thức này sẽ tiếp tục cho đến khi bạn tự sửa đổi nó từ Trung tâm Điều khiển (xem Duyệt Mạng/ Cookies trong Trung tâm Điều khiển).,noise_ui_fragment,284,278,0.9788732394366197
27450,Select this option to accept/ reject all cookies from anywhere. Choosing this option will change the global cookie policy set in the System Settings for all cookies (see WebBrowsing/ Cookies in the System Settings).,Hãy chọn điều này để chấp nhận / từ chối mọi cookie từ đâu. Việc chọn điều này sẽ thay đổi giao thức cookie toàn cục được đặt trong Trung tâm Điều khiển về mọi cookie (xem Duyệt Mạng/ Cookies trong Trung tâm Điều khiển).,noise_ui_fragment,215,220,1.0232558139534884
27451,& Accept,Chấp nhận,exact_duplicate,8,9,1.125
27455,Value:,Giá trị:,exact_duplicate,6,8,1.3333333333333333
27456,Expires:,Hạn dùng:,exact_duplicate,8,9,1.125
27457,Path:,Đường dẫn:,exact_duplicate,5,10,2.0
27458,Domain:,Miền:,exact_duplicate,7,5,0.7142857142857143
27459,Exposure:,Phơi nắng: Next cookie,noise_ui_fragment,9,22,2.4444444444444446
27460,& Next > >,& Kế →,noise_ui_fragment,10,6,0.6
27461,Show details of the next cookie,Hiển thị chi tiết về cookie kế tiếp,noise_ui_fragment,31,35,1.1290322580645162
27476,*_BAR_All Files,* _BAR_Mọi tập tin,exact_duplicate,15,18,1.2
27478,Drive: %1,Ổ:% 1,exact_duplicate,9,5,0.5555555555555556
27495,This is the name to save the file as.,Đây là tên cho tập tin đang lưu.,noise_ui_fragment,37,32,0.8648648648648649
27504,& Open,& Mở,exact_duplicate,6,4,0.6666666666666666
27509,"This option enables some convenient features for saving files with extensions: Any extension specified in the %1 text area will be updated if you change the file type to save in. If no extension is specified in the %2 text area when you click Save, %3 will be added to the end of the filename (if the filename does not already exist). This extension is based on the file type that you have chosen to save in. If you do not want KDE to supply an extension for the filename, you can either turn this option off or you can suppress it by adding a period (.) to the end of the filename (the period will be automatically removed). If unsure, keep this option enabled as it makes your files more manageable.","Tùy chọn này hiệu lực một số tính năng tiện để lưu tập tin có phần mở rộng. Phần mở rộng nào được ghi rõ trong trường chữ% 1 sẽ được cập nhật nếu bạn thay đổi kiểu tập tin cần lưu. Nếu chưa ghi rõ phần mở rộng trong trường chữ% 2 khi bạn nhắp vào Lưu,% 3 sẽ được thêm vào kêt thúc của tên tập tin (nếu tên tập tin đó chưa tồn tại). Phần mở rộng này đựa vào kiểu tập tin bạn đã chọn lưu. Nếu bạn không muốn KDE cung cấp một phần mở rộng cho tên tập tin, bạn có khả năng hoặc tắt tùy chọn này, hoặc thu hồi nó bằng cách thêm một dấu chấm «. » vào kết thúc của tên tập tin (dấu chấm này sẽ được gỡ bỏ tự động). Nếu chưa chắc, hãy cứ bật tùy chọn này, vì nó làm cho các tập tin dễ hơn quản lý.",noise_ui_fragment,701,689,0.9828815977175464
27511,Home,Nhà,exact_duplicate,4,3,0.75
27512,Network,Mạng,exact_duplicate,7,4,0.5714285714285714
27528,Delete,Xoá,exact_duplicate; noise_ui_fragment,6,3,0.5
27533,Enter descriptive label here,Mô tả,extreme_length_ratio,28,5,0.17857142857142858
27534,This is the location associated with the entry. Any valid URL may be used. For example: %1 http: / /www. kde. org ftp: / /ftp. kde. org/ pub/ kde/ stable By clicking on the button next to the text edit box you can browse to an appropriate URL.,"Đây là địa điểm tương ứng với mục này. Bất kỳ địa chỉ Mạng có thể được dùng. Lấy thí dụ:% 1http: // www. kde. orgftp: // ftp. kde. org/ pub/ kde/ stableBằng cách nhắp vào cái nút ở bên cạnh trường nhập chữ, bạn có thể duyệt tới một địa chỉ Mạng thích hợp.",noise_url; noise_ui_fragment,243,255,1.0493827160493827
27535,& Location:,& Địa điểm:,exact_duplicate,11,11,1.0
27543,You did not select a file to delete.,Bạn chưa chọn tập tin cần xoá.,noise_ui_fragment,36,30,0.8333333333333334
27544,Nothing to Delete,Không có gì cần xoá,exact_duplicate; noise_ui_fragment,17,19,1.1176470588235294
27545,Do you really want to delete '%1 '?,Bạn thật sự muốn xoá «% 1 » không?,noise_ui_fragment,35,34,0.9714285714285714
27546,Delete File,Xoá tập tin,exact_duplicate; noise_ui_fragment,11,11,1.0
27549,Do you really want to trash '%1 '?,Bạn thật sự muốn bỏ «% 1 » vào Rác không? < qt >,noise_markup_or_html_entity,34,48,1.411764705882353
27553,Menu,Trình đơn,exact_duplicate,4,9,2.25
27556,Reload,Nạp lại,exact_duplicate,6,7,1.1666666666666667
27558,By Name,Theo tên,exact_duplicate,7,8,1.1428571428571428
27560,By Date,Theo ngày,exact_duplicate,7,9,1.2857142857142858
27567,Show Hidden Files,Hiện tập tin ẩn,exact_duplicate,17,15,0.8823529411764706
27570,& View,& Xem,exact_duplicate,6,5,0.8333333333333334
27574,Other,Khác,exact_duplicate,5,4,0.8
27575,Copy,Chép,exact_duplicate,4,4,1.0
27576,Paste,Dán,exact_duplicate,5,3,0.6
27577,Edit,Sửa,exact_duplicate,4,3,0.75
27579,Sends a short bug report to submit@bugs. kde. org,Gởi báo cáo lỗi ngắn cho < submit\ @ bugs\. kde\. org >,noise_markup_or_html_entity; noise_ui_fragment,49,55,1.1224489795918366
27582,"Unexpected end of data, some information may be lost.",cỡ% 1,extreme_length_ratio,53,5,0.09433962264150944
27588,Unsupported method: authentication will fail. Please submit a bug report.,Không có tập tin,noise_ui_fragment,73,16,0.2191780821917808
27596,Invalid URL,Những tên tập tin đã yêu cầu% 1 có vẻ không phải là hợp lệ. Hãy kiểm tra xem mỗi tên tập tin nằm bên trong dấu trích dẫn đôi.,extreme_length_ratio,11,125,11.363636363636363
27597,The requested filenames %1 do not appear to be valid; make sure every filename is enclosed in double quotes.,Lỗi tên tập tin,extreme_length_ratio,108,15,0.1388888888888889
27603,KDE has requested to open the wallet. This is used to store sensitive data in a secure fashion. Please enter a password to use with this wallet or click cancel to deny the application's request.,"Ứng dụng «% 1 » đã yêu cầu mở ví KDE. Ví được dùng để lưu dữ liệu riêng bằng cách bảo mật. Vui lòng nhập mật khẩu để dùng dành cho ví này, hoặc nhắp vào Thôi để từ chối yêu cầu của ứng dụng này.",noise_ui_fragment,194,194,1.0
27604,The application '%1' has requested to open the KDE wallet. This is used to store sensitive data in a secure fashion. Please enter a password to use with this wallet or click cancel to deny the application's request.,"KDE đã yêu cầu tạo ví mới tên «% 1 ». Vui lòng nhập mật khẩu để dùng dành cho ví này, hoặc nhắp vào Thôi để từ chối yêu cầu của ứng dụng này.",noise_ui_fragment,215,141,0.6558139534883721
27605,"KDE has requested to create a new wallet named '%1'. Please choose a password for this wallet, or cancel to deny the application's request.","Ứng dụng «% 1 » đã yêu cầu tạo ví mới tên «% 2 ». Vui lòng nhập mật khẩu để dùng dành cho ví này, hoặc nhắp vào Thôi để từ chối yêu cầu của ứng dụng này.",noise_ui_fragment,139,153,1.1007194244604317
27606,"The application '%1' has requested to create a new wallet named '%2'. Please choose a password for this wallet, or cancel to deny the application's request.",Tạo,extreme_length_ratio; noise_ui_fragment,156,3,0.019230769230769232
27607,Create,KDE đã yêu cầu truy cập ví mở «% 1 ».,extreme_length_ratio,6,37,6.166666666666667
27618,KWallet - The KDE Wallet System,"Chào mừng bạn dùng KWallet, Hệ thống Ví KDE. Trình KWallet cho bạn khả năng lưu các mật khẩu và thông tin cá nhân khác vào đĩa trong một tập tin đã mật mã, ngăn cản người khác xem thông tin này. Trợ lý này sẽ giải thích chương trình KWallet và giúp đỡ bạn cấu hình nó lần đầu tiên.",extreme_length_ratio,31,281,9.064516129032258
27619,"Welcome to KWallet, the KDE Wallet System. KWallet allows you to store your passwords and other personal information on disk in an encrypted file, preventing others from viewing the information. This wizard will tell you about KWallet and help you configure it for the first time.",Thiết lập cơ & bản (đệ nghị),extreme_length_ratio,280,28,0.1
27621,& Advanced setup,"Nhiều ứng dụng khác nhau có thể cố sử dụng ví KDE để lưu mật khẩu hay thông tin khác như dữ liệu trong đơn Mạng và tập tin cookie. Nếu bạn muốn cho phép những ứng dụng này sử dụng ví mình, bạn cần phải hiệu lực nó ngay bây giờ, và chọn mật khẩu cho nó. Mật khẩu bạn chọn không thể được phục hồi nếu bị mất, và sẽ cho phép mọi người biết nó, lấy tất cả các thông tin nằm trong ví này.",extreme_length_ratio,16,383,23.9375
27622,"Various applications may attempt to use the KDE wallet to store passwords or other information such as web form data and cookies. If you would like these applications to use the wallet, you must enable it now and choose a password. The password you choose cannot be recovered if it is lost, and will allow anyone who knows it to obtain all the information contained in the wallet.","Có, tôi muốn sử dụng ví KDE để lưu thông tin cá nhân mình.",extreme_length_ratio,380,58,0.15263157894736842
27625,Verify password:,"Hệ thống Ví KDE lưu dữ liệu của bạn vào một tập tin ví trên đĩa cứng cục bộ. Dữ liệu được ghi chỉ bằng dạng thức đã mật mã, hiện thời bằng thuật toán Blowfish, dùng mật khẩu của bạn là khoá. Khi ví được mở, ứng dụng quản lý ví sẽ khởi chạy và xuất hiện biểu tượng trên khay hệ thống. Bạn có thể sử dụng ứng dụng này để quản lý các ví mình. Nó cho phép bạn ngay cả kéo ví và nội dung ví, cho bạn khả năng sao chép dễ dàng ví sang hệ thống từ xa.",extreme_length_ratio,16,444,27.75
27627,"The KDE Wallet system allows you to control the level of security of your personal data. Some of these settings do impact usability. While the default settings are generally acceptable for most users, you may wish to change some of them. You may further tune these settings from the KWallet control module.",Đóng tự động ví nghỉ nào,extreme_length_ratio; noise_ui_fragment,306,24,0.0784313725490196
27628,Automatically close idle wallets,Lưu mật khẩu mạng và mật khẩu cục bộ vào hai tập tin ví riêng,noise_ui_fragment,32,61,1.90625
27636,Add a bookmark for the current document,? mục,extreme_length_ratio,39,5,0.1282051282051282
27638,Please specify the filename to save to.,Hãy chọn tập tin cần mở.,noise_ui_fragment,39,24,0.6153846153846154
27652,Cryptography Configuration...,Dây:,extreme_length_ratio,29,4,0.13793103448275862
27668,Desktop: %1,Tập tin mục nhập môi trường% 1 có mục nhập trình đơn không hợp lệ% 2.,extreme_length_ratio,11,69,6.2727272727272725
27678,Configure,"Vui lòng cung cấp mô tả, địa chỉ Mạng và biểu tượng cho mục Truy cập Nhanh này. < br >",extreme_length_ratio; noise_markup_or_html_entity,9,86,9.555555555555555
27680,"Please provide a description, URL and icon for this Quick Access entry.",Ngược lại,extreme_length_ratio,71,9,0.1267605633802817
27688,"This is the currently listed location. The drop-down list also lists commonly used locations. This includes standard locations, such as your home folder, as well as locations that have been visited recently.",1 ngày 23: 59: 00,extreme_length_ratio,207,17,0.0821256038647343
27696,Output file,Tập tin xuất,exact_duplicate,11,12,1.0909090909090908
27718,Your names,Nhóm Việt hoá KDEEMAIL OF TRANSLATORS,exact_duplicate,10,37,3.7
27719,Your emails,kde- l10n- vi@ kde. org,exact_duplicate,11,23,2.090909090909091
27727,& Insert,Chèn,exact_duplicate,8,4,0.5
27738,Your names,EMAIL OF TRANSLATORS,language_suspect; exact_duplicate,10,20,2.0
27740,& Edit,& Sửa...,exact_duplicate,6,8,1.3333333333333333
27741,& Tools,& Công cụ,exact_duplicate,7,9,1.2857142857142858
27742,Auto brackets feature disabled,"This is a localized string for default time & date printing on kate document.% d means day in XX format.% m means month in XX format.% Y means year in XXXX format.% H means hours in XX format.% M means minutes in XX format. Please, if in your language time or date is written in a different order, change it here",language_suspect; extreme_length_ratio,30,312,10.4
27760,Pattern,Mẫu,exact_duplicate,7,3,0.42857142857142855
27764,& New...,& Mới...,exact_duplicate,8,8,1.0
27766,& Delete,& Xoá,exact_duplicate; noise_ui_fragment,8,5,0.625
27767,Press this button to delete the currently selected entity.,Bấm nút này để xoá thực thể được chọn hiện thời.,noise_ui_fragment,58,48,0.8275862068965517
27768,& Edit...,& Sửa...,exact_duplicate,9,8,0.8888888888888888
27773,Reuse Word Above,Dùng lại từ trên,exact_duplicate,16,16,1.0
27774,Reuse Word Below,Dùng lại từ dưới,exact_duplicate,16,16,1.0
27776,Automatically & show completion list,"Tự động hiển thị danh sách hoàn chỉnhTranslators: This is the first part of two strings which will comprise the sentence 'Show completions when a word is at least N characters'. The first part is on the right side of the N, which is represented by a spinbox widget, followed by the second part: 'characters long'. Characters is a ingeger number between and including 1 and 30. Feel free to leave the second part of the sentence blank if it suits your language better.",extreme_length_ratio,36,467,12.972222222222221
27786,Keyboard Shortcut,"% 1 is the name of a plasmoid,% 2 the name of the machine that plasmoid is published on",language_suspect; extreme_length_ratio,17,87,5.117647058823529
27787,Share,"Package file, name of the widget",language_suspect; extreme_length_ratio,5,32,6.4
27788,Could not locate the %1 package required for the %2 widget.,"API or programming language the widget was written in, name of the widget",language_suspect,59,73,1.2372881355932204
27789,Could not create a %1 ScriptEngine for the %2 widget.,"Package file, name of the widget",language_suspect,53,32,0.6037735849056604
27790,Could not open the %1 package required for the %2 widget.,% 1 is the name of the applet,language_suspect,57,29,0.5087719298245614
27791,Remove this %1,% 1 is the name of the applet,language_suspect,14,29,2.0714285714285716
27792,This menu needs to be configured,% 1 is the name of the containment,language_suspect,32,34,1.0625
27793,Wallpaper,% 1 is the name of the containment,language_suspect,9,34,3.7777777777777777
27794,Do you really want to remove this %1?,@ title: window% 1 is the name of the containment,language_suspect,37,49,1.3243243243243243
27796,Invalid,"Error message, access to a remote service failed.",language_suspect; extreme_length_ratio,7,49,7.0
27797,Invalid token.,"Error message, access to a remote service failed.",language_suspect,14,49,3.5
27798,Matching password required.,"Error message, access to a remote service failed.",language_suspect,27,49,1.8148148148148149
27799,Unknown error.,"Error message, tried to start an invalid service",language_suspect,14,48,3.4285714285714284
28025,Arctic/ Longyearbyen,Arctic/ Longyearbyen,identical_pair,20,20,1.0
28209,Indian/ Antananarivo,Indian/ Antananarivo,identical_pair,20,20,1.0
28266,kcmaudiocd,kcmaudiocd,identical_pair,10,10,1.0
28269,"Audio CDs The Audio CD IO-Slave enables you to easily create wav, MP3 or Ogg Vorbis files from your audio CD-ROMs or DVDs. The slave is invoked by typing ""audiocd: /"" in Konqueror's location bar. In this module, you can configure encoding, and device settings. Note that MP3 and Ogg Vorbis encoding are only available if KDE was built with a recent version of the LAME or Ogg Vorbis libraries.","Audio- CD Slave Audio- CD Slave sẽ cho phép bạn dễ dàng rip file wav, MP3 và file ogg vorbis từ CD- ROM hay DVD. Slave được gọi bằng cách gõ ""audiocd:"" trong thanh vị trí của Konqueror. Trong module này, bạn cóthể cấu hình mọi phương diện của slave như mã hoá, tìm kiếm CĐB và thiết lập các thiết bị. Chú ý là mã hoá MP3 và ogg vorbis chỉ dùng đượcnếu KDE được xây dựng với các phiên bản gần đây của thư việnlame và ogg.",noise_ui_fragment,393,420,1.0687022900763359
28272,/ dev/ cdrom,/ dev/ cdrom,identical_pair,12,12,1.0
28278,Album Name,NAME OF TRANSLATORS,language_suspect,10,19,1.9
28279,Your names,Nguyen Hung VuEMAIL OF TRANSLATORS,language_suspect; exact_duplicate,10,34,3.4
28280,Your emails,vuhung@ fedu. uec. ac. jp,exact_duplicate,11,25,2.272727272727273
28282,Your names,EMAIL OF TRANSLATORS,language_suspect; exact_duplicate,10,20,2.0
28313,All downloads finished,Name,extreme_length_ratio,22,4,0.18181818181818182
28315,An Error has Occurred,Name,extreme_length_ratio,21,4,0.19047619047619047
28317,User Notified of Information,Name,extreme_length_ratio,28,4,0.14285714285714285
28319,Allows files to be downloaded using Bittorrent,Name,extreme_length_ratio,46,4,0.08695652173913043
28322,Tries to find checksums for a specified URL,Name,extreme_length_ratio,43,4,0.09302325581395349
28325,Fetch contents with custom scripts.,Name,extreme_length_ratio,35,4,0.11428571428571428
28327,Classic file downloader plugin,Name,extreme_length_ratio,30,4,0.13333333333333333
28329,Allows files to be downloaded from Metalink,Name,extreme_length_ratio,43,4,0.09302325581395349
28332,Allows KGet to search through mirror search engines for files,Name,extreme_length_ratio,61,4,0.06557377049180328
28351,Configure Video Devices,Name,extreme_length_ratio,23,4,0.17391304347826086
28352,Behavior,Ứng xửComment,exact_duplicate,8,13,1.625
28364,The group where the contact resides,Name,extreme_length_ratio,35,4,0.11428571428571428
28366,The specified contact,Name,extreme_length_ratio,21,4,0.19047619047619047
28370,An incoming message has been received,Comment,extreme_length_ratio,37,7,0.1891891891891892
28372,An incoming message in the active chat window has been received,Name,extreme_length_ratio,63,4,0.06349206349206349
28374,An outgoing message has been sent,Name,extreme_length_ratio,33,4,0.12121212121212122
28376,A contact has come online,Name,extreme_length_ratio,25,4,0.16
28378,A contact has gone offline,Name,extreme_length_ratio,26,4,0.15384615384615385
28380,A contact's online status has changed,Name,extreme_length_ratio,37,4,0.10810810810810811
28382,A highlighted message has been received,Name,extreme_length_ratio,39,4,0.10256410256410256
28384,A message marked with a low priority has been received,Name,extreme_length_ratio,54,4,0.07407407407407407
28386,New email has arrived in your Yahoo inbox,Name,extreme_length_ratio,41,4,0.0975609756097561
28388,New email has arrived in your MSN inbox,Name,extreme_length_ratio,39,4,0.10256410256410256
28390,An ICQ user has authorized/ declined your authorization request,Name,extreme_length_ratio,63,4,0.06349206349206349
28392,An IRC event has occurred,Name,extreme_length_ratio,25,4,0.16
28394,An error on connection has occurred,Name,extreme_length_ratio,35,4,0.11428571428571428
28396,The connection have been lost,Name,extreme_length_ratio,29,4,0.13793103448275862
28398,Kopete cannot connect to the service,Name,extreme_length_ratio,36,4,0.1111111111111111
28400,The network is experiencing problems,Name,extreme_length_ratio,36,4,0.1111111111111111
28402,An internal service error has occurred,Name,extreme_length_ratio,38,4,0.10526315789473684
28404,A contact has sent you a buzz/ nudge.,Name,extreme_length_ratio,37,4,0.10810810810810811
28406,A message was filtered by the Privacy Plugin,Name,extreme_length_ratio,44,4,0.09090909090909091
28408,An ICQ user is reading your status message,Name,extreme_length_ratio,42,4,0.09523809523809523
28410,A service message has been received (e. g. authorization request),Name,extreme_length_ratio,65,4,0.06153846153846154
28412,Contact list has been received/ exported/ deleted,Comment,extreme_length_ratio,49,7,0.14285714285714285
28427,History,Lịch sửComment,exact_duplicate,7,14,2.0
28435,Encrypt chat sessions with Off-The-Record encryption,Name,extreme_length_ratio,52,4,0.07692307692307693
28438,Pipe messages through an external program or script,Name,extreme_length_ratio,51,4,0.0784313725490196
28453,Displays a preview of pictures in chats,Comment,extreme_length_ratio,39,7,0.1794871794871795
28457,Serverless Link Local XMPP Messaging,Name,extreme_length_ratio,36,4,0.1111111111111111
28459,Gadu-Gadu: the Polish IM service,Name,extreme_length_ratio,32,4,0.125
28466,"XMPP, Jabber, Google Talk",Name,extreme_length_ratio,25,4,0.16
28468,Communicate at the same time with Meanwhile,Name,extreme_length_ratio,43,4,0.09302325581395349
28472,Seek and Chat with ICQ,Name,extreme_length_ratio,22,4,0.18181818181818182
28474,A popular Chinese IM system,Name,extreme_length_ratio,27,4,0.14814814814814814
28476,Skype protocol plugin (a wrapper),Name,extreme_length_ratio,33,4,0.12121212121212122
28478,Send SMS messages to mobile phones,Name,extreme_length_ratio,34,4,0.11764705882352941
28486,Yahoo! Messenger IM and video chat,Name,extreme_length_ratio,34,4,0.11764705882352941
28487,Austria,ÁoName,exact_duplicate,7,6,0.8571428571428571
28490,Denmark,Đan MạchName,exact_duplicate,7,12,1.7142857142857142
28491,France,PhápName,exact_duplicate,6,8,1.3333333333333333
28492,Germany,ĐứcName,exact_duplicate,7,7,1.0
28493,Ireland,Ai- a- lenName,exact_duplicate,7,14,2.0
28494,Netherlands,Hoà LanName,exact_duplicate,11,11,1.0
28495,New Zealand,Niu Xi- lanName,exact_duplicate,11,15,1.3636363636363635
28496,Norway,Na UyName,exact_duplicate,6,9,1.5
28497,Portugal,Bồ Đào NhaName,exact_duplicate,8,14,1.75
28498,Slovenia,Xlô- venName,exact_duplicate,8,12,1.5
28499,Sweden,Thuỵ ĐiểnName,exact_duplicate,6,13,2.1666666666666665
28500,Switzerland,Thuỵ SĩName,exact_duplicate,11,11,1.0
28501,Taiwan,Đài LoanName,exact_duplicate,6,12,2.0
28502,Ukraine,U- cợ- rainhName,exact_duplicate,7,16,2.2857142857142856
28511,Allows managing SSH or Telnet sessions through KRDC,Comment,extreme_length_ratio,51,7,0.13725490196078433
28516,Allows managing NX sessions through KRDC,Name,extreme_length_ratio,40,4,0.1
28518,Allows managing RDP sessions through KRDC,Name,extreme_length_ratio,41,4,0.0975609756097561
28523,Allows managing VNC sessions through KRDC,Comment,extreme_length_ratio,41,7,0.17073170731707318
28524,Qt based Framebuffer for KRfb.,Name,extreme_length_ratio,30,4,0.13333333333333333
28526,X11 XDamage/ XShm based Framebuffer for KRfb.,Name,extreme_length_ratio,45,4,0.08888888888888889
28527,X11 Framebuffer for KRfb,Name,extreme_length_ratio,24,4,0.16666666666666666
28535,Received incoming connection,Name,extreme_length_ratio,28,4,0.14285714285714285
28537,Could not call process to handle connection,Name,extreme_length_ratio,43,4,0.09302325581395349
28543,User refuses connection,Name,extreme_length_ratio,23,4,0.17391304347826086
28549,The invited party sent an invalid password. Connection refused.,Name,extreme_length_ratio,63,4,0.06349206349206349
28551,"Connection requested, user must accept",Name,extreme_length_ratio,38,4,0.10526315789473684
28553,New connection automatically established,Name,extreme_length_ratio,40,4,0.1
28557,"Received unexpected connection, abort",Name,extreme_length_ratio,37,4,0.10810810810810811
28558,MSN Plugin,Giao thức để kết nối tới trình quản lý kết nối Telepathy. Name,extreme_length_ratio,10,62,6.2
28566,LISa,Trình theo dõi tin tức RDFName,extreme_length_ratio,4,30,7.5
28580,Kopete Video and Audio Device Settings,Phần bổ sung giao thức MeanwhileComment,noise_ui_fragment,38,39,1.0263157894736843
28596,Netmeeting,Trạng thái kết nối SUSE có khả năng smpppd (SMPPPD) Name,extreme_length_ratio,10,56,5.6
28602,Tim Jansen,Tim Jansen,identical_pair; exact_duplicate,10,10,1.0
28610,Click to view or delete the open invitations.,Nhấn chuột để xem hay xóa lời mời.,noise_ui_fragment,45,34,0.7555555555555555
28620,Password:,& Mật khẩu:,exact_duplicate,9,11,1.2222222222222223
28630,Port:,Cổng:,exact_duplicate,5,5,1.0
28633,Your names,Phan Vĩnh ThịnhEMAIL OF TRANSLATORS,exact_duplicate,10,35,3.5
28634,Your emails,teppi82@ gmail. com,exact_duplicate,11,19,1.7272727272727273
28652,Path,Đường dẫn,exact_duplicate,4,9,2.25
28653,Samba,Samba,identical_pair,5,5,1.0
28654,NFS,NFS,identical_pair,3,3,1.0
28655,Add...,Thêm...,exact_duplicate,6,7,1.1666666666666667
28656,Change...,Đổi...,exact_duplicate,9,6,0.6666666666666666
28668,"Name / Address field Here you can enter the host name or address. The host may be specified in a number of ways: single host This is the most common format. You may specify a host either by an abbreviated name recognized by the resolver, the fully qualified domain name, or an IP address. netgroups NIS netgroups may be given as @group. Only the host part of each netgroup members is consider in checking for membership. Empty host parts or those containing a single dash (-) are ignored. wildcards Machine names may contain the wildcard characters * and?. This can be used to make the exports file more compact; for instance, *. cs. foo. edu matches all hosts in the domain cs. foo. edu. However, these wildcard characters do not match the dots in a domain name, so the above pattern does not include hosts such as a. b. cs. foo. edu. IP networks You can also export directories to all hosts on an IP (sub-) network simultaneously. This is done by specifying an IP address and netmask pair as address/ netmask where the netmask can be specified in dotted-decimal format, or as a contiguous mask length (for example, either ` / 255.255.252.0 'or ` / 22' appended to the network base address result in identical subnetworks with 10 bits of host).","Trường Tên/ Địa chỉ Ở đây bạn có khả năng nhập vào tên hay địa chỉ của máy. Có thể xác định máy bằng vài cách khác nhau: máy đơn Đây là định dạng thường nhất. Bạn có thể xác định máy riêng bằng nhập vào hoặc tên viết tắt do bộ giải quyết nhận diện, hoặc tên miền có khả năng đầy đủ (FQDN), hoặc địa chỉ IP. nhóm mạng Nhóm mạng (netgroup) kiểu NIS có thể được xác định là « @ group ». Chỉ phần máy của mỗi thành viên nhóm mạng được xử lý khi kiểm tra trạng thái thành viên. Phần máy còn rỗng hay chỉ chứa một dấu gạch « - » bị bỏ qua. ký tự đại diện Tên máy có thể chứa ký tự đại diện « * » và «? ». Bạn có thể sử dụng ký tự như vậy để khiến tập tin xuất gọn hơn, v. d. « *. cs. phu. edu » tương ứng với mọi máy của miền « cs. phu. edu ». Tuy nhiên, ký tự đại diện không khớp với dấu chấm trong tên miền, vì thế mẫu nói trên không chứa máy có tên như « a. b. cs. phu. edu ». mạng IP Bạn cũng có khả năng xuất khẩu đồng thời thư mục ra mọi máy trên mạng (phụ) IP. Để làm như thế, xác định một cặp địa chỉ IP và mặt nạ mạng dạng « địa chỉ IP/ mặt nặ mạng », trong đó mặt nạ mạng được ghi rõ hoặc theo định dạng chấm chấm hoặc theo độ dài mặt nạ tiếp cận: hoặc « / 255. 255. 252. 0 » hoặc « / 22 » được phụ thêm vào địa chỉ cơ sở của mạng có kết quả là mạng phụ trùng có máy 10 bit.",very_long_pair,1245,1278,1.0265060240963855
28671,Options,Tùy chọn,exact_duplicate,7,8,1.1428571428571428
28681,"No hide This option is based on the option of the same name provided in IRIX NFS. Normally, if a server exports two filesystems one of which is mounted on the other, then the client will have to mount both filesystems explicitly to get access to them. If it just mounts the parent, it will see an empty directory at the place where the other filesystem is mounted. That filesystem is ""hidden"". Setting the nohide option on a filesystem causes it not to be hidden, and an appropriately authorized client will be able to move from the parent to that filesystem without noticing the change. However, some NFS clients do not cope well with this situation as, for instance, it is then possible for two files in the one apparent filesystem to have the same inode number. The nohide option is currently only effective on single host exports. It does not work reliably with netgroup, subnet, or wildcard exports. This option can be very useful in some situations, but it should be used with due care, and only after confirming that the client system copes with the situation effectively.","Không ẩn Tùy chọn này dựa vào tùy chọn cùng tên được cung cấp trong NFS kiểu IRIX. Bình thường, nếu trình phục vụ xuất khẩu hai hệ thống tập tin, một điều được gắn kết với điều khác, ứng dụng khách phải gắn kết riêng mỗi hệ thống tập tin để truy cập nó. Nếu nó chỉ gắn kết điều cha, nó sẽ gặp chỉ thư mục rỗng ở nơi gắn kết hệ thống tập tin khác, vì nó « bị ẩn ». Việc đặt tùy chọn « không ẩn » cho hệ thống tập tin thì gây ra nó không ẩn: ứng dụng khách đã xác thức đúng có khả năng chuyển đổi giữa hệ thống tập tin cha và hệ thống tập tin con, không phát hiện thay đổi nào. Tuy nhiên, một số ứng dụng khách NFS không quản lý được trường hợp này, chẳng hạn, hiển thị hai tập tin có vẻ nằm trên cùng một hệ thống tập tin còn có cùng một số hiệu nút thông tin (inode). Tùy chọn « không ẩn » hiện thời chỉ có tác động trong việc xuất khẩu máy đơn. Nó chưa hoạt động được trong việc xuất khẩu kiểu nhóm mạng, mạng phụ hay ký tự đại diện. Tùy chọn này có thể rất hữu ích trong một số trường hợp riêng, nhưng khuyên bạn sử dụng nó một cách cẩn thận, chỉ sau khi xác nhận hệ thống khách có khả năng quản lý đúng trường hợp.",very_long_pair,1079,1117,1.035217794253939
28683,"No subtree check This option disables subtree checking, which has mild security implications, but can improve reliability is some circumstances. If a subdirectory of a filesystem is exported, but the whole filesystem is not, then whenever a NFS request arrives, the server must check not only that the accessed file is in the appropriate filesystem (which is easy) but also that it is in the exported tree (which is harder). This check is called the subtree_check. In order to perform this check, the server must include some information about the location of the file in the ""filehandle"" that is given to the client. This can cause problems with accessing files that are renamed while a client has them open (though in many simple cases it will still work). subtree checking is also used to make sure that files inside directories to which only root has access can only be accessed if the filesystem is exported with no_root_squash (see below), even the file itself allows more general access. As a general guide, a home directory filesystem, which is normally exported at the root and may see lots of file renames, should be exported with subtree checking disabled. A filesystem which is mostly read-only, and at least does not see many file renames (e. g. / usr or / var) and for which subdirectories may be exported, should probably be exported with subtree checks enabled.","Không kiểm tra cây phụ Tùy chọn này vô hiệu hoá khả năng kiểm tra cây phụ, mà có ẩn ý bảo mật nhưng có thể tăng độ đáng tin cậy trong một số trường hợp riêng. Nếu thư mục con của hệ thống tập tin được xuất khẩu, còn không xuất toàn bộ hệ thống tập tin, trong trường hợp đó khi nào nhận yêu cầu NFS, trình phục vụ phải kiểm tra không phải chỉ nếu tập tin đã truy cập có phải nằm trên hệ thống tập tin thích hợp (việc dễ), nhưng cũng nếu nó nằm trong cây đã xuất (việc khó hơn). Việc kiểm tra này được gọi như là « kiểm tra cây phụ » (subtree_ check). Để thực hiện việc kiểm tra này, trình phục vụ phải chèn một vài thông tin về vị tri của tập tin vào « filehandle » được cung cấp cho ứng dụng khách. Vẫn có thể gây ra sự khó khăn trong việc truy cập tập tin đã nhận tên mới trong khi ứng dụng khách xử lý nó (dù rong nhiều trường hợp đơn giản không có sao). Khả năng kiểm tra cây phụ cũng được dùng để thẩm tra các tập tin bên trong thư mục chỉ cho người chủ có quyền truy cập vẫn còn cho phép truy cập chỉ nếu hệ thống tập tin được xuất khẩu với đối số « no_ root_ squash » (xem dưới), thậm chí nếu tập tin chính nó cho phép truy cập chung hơn. Nói chung, hệ thống tập tin thư mục chính của người dùng, mà bình thường được xuất khẩu từ thư mục gốc thì có nhiều tập tin có thể nhận tên mới, nên được xuất với khả năng kiểm tra cây phụ bị tắt. Còn hệ thống tập tin phần lớn chỉ cho quyền đọc thì ít nhất không có nhiều tập tin sẽ nhận tên mới (v. d. / usr hay / var) mà cũng có thư mục con sẽ được xuất, rất có thể nên được xuất với khả năng kiểm tra cây phụ được bật.",very_long_pair,1377,1566,1.1372549019607843
28693,FF,FF,identical_pair,2,2,1.0
28696,& OK,& OK,identical_pair; noise_ui_fragment,4,4,1.0
28697,& Cancel,& Thôi,exact_duplicate; noise_ui_fragment,8,6,0.75
28699,& Password:,& Mật khẩu:,exact_duplicate,11,11,1.0
28705,Name,Tên,exact_duplicate,4,3,0.75
28706,UID,UID,identical_pair; exact_duplicate,3,3,1.0
28707,GID,GID,identical_pair; exact_duplicate,3,3,1.0
28709,& Default,& Mặc định,exact_duplicate,9,10,1.1111111111111112
28715,SO_SNDLOWAT:,SO_ SNDLOWAT:,exact_duplicate,12,13,1.0833333333333333
28716,IPTOS_THROUGHPUT,IPTOS_ THROUGHPUT,exact_duplicate,16,17,1.0625
28717,SO_SNDBUF:,SO_ SNDBUF:,exact_duplicate,10,11,1.1
28718,SO_KEEPALIVE,SO_ KEEPALIVE,exact_duplicate,12,13,1.0833333333333333
28722,TCP_NODELAY,TCP_ NODELAY,exact_duplicate,11,12,1.0909090909090908
28723,SO_RCVLOWAT:,SO_ RCVLOWAT:,exact_duplicate,12,13,1.0833333333333333
28724,SO_REUSEADDR,SO_ REUSEADDR,exact_duplicate,12,13,1.0833333333333333
28725,& Help,Trợ giúp,exact_duplicate,6,8,1.3333333333333333
28726,F1,F1,identical_pair; exact_duplicate,2,2,1.0
28728,Access Permissions,Quyền truy cập,exact_duplicate,18,14,0.7777777777777778
28729,Others,Khác,exact_duplicate,6,4,0.6666666666666666
28730,Read,Đọc,exact_duplicate,4,3,0.75
28732,Write,Ghi,exact_duplicate,5,3,0.6
28734,Group,Nhóm,exact_duplicate,5,4,0.8
28735,Sticky,Dính,exact_duplicate,6,4,0.6666666666666666
28738,Special,Đặc biệt,exact_duplicate,7,8,1.1428571428571428
28745,User Settings,Thiết lập người dùng,noise_ui_fragment,13,20,1.5384615384615385
28752,& Base Settings,Thiết lập cơ & bản,noise_ui_fragment,15,18,1.2
28761,Share,Chia sẻ,exact_duplicate,5,7,1.4
28762,Alt+,Alt+,identical_pair,4,4,1.0
28763,User,Người dùng,exact_duplicate,4,10,2.5
28764,Server,Máy phục vụ,exact_duplicate,6,11,1.8333333333333333
28765,Domain,Miền,exact_duplicate,6,4,0.6666666666666666
28766,ADS,ADS,identical_pair,3,3,1.0
28773,Help,Trợ giúp,exact_duplicate,4,8,2.0
28775,man: smb. conf,man: smb. conf,identical_pair,14,14,1.0
28777,Comment,Ghi chú,exact_duplicate,7,7,1.0
28778,Properties,Thuộc tính,exact_duplicate,10,10,1.0
28784,Printer,Máy in,exact_duplicate,7,6,0.8571428571428571
28793,Add,Thêm,exact_duplicate,3,4,1.3333333333333333
28795,Change Password...,Đổi mật khẩu...,exact_duplicate,18,15,0.8333333333333334
28800,Security,Bảo mật,exact_duplicate,8,7,0.875
28801,& General,Chung,exact_duplicate,9,5,0.5555555555555556
28802,PAM,PAM,identical_pair,3,3,1.0
28808,General,Chung,exact_duplicate,7,5,0.7142857142857143
28814,Never,Không bao giờ,exact_duplicate,5,13,2.6
28829,Password,Mật khẩu,exact_duplicate,8,8,1.0
28844,Use rhosts,Use rhosts,identical_pair,10,10,1.0
28850,Auto,Tự động,exact_duplicate,4,7,1.75
28852,Yes,Có,exact_duplicate,3,2,0.6666666666666666
28853,No,Không,exact_duplicate,2,5,2.5
28862,Logging,Ghi lưu,exact_duplicate,7,7,1.0
28864,kB,kB,identical_pair,2,2,1.0
28865,Max log size:,Cỡ bản ghi tối đa:,exact_duplicate,13,18,1.3846153846153846
28866,Syslog:,Syslog:,identical_pair,7,7,1.0
28868,Switches,Cái đổi,exact_duplicate,8,7,0.875
28870,Status,Trạng thái,exact_duplicate,6,10,1.6666666666666667
28878,Switches,Cái đổi,exact_duplicate,8,7,0.875
28892,Sizes,Cỡ,exact_duplicate,5,2,0.4
28894,MB,MB,identical_pair; exact_duplicate,2,2,1.0
28901,Printing,In ấn,exact_duplicate,8,5,0.625
28907,Commands,Lệnh,exact_duplicate,8,4,0.5
28914,Domain,Miền,exact_duplicate,6,4,0.6666666666666666
28922,WINS,WINS,identical_pair,4,4,1.0
28926,WINS Server Settings,Thiết & lập máy phục vụ WINS,noise_ui_fragment,20,28,1.4
28928,WINS hook:,WINS hook:,identical_pair,10,10,1.0
28936,General,Chung,exact_duplicate,7,5,0.7142857142857143
28955,Samba & 3. x,Samba & 3. x,identical_pair,12,12,1.0
28959,Unicode,Unicode,identical_pair; exact_duplicate,7,7,1.0
28960,Samba & 2. x,Samba & 2. x,identical_pair,12,12,1.0
28972,Delete Scripts,Xoá văn lệnh,noise_ui_fragment,14,12,0.8571428571428571
28973,Delete group script:,Xoá văn lệnh nhóm:,noise_ui_fragment,20,18,0.9
28974,Delete user script:,Xoá văn lệnh người dùng:,noise_ui_fragment,19,24,1.263157894736842
28975,Delete user from group script:,Xoá người dùng khỏi văn lệnh nhóm:,noise_ui_fragment,30,34,1.1333333333333333
28987,TCP_NODELAY,TCP_ NODELAY,exact_duplicate,11,12,1.0909090909090908
28988,SO_SNDBUF:,SO_ SNDBUF:,exact_duplicate,10,11,1.1
28989,IPTOS_THROUGHPUT,IPTOS_ THROUGHPUT,exact_duplicate,16,17,1.0625
28990,SO_SNDLOWAT:,SO_ SNDLOWAT:,exact_duplicate,12,13,1.0833333333333333
28991,SO_KEEPALIVE,SO_ KEEPALIVE,exact_duplicate,12,13,1.0833333333333333
28992,SO_RCVLOWAT:,SO_ RCVLOWAT:,exact_duplicate,12,13,1.0833333333333333
28993,SO_REUSEADDR,SO_ REUSEADDR,exact_duplicate,12,13,1.0833333333333333
28994,SSL,SSL,identical_pair; exact_duplicate,3,3,1.0
29002,ssl2,ssl2,identical_pair,4,4,1.0
29003,ssl3,ssl3,identical_pair,4,4,1.0
29005,tls1,tls1,identical_pair,4,4,1.0
29010,SSL version:,Phiên bản SSL:,exact_duplicate,12,14,1.1666666666666667
29025,NT,NT,identical_pair,2,2,1.0
29027,win95,win95,identical_pair,5,5,1.0
29028,WfW,WfW,identical_pair,3,3,1.0
29030,4.2,4. 2,exact_duplicate,3,4,1.3333333333333333
29032,NT1,NT1,identical_pair,3,3,1.0
29033,LANMAN2,LANMAN2,identical_pair,7,7,1.0
29034,LANMAN1,LANMAN1,identical_pair,7,7,1.0
29035,CORE,CORE,identical_pair,4,4,1.0
29036,COREPLUS,COREPLUS,identical_pair,8,8,1.0
29039,Limits,Giới hạn,exact_duplicate,6,8,1.3333333333333333
29051,Winbind,Winbind,identical_pair,7,7,1.0
29052,& Winbind/ Idmap UID:,& Winbind/ Idmap UID:,identical_pair,21,21,1.0
29053,Winbind/ Idmap & GID:,Winbind/ Idmap & GID:,identical_pair,21,21,1.0
29059,Windows NT 4,Windows NT 4,identical_pair,12,12,1.0
29060,Windows 2000,Windows 2000,identical_pair; exact_duplicate,12,12,1.0
29068,NetBIOS,NetBIOS,identical_pair,7,7,1.0
29073,lmhosts host wins bcast,lmhosts host wins bcast,identical_pair,23,23,1.0
29074,VFS,VFS,identical_pair,3,3,1.0
29076,LDAP,LDAP,identical_pair,4,4,1.0
29087,Off,Tắt,exact_duplicate,3,3,1.0
29089,On,Bật,exact_duplicate,2,3,1.5
29092,LDAP delete dn,Xoá tên miền LDAP,noise_ui_fragment,14,17,1.2142857142857142
29095,Delete share command:,Xoá & lệnh chia sẻ:,noise_ui_fragment,21,19,0.9047619047619048
29102,Miscellaneous,Lặt vặt,exact_duplicate,13,7,0.5384615384615384
29108,NIS,NIS,identical_pair,3,3,1.0
29111,UTMP,UTMP,identical_pair,4,4,1.0
29114,Utmp,Utmp,identical_pair,4,4,1.0
29119,Users,Người dùng,exact_duplicate,5,10,2.0
29121,Allow,Cho phép,exact_duplicate,5,8,1.6
29122,Reject,Từ chối,exact_duplicate,6,7,1.1666666666666667
29135,& Path:,Đường & dẫn:,exact_duplicate,7,12,1.7142857142857142
29138,Name:,& Tên:,exact_duplicate,5,6,1.2
29139,Comment:,& Ghi chú:,exact_duplicate,8,10,1.25
29140,Main Properties,Thuộc tính chính,exact_duplicate,15,16,1.0666666666666667
29141,Read only,Chỉ đọc,exact_duplicate,9,7,0.7777777777777778
29147,"This is a username which will be used for access to services which are specified as guest ok. Whatever privileges this user has will be available to any client connecting to the guest service. Typically this user will exist in the password file, but will not have a valid login. The user account \\""ftp\\ ""is often a good choice for this parameter. If a username is specified in a given service, the specified username overrides this one.","Đây là tên người dùng sẽ được sử dụng để truy cập dịch vụ nào được đặt để chấp nhận khách (guest ok). Quyền nào của người dùng cũng sẵn sàng cho bất cứ ứng dụng khách nào kết nối đến dịch vụ khách. Bình thường người dùng này tồn tại trong tập tin mật khẩu, nhưng không có sự đăng nhập hợp lệ. Tài khoản người dùng « ftp » thường là sự chọn tốt cho tham số này. Nếu tên người dùng đã được ghi rõ trong dịch vụ riêng, tên người dùng đã ghi rõ có quyền cao hơn điều này.",noise_ui_fragment,438,467,1.0662100456621004
29151,Hosts,Máy,exact_duplicate,5,3,0.6
29156,Symbolic Links,Liên kết tượng trưng,exact_duplicate,14,20,1.4285714285714286
29165,Size,Cỡ,exact_duplicate,4,2,0.5
29166,Date,Ngày,exact_duplicate,4,4,1.0
29167,Permissions,Quyền hạn,exact_duplicate,11,9,0.8181818181818182
29186,...,...,identical_pair; exact_duplicate,3,3,1.0
29187,01234567,01234567,identical_pair,8,8,1.0
29193,ACL,ACL,identical_pair,3,3,1.0
29206,OS/ 2,OS/ 2,identical_pair,5,5,1.0
29214,bytes,byte,exact_duplicate,5,4,0.8
29226,Case sensitive,Phân biệt chữ hoa/ thường,exact_duplicate,14,25,1.7857142857142858
29233,hash,hash,identical_pair,4,4,1.0
29234,hash2,hash2,identical_pair,5,5,1.0
29237,DOS,DOS,identical_pair,3,3,1.0
29258,preexec close,chạy sẵn: đóng,noise_ui_fragment,13,14,1.0769230769230769
29259,root preexec close,người chủ chạy sẵn: đóng,noise_ui_fragment,18,24,1.3333333333333333
29269,Folder:,Thư mục:,exact_duplicate,7,8,1.1428571428571428
29273,Public,Chung,exact_duplicate,6,5,0.8333333333333334
29278,Name:,Tên:,exact_duplicate,5,4,0.8
29279,Public,Chung,exact_duplicate,6,5,0.8333333333333334
29283,Could not save settings.,Không thể lưu thiết lập,noise_ui_fragment,24,23,0.9583333333333334
29298,Delete the old file share group,Xoá nhóm chia sẻ tập tin cũ,noise_ui_fragment,31,27,0.8709677419354839
29302,Do you really want to delete group '%1 '?,Bạn có thật sự muốn nhóm «% 1 » không?,noise_ui_fragment,41,38,0.926829268292683
29306,Create,Tạo,exact_duplicate,6,3,0.5
29307,Do Not Create,Không tạo,exact_duplicate,13,9,0.6923076923076923
29314,Unnamed,Không tên,exact_duplicate,7,9,1.2857142857142858
29316,Warning,Cảnh báo,exact_duplicate,7,8,1.1428571428571428
29322,Please enter a password for the user %1,Hãy nhập vào mật khẩu cho người dùng% 1,exact_duplicate,39,39,1.0
29325,Please enter a password for the user %1,Hãy nhập vào mật khẩu cho người dùng% 1,exact_duplicate,39,39,1.0
29333,& Hide,Ẩn,exact_duplicate,6,2,0.3333333333333333
29349,Default,Mặc định,exact_duplicate,7,8,1.1428571428571428
29350,Read only,Chỉ đọc,exact_duplicate,9,7,0.7777777777777778
29354,& Share,Chia & sẻ,exact_duplicate,7,9,1.2857142857142858
29356,File sharing is disabled.,Khả năng chia sẻ tập tin bị tắt.,exact_duplicate,25,32,1.28
29371,Printer Settings,Thiết lập máy in,noise_ui_fragment,16,16,1.0
29377,& Name:,Tên:,exact_duplicate,7,4,0.5714285714285714
29378,Comment:,& Ghi chú:,exact_duplicate,8,10,1.25
29379,Main Properties,Thuộc tính chính,exact_duplicate,15,16,1.0666666666666667
29383,PostScript,PostScript,identical_pair,10,10,1.0
29387,Tuning,Dùng trình điều khiển của & khách,extreme_length_ratio,6,33,5.5
29394,"This is a text field that is seen next to a share when a client queries the server, either via the network neighborhood or via net view, to list what shares are available.",Lệnh lprm:,extreme_length_ratio; noise_ui_fragment,171,10,0.05847953216374269
29399,This is a username which will be used for access this directory if guests are allowed,Vùng & in chính:,extreme_length_ratio,85,16,0.18823529411764706
29400,This controls whether this share is seen in the list of available shares in a net view and in the browse list.,Ghi & lưu,extreme_length_ratio,110,9,0.08181818181818182
29401,"Checkbox lets you \\""turn off\\ ""a service. If not checked, then ALL attempts to connect to the service will fail. Such failures are logged.",& Trạng thái,extreme_length_ratio,140,12,0.08571428571428572
29404,Plugins,Bổ sung,exact_duplicate,7,7,1.0
29406,Group Name Already in Use,% 1 is the name of the group,language_suspect,25,28,1.12
29408,Add,Thêm,exact_duplicate,3,4,1.3333333333333333
29409,Delete,Chưa xóa,noise_ui_fragment,6,8,1.3333333333333333
29412,Appearance,Diện mạo,exact_duplicate,10,8,0.8
29413,Change appearance settings,% 1 is the name of the group,language_suspect; noise_ui_fragment,26,28,1.0769230769230769
29415,Network,Mạng,exact_duplicate,7,4,0.5714285714285714
29418,Advanced,Cấp cao,exact_duplicate,8,7,0.875
29419,Advanced Options,Tùy chọn cấp cao,exact_duplicate,16,16,1.0
29421,Name,Tên,exact_duplicate,4,3,0.75
29422,Status,Trạng thái,exact_duplicate,6,10,1.6666666666666667
29423,Size,Cỡ,exact_duplicate,4,2,0.5
29425,Speed,Tốc độ,exact_duplicate,5,6,1.2
29426,File,& Tập tin,exact_duplicate,4,9,2.25
29427,Checksum,signature of a file,language_suspect,8,19,2.375
29432,Start,Chạy,exact_duplicate,5,4,0.8
29434,Error,Lỗi,exact_duplicate,5,3,0.6
29435,Type,Tập tinthe used hash for verification,extreme_length_ratio,4,37,9.25
29436,Hash,"verification- result of a file, can be true/ false",language_suspect; extreme_length_ratio,4,50,12.5
29445,Unable to save to: %1,Không thể lưu vào:% 1,noise_ui_fragment,21,21,1.0
29452,Delete it and download again?,Tải về URL lần nữa không?,noise_ui_fragment,29,25,0.8620689655172413
29461,%1 would become %2,the string that is used to modify an url,language_suspect,18,40,2.2222222222222223
29462,Change string,the mode defines how the url should be changed,language_suspect,13,46,3.5384615384615383
29463,Change mode,the type of the checksum e. g. md5,language_suspect,11,34,3.090909090909091
29474,Delete File(s),Xoá mục đã chọn,noise_ui_fragment,14,15,1.0714285714285714
29476,Select a directory to move the data to.,Choked,extreme_length_ratio,39,6,0.15384615384615385
29493,Priority,Number of paralell connections to the mirror,language_suspect; extreme_length_ratio,8,44,5.5
29494,Preview,Percent of File Downloaded,language_suspect,7,26,3.7142857142857144
29505,Finished,Xong,exact_duplicate,8,4,0.5
29528,KGet,KGet,identical_pair,4,4,1.0
29535,Ultimate,"Signature here is meant in cryptographic terms, so the signature of a file.",language_suspect; extreme_length_ratio,8,75,9.375
29536,Unlimited,pgp signature is verified,language_suspect,9,25,2.7777777777777777
29540,Group Settings for %1,Chi tiết về:% 1,noise_ui_fragment,21,15,0.7142857142857143
29541,Tag Settings for the groups,Chi tiết về:% 1,noise_ui_fragment,27,15,0.5555555555555556
29548,Add checksum,Adds the item and reopens the dialog to add a further item,language_suspect,12,58,4.833333333333333
29550,Import dropped files,"comma, to seperate members of a list",language_suspect,20,36,1.8
29554,Define the saving location.,file as in file on hard drive,language_suspect,27,29,1.0740740740740742
29565,Delete selected,Xoá mục đã chọn,noise_ui_fragment,15,15,1.0
29566,Open file,Mở tập tin,exact_duplicate,9,10,1.1111111111111112
29567,Transfer Settings for %1,Chi tiết về:% 1,noise_ui_fragment,24,15,0.625
29570,Sticky,Dính,exact_duplicate,6,4,0.6666666666666666
29578,%1(%2) %3,"% 1 filename,% 2 percent complete,% 3 downloaded out of% 4 total size",language_suspect; extreme_length_ratio,9,69,7.666666666666667
29579,%1(%2% %3/ %4) Speed: %5/ s,"% 1 filename,% 2 percent complete,% 3 downloaded out of% 4 total size,% 5 status",language_suspect,27,80,2.962962962962963
29580,"Drop target has been hidden. If you want to show it again, go to Settings- > Configure KGet- > Look & Feel.",Đích thả đã bị ẩn. Muốn hiển thị lại thì tới « Thiết lập > Cấu hình KGet > Diện mạo và Cảm nhận ».,noise_ui_fragment,107,98,0.9158878504672897
29601,Source:,Nguồn:,exact_duplicate,7,6,0.8571428571428571
29603,Settings,Thiết & lập@ action,noise_ui_fragment,8,19,2.375
29606,Save Settings,Thiết & lập,noise_ui_fragment,13,11,0.8461538461538461
29611,Dario Massarin,Dario Massarin,identical_pair,14,14,1.0
29612,Core Developer,Nhà phát triển lõi,exact_duplicate,14,18,1.2857142857142858
29613,Urs Wolfer,Urs Wolfer,identical_pair,10,10,1.0
29614,Manolo Valdes,Manolo Valdes,identical_pair,13,13,1.0
29617,Patrick Charbonnier,Patrick Charbonnier,identical_pair,19,19,1.0
29619,Carsten Pfeiffer,Carsten Pfeiffer,identical_pair; exact_duplicate,16,16,1.0
29620,Matej Koss,Matej Koss,identical_pair,10,10,1.0
29635,Remove Selected,Bỏ,extreme_length_ratio,15,2,0.13333333333333333
29644,Open File,Mở tập tin,exact_duplicate,9,10,1.1111111111111112
29648,& Group Settings,Thiết & lập,noise_ui_fragment,16,11,0.6875
29649,& Transfer Settings,Chi tiết truyền:,noise_ui_fragment,19,16,0.8421052631578947
29653,Enable,Bật,exact_duplicate,6,3,0.5
29657,Some transfers are still running. Are you sure you want to close KGet?,Một vài truyền tải vẫn đang chạy. Bạn có chắc muốn đóng KGet không?,noise_ui_fragment,70,67,0.9571428571428572
29660,Group name:,Tên nhóm:,exact_duplicate,11,9,0.8181818181818182
29661,Confirm transfer delete,Danh sách truyền KGet,noise_ui_fragment,23,21,0.9130434782608695
29662,"KGet has been temporarily disabled as download manager for Konqueror. If you want to disable it forever, go to Settings- > Advanced and disable ""Use as download manager for Konqueror"".",Trình KGet đã bị tắt tạm thời làm bộ quản lý việc tải về cho trình duyệt Konqueror. Muốn tắt luôn thì tới « Thiết lập > Cấp cao » rồi tắt mục « Dùng làm bộ quản lý việc tải về cho Konqueror ».,noise_ui_fragment,184,192,1.0434782608695652
29709,Cancel,Đổi,exact_duplicate; noise_ui_fragment,6,3,0.5
29713,Folders,Thư mục,exact_duplicate,7,7,1.0
29716,Remove Webseed,Bỏ,extreme_length_ratio,14,2,0.14285714285714285
29717,Downloaded:,Tải về,exact_duplicate,11,6,0.5454545454545454
29726,File Settings,Thiết & lập,noise_ui_fragment,13,11,0.8461538461538461
29732,Transfer Settings,Chi tiết truyền:,noise_ui_fragment,17,16,0.9411764705882353
29745,Name:,Tên,exact_duplicate,5,3,0.6
29750,Create checksums:,These entries are optional.,language_suspect,17,27,1.588235294117647
29754,Group Settings,Thiết & lập,noise_ui_fragment,14,11,0.7857142857142857
29758,Tag Settings,Thiết & lập,noise_ui_fragment,12,11,0.9166666666666666
29760,TextLabel,"hash type as in md5t, sha1 etc.",language_suspect,9,31,3.4444444444444446
29761,Hash type:,"hash as a hash of type md5, sha1 etc.",language_suspect,10,37,3.7
29765,Delete Selected,Xoá mục đã chọn,noise_ui_fragment,15,15,1.0
29766,Download,Tải về,exact_duplicate,8,6,0.75
29770,Show:,filter: show all file types,extreme_length_ratio,5,27,5.4
29773,& File,& Tập tin,exact_duplicate,6,9,1.5
29775,& Settings,Thiết & lập,exact_duplicate; noise_ui_fragment,10,11,1.1
29776,& Help,Trợ giúp,exact_duplicate,6,8,1.3333333333333333
29777,Main Toolbar,Thanh công cụ chính,exact_duplicate,12,19,1.5833333333333333
29791,& Group Settings...,Thư mục tải về mặc định,noise_ui_fragment,19,23,1.2105263157894737
29792,& Transfer Settings...,Tốc độ,noise_ui_fragment,22,6,0.2727272727272727
29806,Cannot expand file %1,< speed >,noise_markup_or_html_entity,21,9,0.42857142857142855
29811,of,Đang lưu URL% 1,extreme_length_ratio,2,15,7.5
29818,TLS,TLS,identical_pair,3,3,1.0
29824,Protocol name,Tên giao thức,exact_duplicate,13,13,1.0
29825,Socket name,Tên ổ cắm,exact_duplicate,11,9,0.8181818181818182
29831,Information,Thông tin,exact_duplicate,11,9,0.8181818181818182
29832,Email,Thư điện tử,exact_duplicate,5,11,2.2
29843,& Delete Contact,& Xoá liên lạc,noise_ui_fragment,16,14,0.875
29857,Unknown,Không rõ,exact_duplicate,7,8,1.1428571428571428
29875,Michaël Larouche,Michaël Larouche,identical_pair,16,16,1.0
29877,kopetewallettest,kopetewallettest,identical_pair,16,16,1.0
29878,kopetepasswordtest,kopetepasswordtest,identical_pair,18,18,1.0
29894,Connect,Kết nối,exact_duplicate,7,7,1.0
29909,& Edit...,& Sửa...,exact_duplicate,9,8,0.8888888888888888
29911,& New...,& Mới...,exact_duplicate,8,8,1.0
29913,Copy,Chép,exact_duplicate,4,4,1.0
29914,Makes a copy of the selected account. All settings of the selected account are copied to a new account that you can modify to fit your needs,Tạo bản sao của tài khoản đã chọn. Mọi thiết lập của tài khoản đã chọn thì được sao chép vào một tài khoản mới bạn có thể sửa đổi để thích hợp.,noise_ui_fragment,140,143,1.0214285714285714
29915,Delete,& Xoá,exact_duplicate; noise_ui_fragment,6,5,0.8333333333333334
29924,"Do you want to use the wizard to create the new account or the standard, dialog-based setup? The wizard is easier and sufficient in most cases. If you need very special settings, you might want to try the standard, dialog-based setup.","Bạn có muốn sử dụng trợ lý để tạo tài khoản mới, hoặc thiết lập chuẩn dựa vào hộp thoại? Dễ hơn dùng trợ lý và đủ cho phần lớn trường hợp. Nếu bạn cần thiết lập rất đặc biệt, bạn có thể sử dụng thiết lập chuẩn dựa vào hộp thoại.",noise_ui_fragment,234,228,0.9743589743589743
29929,"Are you sure you want to delete the account ""%1""?",Bạn có chắc muốn xoá tài khoản «% 1 » không?,noise_ui_fragment,49,44,0.8979591836734694
29931,Delete,Xoá,exact_duplicate; noise_ui_fragment,6,3,0.5
29936,IP,IP,identical_pair,2,2,1.0
29940,DNS,DNS,identical_pair,3,3,1.0
29944,Execute,Thực hiện,exact_duplicate,7,9,1.2857142857142858
29949,Byte,Byte,identical_pair,4,4,1.0
29950,KiB,KB,exact_duplicate,3,2,0.6666666666666666
29951,MiB,MB,exact_duplicate,3,2,0.6666666666666666
29952,GiB,GB,exact_duplicate,3,2,0.6666666666666666
29961,Selected:,Đã chọn:,exact_duplicate,9,8,0.8888888888888888
29968,(none),(không có),exact_duplicate,6,10,1.6666666666666667
29972,& Log,& Bản ghi,exact_duplicate,5,9,1.8
30017,None,Không có,exact_duplicate,4,8,2.0
30025,Details,Chi & tiết,exact_duplicate,7,10,1.4285714285714286
30029,& Close,Đóng,exact_duplicate; noise_ui_fragment,7,4,0.5714285714285714
30030,Details,Chi tiết,exact_duplicate,7,8,1.1428571428571428
30036,& Remove,& Bỏ,exact_duplicate,8,4,0.5
30037,"Specifies the phone numbers to dial. You can supply multiple numbers here, simply click on ""Add"". You can arrange the order the numbers are tried by using the arrow buttons. When a number is busy or fails, kppp will try the next number and so on","Xác định những số điện thoại cần quay số. Bạn có thể cung cấp nhiều số ở đây, đơn giản bằng cách nhấn vào nút « Thêm ». Cũng có thể thay đổi thứ tự gọi những số, bằng cách sử dụng những cái nút mũi tên. Khi số điện thoại còn bận hay bị lỗi, kppp sẽ thử số kế tiếp v. v.",noise_ui_fragment,245,269,1.0979591836734695
30040,PAP,PAP,identical_pair,3,3,1.0
30042,CHAP,CHAP,identical_pair,4,4,1.0
30043,PAP/ CHAP,PAP/ CHAP,identical_pair,9,9,1.0
30063,Configuration,Cấu hình,exact_duplicate,13,8,0.6153846153846154
30075,Warning,Cảnh báo,exact_duplicate,7,8,1.1428571428571428
30079,Automatic,Tự động,exact_duplicate,9,7,0.7777777777777778
30080,Manual,Thủ công,exact_duplicate,6,8,1.3333333333333333
30083,& Add,Thêm,exact_duplicate,5,4,0.8
30097,& Insert,Chèn,exact_duplicate,8,4,0.5
30102,sec,giây,exact_duplicate,3,4,1.3333333333333333
30109,When dialing if modem returns NO CARRIER the program will make a new attempt to redial instead of waiting for user to click < CANCEL > button.,"Khi quay số, nếu bộ điều giải trả lời NO CARRIER (không có nhà mang dịch vụ điện thoại), chương trình này sẽ thử quay số lại, thay vào đợi người dùng nhấn vào nút < CANCEL >.",noise_markup_or_html_entity; noise_ui_fragment,142,174,1.2253521126760563
30113,Checking this option will close any open connection when the X-server is shut down. You should enable this option unless you know what you are doing. See here for more on this.,Việc bật tùy chọn này sẽ đóng kết nối nào còn mở khi trình phục vụ X tắt. Khuyen bạn bật tùy chọn này nếu bạn không hiểu được kết quả tắt no. Xem mục này tìm thêm thông tin về chủ đề này.,noise_ui_fragment,176,187,1.0625
30126,"Specifies how AT commands are sent to your modem. Most modems will work fine with the default CR/ LF. If your modem does not react to the init string, you should try different settings here Default: CR/ LF","Xác định phương pháp gửi lệnh kiểu AT cho bộ điều giải. Phần lớn bộ điều giải hoạt động được với giá trị mặc định CR/ LF. Nếu bộ điều giải của bạn không đáp ứng cho chuỗi sở khởi, bạn nên thử thiết lập khác ở đây. Mặc định: CR/ LF",noise_ui_fragment,205,230,1.1219512195121952
30149,Background:,& Nền:,exact_duplicate,11,6,0.5454545454545454
30157,& Password:,& Mật khẩu:,exact_duplicate,11,11,1.0
30161,Configure...,Cấu hình...,exact_duplicate,12,11,0.9166666666666666
30162,& Connect,& Kết nối,exact_duplicate,9,9,1.0
30163,No such Modem: %1 Falling back to default,Không có bộ điều giải như vậy:% 1 nên dùng giá trị mặc định.,noise_ui_fragment,41,60,1.4634146341463414
30173,Miscellaneous Settings,Thiết lập lặt vặt,noise_ui_fragment,22,17,0.7727272727272727
30178,Error,Lỗi,exact_duplicate,5,3,0.6
30179,& Details,& Chi tiết,exact_duplicate,9,10,1.1111111111111112
30190,Exiting kPPP will close your PPP Session.,Thoát khỏi KPPP cũng đóng phiên chạy PPP.,noise_ui_fragment,41,41,1.0
30199,KPPP,KPPP,identical_pair,4,4,1.0
30201,Harri Porten,Harri Porten,identical_pair; exact_duplicate,12,12,1.0
30203,Bernd Wuebben,Bernd Wuebben,identical_pair; exact_duplicate,13,13,1.0
30204,Original author,Tác giả gốc,exact_duplicate,15,11,0.7333333333333333
30205,Mario Weilguni,Mario Weilguni,identical_pair; exact_duplicate,14,14,1.0
30214,"kppp has detected a %1 file. Another instance of kppp seems to be running under process-ID %2. Please click Exit, make sure that you are not running another kppp, delete the pid file, and restart kppp. Alternatively, if you have determined that there is no other kppp running, please click Continue to begin.","kppp đã phát hiện một tập tin kiểu% 1. Có vẻ là một tiến trình kppp khác đang chạy dưới PID% 2. Hãy nhấn vào « Thoát », kiểm tra xem bạn không có tiến trình kppp đang chạy, xoá tập tin PID, rồi khởi chạy lại kppp. Hoặc nếu bạn đã biết không có tiến trình kppp đang chạy, nhấn vào « Tiếp tục » để bắt đầu.",noise_ui_fragment,308,304,0.987012987012987
30218,MiniTerm - A terminal emulation for KPPP (c) 1997 Bernd Johannes Wuebben < wuebben\@kde\.org > (c) 1998 Harri Porten < porten\@kde\.org > (c) 1998 Mario Weilguni < mweilguni\@kde\.org > This program is published under the GNU GPL (GNU General Public License),MiniTerm — một trình mô phỏng thiết bị cuối cho KPPP. © năm 1997 của Bernd Johannes Wuebben < wuebben\ @ kde\. org > © năm 1998 của Harri Porten < porten\ @ kde\. org > © năm 1998 của Mario Weilguni < mweilguni\ @ kde\. org > Chương trình này được xuất bản dưới Giấy Phép Công Cộng GNU (GPL: < http\:\ /\ / vi\. wikisource\. org\ / wiki\ / GPL >).,noise_markup_or_html_entity,258,347,1.3449612403100775
30219,& File,& Tập tin,exact_duplicate,6,9,1.5
30221,Close MiniTerm,Đóng MiniTerm,noise_ui_fragment,14,13,0.9285714285714286
30223,Help,Trợ giúp,exact_duplicate,4,8,2.0
30255,Can not restore tty settings: tcsetattr(),Không thể phục hồi thiết lập tty: tcsetattr (),noise_ui_fragment,41,46,1.1219512195121952
30260,< Generic >,< Generic >,identical_pair; noise_markup_or_html_entity,11,11,1.0
30267,"Are you sure you want to delete the modem ""%1""?",Bạn có chắc muốn xoá bộ điều giải «% 1 » không?,noise_ui_fragment,47,47,1.0
30272,Modem Settings,Thiết lập bộ điều giải,noise_ui_fragment,14,22,1.5714285714285714
30276,The application-specific config file could not be opened in either read-write or read-only mode. The superuser might have to change its ownership by issuing the following command in your home directory: chown {YourUsername}. kde/ share/ config/ kppprc,"Tập tin đặc trưng cho ứng cụng không thể được mở theo chế độ hoặc đọc- ghi hay chỉ- đọc. Siêu người dùng có thể cần phải thay đổi tình sở hữu nó, bằng cách chạy lệnh theo đây trong thư mục chính của bạn: chown {tên_ người_ dùng_ của_ bạn}. kde/ share/ config/ kppprc",noise_placeholder,251,266,1.0597609561752988
30296,Statistics,Thống kê,exact_duplicate,10,8,0.8
30307,vjerr,vjerr,identical_pair,5,5,1.0
30310,unavailable,không sẵn sàng,exact_duplicate,11,14,1.2727272727272727
30312,"Select the location where you plan to use this account from the list below. If your country or location is not listed, you have to create the account with the normal, dialog based setup. If you click ""Cancel"", the dialog based setup will start.","Trong danh sách bên dưới, hãy chọn địa điểm ở đó bạn định sử dụng tài khoản này. Nếu quốc gia hay chỗ bạn không có trong danh sách thì bạn cần phải tạo tài khoản bằng thiết lập chuẩn dựa vào hộp thoại. Nhấn vào « Thôi » thì khởi chạy thiết lập dưa vào hộp thoại.",noise_ui_fragment,244,262,1.0737704918032787
30313,"Select your Internet Service Provider (ISP) from the list below. If the ISP is not in this list, you have to click on ""Cancel"" and create this account using the normal, dialog-based setup. Click on ""Next"" when you have finished your selection.","Trong danh sách bên dưới, hãy chọn Nhà cung cấp dịch vụ Mạng (ISP) của bạn. Nếu ISP không có trong danh sách này, nhấn vào « Thôi » và tạo tài khoản này bằng thiết lập chuẩn dựa vào hộp thoại. Chọn xong thì nhấn vào « Kế ».",noise_ui_fragment,243,223,0.9176954732510288
30315,Username:,Tên người dùng:,exact_duplicate,9,15,1.6666666666666667
30316,Password:,Mật khẩu:,exact_duplicate,9,9,1.0
30319,"Finished! A new account has been created. Click ""Finish"" to go back to the setup dialog. If you want to check the settings of the newly created account, you can use ""Edit"" in the setup dialog.",Hoàn tất. Một tài khoản mới đã được tạo. Nhấn vào « kết thúc » để trở về hộp thoại thiết lập. Muốn kiểm tra thiết lập cua tài khoản mới tạo thì sử dụng mục « Sửa » trong hộp thoại thiết lập. NAME OF TRANSLATORS,noise_ui_fragment,192,210,1.09375
30320,Your names,Nhóm Việt hoá KDEEMAIL OF TRANSLATORS,exact_duplicate,10,37,3.7
30321,Your emails,kde- l10n- vi@ kde. org,exact_duplicate,11,23,2.090909090909091
30323,"kppp: rulefile ""%s"" not found",kppp: không tìm thấy tập tin quy tắc «% s »,noise_placeholder,29,43,1.4827586206896552
30326,kppp: parse error in line %d,kppp: lỗi phân tách trên dòng% d,noise_placeholder,28,32,1.1428571428571428
30329,kppp: rulefile is ok,kppp: tập tin quy tắc đúng,noise_ui_fragment,20,26,1.3
30335,Restore,Phục hồi,exact_duplicate,7,8,1.1428571428571428
30336,Minimize,Thu nhỏ,exact_duplicate,8,7,0.875
30337,CSV,CSV,identical_pair,3,3,1.0
30339,HTML,HTML,identical_pair,4,4,1.0
30357,& File,& Tập tin,exact_duplicate,6,9,1.5
30359,Bernd Wuebben,Bernd Wuebben,identical_pair; exact_duplicate,13,13,1.0
30360,Mario Weilguni,Mario Weilguni,identical_pair; exact_duplicate,14,14,1.0
30361,Harri Porten,Harri Porten,identical_pair; exact_duplicate,12,12,1.0
30368,Connection,Kết nối,exact_duplicate,10,7,0.7
30378,& Next Month,Tháng & tới,noise_ui_fragment,12,11,0.9166666666666666
30392,Your names,Phan Vĩnh ThịnhEMAIL OF TRANSLATORS,exact_duplicate,10,35,3.5
30393,Your emails,teppi82@ gmail. com,exact_duplicate,11,19,1.7272727272727273
30397,Tim Jansen,Tim Jansen,identical_pair; exact_duplicate,10,10,1.0
30398,Arend van Beelen jr.,Arend van Beelen jr.,identical_pair,20,20,1.0
30416,Close Tab,Đóng,exact_duplicate; noise_ui_fragment,9,4,0.4444444444444444
30421,Remote View Toolbar,NAME OF TRANSLATORS,language_suspect,19,19,1.0
30422,Your names,Phan Vĩnh ThịnhEMAIL OF TRANSLATORS,exact_duplicate,10,35,3.5
30423,Your emails,teppi82@ gmail. com,exact_duplicate,11,19,1.7272727272727273
30425,Tab Settings,Thiết lập,noise_ui_fragment,12,9,0.75
30427,Connection,Kết nối,exact_duplicate,10,7,0.7
30477,Turkish (tr),Thổ Nhĩ Kỳ (tr) label for soundsettings in preferences dialog,extreme_length_ratio,12,61,5.083333333333333
30478,Type,Loại,exact_duplicate,4,4,1.0
30496,Hosts,Máy,exact_duplicate,5,3,0.6
30522,"Switches to full screen. If the remote desktop has a different screen resolution, Remote Desktop Connection will automatically switch to the nearest resolution.",% 1 - Kết nối màn hình từ xa,extreme_length_ratio,160,28,0.175
30526,Shared Desktop,"Phóng to hết cỡ. Nếu màn hình ở xa có độ phân giải khác, Trình kết nối màn hình từ xa sẽ tự động dùng độ phân giải thích hợp.",extreme_length_ratio,14,125,8.928571428571429
30528,default,Thiết kết trình xem và giao thức VNC gốc,extreme_length_ratio,7,40,5.714285714285714
30531,Scope:,"Kết nối chất lượng cao, mặc định (Mã hóa Hextile)",extreme_length_ratio,6,49,8.166666666666666
30548,"An invitation creates a one-time password that allows the receiver to connect to your desktop. It is valid for only one successful connection and will expire after an hour if it has not been used. When somebody connects to your computer a dialog will appear and ask you for permission. The connection will not be established before you accept it. In this dialog you can also restrict the other person to view your desktop only, without the ability to move your mouse pointer or press keys. If you want to create a permanent password for Desktop Sharing, allow'Uninvited Connections' in the configuration.","Lời mời tạo một mật khẩu dùng chỉ một lần mà cho phép người nhận nó kết nối đến máy tính của bạn. Nó hợp lệ chỉ cho một kết nối thành công: nó sẽ hết hạn dùng sau một giờ, nếu chưa dùng. Khi người nào kết nối đến máy tính của bạn, hộp thoại sẽ xuất hiện để xin bạn cho phép. Bạn không cho phép thì không kết nối được. Trong hộp thoại này, bạn cũng có khả năng giới hạn người khác xem chỉ màn hình nền, không có khả năng di chuyển con chuột hay bấm phím. Nếu muốn tạo một mật khẩu lâu dài để chia sẻ màn hình, cần cho phép « Kết nối không giấy mời » trong cấu hình.",exact_duplicate,604,564,0.9337748344370861
30555,Alessandro Praduroux,Alessandro Praduroux,identical_pair,20,20,1.0
30557,Tim Jansen,Tim Jansen,identical_pair; exact_duplicate,10,10,1.0
30558,Ian Reinhart Geiser,Ian Reinhart Geiser,identical_pair,19,19,1.0
30560,Johannes E. Schindelin,Johannes E. Schindelin,identical_pair,22,22,1.0
30561,libvncserver,libvncserver,identical_pair,12,12,1.0
30562,Const Kaplinsky,Const Kaplinsky,identical_pair,15,15,1.0
30564,Tridia Corporation,Tridia Corporation,identical_pair,18,18,1.0
30568,Jens Wagner (heXoNet Support GmbH),Jens Wagner (heXoNet Support GmbH),identical_pair,34,34,1.0
30570,Jason Spisak,Jason Spisak,identical_pair,12,12,1.0
30572,Karl Vogel,Karl Vogel,identical_pair,10,10,1.0
30574,"An invitation creates a one-time password that allows the receiver to connect to your desktop. It is valid for only one successful connection and will expire after an hour if it has not been used. When somebody connects to your computer a dialog will appear and ask you for permission. The connection will not be established before you accept it. In this dialog you can also restrict the other person to view your desktop only, without the ability to move your mouse pointer or press keys. If you want to create a permanent password for Desktop Sharing, allow'Uninvited Connections' in the configuration.","Lời mời tạo một mật khẩu dùng chỉ một lần mà cho phép người nhận nó kết nối đến máy tính của bạn. Nó hợp lệ chỉ cho một kết nối thành công: nó sẽ hết hạn dùng sau một giờ, nếu chưa dùng. Khi người nào kết nối đến máy tính của bạn, hộp thoại sẽ xuất hiện để xin bạn cho phép. Bạn không cho phép thì không kết nối được. Trong hộp thoại này, bạn cũng có khả năng giới hạn người khác xem chỉ màn hình nền, không có khả năng di chuyển con chuột hay bấm phím. Nếu muốn tạo một mật khẩu lâu dài để chia sẻ màn hình, cần cho phép « Kết nối không giấy mời » trong cấu hình.",exact_duplicate,604,564,0.9337748344370861
30579,Network,Mạng,exact_duplicate,7,4,0.5714285714285714
30580,Security,Bảo mật,exact_duplicate,8,7,0.875
30581,Are you sure you want to delete all invitations?,Bạn có chắc muốn xoá mọi lời mời không?,noise_ui_fragment,48,39,0.8125
30582,Confirm delete Invitations,Xác nhận xóa lời mời,noise_ui_fragment,26,20,0.7692307692307693
30583,Are you sure you want to delete this invitation?,Bạn có chắc muốn xoá lời mời này không?,noise_ui_fragment,48,39,0.8125
30612,"p, li {white-space: pre-wrap;} KDE Desktop Sharing allows you to invite somebody at a remote location to watch and possibly control your desktop. More about invitations...","p, li {white- space: pre- wrap;} Tính năng Chia sẻ Màn hình KDE thì cho bạn có khả năng mời người ở vị trí khác xem, có thể cũng điều khiển máy tính của bạn. Thông tin thêm về lời mời...",noise_placeholder,171,186,1.087719298245614
30621,Delete all invitations,Xóa hết giấy mời,noise_ui_fragment,22,16,0.7272727272727273
30623,Delete All,Xoá tất cả,exact_duplicate; noise_ui_fragment,10,10,1.0
30624,Delete the selected invitation,Xóa các giấy mời đã chọn,noise_ui_fragment,30,24,0.8
30625,Delete the selected invitation. The invited person will not be able to connect using this invitation anymore.,Xóa giấy mời đã chọn. Người được mời sẽ không thể dùng giấy mời này để kết nối được nữa.,noise_ui_fragment,109,88,0.8073394495412844
30626,& Delete,& Xoá,exact_duplicate; noise_ui_fragment,8,5,0.625
30627,"p, li {white-space: pre-wrap;} Personal Invitation Give the information below to the person that you want to invite (how to connect). Note that everybody who gets the password can connect, so be careful.","p, li {white- space: pre- wrap;} Lời mời cá nhân Cung cấp thông tin bên dưới cho người bạn muốn mời (kết nối như thế nào). Ghi chú rằng mọi người biết mật khẩu này cũng có khả năng kết nối: hãy cẩn thận.",noise_placeholder,203,203,1.0
30629,"p, li {white-space: pre-wrap;} Help","p, li {white- space: pre- wrap;} Trợ giúp",noise_placeholder,35,41,1.1714285714285715
30630,Password:,Mật khẩu:,exact_duplicate,9,9,1.0
30632,Your names,Phan Vĩnh ThịnhEMAIL OF TRANSLATORS,exact_duplicate,10,35,3.5
30633,Your emails,teppi82@ gmail. com,exact_duplicate,11,19,1.7272727272727273
30641,Akonadi Management and Debugging Console,Name,extreme_length_ratio,40,4,0.1
30643,Advanced Feed Reader Settings,Name,extreme_length_ratio; noise_ui_fragment,29,4,0.13793103448275862
30648,Configure Internal Browser Component,Name,extreme_length_ratio,36,4,0.1111111111111111
30655,Akregator Online Feed Reader Support,Name,extreme_length_ratio,36,4,0.1111111111111111
30660,A new feed was remotely added to Akregator,Name,extreme_length_ratio,42,4,0.09523809523809523
30665,A KDE Blogging Client,Name,extreme_length_ratio,21,4,0.19047619047619047
30666,Letter home/ private address,Name,extreme_length_ratio,28,4,0.14285714285714285
30667,Letter business/ work address,Name,extreme_length_ratio,29,4,0.13793103448275862
30676,LDAP Server Settings,Name=Các liên kết Comment,noise_ui_fragment,20,25,1.25
30679,An Akonadi serializer plugin for KAlarm events,Name,extreme_length_ratio,46,4,0.08695652173913043
30685,Loads data from a KAlarm calendar file,Thư mục,extreme_length_ratio,38,7,0.18421052631578946
30693,Provides access to an alarm calendar stored in a single local file,Name,extreme_length_ratio,66,4,0.06060606060606061
30695,"Provides access to an alarm calendar stored in a local directory, in which each calendar item is stored in a separate file",Name,extreme_length_ratio,122,4,0.03278688524590164
30697,Provides access to an alarm calendar in a remote file using KDE's network framework KIO,Name,extreme_length_ratio,87,4,0.04597701149425287
30711,Configuration of S/ MIME certificate validation options,Name,extreme_length_ratio,55,4,0.07272727272727272
30713,Kleopatra Decrypt/ Verify All Files In Folder,Name,extreme_length_ratio,45,4,0.08888888888888889
30714,Decrypt/ Verify All Files In Folder,Name,extreme_length_ratio,35,4,0.11428571428571428
30716,Certificate Manager and Unified Crypto GUI,Name,extreme_length_ratio,42,4,0.09523809523809523
30717,Kleopatra Sign/ Encrypt Files,Name,extreme_length_ratio,29,4,0.13793103448275862
30722,Kleopatra Sign/ Encrypt Folders,Name,extreme_length_ratio,31,4,0.12903225806451613
30723,"Archive, Sign & Encrypt Folder",Name,extreme_length_ratio,30,4,0.13333333333333333
30724,Archive & Encrypt Folder,Name,extreme_length_ratio,24,4,0.16666666666666666
30726,A bodypart formatter plugin for application/ octet-stream,Comment,extreme_length_ratio,57,7,0.12280701754385964
30732,Message Composer Settings,Name=Công cụ thiết lập phương thức VideoName,noise_ui_fragment,25,44,1.76
30735,Settings that do n't fit elsewhere,Thiết lập được ưa thích dành cho người dùng Name,noise_ui_fragment,34,48,1.411764705882353
30737,Security & Privacy Settings,Thiết lập màu GenericName,noise_ui_fragment,27,25,0.9259259259259259
30740,There was an error while checking for new mail,Name,extreme_length_ratio,46,4,0.08695652173913043
30751,Protect your privacy by signing and verifying postings,Name,extreme_length_ratio,54,4,0.07407407407407407
30756,Setup actions for notes,Name,extreme_length_ratio,23,4,0.17391304347826086
30760,Network Settings,Name=Các liên kết Name,noise_ui_fragment,16,22,1.375
30762,Style Settings,Name=Các liên kết GenericName,noise_ui_fragment,14,29,2.0714285714285716
30847,"For each day this plugin shows its daynumber of the year at the top of the agenda view. For example, February 1 is day 32 of the year.",Name,extreme_length_ratio,134,4,0.029850746268656716
30849,Shows all dates in KOrganizer also in the Jewish calendar system.,Name,extreme_length_ratio,65,4,0.06153846153846154
30851,This plugin provides the Wikipedia Picture of the Day,Name,extreme_length_ratio,53,4,0.07547169811320754
30853,This plugin allows you to print out journal entries (diary entries).,Name,extreme_length_ratio,68,4,0.058823529411764705
30855,This plugin allows you to print out events and to-dos in list form.,Name,extreme_length_ratio,67,4,0.05970149253731343
30856,What's Next Print Style,Câu hỏi 'Whatis' Comment,noise_ui_fragment,23,24,1.0434782608695652
30857,This plugin allows you to print out a list of all upcoming events and to-dos.,Name,extreme_length_ratio,77,4,0.05194805194805195
30859,This plugin allows you to print out a yearly calendar.,Name,extreme_length_ratio,54,4,0.07407407407407407
30860,Wikipedia'This Day in History 'Plugin,Comment,extreme_length_ratio,37,7,0.1891891891891892
30861,This plugin provides links to Wikipedia's'This Day in History 'pages,Name,extreme_length_ratio,68,4,0.058823529411764705
30863,Provides access to birthday dates of contacts in the KDE address book as calendar events,Name,extreme_length_ratio,88,4,0.045454545454545456
30865,Allows to post calendar journal entries as blog entries,Name,extreme_length_ratio,55,4,0.07272727272727272
30866,GroupDAV Server (e. g. OpenGroupware),Comment,extreme_length_ratio,37,7,0.1891891891891892
30867,"Provides access to contacts stored in address books on GroupDAV enabled servers, e. g. OpenGroupware",Name,extreme_length_ratio,100,4,0.04
30869,Provides access to contacts stored on a Groupware server.,Name,extreme_length_ratio,57,4,0.07017543859649122
30872,Provides access to contacts stored on a Kolab server using IMAP via KMail or Kontact,Name,extreme_length_ratio,84,4,0.047619047619047616
30874,Provides access to a calendar stored on a Kolab server using IMAP via KMail or Kontact,Name,extreme_length_ratio,86,4,0.046511627906976744
30877,Provides access to a calendar in a remote file using KDE's network framework KIO,Name,extreme_length_ratio,80,4,0.05
30879,Provides access to contacts stored on an Open-Xchange server,Name,extreme_length_ratio,60,4,0.06666666666666667
30881,Behavior,Name=Thái đềEcủa cửa sềEbehavior) Comment,extreme_length_ratio,8,41,5.125
30889,TAR (PGP®-compatible),Name,extreme_length_ratio,21,4,0.19047619047619047
30891,TAR (with bzip2 compression),Name,extreme_length_ratio,28,4,0.14285714285714285
30897,Keys for Qualified Signatures,Name,extreme_length_ratio,29,4,0.13793103448275862
30901,Extension to push emails into Nepomuk,Name,extreme_length_ratio,37,4,0.10810810810810811
30908,"Extension to push events, journals and todos into Nepomuk",Name,extreme_length_ratio,57,4,0.07017543859649122
30910,Extension to push contacts into Nepomuk,Name,extreme_length_ratio,39,4,0.10256410256410256
30912,Configuration of the Akonadi Personal Information Management framework,Name,extreme_length_ratio,70,4,0.05714285714285714
30916,Provides access to contacts stored in Akonadi address book folders,Name,extreme_length_ratio,66,4,0.06060606060606061
30918,Provides access to calendars stored in Akonadi calendar folders,Name,extreme_length_ratio,63,4,0.06349206349206349
30920,Tool to migrate the old kresource based address book to Akonadi.,Name,extreme_length_ratio,64,4,0.0625
30922,An Akonadi serializer plugin for addressee objects,Name,extreme_length_ratio,50,4,0.08
30924,An Akonadi serializer plugin for bookmark objects,Name,extreme_length_ratio,49,4,0.08163265306122448
30926,An Akonadi serializer plugin for contact group objects,Name,extreme_length_ratio,54,4,0.07407407407407407
30928,"An Akonadi serializer plugin for events, tasks and journal entries",Name,extreme_length_ratio,66,4,0.06060606060606061
30930,An Akonadi serializer plugin for mail objects,Name,extreme_length_ratio,45,4,0.08888888888888889
30932,An Akonadi serializer plugin for Microblog,Name,extreme_length_ratio,42,4,0.09523809523809523
30934,Provides access to birthday and anniversary dates of contacts in your address book as calendar events,Name,extreme_length_ratio,101,4,0.039603960396039604
30936,The address book with personal contacts,Name,extreme_length_ratio,39,4,0.10256410256410256
30939,Loads data from a notes file,Name,extreme_length_ratio,28,4,0.14285714285714285
30941,Connects to an IMAP e-mail server.,Name,extreme_length_ratio,34,4,0.11764705882352941
30945,Loads data from a traditional KDE calendar resource,Name,extreme_length_ratio,51,4,0.0784313725490196
30947,An agent for debugging purpose,Name,extreme_length_ratio,30,4,0.13333333333333333
30949,Provides access to Kolab groupware folders on an IMAP server (IMAP accounts need to be set up separately).,Name,extreme_length_ratio,106,4,0.03773584905660377
30951,Loads data from a local bookmarks file,Name,extreme_length_ratio,38,4,0.10526315789473684
30953,Loads data from a local maildir folder,Name,extreme_length_ratio,38,4,0.10526315789473684
30955,Dummy Resource implementing mail transport interface,Name,extreme_length_ratio,52,4,0.07692307692307693
30959,Shows your microblog data from Twitter or Identi. ca.,Name,extreme_length_ratio,53,4,0.07547169811320754
30961,Virtual folders for selecting messages which have Nepomuk Tags.,Name,extreme_length_ratio,63,4,0.06349206349206349
30963,Makes it possible to read articles from a news server,Name,extreme_length_ratio,53,4,0.07547169811320754
30965,Makes it possible to work with an OpenChange / Exchange server,Name,extreme_length_ratio,62,4,0.06451612903225806
30968,Loads data from a directory with VCards,Name,extreme_length_ratio,39,4,0.10256410256410256
30970,Loads data from a VCard file,Name,extreme_length_ratio,28,4,0.14285714285714285
30989,This conduit backs up NotePad drawings to a local folder.,GốcComment,extreme_length_ratio,57,10,0.17543859649122806
30990,NULL,Ô' ng dẫn này đồng bộ hoá Pilot với KOrganizer datebook. Name,extreme_length_ratio,4,61,15.25
31000,This conduit syncs the handheld keyring database with a database stored on the pc.,KPilotDaemonName,extreme_length_ratio,82,16,0.1951219512195122
31013,"This plugin provides a timespan view for korganizer (like the to-do or month views). If you enable this plugin, you can switch to the timespan view and view your events like in a Gantt diagram.",SềEđịa chềEComment,extreme_length_ratio,193,18,0.09326424870466321
31040,SMS,Plugin cho Rename DialogName,extreme_length_ratio,3,28,9.333333333333334
31042,Yahoo,Plugin cho Rename DialogComment,extreme_length_ratio,5,31,6.2
31043,KAB Distribution List Next Generation Plugin,SềEđịa chềEcủa KDE Comment,noise_ui_fragment,44,26,0.5909090909090909
31049,KAddressBook Import/ Export Plugin,A4Name,extreme_length_ratio,34,6,0.17647058823529413
31072,KAB Opera XXPort Plugin,Thử,extreme_length_ratio,23,3,0.13043478260869565
31081,Default,Hồ sơ chuẩn cho phép xem trước HTML - I' t bảo mật hơn! Name,extreme_length_ratio,7,60,8.571428571428571
31083,High Contrast,"Hầu hết các chức năng tắt, Thiết lập toàn cục của KDE được dùng Name",extreme_length_ratio,13,68,5.230769230769231
31085,HTML,Đặt mọi tuỳ chọn cần thiết để có bảo mật tối đa Name,extreme_length_ratio,4,52,13.0
31086,"Most features turned off, KDE global settings are used",Thử Name,extreme_length_ratio; noise_ui_fragment,54,8,0.14814814814814814
31120,Components,Ô' ng dẫn này đồng bộ hoá Pilot với KOrganizer datebook. Comment,extreme_length_ratio,10,64,6.4
31125,karmPart,Ô' ng dẫn này đồng bộ hoá Pilot với KOrganizer datebook. Name,extreme_length_ratio,8,61,7.625
31130,KArm,Alarm/ reminder message scheduler: bắt đầu vào tray icon hệ thốngName,extreme_length_ratio,4,69,17.25
31131,"kaddressbook, configure, settings",kab3Part,noise_ui_fragment,33,8,0.24242424242424243
31132,"kaddressbook, configure, settings, LDAP",KompareComment,noise_ui_fragment,39,14,0.358974358974359
31140,"email, summary, configure, settings",Cấu hình Bind Keywords,noise_ui_fragment,35,22,0.6285714285714286
31141,"calendar, events, configure, settings",Cấu hình Bind Keywords,noise_ui_fragment,37,22,0.5945945945945946
31142,"calendar, todos, configure, settings",Cấu hình Bind Keywords,noise_ui_fragment,36,22,0.6111111111111112
31143,"news ticker, configure, settings",Chính tả Keywords,noise_ui_fragment,32,17,0.53125
31144,"birthday, anniversary, holiday, configure, settings","date, time, time zoneKeywords",noise_ui_fragment,51,29,0.5686274509803921
31152,"korganizer, configure, settings, custom fields",Cấu hình Bind Keywords,noise_ui_fragment,46,22,0.4782608695652174
31163,Personal,"print, printer, printing management, in, máy in, quản lí Keywords",extreme_length_ratio,8,65,8.125
31187,News,Trình quản lí cửa sềEcủa KDE Comment,extreme_length_ratio,4,36,9.0
31194,This conduit syncs the Memo Pad application with KNotes.,KNotesName,extreme_length_ratio,56,10,0.17857142857142858
31229,Phone Numbers,"Số điện thoại ở nhà@ title: column, the preferred email addresses of a person",extreme_length_ratio,13,77,5.923076923076923
31231,All EMails,EmailName of toplevel contact collection,language_suspect,10,40,4.0
31262,Delete Address Book Folder,Duyệt sổ địa chỉ,noise_ui_fragment,26,16,0.6153846153846154
31263,Delete the selected address book folders from the address book.,Không cất được sổ địa chỉ,noise_ui_fragment,63,25,0.3968253968253968
31265,Delete the selected contacts from the address book.,Không cất được sổ địa chỉ,noise_ui_fragment,51,25,0.49019607843137253
31272,Do you really want to delete address book '%1 '?,Danh sách & phân phốị..,noise_ui_fragment,48,23,0.4791666666666667
31273,Delete Address Book?,KAđressBook,noise_ui_fragment,20,11,0.55
31277,& Delete Address Book,KAđressBook,noise_ui_fragment,21,11,0.5238095238095238
31282,EMail (preferred),Phố,extreme_length_ratio,17,3,0.17647058823529413
31289,& Settings,Contact pinning,noise_ui_fragment,10,15,1.5
31290,Main Toolbar,NAME OF TRANSLATORS,language_suspect; exact_duplicate,12,19,1.5833333333333333
31291,Your names,Nguyen Hung VuEMAIL OF TRANSLATORS,language_suspect; exact_duplicate,10,34,3.4
31292,Your emails,vuhung@ fedu. uec. ac. jp,exact_duplicate,11,25,2.272727272727273
31303,(c) 2007-2009 The KDE PIM Team,"(c) 1997- 2002, The KDE PIM Team",language_suspect,30,32,1.0666666666666667
31317,Preferred Address,Phố,extreme_length_ratio,17,3,0.17647058823529413
31320,Do you really want to delete template '%1 '?,Danh sách & phân phốị.. @ title: window,noise_ui_fragment,44,39,0.8863636363636364
31327,Delimiter,Các trường đã chọn@ option: radio Field separator,extreme_length_ratio,9,49,5.444444444444445
31328,Comma,Công ti@ option: radio Field separator,extreme_length_ratio,5,38,7.6
31333,"""",@ item: inlistbox Quote character option,extreme_length_ratio,1,40,40.0
31334,',@ item: inlistbox Quote character option,extreme_length_ratio,1,40,40.0
31335,None,Phone@ label: textbox Title of the contact,language_suspect; extreme_length_ratio,4,42,10.5
31337,y: year with 2 digits Y: year with 4 digits m: month with 1 or 2 digits M: month with 2 digits d: day with 1 or 2 digits D: day with 2 digits H: hours with 2 digits I: minutes with 2 digits S: seconds with 2 digits,@ label: listbox,extreme_length_ratio,214,16,0.07476635514018691
31341,Save Template...,& Xuất ra danh sách@ item: inlistbox Codec setting,noise_ui_fragment,16,50,3.125
31343,Latin1,Latvia@ item: inlistbox Codec setting,extreme_length_ratio,6,37,6.166666666666667
31359,Email,Email@ label Displays an image,extreme_length_ratio,5,30,6.0
31364,Pager,Pager,identical_pair,5,5,1.0
31367,Country,Nước,exact_duplicate,7,4,0.5714285714285714
31376,Name,Tên,exact_duplicate,4,3,0.75
31377,Stop,@ action: button Start searching,extreme_length_ratio,4,32,8.0
31385,Configure the Address Book LDAP Settings,Nhập vào tự sổ danh sách của kde2,noise_ui_fragment,40,33,0.825
31389,"When trying to read the vCard, there was an error opening the file %1: %2",@ info,extreme_length_ratio,73,6,0.0821917808219178
31402,Next,Telex,noise_ui_fragment,4,5,1.25
31411,Font Settings,Contact pinning,noise_ui_fragment,13,15,1.1538461538461537
31413,Details font:,Cỡ,extreme_length_ratio,13,2,0.15384615384615385
31421,Printed on %1 by KAddressBook (http: / /www. kde. org),& Xuất ra danh sách,noise_url,54,19,0.35185185185185186
31422,Category & members,Tên,extreme_length_ratio,18,3,0.16666666666666666
31428,Save...,Địa & chỉ,noise_ui_fragment,7,9,1.2857142857142858
31429,Remove,& Xuất ra danh sáchstreet/ postal,extreme_length_ratio,6,33,5.5
31432,This is the preferred phone number,Email@ label: textbox Inputfield for an email address,language_suspect,34,53,1.5588235294117647
31443,& Delete,Danh sách & phân phốị.. street/ postal,noise_ui_fragment,8,38,4.75
31445,Save photo...,& Xuất ra danh sáchstreet/ postal,noise_ui_fragment,13,33,2.5384615384615383
31448,Save logo...,Phố,noise_ui_fragment,12,3,0.25
31451,Delete,Số ID trong tổ chức,noise_ui_fragment,6,19,3.1666666666666665
31452,Do you really want to delete this address?,Số ID khách hàng,noise_ui_fragment,42,16,0.38095238095238093
31479,Dates,Khởi động trong mode 'editor onlý,extreme_length_ratio,5,33,6.6
31480,Family,Khởi động trong mode 'editor onlý,extreme_length_ratio,6,33,5.5
31484,New Contact Group,Tất cả cá c trường liên hệ < organizationLabel >:,noise_markup_or_html_entity,17,49,2.8823529411764706
31487,Shows contact editor with given email address,Cô,extreme_length_ratio,45,2,0.044444444444444446
31496,%1:,Danh sách & phân phốị.. @ label: textbox Name of the distribution list,extreme_length_ratio,3,70,23.333333333333332
31498,Misc,Danh sách & phân phốị..,extreme_length_ratio,4,23,5.75
31504,Type:,& Xuất ra danh sách@ item: inlistbox Latitude direction,extreme_length_ratio,5,55,11.0
31506,Boolean,South Korea@ item: inlistbox Longtitude direction,extreme_length_ratio,7,49,7.0
31517,& Remove,Danh sá ch các tác giả và người bảo dưỡng,extreme_length_ratio,8,41,5.125
31541,No LDAP IO Slave Available,Kenya,extreme_length_ratio,26,5,0.19230769230769232
31548,Start a chat with the selected contact.,Dr.,extreme_length_ratio,39,3,0.07692307692307693
31550,& Merge Contacts,Mr.,extreme_length_ratio,16,3,0.1875
31551,& Delete Contact,Mrs.,noise_ui_fragment,16,4,0.25
31552,Delete all selected contacts.,Ms.,extreme_length_ratio; noise_ui_fragment,29,3,0.10344827586206896
31554,Show Jump Bar,I,extreme_length_ratio,13,1,0.07692307692307693
31555,Hide Jump Bar,II,extreme_length_ratio,13,2,0.15384615384615385
31556,Set as Personal Contact Data,III,extreme_length_ratio,28,3,0.10714285714285714
31557,Select Categories...,Jr.,extreme_length_ratio,20,3,0.15
31558,Distribution List: %1,Sr.,extreme_length_ratio,21,3,0.14285714285714285
31565,Parse name automatically,Togo@ label: textbox Name of the contact,language_suspect,24,40,1.6666666666666667
31566,Mr.,Chọn trường để hiện thị,extreme_length_ratio,3,23,7.666666666666667
31570,I,SửaKAddressbook default view name,extreme_length_ratio,1,33,33.0
31571,II,Các trường đã chọn,extreme_length_ratio,2,18,9.0
31572,III,Danh sách & nhập vào,extreme_length_ratio,3,20,6.666666666666667
31573,Jr.,File sẽ xuất raCategory to filter on,extreme_length_ratio,3,36,12.0
31579,& View,Danh sách & phân phốị.. @ title: group Selection of contacts that must be exported,extreme_length_ratio,6,82,13.666666666666666
31581,& Tools,Không cất được sổ địa chỉ@ item Contact category,extreme_length_ratio,7,48,6.857142857142857
31583,Select Fields to Display,Phố,extreme_length_ratio,24,3,0.125
31584,& Selected fields:,Phố,extreme_length_ratio,18,3,0.16666666666666666
31592,Are you sure that you want to delete the view %1?,Danh sách & phân phốị..,noise_ui_fragment,49,23,0.46938775510204084
31593,Confirm Delete,Danh sách & phân phốị..,noise_ui_fragment,14,23,1.6428571428571428
31596,Select View,Chọn ngày sinh@ title: group General layout settings,noise_ui_fragment,11,52,4.7272727272727275
31598,Delete View,Phân cách,noise_ui_fragment,11,9,0.8181818181818182
31601,No import plugin available for %1.,Laos,extreme_length_ratio,34,4,0.11764705882352941
31606,Crypto Settings,& cụ thể:,noise_ui_fragment,15,9,0.6
31610,Distribution List Editor,Tab,extreme_length_ratio,24,3,0.125
31620,"Header, Border & Separator Color",II,extreme_length_ratio,32,2,0.0625
31624,Cards,Nhập vào tự sổ danh sách của kde2,extreme_length_ratio,5,33,6.6
31628,Colors,Nhập vào tự sổ danh sách của kde2,extreme_length_ratio,6,33,5.5
31639,%1: %2,Antigua and Barbuda,language_suspect,6,19,3.1666666666666665
31657,& Stop Delete,Bolivia,noise_ui_fragment,13,7,0.5384615384615384
31660,Could not find a KDE 2 address book %1.,Brazil,extreme_length_ratio,39,6,0.15384615384615385
31661,Override previously imported entries?,Brunei,extreme_length_ratio,37,6,0.16216216216216217
31665,MS Exchange Personal Address Book Files (*. pab),Campuchia,extreme_length_ratio,48,9,0.1875
31666,Could not find a MS Exchange Personal Address Book %1.,Cameroon,extreme_length_ratio,54,8,0.14814814814814814
31746,Guatemala,#: entryeditorwidget. cpp: 551the --- the,language_suspect,9,41,4.555555555555555
31757,Iraq,"Micronesia, Federated States Of",language_suspect; extreme_length_ratio,4,31,7.75
31796,Mongolia,St. Kitts and Nevis,language_suspect,8,19,2.375
31798,Morocco,St. Vincent and the Grenadines,language_suspect,7,30,4.285714285714286
31800,Myanmar,Sao Tome and Principe,language_suspect,7,21,3.0
31828,Qatar,Trinidad and Tobago,language_suspect,5,19,3.8
31832,St. Kitts and Nevis,Turks and Caicos Islands,language_suspect,19,24,1.263157894736842
31852,Syria,địa chỉ@ action: intoolbar Create ne contact,extreme_length_ratio,5,44,8.8
31860,Tunisia,Hiển thị trình sửa contact với email đã chỉ định,extreme_length_ratio,7,48,6.857142857142857
31868,Create Folder,Tạo thư mục,exact_duplicate,13,11,0.8461538461538461
31884,Unable to close mailbox.,Không thể khoá thùng thư.,noise_ui_fragment,24,25,1.0416666666666667
31900,site:,nơi:,exact_duplicate,5,4,0.8
31930,An error occurred during authentication: %1,Gặp lỗi trong khi xác thực:% 1,exact_duplicate,43,30,0.6976744186046512
31933,Could not login to %1.,Không thể đăng nhập vào% 1.,exact_duplicate,22,27,1.2272727272727273
31938,Your POP3 server claims to support TLS but negotiation was unsuccessful. You can disable TLS in KDE using the crypto settings module.,Máy phục vụ POP3 của bạn đòi hỏi hỗ trợ TLS nhưng đàm phán không thành công. Bạn có thể tắt bỏ TLS trong KDE bằng môđun thiết lập mã hoá.,noise_ui_fragment,133,137,1.0300751879699248
31943,PASS,PASS,identical_pair,4,4,1.0
31947,"Your SMTP server claims to support TLS, but negotiation was unsuccessful. You can disable TLS in KDE using the crypto settings module.","Máy phục vụ SMTP của bạn đòi hỏi hỗ trợ TLS, nhưng sự dàn xếp không thành công. Bạn có thể tắt bỏ TLS trong KDE bằng môđun thiết lập bí mật.",noise_ui_fragment,134,140,1.044776119402985
31949,An error occurred during authentication: %1,Gặp lỗi trong khi xác thực:% 1,exact_duplicate,43,30,0.6976744186046512
31979,A D-Bus service that provides an interface to cvs,Name,extreme_length_ratio,49,4,0.08163265306122448
31981,KDE Template Generator,Name,extreme_length_ratio,22,4,0.18181818181818182
31984,%{APPNAME} Serializer,Name=${ APP_ NAME} Comment,noise_placeholder,21,26,1.2380952380952381
31985,An Akonadi serializer plugin for %{APPNAMELC},Name,extreme_length_ratio; noise_placeholder,45,4,0.08888888888888889
31987,%{APPNAME} Shape,Name=${ APP_ NAME},noise_placeholder,16,18,1.125
31988,%{APPNAME} Flake Shape,Name=${ APP_ NAME} Name,noise_placeholder,22,23,1.0454545454545454
31991,%{APPNAME},Name=${ APP_ NAME} Name,noise_placeholder,10,23,2.3
31994,%{APPNAME} plugin,Name=${ APP_ NAME},noise_placeholder,17,18,1.0588235294117647
31997,%{APPNAME}Part,Name=${ APP_ NAME} Part,noise_placeholder,14,23,1.6428571428571428
31999,Plasma %{APPNAME},Name=${ APP_ NAME} Name,noise_placeholder,17,23,1.3529411764705883
32002,%{APPNAME} runner,Name=${ APP_ NAME} Name,noise_placeholder,17,23,1.3529411764705883
32015,Backtrace navigation tool view,Name,extreme_length_ratio,30,4,0.13333333333333333
32018,File system browser tool view,Name,extreme_length_ratio,29,4,0.13793103448275862
32022,Toolview allowing to search in all open files or files in the filesystem,Name,extreme_length_ratio,72,4,0.05555555555555555
32030,Compile or Make and parse error messages,Name,extreme_length_ratio,40,4,0.1
32032,Look up definitions/ declarations with CTags,Name,extreme_length_ratio,44,4,0.09090909090909091
32033,Kate Javascript Console Window,Name,extreme_length_ratio,30,4,0.13333333333333333
32034,Select Smallest Enclosing Block,Name,extreme_length_ratio,31,4,0.12903225806451613
32036,Test for the KJS Wrapper,Name,extreme_length_ratio,24,4,0.16666666666666666
32038,Toolview embedding a terminal widget,Name,extreme_length_ratio,36,4,0.1111111111111111
32043,Adds a menu entry for speaking the text,Name,extreme_length_ratio,39,4,0.10256410256410256
32049,Quickly switch to another already opened document,Name,extreme_length_ratio,49,4,0.08163265306122448
32052,Kate Snippets TNG datafile editor,Name,extreme_length_ratio,33,4,0.12121212121212122
32054,Snippets plugin with code completion support,Name,extreme_length_ratio,44,4,0.09090909090909091
32056,Extract and show reference symbols from source,Name,extreme_length_ratio,46,4,0.08695652173913043
32058,Adds a tab bar to Kate's main window,Name,extreme_length_ratio,36,4,0.1111111111111111
32070,Visualization of Performance Profiling Data,Name,extreme_length_ratio,43,4,0.09302325581395349
32078,Delete From Repository,Thư mục homeName,noise_ui_fragment,22,16,0.7272727272727273
32080,Remove any changes made locally. Warning - this cannot be undone.,Name,extreme_length_ratio,65,4,0.06153846153846154
32082,Rename a file locally and in the repository. Use this rather than adding and deleting to rename a file.,Name,extreme_length_ratio,103,4,0.038834951456310676
32084,Put folder into an existing repository to put it under revision control.,Name,extreme_length_ratio,72,4,0.05555555555555555
32086,Checkout out files from an existing repository into this folder.,Name,extreme_length_ratio,64,4,0.0625
32088,Switch given working copy to another branch,Name,extreme_length_ratio,43,4,0.09302325581395349
32092,See who wrote each line of the file and in what revision,Name,extreme_length_ratio,56,4,0.07142857142857142
32095,Checkout out an unversioned copy of a tree from a repository,Name,extreme_length_ratio,60,4,0.06666666666666667
32097,Show local changes since last update,Name,extreme_length_ratio,36,4,0.1111111111111111
32109,Computer-Aided Translation System,Name,extreme_length_ratio,33,4,0.12121212121212122
32111,Development style for searching accelerator and style guide conflicts,Name,extreme_length_ratio,69,4,0.057971014492753624
32123,Your names,Phan Vĩnh ThịnhEMAIL OF TRANSLATORS,exact_duplicate,10,35,3.5
32128,Anders Lund < anders\@alweb\.dk >,@ item: inmenu,noise_markup_or_html_entity,33,14,0.42424242424242425
32137,This creates a suitable beginning of a docbook chapter for a Kate plugin.,@ item: inmenu,extreme_length_ratio,73,14,0.1917808219178082
32141,This template will create the basics of a kate highlight definition file.,@ info: credit,extreme_length_ratio,73,14,0.1917808219178082
32142,& File,Tập tin:,exact_duplicate,6,8,1.3333333333333333
32143,& Edit,& Soạn...,exact_duplicate,6,9,1.5
32147,Sessions,Phiên chạy,exact_duplicate,8,10,1.25
32148,& Settings,Đang khởi động,noise_ui_fragment,10,14,1.4
32150,"Kate comes with a nice set of plugins, providing simple and advanced features of all sorts. You can enable/ disable plugins to suit your needs in the configuration dialog, choose Settings -gt; configure to launch that.","Kate có một bộ các bổ sung rất tốt, cung cấp mọi dạng tính năng soạn thảo đơn giản và nâng cao. Bạn có thể dùng/ không dùng các bổ sung cho phù hợp với yêu cầu. Trong hộp thoại cấu hình nhấn Thiết lập - gt; cấu hình để chọn.",noise_ui_fragment,218,224,1.0275229357798166
32159,"You can download new or updated Syntax highlight definitions from the Highlighting page in the configuration dialog. Just click the Download... button on the Open/ Save -gt; Modes & Filetypes tab (You have to be online, of course...).",Bạn có thể tải mới hoặc cập nhật Các chiếu sáng cú pháp từ trang Chiếu sáng trong hộp thoại cấu hình. Chỉ cần nhấn nút Tải xuống... trên thẻ Chế độ chiếu sáng (Tất nhiên bạn cần kết nối Internet...).,noise_ui_fragment,234,199,0.8504273504273504
32160,You can cycle through all open documents by pressing Alt+Left or Alt+Right. The next/ previous document will immediately be displayed in the active frame.,Bạn có thể chuyển vòng quanh tất cả các tài liệu đang mở bằng Alt+Mũi tên trái hoặc Alt+Mũi tên phải. Tài liệu tiếp theo/ trước sẽ hiển thị ngay lập tức trong khung hiện thời.,noise_ui_fragment,154,175,1.1363636363636365
32163,"You can filter the files displayed in the File Selector tool view. Simply enter your filter in the filter entry at the bottom, for example: *. html *. php if you only want to see HTML and PHP files in the current folder. The File Selector will even remember your filters for you .< strong >","Có thể lọc những tập tin muốn hiển thị trong ô xem công cụ Trình chọn tập tin. Đơn giản là nhập bộ lọc vào ô nhập ở dưới cùng, ví dụ: *. html *. php nếu chỉ muốn xem các tập tin HTML và PHP trong thư mục hiện thời. Trình chọn tập tin thậm chí sẽ nhớ các bộ lọc này. < strong >",noise_markup_or_html_entity,290,276,0.9517241379310345
32165,Press F8 or Shift+F8 to switch to the next/ previous frame.,Nhấn F8 hoặc Shift+F8 để chuyển tới khung tiếp theo/ trước.,noise_ui_fragment,59,59,1.0
32166,Line: %1 Col: %2,Dòng:% 1 Cột:% 2,exact_duplicate,16,16,1.0
32167,INS,CHÈN,exact_duplicate,3,4,1.3333333333333333
32168,LINE,CHÈN,exact_duplicate,4,4,1.0
32178,Save All,Lưu & tất cả,noise_ui_fragment,8,12,1.5
32179,"Save all open, modified documents to disk.",Lưu mọi tài liệu mở và đã sửa lên đĩa.,noise_ui_fragment,42,38,0.9047619047619048
32181,Close Orphaned,Đóng thẻ hiện thời,noise_ui_fragment,14,18,1.2857142857142858
32182,Close the current document.,Đóng tài liệu hiện thời.,noise_ui_fragment,27,24,0.8888888888888888
32183,Close Other,Đóng thẻ hiện thời,noise_ui_fragment,11,18,1.6363636363636365
32184,Close other open documents.,Đóng mọi tài liệu đang mở.,noise_ui_fragment,27,26,0.9629629629629629
32185,Close All,Đóng tất cả,noise_ui_fragment,9,11,1.2222222222222223
32186,Close all open documents.,Đóng mọi tài liệu đang mở.,noise_ui_fragment,25,26,1.04
32187,Close this window,Đóng cửa sổ này,noise_ui_fragment,17,15,0.8823529411764706
32199,& New,& Mới,exact_duplicate,5,5,1.0
32201,& Save,& Lưu:,noise_ui_fragment,6,6,1.0
32202,Save & As...,& Lưu như...,noise_ui_fragment,12,12,1.0
32203,Save as & Default...,& Lưu như...,noise_ui_fragment,20,12,0.6
32206,"New file opened while trying to close Kate, closing aborted.","Mở tập tin mới khi đóng Kate, không đóng.",noise_ui_fragment,60,41,0.6833333333333333
32208,& Other...,& Khác...,exact_duplicate,10,9,0.9
32217,Filename,Tên tập tin,exact_duplicate,8,11,1.375
32224,Could not save the document '%1 ',Không ghi được tài liệu hiện thời. '% 1',noise_ui_fragment,33,40,1.2121212121212122
32229,Application,Ứng dụng,exact_duplicate,11,8,0.7272727272727273
32231,General,Chung,exact_duplicate,7,5,0.7142857142857143
32239,& Delete unused meta-information after:,& Xóa những siêu thông tin không dùng sau:,noise_ui_fragment,39,42,1.0769230769230769
32241,Sessions,Phiên chạy,exact_duplicate,8,10,1.25
32251,Document List Settings,Thiết lập danh sách tài liệu,noise_ui_fragment,22,28,1.2727272727272727
32252,Plugins,Bổ sung,exact_duplicate,7,7,1.0
32256,Kate,Kate,identical_pair,4,4,1.0
32259,Maintainer,Nhà duy trì,exact_duplicate,10,11,1.1
32291,Delete File?,Xóa,noise_ui_fragment,12,3,0.25
32292,"The document '%1 'has been modified, but not saved. Do you want to save your changes or discard them?",Tài liệu '% 1' đã có thay đổi nhưng chưa được lưu. Bạn muốn lưu những thay đổi đó hay bỏ chúng đi?,noise_ui_fragment,101,98,0.9702970297029703
32293,Close Document,Đóng tài liệu,exact_duplicate; noise_ui_fragment,14,13,0.9285714285714286
32294,Save As,& Lưu như...,noise_ui_fragment,7,12,1.7142857142857142
32303,"To save a session, you must specify a name.","Để lưu một phiên chạy, cần chỉ ra một tên.",noise_ui_fragment,43,42,0.9767441860465116
32311,& Open,& Mở,exact_duplicate,6,4,0.6666666666666666
32316,Close,Đóng tất cả,noise_ui_fragment,5,11,2.2
32320,URL,URL,identical_pair; exact_duplicate,3,3,1.0
32332,Close Current View,Đóng ô & xem hiện thời,noise_ui_fragment,18,22,1.2222222222222223
32333,Close the currently active splitted view,Đóng ô xem đã được chia hiện thời,noise_ui_fragment,40,33,0.825
32334,Next Split View,Ô xem tiếp theo,noise_ui_fragment,15,15,1.0
32335,Make the next split view the active one.,Chọn ô xem đã chia tiếp theo,noise_ui_fragment,40,28,0.7
32338,Open File,Mở tập tin,exact_duplicate,9,10,1.1111111111111112
32341,Show %1,Hiện% 1,exact_duplicate,7,7,1.0
32351,Name,Tên,exact_duplicate,4,3,0.75
32352,Comment,Chú thích,exact_duplicate,7,9,1.2857142857142858
32353,"Here you can see all available Kate plugins. Those with a check mark are loaded, and will be loaded again the next time Kate is started.","Ở đây bạn có thể thấy các bổ sung của Kate. Những bổ sung có đánh dấu là được nạp, và sẽ được nạp khi Kate khởi động lần sau.",noise_ui_fragment,136,125,0.9191176470588235
32354,Save As (%1),Lưu như (% 1),noise_ui_fragment,12,13,1.0833333333333333
32355,Save Documents,Lưu tài liệu,noise_ui_fragment,14,12,0.8571428571428571
32356,& Save Selected,& Lưu đã chọn,noise_ui_fragment,15,13,0.8666666666666667
32357,Do & Not Close,Không lưu,noise_ui_fragment,14,9,0.6428571428571429
32358,The following documents have been modified. Do you want to save them before closing?,Những tài liệu sau đã có thay đổi. Bạn có muốn ghi chúng trước khi đóng?,noise_ui_fragment,84,72,0.8571428571428571
32359,Title,Tựa,exact_duplicate,5,3,0.6
32368,& Do not save session,& Không lưu phiên chạy,noise_ui_fragment,21,22,1.0476190476190477
32369,& Save session,& Lưu phiên chạy,noise_ui_fragment,14,16,1.1428571428571428
32372,Save Session?,Lưu phiên chạy?,noise_ui_fragment,13,15,1.1538461538461537
32373,Save current session?,Lưu phiên chạy hiện thời?,noise_ui_fragment,21,25,1.1904761904761905
32376,& Window,& Cửa sổ,exact_duplicate,8,8,1.0
32378,File Selector Settings,Thiết lập trình chọn tập tin,noise_ui_fragment,22,28,1.2727272727272727
32394,Hide %1,Ẩn% 1,exact_duplicate,7,5,0.7142857142857143
32396,Folder:,Thư mục:,exact_duplicate,7,8,1.1428571428571428
32397,Case sensitive,Phân biệt chữ hoa/ thường,exact_duplicate,14,25,1.7857142857142858
32398,Recursive,Đệ quy,exact_duplicate,9,6,0.6666666666666666
32399,Files:,Tập tin:,exact_duplicate,6,8,1.3333333333333333
32402,Terminal,Thiết bị cuối,exact_duplicate,8,13,1.625
32407,"Enter the expression you want to search for here. If'regular expression 'is unchecked, any non-space letters in your expression will be escaped with a backslash character. Possible meta characters are:. - Matches any character^ - Matches the beginning of a line$ - Matches the end of a line\\lt; - Matches the beginning of a word\\gt; - Matches the end of a wordThe following repetition operators exist:? - The preceding item is matched at most once* - The preceding item is matched zero or more times+ - The preceding item is matched one or more times{n} - The preceding item is matched exactly n times{n,} - The preceding item is matched n or more times{, n} - The preceding item is matched at most n times{n, m} - The preceding item is matched at least n, but at most m times. Furthermore, backreferences to bracketed subexpressions are available via the notation \\#. See the grep(1) documentation for the full documentation.","Nhập biểu thức chính quy bạn muốn tìm vào đây. Nếu ô 'biểu thức chính quy' không được chọn, thì các ký tự không phải khoảng trắng trong biểu thức sẽ được đặt sau một ký tự gạch chéo ngược. Có những siêu ký tự sau:. - Tương ứng bất kỳ ký tự nào^ - Tương ứng với đầu dòng$ - Tương ứng cuối dòng\\ lt; - Tương ứng với bắt đầu một từ\\ gt; - Tương ứng kết thúc từCó những toán tử sau:? - Mục ở trước tương ứng ít nhất 1 lần * - Mục ở trước tương ứng không hoặc nhiều lần+ - Mục ở trước tương ứng một hoặc nhiều lần{ n} - Mục ở trước tương ứng đúng n lần{ n,} - Mục ở trước tương ứng n lần hoặc hơn {, n} - Mục ở trước tương ứng nhiều nhất n lần{ n, m} - Mục ở trước tương ứng ít nhất n, nhưng nhiều nhất m lần. Hơn nữa, sự tham chiếu ngược lại biểu thức con trong ngoặc có thể thực hiện qua chú thích\\ #. Xem tài liệu grep( 1) để biết hướng dẫn đầy đủ.",noise_placeholder,929,849,0.9138858988159311
32413,Click to close the current search results.,Dùng nó để đóng tài liệu hiện thời,noise_ui_fragment,42,34,0.8095238095238095
32421,Toolbar,Thanh công cụ,exact_duplicate,7,13,1.8571428571428572
32429,Session,Phiên chạy,exact_duplicate,7,10,1.4285714285714286
32436,"If this option is enabled (default), the current filter will be restored when you start Kate. Note that if the session is handled by the KDE session manager, the filter is always restored. Note that some of the autosync settings may override the restored location if on.","Nếu tùy chọn này bật (mặc định), thì Kate sẽ khôi phục bộ lọc hiện thời khi khởi động. Chú ý rằng nếu phiên chạy do trình quản lý phiên chạy KDE điều khiển, thì bộ lọc sẽ luôn luôn được khôi phục. Chú ý rằng một vài thiết lập tự động đồng bộ có thể sẽ bỏ vị trí đã phụ hồi nếu được chọn.",noise_ui_fragment,270,287,1.0629629629629629
32442,& Label:,& Nhãn:,exact_duplicate,8,7,0.875
32445,The script to execute to invoke the tool. The script is passed to / bin/ sh for execution. The following macros will be expanded: %URL - the URL of the current document. %URLs - a list of the URLs of all open documents. %directory - the URL of the directory containing the current document. %filename - the filename of the current document. %line - the current line of the text cursor in the current view. %column - the column of the text cursor in the current view. %selection - the selected text in the current view. %text - the text of the current document.,Script thực hiện để gọi công cụ. Script sẽ được thực hiện bởi / bin/ sh. Những xác định sau sẽ được thực hiện:% URL - địa chỉ URL của tài liệu hiện thời.% URLs - danh sách địa chỉ URL của tất cả những tài liệu đang mở.% directory - URL của thư mục chứa tài liệu hiện thời.% filename - tên tập tin của tài liệu hiện thời.% line - dòng hiện thời của con trỏ của tài liệu đang xem.% column - cột hiện thời của con trỏ của tài liệu đang xem.% selection - văn bản bôi đen của tài liệu đang xem.% text - văn bản của tài liệu hiện thời.,noise_placeholder,560,529,0.9446428571428571
32450,& Save:,& Lưu:,noise_ui_fragment,7,6,0.8571428571428571
32451,None,Không,exact_duplicate,4,5,1.25
32454,"You can elect to save the current or all [modified] documents prior to running the command. This is helpful if you want to pass URLs to an application like, for example, an FTP client.",Có thể chọn ghi tài liệu hiện thời hoặc tất cả những tài liệu đã sửa trước khi chạy câu lệnh. Điều này có ích nếu muốn đưa địa chỉ URL tới một ứng dụng ví dụ một chương trình máy khách FTP.,noise_ui_fragment,184,189,1.0271739130434783
32460,& New...,& Mới...,exact_duplicate,8,8,1.0
32465,"The current document has not been saved, and cannot be attached to an email message. Do you want to save it and proceed?",Tài liệu hiện thời chưa được lưu nên không thể gửi kèm theo thư email. Ghi nó rồi tiến hành gửi kèm?,noise_ui_fragment,120,100,0.8333333333333334
32468,The current file: %1has been modified. Modifications will not be available in the attachment. Do you want to save it before sending it?,Tập tin hiện thời:% 1 đã có thay đổi. Những thay đổi này sẽ không được kèm theo thư. Ghi tập tin trước khi gửi nó?,noise_ui_fragment,135,114,0.8444444444444444
32469,Save Before Sending?,Lưu trước khi gửi?,noise_ui_fragment,20,18,0.9
32472,& Mail...,"Nhấn Thư... để gửi tài liệu hiện thời qua email. Để chọn vài tập tin để gửi, nhấn Hiển thị mọi tài liệunbsp; gt; gt;.",extreme_length_ratio,9,117,13.0
32492,& Close Tab,& Tên dòng lệnh:,noise_ui_fragment,11,16,1.4545454545454546
32493,Close & Other Tabs,Nhớ & bộ lọc:,noise_ui_fragment,18,13,0.7222222222222222
32494,Close & All Tabs,Chú thích,noise_ui_fragment,16,9,0.5625
32529,Save Failed,& Soạn...,noise_ui_fragment,11,9,0.8181818181818182
32531,New...,Không lưu được tập tin. Xin kiểm tra quyền ghi của bạn đối với tập tin.,extreme_length_ratio,6,71,11.833333333333334
32533,Column,"Không mở được tập tin '% 1'; nó không phải là tập tin thông thường, nó là một thư mục.",extreme_length_ratio,6,86,14.333333333333334
32534,The file '%1 'could not be parsed. Please check that the file is well-formed XML.,Mở phiên chạy,extreme_length_ratio,81,13,0.16049382716049382
32535,& Close Element,Thẻ mới,noise_ui_fragment,15,7,0.4666666666666667
32540,Close Current Tab,ĐÈ,extreme_length_ratio; noise_ui_fragment,17,2,0.11764705882352941
32541,Activate Next Tab,Công cụ ngoài,noise_ui_fragment,17,13,0.7647058823529411
32544,Close the current tab,Hiện đường & dẫn đầy đủ trong tiêu đề,noise_ui_fragment,21,37,1.7619047619047619
32545,Position,"Nếu chọn tùy chọn này, thì sẽ hiển thị đường dẫn đầy đủ đến tài liệu trong đầu đề cửa sổ.",extreme_length_ratio,8,89,11.125
32546,R/ O,Đồng bộ hoá bộ mô phỏng & thiết bị cuối với tài liệu hiện thời,extreme_length_ratio,4,62,15.5
32547,OVR,"Nếu chọn, Konsole sẽ cd (chuyển thư mục) tới thư mục của tài liệu hiện thời khi bắt đầu chạy và khi tài liệu hiện thời thay đổi, nếu tài liệu là tập tin trên máy.",extreme_length_ratio,3,162,54.0
32551,& Show full path in title,"Bạn có thể chọn mẫu cho các dạng tập tin từ hộp kết hợp và sửa nó ở đây. Chuỗi% s trong mẫu sẽ được thay thế bằng những gì nhập vào, và thu được kết quả của biểu thức chính quy sẽ tìm kiếm.",extreme_length_ratio,25,189,7.56
32553,Sync & terminal emulator with active document,Lỗi:,extreme_length_ratio,45,4,0.08888888888888889
32554,"If this is checked, the built in Konsole will cd to the directory of the active document when started and whenever the active document changes, if the document is a local file.",Lỗi công cụ grep,extreme_length_ratio,176,16,0.09090909090909091
32557,Find,Chỉ ra tên cho phiên chạy hiện thời,extreme_length_ratio,4,35,8.75
32558,"You can choose a template for the pattern from the combo box and edit it here. The string %s in the template is replaced by the pattern input field, resulting in the regular expression to search for.","Để ghi một phiên chạy mới, cần chỉ ra một tên.",noise_placeholder,199,46,0.23115577889447236
32560,Error:,Tập tin này đã thay đổi (đã tạo) trên đĩa bởi một chương trình khác.,extreme_length_ratio,6,68,11.333333333333334
32565,"To save a new session, you must specify a name.",Dùng câu lệnh này để in tài liệu hiện thời,noise_ui_fragment,47,42,0.8936170212765957
32573,Use this command to create a new document,KWrite,extreme_length_ratio,41,6,0.14634146341463414
32594,None,Không có,exact_duplicate,4,8,2.0
32596,& Description:,& Mô tả:,exact_duplicate,14,8,0.5714285714285714
32611,Replace full name '%1 'with the '%{fullname}' macro,Thay họ tên «% 1 » bằng vĩ lệnh «% {fullname} »,noise_placeholder,51,47,0.9215686274509803
32614,The template will now be created and saved to the chosen location. To position the cursor put the string ${_BAR_} where you want it in files created from the template.,"Mẫu sẽ được tạo bay giờ và được lưu vào vị trí đã chọn. Để định vị con chạy, chèn một dấu mũ « ^ » vào nơi thích hợp trong tập tin được tạo từ mẫu đó.",noise_placeholder,167,150,0.8982035928143712
32617,File Exists,Tập tin đã có,exact_duplicate,11,13,1.1818181818181819
32618,Overwrite,Ghi đè,exact_duplicate,9,6,0.6666666666666666
32620,"Unable to save the template to '%1 '. The template will be opened, so you can save it from the editor.",Không thể lưu mẫu vào «% 1 ». Mẫu sẽ được mở thì bạn có khả năng lưu nó từ trình soạn thảo.,noise_ui_fragment,102,91,0.8921568627450981
32621,Save Failed,Lỗi lưu,noise_ui_fragment,11,7,0.6363636363636364
32622,Template,Mẫu,exact_duplicate,8,3,0.375
32623,New...,Mới...,exact_duplicate,6,6,1.0
32625,Upload...,Tải lên...,exact_duplicate,9,10,1.1111111111111112
32627,Main Toolbar,NAME OF TRANSLATORS,language_suspect; exact_duplicate,12,19,1.5833333333333333
32628,Your names,EMAIL OF TRANSLATORS,language_suspect; exact_duplicate,10,20,2.0
32631,& Tools,NAME OF TRANSLATORS,language_suspect; exact_duplicate,7,19,2.7142857142857144
32632,Your names,EMAIL OF TRANSLATORS,language_suspect; exact_duplicate,10,20,2.0
32636,"Enter HTML tag contents (the<, >, and closing tag will be supplied):",Nhập nội dung thẻ HTML (hai dấu ngoặc nhọn và thẻ đóng sẽ tự động được cung cấp):,noise_markup_or_html_entity,68,81,1.1911764705882353
32637,& Tools,NAME OF TRANSLATORS,language_suspect; exact_duplicate,7,19,2.7142857142857144
32638,Your names,EMAIL OF TRANSLATORS,language_suspect; exact_duplicate,10,20,2.0
32647,& File,NAME OF TRANSLATORS,language_suspect,6,19,3.1666666666666665
32648,Your names,EMAIL OF TRANSLATORS,language_suspect; exact_duplicate,10,20,2.0
32649,Name,Tên,exact_duplicate,4,3,0.75
32650,Classes,Hạng,exact_duplicate,7,4,0.5714285714285714
32655,Selection,Vùng chọn,exact_duplicate,9,9,1.0
32656,Python,Python,identical_pair,6,6,1.0
32662,& Tools,NAME OF TRANSLATORS,language_suspect; exact_duplicate,7,19,2.7142857142857144
32663,Your names,EMAIL OF TRANSLATORS,language_suspect; exact_duplicate,10,20,2.0
32671,Your names,EMAIL OF TRANSLATORS,language_suspect; exact_duplicate,10,20,2.0
32679,Filter,Lọc,exact_duplicate,6,3,0.5
32683,#,#,identical_pair,1,1,1.0
32684,Line,Dòng,exact_duplicate,4,4,1.0
32685,Column,Cột,exact_duplicate,6,3,0.5
32689,& XML,& XML,identical_pair; exact_duplicate,5,5,1.0
32691,& Close Element,Đóng phần tử,noise_ui_fragment,15,12,0.8
32699,"Enter XML tag name and attributes (""< "", ""> ""and closing tag will be supplied):",Hãy nhập tên thẻ XML và các thuộc tính (hai dấu ngoặc nhọn và thẻ đóng sẽ tự động được cung cấp):,noise_markup_or_html_entity,79,97,1.2278481012658229
32703,& XML,& XML,identical_pair; exact_duplicate,5,5,1.0
32715,"Extract Archive Here, Autodetect Subfolder",Comment,extreme_length_ratio,42,7,0.16666666666666666
32716,Plugin for handling of archive formats for the Kerfuffle library,Name,extreme_length_ratio,64,4,0.0625
32720,bkisofs plugin for Kerfuffle,Name,extreme_length_ratio,28,4,0.14285714285714285
32726,KArchive plugin for Kerfuffle,Name,extreme_length_ratio,29,4,0.13793103448275862
32728,LibArchive Plugin for Kerfuffle,Name,extreme_length_ratio,31,4,0.12903225806451613
32730,libbz2 plugin for Kerfuffle,Name,extreme_length_ratio,27,4,0.14814814814814814
32732,libgz plugin for Kerfuffle,Name,extreme_length_ratio,26,4,0.15384615384615385
32734,libxz plugin for Kerfuffle,Name,extreme_length_ratio,26,4,0.15384615384615385
32742,Irkick,IRKick,identical_pair,6,6,1.0
32744,Irkick global notification event,Name,extreme_length_ratio,32,4,0.125
32747,Irkick has triggered an application,Name,extreme_length_ratio,35,4,0.11428571428571428
32772,A test structure for dynamic arrays,Name,extreme_length_ratio,35,4,0.11428571428571428
32774,Structure for Executable Linking Format (ELF),Name,extreme_length_ratio,45,4,0.08888888888888889
32776,A test structure for enums,Name,extreme_length_ratio,26,4,0.15384615384615385
32778,A test structure containing the PNG file header (file must be set to big-endian),Name,extreme_length_ratio,80,4,0.05
32780,A few more test structures,Name,extreme_length_ratio,26,4,0.15384615384615385
32782,A few test structures,Name,extreme_length_ratio,21,4,0.19047619047619047
32787,System tray icon for managing print jobs,Comment,extreme_length_ratio,40,7,0.175
32791,Missing Printer Driver,Name,extreme_length_ratio,22,4,0.18181818181818182
32812,KMilo,Trình Bổ Sung Cho Máy AsusComment,extreme_length_ratio,5,33,6.6
32821,KEdit,Trình Bổ Sung Theo Dõi Vi Xử LýComment,extreme_length_ratio,5,38,7.6
32834,Invalid OASIS OpenDocument file. No office: body tag found.,Tập tin Tài liệu Mở OASIS không hợp lệ. Không tìm thấy phần tử office: body.,exact_duplicate,59,76,1.2881355932203389
32835,Invalid OASIS OpenDocument file. No tag found inside office: body.,Tập tin Tài liệu Mở OASIS không hợp lệ. Không tìm thấy phần tử nào bên trong office: body.,exact_duplicate,66,90,1.3636363636363635
32842,File to open,Tập tin để mở,exact_duplicate,12,13,1.0833333333333333
32843,& File,& Tập tin,exact_duplicate,6,9,1.5
32844,& Edit,& Sửa,exact_duplicate,6,5,0.8333333333333334
32845,Format,Định dạng,exact_duplicate,6,9,1.5
32846,& Settings,& Thiết lập,exact_duplicate; noise_ui_fragment,10,11,1.1
32847,Edit,SửaNAME OF TRANSLATORS,extreme_length_ratio,4,22,5.5
32848,Your names,"Nguyen Hung Vu( Nguyễn Hưng Vũ), nhóm Việt hóa KDEEMAIL OF TRANSLATORS",extreme_length_ratio; exact_duplicate,10,70,7.0
32849,Your emails,"vuhung@ fedụuec. ac. jp, kde- l10n- vi@ lists. kde. org",exact_duplicate,11,55,5.0
32851,KChart,KChart,identical_pair,6,6,1.0
32854,Kalle Dalheimer,Kalle Dalheimer,identical_pair,15,15,1.0
32855,Laurent Montel,Laurent Montel,identical_pair; exact_duplicate,14,14,1.0
32857,Inge Wallin,Inge Wallin,identical_pair,11,11,1.0
32858,Danny Allen,Danny Allen,identical_pair; exact_duplicate,11,11,1.0
32860,Page Layout,Bố trí Trang,exact_duplicate,11,12,1.0909090909090908
32862,Left:,Trái:,exact_duplicate,5,5,1.0
32863,Right:,Phải:,exact_duplicate,6,5,0.8333333333333334
32868,Width:,Rộng:,exact_duplicate,6,5,0.8333333333333334
32869,Height:,Cao:,exact_duplicate,7,4,0.5714285714285714
32880,Normal,Thông thường,exact_duplicate,6,12,2.0
32882,Percent,Phần trăm,exact_duplicate,7,9,1.2857142857142858
32900,Stacked Bar Chart,Cột,extreme_length_ratio,17,3,0.17647058823529413
32916,Bars,Trình biên soạn Dữ Liệu KChart,extreme_length_ratio,4,30,7.5
32935,Customize with & Wizard...,& Pie,extreme_length_ratio,26,5,0.19230769230769232
32955,Here you set the color in which the background of the chart is painted.,Tiêu đề - Y:,extreme_length_ratio,71,12,0.16901408450704225
32957,"You can select a background image from this list. Initially, the installed KDE wallpapers will be offered. If you do not find what you are looking for here, you can select any image file by clicking on the Browse button below.",Định dạng trục - Y,extreme_length_ratio,226,18,0.07964601769911504
32960,This area will always display the currently selected background image. Note that the image will be scaled and thus might have a different ratio than it originally had.,Màu & nền,extreme_length_ratio,167,9,0.05389221556886228
32961,"In this box, you can set various settings that control how the background image is displayed.",Bạn có thể đặt màu mà hình nền sẽ được tô.,noise_ui_fragment,93,42,0.45161290322580644
32963,"Here you can select how much the image should be brightened up so that it does not disturb the selected area too much. Different images require different settings, but 25% is a good value to start with.","Bạn có thể chọn hình nền từ danh sách nàỵ Đầu tiên, các hình nền do KDE cài sẽ được đề nghị đầu tiên. Nếu bạn không tìm thấy cái cần tìm ở đây, bạn có thể chọn bất kì hình nào bằng cách nhấn Duyệt ở dươị",noise_ui_fragment,202,203,1.004950495049505
32964,"If you check this box, the selected image will be scaled to fit the total size of the selected area. Image ratio will be adjusted to match the area size and height if necessary.",Không,extreme_length_ratio,177,5,0.02824858757062147
32965,"If you check this box, the selected image will be centered over the selected area. If the image is larger then the area, you will only see the middle part of it.",& Duyệt...,extreme_length_ratio,161,10,0.062111801242236024
32967,Data+Axes+Legend,Khu vực này luôn luôn hiển thị ảnh nền đã đưọc chọn gần đâỵ Chú ý là ảnh sẽ được tỉ lệ hoá khác với kích thước thật của nó.,extreme_length_ratio,16,123,7.6875
32968,Data+Axes,"Trong hộp này, bạn có thể đặt nhiều thiết lập điều khiển sự hiển thị của hình nền.",extreme_length_ratio,9,82,9.11111111111111
32970,Bottom Axis,"Bạn có thể chọn độ sáng của ảnh sao cho nó không làm ảnh hưởng đến chart. Ảnh khác nhau sẽ đòi hỏi thiết lập khác nhau, nhưng 25% sẽ là giá trị khuyến nghị.",extreme_length_ratio,11,156,14.181818181818182
32971,Header A,"Nếu bạn chọn hộp này, ảnh được chọn sẽ bị tỉ lệ hoá để khớp vào cỡ chart.",extreme_length_ratio,8,73,9.125
32972,Header C,"Nếu bạn chọn hộp này, ảnh được chọn sẽ bị trung tâm hoá trên chart. Nếu ảnh to hơn chart, bạn sẽ chỉ nhìn thấy phần giữa của nó. Thiết lập này chỉ dùng được nếu Tỉ lệ hoá không được chọn.",extreme_length_ratio,8,187,23.375
32976,Footer 1 A,Trang này cho phép bạn cấu hình màu mà chart sẽ hiển thị. Mỗi phần của chart sẽ được chỉ định một màu khác nhaụ,extreme_length_ratio,10,111,11.1
32981,Footer 2 C,"Bạn có thể cấu hình màu sẽ được dùng cho chart grid. Tất nhiên, thiết lập này chỉ có tác dụng nếu Chế Độ Vẽ grid được bật.",extreme_length_ratio,10,122,12.2
32983,Footer 3 B,Màu này sẽ được dùng cho việc hiển thị tiêu đề của trục X (Ngang). Thiết lập này sẽ ghi đè thiết lập Màu tiêu đề,extreme_length_ratio,10,112,11.2
32987,& Line color:,Màu này sẽ được dùng cho việc hiển thị màu trục Y (thẳng đứng). Nó chỉ có hiệu nghiệm nếu chart được cấu hình có trục thứ hai Y. Thiết lập này sẽ ghi đè thiết lập Màu Tiêu Đề,extreme_length_ratio,13,174,13.384615384615385
32988,This is the color that is used for drawing lines like axes.,Màu nhãn X,extreme_length_ratio,59,10,0.1694915254237288
32990,"Here you can configure the color that is used for the chart grid. Of course, this setting will only take effect if grid drawing is turned on.",Màu nhãn Y,extreme_length_ratio,141,10,0.07092198581560284
32992,This color is used for displaying titles for the X (horizontal) axis. This setting overrides the setting Title Color.,Màu nhãn Y (trục thứ 2),extreme_length_ratio,117,23,0.19658119658119658
32993,& Y-title color:,"Bạn có thể cấu hình màu sẽ được dùng cho nhãn của trục thứ hai Y (dọc). Tất nhiên, thiết lập này sẽ chỉ hiệu nghiệm nếu chart có cả hai trục.",extreme_length_ratio,16,141,8.8125
32994,This color is used for displaying titles for the Y (vertical) axis. This setting overrides the setting Title Color.,Vùng,extreme_length_ratio,115,4,0.034782608695652174
32996,This color is used for displaying titles for the second Y (vertical) axis. It only takes effect if the chart is configured to have a second Y axis. This setting overrides the setting Title Color.,Dữ liệu trong:,extreme_length_ratio,195,14,0.07179487179487179
33000,Here you can configure the color that is used for labeling the Y (vertical) axis,& Font,extreme_length_ratio,80,6,0.075
33002,"Here you can configure the color that is used for labeling the second Y (vertical) axis. Of course, this setting only takes effect if the chart is configured to have two vertical axes.",& Dòng,extreme_length_ratio,184,6,0.03260869565217391
33016,Chart & Sub-type,Màu,extreme_length_ratio,16,3,0.1875
33043,Rotation around the X-axis in degrees:,Legend,extreme_length_ratio,38,6,0.15789473684210525
33044,Rotation around the Y-axis in degrees:,Legend,extreme_length_ratio,38,6,0.15789473684210525
33051,Polar marker,"Nếu bạn chọn hộp này, ảnh được chọn sẽ bị trung tâm hoá trên chart. Nếu ảnh to hơn chart, bạn sẽ chỉ nhìn thấy phần giữa của nó. Thiết lập này chỉ dùng được nếu Tỉ lệ hoá không được chọn.",extreme_length_ratio,12,187,15.583333333333334
33057,Setup Axes,"Bạn có thể cấu hình màu sẽ được dùng cho nhãn của trục thứ hai Y (dọc). Tất nhiên, thiết lập này sẽ chỉ hiệu nghiệm nếu chart có cả hai trục.",extreme_length_ratio,10,141,14.1
33059,X axis:,"Bạn có thể cấu hình màu sẽ được dùng cho nhãn của trục thứ hai Y (dọc). Tất nhiên, thiết lập này sẽ chỉ hiệu nghiệm nếu chart có cả hai trục.",extreme_length_ratio,7,141,20.142857142857142
33061,Border:,Bạn có thể cấu hình màu sẽ được dùng cho nhãn trục Y (dọc).,extreme_length_ratio,7,59,8.428571428571429
33063,Depth 3D:,"Bạn có thể cấu hình màu sẽ được dùng cho nhãn của trục thứ hai Y (dọc). Tất nhiên, thiết lập này sẽ chỉ hiệu nghiệm nếu chart có cả hai trục.",extreme_length_ratio,9,141,15.666666666666666
33066,Y-label 2 format:,Nối,extreme_length_ratio,17,3,0.17647058823529413
33071,Close connected,Cột kích hoạt,noise_ui_fragment,15,13,0.8666666666666667
33074,Hide Piece,Hi- Lo- Close,noise_ui_fragment,10,13,1.3
33080,KFormula,KFormula,identical_pair; exact_duplicate,8,8,1.0
33082,Andrea Rizzi,Andrea Rizzi,identical_pair,12,12,1.0
33084,Ulrich Kuettler,Ulrich Kuettler,identical_pair; exact_duplicate,15,15,1.0
33086,Heinrich Kuettler,Heinrich Kuettler,identical_pair,17,17,1.0
33087,Claus O. Wilke,Claus O. Wilke,identical_pair,14,14,1.0
33089,Martin Pfeiffer,Martin Pfeiffer,identical_pair,15,15,1.0
33090,Alfredo Beaumont,Alfredo Beaumont,identical_pair,16,16,1.0
33094,Formula Settings,Thiết lập Công thức,noise_ui_fragment,16,19,1.1875
33095,File to open,Tập tin để mở,exact_duplicate,12,13,1.0833333333333333
33096,& Edit,& Sửa,exact_duplicate,6,5,0.8333333333333334
33098,Add,Thêm,exact_duplicate,3,4,1.3333333333333333
33099,Matrix,Ma trận,exact_duplicate,6,7,1.1666666666666667
33100,& Settings,& Thiết lập,exact_duplicate; noise_ui_fragment,10,11,1.1
33101,Edit,Sửa,exact_duplicate,4,3,0.75
33102,Font,Phông chữ,exact_duplicate,4,9,2.25
33104,Your names,"Nguyen Hung Vu (Nguyễn Hưng Vũ), nhóm Việt hóa KDEEMAIL OF TRANSLATORS",extreme_length_ratio; exact_duplicate,10,70,7.0
33105,Your emails,"vuhung@ fedụuec. ac. jp, kde- l10n- vi@ lists. kde. org",exact_duplicate,11,55,5.0
33121,File to open,Tập tin để mở,exact_duplicate,12,13,1.0833333333333333
33122,Configure Kivio...,NAME OF TRANSLATORS,language_suspect,18,19,1.0555555555555556
33125,& Edit,& Sửa,exact_duplicate,6,5,0.8333333333333334
33126,& View,& Xem,exact_duplicate,6,5,0.8333333333333334
33129,& Settings,Caption TrangStencils,noise_ui_fragment,10,21,2.1
33151,End,Kết thúcStencils,extreme_length_ratio,3,16,5.333333333333333
33221,Basic flowcharting manual operation shape,Stencils,extreme_length_ratio,41,8,0.1951219512195122
33274,Multivalued Attribute shape used in ER diagrams,Stencils,extreme_length_ratio,47,8,0.1702127659574468
33282,Derived Attribute shape used in ER diagrams,Stencils,extreme_length_ratio,43,8,0.18604651162790697
33348,SDL - Save,SDL - LưuStencils,noise_ui_fragment,10,17,1.7
33420,Cisco - Content Transformation Engine (CTE),Stencils,extreme_length_ratio,43,8,0.18604651162790697
33455,Cisco - SVX (interchangeable with End office),Stencils,extreme_length_ratio,45,8,0.17777777777777778
33769,Kivio,Kivio,identical_pair,5,5,1.0
33771,Peter Simonsson,Peter Simonsson,identical_pair,15,15,1.0
33777,6,6,identical_pair; exact_duplicate,1,1,1.0
33778,7,7,identical_pair; exact_duplicate,1,1,1.0
33779,10,1,exact_duplicate,2,1,0.5
33783,16,6,exact_duplicate,2,1,0.5
33797,& Zoom,Bạn không thể xoá riêng chỉ trang này của tài liệụ,extreme_length_ratio,6,50,8.333333333333334
33817,Change Stencil Horizontal Alignment,Chọn,extreme_length_ratio,35,4,0.11428571428571428
33833,Line & end style:,tên,extreme_length_ratio,17,3,0.17647058823529413
33838,Name,Di chuyển Layer xuống,extreme_length_ratio,4,21,5.25
33848,Page Settings,Hiện margin trang,noise_ui_fragment,13,17,1.3076923076923077
33856,Grid Settings,Hướng dẫn Thẳng đứng,noise_ui_fragment,13,20,1.5384615384615385
33878,& Left,Chiều cao:,exact_duplicate,6,10,1.6666666666666667
33907,Send to Back,Đặt màu Text,noise_ui_fragment,12,12,1.0
33940,Delete,Bạn sẽ gỡ bỏ trang kích hoạt. Bạn muốn tiếp tục không?,extreme_length_ratio; noise_ui_fragment,6,54,9.0
33948,You are going to remove the active page. Do you want to continue?,Trang% 1,extreme_length_ratio,65,8,0.12307692307692308
33949,& Delete,Bề rộng:,noise_ui_fragment,8,8,1.0
33968,Stencils,Trang đã chọn Xuất chỉ trang đã chọn vào file.,extreme_length_ratio,8,46,5.75
33974,One of the stencils has protection from deletion. You cannot cut or delete this stencil.,"Crop picture to edges This will eliminate all blank portions of the drawing. The picture will only be as large as the stencils it contains. If your stencils are located in the upper right corner of the page, then only the upper right corner will be exported.",language_suspect; noise_ui_fragment,88,258,2.9318181818181817
33975,Protection From Delete,Chất lượng:,noise_ui_fragment,22,11,0.5
33977,Arrowhead at Origin,"Chất lượng Không phải mọi định file đều dùng cái nàỵ Nhưng nếu vậy, nó sẽ ảnh hưởng tới chất lượng của ảnh sẽ xuất. 100 là chất lượng tốt nhất. Chất lượng càng cao, ảnh càng đẹp. Ngược lại, cỡ ảnh sẽ lớn.",extreme_length_ratio,19,204,10.736842105263158
33979,Show Page,"Viền Đặt một viền trống xung quanh cạnh của ảnh. Nó có thể dùng vì một lí do nào đó, ví dụ stencil không khớp với trang xuất với viền 0- pixel (mặc định).",extreme_length_ratio,9,154,17.11111111111111
33983,Export the selected stencils on the current page,Bề rộng:,extreme_length_ratio,48,8,0.16666666666666666
33993,"Quality Not all file formats use this. But for those that do, this affects the quality of the image that gets exported. 100 is the maximum quality. The higher the number, the better the picture looks. The downside is the higher the number, the larger the filesize.",Từ & Deletion,extreme_length_ratio,264,13,0.04924242424242424
33995,"Border Places a blank border around the edges of the image. This can be used if for one reason or another, the stencils do n't fit into the export page with a 0-pixel border (default).",Phóng to,extreme_length_ratio,184,8,0.043478260869565216
34000,Toggles the ability to change the width of the selected stencils,Chọn mở rộng,extreme_length_ratio,64,12,0.1875
34002,Toggles the ability to change the height of the selected stencils,& Trang,extreme_length_ratio,65,7,0.1076923076923077
34004,Toggles the ability to change the aspect ratio of the selected stencils,Công cụ,extreme_length_ratio,71,7,0.09859154929577464
34006,Toggles the ability to protect the x position of the selected stencils,Định dạng,extreme_length_ratio,70,9,0.12857142857142856
34008,Toggles the ability to protect the y position of the selected stencils,Bảo vệ Xoá,extreme_length_ratio,70,10,0.14285714285714285
34009,Deletion,Tỉ lệ & Aspect (Giữa chiều rộng và dài của hình chữ nhật) untitled stencil,extreme_length_ratio,8,74,9.25
34010,Toggles the ability to delete the selected stencils,Không tên,extreme_length_ratio; noise_ui_fragment,51,9,0.17647058823529413
34014,ISO A3,ISO A3,identical_pair; exact_duplicate,6,6,1.0
34015,ISO A4,ISO A4,identical_pair; exact_duplicate,6,6,1.0
34016,ISO A5,ISO A5,identical_pair,6,6,1.0
34021,US Executive,US Executive,identical_pair,12,12,1.0
34022,ISO A0,ISO A0,identical_pair; exact_duplicate,6,6,1.0
34023,ISO A1,ISO A1,identical_pair; exact_duplicate,6,6,1.0
34024,ISO A2,ISO A2,identical_pair; exact_duplicate,6,6,1.0
34025,ISO A6,ISO A6,identical_pair,6,6,1.0
34026,ISO A7,ISO A7,identical_pair,6,6,1.0
34027,ISO A8,ISO A8,identical_pair,6,6,1.0
34028,ISO A9,ISO A9,identical_pair,6,6,1.0
34029,ISO B0,ISO B0,identical_pair,6,6,1.0
34030,ISO B1,ISO B1,identical_pair,6,6,1.0
34031,ISO B10,ISO B10,identical_pair,7,7,1.0
34032,ISO B2,ISO B2,identical_pair,6,6,1.0
34033,ISO B3,ISO B3,identical_pair,6,6,1.0
34034,ISO B4,ISO B4,identical_pair,6,6,1.0
34035,ISO B6,ISO B6,identical_pair,6,6,1.0
34039,Version,Phiên bản,exact_duplicate,7,9,1.2857142857142858
34040,Date & Time,Ngày và Giờ,exact_duplicate,11,11,1.0
34042,Comment,Chú thích,exact_duplicate,7,9,1.2857142857142858
34043,& Add,& Thêm,exact_duplicate,5,6,1.2
34046,& Open,& Mở,exact_duplicate,6,4,0.6666666666666666
34054,%1%,% 1%,exact_duplicate,3,4,1.3333333333333333
34055,Yes,Có,exact_duplicate,3,2,0.6666666666666666
34056,No,Không,exact_duplicate,2,5,2.5
34065,General,Chung,exact_duplicate,7,5,0.7142857142857143
34066,Author,Tác giả,exact_duplicate,6,7,1.1666666666666667
34081,"Your document could not be saved automatically. To complete the decryption, please save the document.","Tài liệu của bạn không thể được lưu lại tự động. Để hoàn thành giải mã, xin hãy lưu tài liệu.",noise_ui_fragment,101,93,0.9207920792079208
34082,Save Document,Lưu Tài liệu,noise_ui_fragment,13,12,0.9230769230769231
34083,The document has been changed since it was opened. To complete the decryption the document needs to be saved. Do you want to save the document now?,"Tài liệu đã bị thay đổi kể từ khi nó được mở ra. Để hoàn thành giải mã, tài liệu cần được lưu lại. Bạn có muốn lưu tài liệu này bây giờ không?",noise_ui_fragment,147,142,0.9659863945578231
34088,"Your document could not be saved automatically. To complete the encryption, please save the document.","Tài liệu của bạn không thể được lưu tự động. Để hoàn thành mã hóa, xin hãy lưu tài liệu.",noise_ui_fragment,101,88,0.8712871287128713
34089,The document has been changed since it was opened. To complete the encryption the document needs to be saved. Do you want to save the document now?,"Tài liệu đã bị thay đổi kể từ khi nó được mở ra. Để hoàn thành giải mã, tài liệu cần được lưu lại. Bạn có muốn lưu tài liệu này bây giờ không?",noise_ui_fragment,147,142,0.9659863945578231
34093,Close,Đóng,exact_duplicate; noise_ui_fragment,5,4,0.8
34095,Stop,Dừng,exact_duplicate,4,4,1.0
34097,Document Settings,Thông tin về tại liệu,noise_ui_fragment,17,21,1.2352941176470589
34098,Auto save (min):,Đang tự động lưu...,noise_ui_fragment,16,19,1.1875
34110,KOffice,KOffice,identical_pair,7,7,1.0
34118,Saving...,Đang lưu...,exact_duplicate,9,11,1.2222222222222223
34120,The password of this encrypted document is not known. Autosave aborted! Please save your work manually.,Không biết mật khẩu cho tài liệu được mã hóa này. Tự động lưu thất bại! Xin hãy tự lưu tài liệu.,noise_ui_fragment,103,96,0.9320388349514563
34153,The document '%1 'has been modified. Do you want to save it?,Tài liệu '% 1' đã bị thay đổi. Bạn có muốn lưu nó không?,noise_ui_fragment,60,56,0.9333333333333333
34155,Could not save %1,Không thể lưu% 1,noise_ui_fragment,17,16,0.9411764705882353
34156,Could not save %1 Reason: %2,Không thể lưu% 1 Lý do:% 2,noise_ui_fragment,28,26,0.9285714285714286
34165,Name:,Tên:,exact_duplicate,5,4,0.8
34166,Group:,Nhóm:,exact_duplicate,6,5,0.8333333333333334
34169,& Default,& Mặc định,exact_duplicate,9,10,1.1111111111111112
34182,& Delete,& Xóa,exact_duplicate; noise_ui_fragment,8,5,0.625
34191,Reload,Tải lại,exact_duplicate,6,7,1.1666666666666667
34194,Export...,& Xuất...,exact_duplicate,9,9,1.0
34195,& Close All Views,Đóng Tất & cả Các khung xem,noise_ui_fragment,17,27,1.588235294117647
34203,Save as %1,Lưu vào% 1,noise_ui_fragment,10,10,1.0
34204,Save,Lưu,exact_duplicate; noise_ui_fragment,4,3,0.75
34205,Saving as a %1 may result in some loss of formatting. Do you still want to save in this format?,Lưu vào định dạng% 1 có thể làm mất một số thông tin định dạng. Bạn có muốn lưu vào định dạng này?,noise_ui_fragment,95,98,1.0315789473684212
34206,Confirm Save,Xác nhận Lưu,noise_ui_fragment,12,12,1.0
34209,Export,Xuất,exact_duplicate,6,4,0.6666666666666666
34210,Save Document As,Lưu Tài liệu Vào,noise_ui_fragment,16,16,1.0
34213,Warning,Cảnh báo,exact_duplicate,7,8,1.1428571428571428
34218,Document,Tài liệu,exact_duplicate,8,8,1.0
34220,You will lose all changes made since your last save Do you want to continue?,Bạn sẽ mất tất cả các thay đổi kể từ lần lưu cuối Bạn có muốn tiếp tục không?,noise_ui_fragment,76,77,1.013157894736842
34269,Delete shape,Xóa hình,noise_ui_fragment,12,8,0.6666666666666666
34270,Delete shapes,Xóa các hình,noise_ui_fragment,13,12,0.9230769230769231
34271,Close subpath,Đóng đường con,noise_ui_fragment,13,14,1.0769230769230769
34282,Standard,Tiêu chuẩn,exact_duplicate,8,10,1.25
34283,Lines,Các dòng,exact_duplicate,5,8,1.6
34295,The manifest file seems to be corrupted. It cannot be modified and the document will remain unreadable. Please try and save the document again to prevent losing your work.,Danh sách tập tin có vẻ bị lỗi. Nó không thể bị thay đổi và tài liệu sẽ chỉ được đọc. Xin cố lưu lại tài liệu để tránh mất dữ liệu.,noise_ui_fragment,171,131,0.7660818713450293
34296,The manifest file cannot be written. The document will remain unreadable. Please try and save the document again to prevent losing your work.,Không thể ghi danh sách tập tin. Tài liệu sẽ chỉ được đọc. Xin cố lưu lại tài liệu để tránh mất dữ liệu.,noise_ui_fragment,141,104,0.7375886524822695
34299,Do you want to save the password?,Bạn có muốn lưu lại mật khẩu?,noise_ui_fragment,33,29,0.8787878787878788
34305,Replace,Thay thế,exact_duplicate,7,8,1.1428571428571428
34306,"Could not uninstall this script package. You may not have sufficient permissions to delete the folder ""%1"".","Không thể gỡ bỏ gói này. Có thể bạn không có quyền xóa thư mục ""% 1"".",noise_ui_fragment,107,69,0.6448598130841121
34308,"Could not uninstall the script package ""%1"". You may not have sufficient permissions to delete the folder ""%1"".","Không thể gỡ bỏ gói ""% 1"". Có thể bạn không có quyền xóa thư mục ""% 1"".",noise_ui_fragment,111,71,0.6396396396396397
34312,Add,Thêm,exact_duplicate,3,4,1.3333333333333333
34318,Pica (pi),Pica (pi),identical_pair,9,9,1.0
34319,Cicero (cc),Cicero (cc),identical_pair,11,11,1.0
34320,Points (pt),Points (pt),identical_pair,11,11,1.0
34323,Text,Chữ,exact_duplicate,4,3,0.75
34324,Bold,Đậm,exact_duplicate,4,3,0.75
34325,Italic,Nghiêng,exact_duplicate,6,7,1.1666666666666667
34344,Delete,Xóa,exact_duplicate; noise_ui_fragment,6,3,0.5
34347,Format,Định dạng,exact_duplicate,6,9,1.5
34350,None,Không có,exact_duplicate,4,8,2.0
34352,Double,Đôi,exact_duplicate,6,3,0.5
34354,& File,& Tập tin,exact_duplicate,6,9,1.5
34355,& Settings,Thiết lập,exact_duplicate; noise_ui_fragment,10,9,0.9
34356,File,Tập tin,exact_duplicate,4,7,1.75
34358,Title:,Tựa đề:,exact_duplicate,6,7,1.1666666666666667
34363,Created:,Tạo:,exact_duplicate,8,4,0.5
34370,Position:,Vị trí:,exact_duplicate,9,7,0.7777777777777778
34375,Fax:,Fax:,identical_pair,4,4,1.0
34378,City:,Thành phố:,exact_duplicate,5,10,2.0
34381,& Delete Personal Data,& Xóa dữ liệu cá nhân,noise_ui_fragment,22,21,0.9545454545454546
34386,...,...,identical_pair; exact_duplicate,3,3,1.0
34390,Remove,Xóa,exact_duplicate,6,3,0.5
34392,Save palette,Lưu bảng màu,noise_ui_fragment,12,12,1.0
34393,Data,Dữ liệu,exact_duplicate,4,7,1.75
34394,Encoding:,& Bộ mã:,exact_duplicate,9,8,0.8888888888888888
34397,Delimiter,Dấu phân cách,exact_duplicate,9,13,1.4444444444444444
34398,Comma,Dấu phẩy,exact_duplicate,5,8,1.6
34399,Semicolon,Dấu chấm phẩy,exact_duplicate,9,13,1.4444444444444444
34400,Other,Khác,exact_duplicate,5,4,0.8
34401,Tabulator,Tab,exact_duplicate,9,3,0.3333333333333333
34402,Space,Dấu cách,exact_duplicate,5,8,1.6
34404,"""","""",identical_pair; exact_duplicate,1,1,1.0
34405,',',identical_pair; exact_duplicate,1,1,1.0
34409,& Format:,Định & dạng:,exact_duplicate,9,12,1.3333333333333333
34410,Ranges,Khoảng,exact_duplicate,6,6,1.0
34411,Update,Cập nhật,exact_duplicate,6,8,1.3333333333333333
34412,Import columns:,Nhập các cột:,exact_duplicate,15,13,0.8666666666666667
34413,Import lines:,Nhập các dòng:,exact_duplicate,13,14,1.0769230769230769
34414,to,đến,exact_duplicate,2,3,1.5
34416,Size:,& Cỡ:,exact_duplicate,5,5,1.0
34418,Height:,Chiều cao:,exact_duplicate,7,10,1.4285714285714286
34429,Top:,Đỉnh:,exact_duplicate,4,5,1.25
34436,Normal,Bình thường,exact_duplicate,6,11,1.8333333333333333
34437,Inversed Subtract,Trừ,extreme_length_ratio,17,3,0.17647058823529413
34450,Red,Đỏ,exact_duplicate,3,2,0.6666666666666666
34451,Green,Xanh lá cây,exact_duplicate,5,11,2.2
34452,Blue,Xanh nước biển,exact_duplicate,4,14,3.5
34453,Alpha,Alpha,identical_pair; exact_duplicate,5,5,1.0
34458,R,R,identical_pair,1,1,1.0
34459,G,G,identical_pair,1,1,1.0
34460,B,B,identical_pair,1,1,1.0
34463,Color,Màu,exact_duplicate,5,3,0.6
34465,XYZ,XYZ,identical_pair,3,3,1.0
34469,YCbCr,YCbCr,identical_pair,5,5,1.0
34474,Yellow,Vàng,exact_duplicate,6,4,0.6666666666666666
34475,Black,Đen,exact_duplicate,5,3,0.6
34479,%1%,% 1%,exact_duplicate,3,4,1.3333333333333333
34480,Color Selector,Bộ,extreme_length_ratio,14,2,0.14285714285714285
34481,Page Layout,Bố trí Trang,exact_duplicate,11,12,1.0909090909090908
34482,Page,Trang,exact_duplicate,4,5,1.25
34485,Recommended (%1),Khuyên dùng (% 1) Descriptive encoding name,exact_duplicate,16,43,2.6875
34487,Other (%1),Khác (% 1),exact_duplicate,10,10,1.0
34489,Date,Ngày,exact_duplicate,4,4,1.0
34490,Currency,Tiền tệ,exact_duplicate,8,7,0.875
34496,Import,Nhập,exact_duplicate,6,4,0.6666666666666666
34504,Palette,Bảng màu,exact_duplicate,7,8,1.1428571428571428
34522,Layer,Lớp,exact_duplicate,5,3,0.6
34523,Delete selected objects,Xóa các đối tượng được chọn,noise_ui_fragment,23,27,1.173913043478261
34531,Delete Layer,Xóa Lớp,noise_ui_fragment,12,7,0.5833333333333334
34532,Could not delete all layers. At least one layer is required.,Không thể xóa tất cả các lớp. Phải có ít nhất một lớp.,noise_ui_fragment,60,54,0.9
34547,Delete,& Xóa,noise_ui_fragment,6,5,0.8333333333333334
34551,Insert Page,Chèn Trang,exact_duplicate,11,10,0.9090909090909091
34555,Delete Page,Xóa Trang,noise_ui_fragment,11,9,0.8181818181818182
34556,Delete the current page,Chép trang hiện tại,noise_ui_fragment,23,19,0.8260869565217391
34566,Page %1,Tên:,exact_duplicate,7,4,0.5714285714285714
34567,Page %1,Tên:,exact_duplicate,7,4,0.5714285714285714
34568,Group,Nhóm,exact_duplicate,5,4,0.8
34569,Shape,Hình,exact_duplicate,5,4,0.8
34570,Visible,Nhìn thấy,exact_duplicate,7,9,1.2857142857142858
34574,Darken,Làm tối,exact_duplicate,6,7,1.1666666666666667
34576,Value,Giá trị,exact_duplicate,5,7,1.4
34579,Insert,Chèn,exact_duplicate,6,4,0.6666666666666666
34584,& Insert,& Chèn,exact_duplicate,8,6,0.75
34588,Automatically add new words to suggestion list,Thêm...,extreme_length_ratio,46,7,0.15217391304347827
34600,Confirmation Required,Số:,extreme_length_ratio,21,3,0.14285714285714285
34603,Could not load embedded object: %1,sai,extreme_length_ratio,34,3,0.08823529411764706
34605,Error while saving embedded documents,Ngày:,extreme_length_ratio,37,5,0.13513513513513514
34615,Delete slides,Tài liệu này chứa một liên kết tới một tài liệu ở ngoài máy% 1,noise_ui_fragment,13,62,4.769230769230769
34616,Delete pages,Yêu cầu Xác nhận,noise_ui_fragment,12,16,1.3333333333333333
34623,Different footer for even and odd pages,Vị trí,extreme_length_ratio,39,6,0.15384615384615385
34625,Spacing between footer and body:,Đỉnh:,extreme_length_ratio,32,5,0.15625
34632,Mid:,Vấn đề với bố cục trang,extreme_length_ratio,4,23,5.75
34633,lt; sheetgt; The sheet name lt; pagegt; The current page lt; pagesgt; The total number of pages lt; namegt; The filename or URL lt; filegt; The filename with complete path or the URL,Xóa hình,extreme_length_ratio,182,8,0.04395604395604396
34634,lt; timegt; The current time lt; dategt; The current date lt; authorgt; Your full name lt; orggt; Your organization lt; emailgt; Your email address,Xóa trang,extreme_length_ratio,147,9,0.061224489795918366
34642,Resize,Footer khác nhau cho trang lẻ và chẵn,extreme_length_ratio,6,37,6.166666666666667
34644,Shear,Khoảng cách giữa footer và thân:,extreme_length_ratio,5,32,6.4
34646,Cross,Header khác nhau cho trang lẻ và chẵn,extreme_length_ratio,5,37,7.4
34655,Select Char,lt; sheetgt; Tên của tờ lt; pagegt; Trang hiện tại lt; pagesgt; Tổng số trang lt; namegt; Tên tập tin hoặc đường liên kết lt; filegt; Tên tập tin với đầy đủ đường dẫn hoặc đường liên kết,extreme_length_ratio,11,186,16.90909090909091
34656,Change font,lt; timegt; Thời điểm hiện tại lt; dategt; Ngày hôm nay lt; authorgt; Tên đầy đủ của bạn lt; orggt; Tổ chức của bạn lt; emailgt; Địa chỉ thư điện tử của bạn,extreme_length_ratio,11,156,14.181818181818182
34679,No description available,Tên:,extreme_length_ratio,24,4,0.16666666666666666
34684,*. svg *. wmf *. qpic_BAR_Clipart (*. svg *. wmf *. qpic),& Ngang,extreme_length_ratio,57,7,0.12280701754385964
34719,Convert first letter of a sentence to uppercase.,& Dọc,extreme_length_ratio,48,5,0.10416666666666667
34722,Next style:,Chọn,noise_ui_fragment,11,4,0.36363636363636365
34725,< None >,Xem trước,noise_markup_or_html_entity,8,9,1.125
34744,Current Time (variable),Fax:,extreme_length_ratio,23,4,0.17391304347826086
34746,This Dialog Allows You to Set the Format of the Time Variable,Mã bưu điện:,extreme_length_ratio,61,12,0.19672131147540983
34755,Next Page Number,Thông tin về tại liệu,noise_ui_fragment,16,21,1.3125
34760,Next Page,Đầu dòng,noise_ui_fragment,9,8,0.8888888888888888
34784,File Name without Extension,Phải:,extreme_length_ratio,27,5,0.18518518518518517
34801,Detect when a new sentence is started and always ensure that the first character is an uppercase character.,Thay thế Text,extreme_length_ratio,107,13,0.12149532710280374
34802,Convert & two uppercase characters to one uppercase and one lowercase character (e. g. PErfect to Perfect),Đường Head:,extreme_length_ratio,106,11,0.10377358490566038
34803,Detect when a URL (Uniform Resource Locator) is typed and provide formatting that matches the way an Internet browser would show a URL.,Phố:,extreme_length_ratio,135,4,0.02962962962962963
34805,Remove spaces at the beginning and end of paragraphs,Xem trước:,extreme_length_ratio,52,10,0.19230769230769232
34807,"When typing '1) 'or similar in front of a paragraph, automatically convert the paragraph to use that numbering style. This has the advantage that further paragraphs will also be numbered and the spacing is done correctly.",Phố:,extreme_length_ratio,221,4,0.01809954751131222
34809,"When typing '* 'or '-' in front of a paragraph, automatically convert the paragraph to use that list-style. Using a list-style formatting means that a correct bullet is used to draw the list.",Tuỳ biến,extreme_length_ratio,191,8,0.041884816753926704
34814,Replacements and exceptions for language:,Dấu cách,extreme_length_ratio,41,8,0.1951219512195122
34828,Find string is the same as replace string!,Chọn,extreme_length_ratio,42,4,0.09523809523809523
34842,Completion list saved. It will be used for all documents from now on.,Chọn,extreme_length_ratio,69,4,0.057971014492753624
34843,Completion List Saved,Chọn,extreme_length_ratio,21,4,0.19047619047619047
34854,Day,Mở tài liệu đã tồn tạị,extreme_length_ratio,3,22,7.333333333333333
34885,Autocorrect (remove start and end line space),Dấu cách,extreme_length_ratio,45,8,0.17777777777777778
34912,"The RTF document cannot be loaded, as it has an unexpected first keyword: \\%1.",Không thể tải tài liệu RTF do nó có từ khóa không mong đợi:\\% 1.,noise_windows_or_unix_file_path,79,65,0.8227848101265823
34915,Recommended (%1),Khuyên dùng (% 1) Descriptive encoding name,exact_duplicate,16,43,2.6875
34916,Locale (%1),Miền địa phương (% 1),exact_duplicate,11,21,1.9090909090909092
34918,QXml,QXml,identical_pair,4,4,1.0
34922,Other (%1),Khác (% 1),exact_duplicate,10,10,1.0
34928,Language,Ngôn ngữ,exact_duplicate,8,8,1.0
34929,Unicode,Unicode,identical_pair; exact_duplicate,7,7,1.0
34930,latin1,latin1,identical_pair,6,6,1.0
34943,Unable to save document information.,Không thể lưu thông tin về tài liệu.,noise_ui_fragment,36,36,1.0
34944,Unable to save main document.,Không thể lưu tài liệu chính. Object name,noise_ui_fragment,29,41,1.4137931034482758
34954,Import,Nhập,exact_duplicate,6,4,0.6666666666666666
34955,Text,Chữ,exact_duplicate,4,3,0.75
34956,Number,Số,exact_duplicate,6,2,0.3333333333333333
34957,Currency,Tiền tệ,exact_duplicate,8,7,0.875
34958,Date,Ngày tháng,exact_duplicate,4,10,2.5
34959,None,Không,exact_duplicate,4,5,1.25
34961,< SHEETNAME >,< T\\ xC3\\ x8ANT\\ xE1\\ xBB\\ x9C >,noise_markup_or_html_entity,13,37,2.8461538461538463
34964,Locale (%1),Miền địa phương (% 1),exact_duplicate,11,21,1.9090909090909092
34965,Top,Trên,exact_duplicate,3,4,1.3333333333333333
34970,Page,Trang,exact_duplicate,4,5,1.25
34974,Options,Tùy chọn,exact_duplicate,7,8,1.1428571428571428
34988,Height:,Chiều cao:,exact_duplicate,7,10,1.4285714285714286
34989,Width:,Chiều rộng:,exact_duplicate,6,11,1.8333333333333333
34992,Encoding:,& Bộ mã:,exact_duplicate,9,8,0.8888888888888888
34997,Mode,Phương thức,exact_duplicate,4,11,2.75
35017,Document,Tài liệu,exact_duplicate,8,8,1.0
35020,The document will be generated as a full latex document since all the include will be generated before the \\begin[document} and \\end{document} commands.,Tài liệu này sẽ được tạo ra dưới dạng một tài liệu LaTeX đầy đủ do tất cả các tài liệu cần bao gồm sẽ được tạo ra trước các lệnh\\ begin{ document} và\\ end{ document}.,noise_placeholder,154,168,1.0909090909090908
35024,Quality:,Chất lượng:,exact_duplicate,8,11,1.375
35026,Final,Cuối cùng,exact_duplicate,5,9,1.8
35027,Draft,Nháp,exact_duplicate,5,4,0.8
35033,Remove,Xóa,exact_duplicate,6,3,0.5
35034,Add,Thêm,exact_duplicate,3,4,1.3333333333333333
35035,Contents,Nội dung,exact_duplicate,8,8,1.0
35043,F1,F1,identical_pair; exact_duplicate,2,2,1.0
35044,& OK,Được,exact_duplicate; noise_ui_fragment,4,4,1.0
35045,& Cancel,& Dừng,noise_ui_fragment,8,6,0.75
35053,"These advanced options allow you to fine-tune the importing of formatting information. They compensate for differences between KWord and MS Write by adding extra formatting information (not found in the original document), to try to make the imported document look as close to the original as possible. It is safe to use the defaults, if unsure.","Các lựa chọn nâng cao này cho phép bạn tinh chỉnh việc nhập thông tin định dạng. Chúng bù đắp cho những khác biệt giữa KWord và MS Write bằng cách thêm thông tin định dạng (không có trong tài liệu gốc), để có làm cho tài liệu được nhập vào trông giống tài liệu gốc hết mức có thể. Dùng các mặc định là an toàn nếu bạn thấy không chắc chắn.",noise_ui_fragment,345,339,0.9826086956521739
35062,******** < SHEETNAME > ********,******** < T\\ xC3\\ x8ANT\\ xE1\\ xBB\\ x9C > ********,noise_markup_or_html_entity,31,55,1.7741935483870968
35063,< SHEETNAME > gets replaced by the name of the next sheet.,< T\\ xC3\\ x8ANT\\ xE1\\ xBB\\ x9C > được thay thế bởi tên của tờ tiếp theo.,noise_markup_or_html_entity; noise_ui_fragment,58,77,1.3275862068965518
35066,Delimiter,Dấu phân cách,exact_duplicate,9,13,1.4444444444444444
35067,Comma,Dấu phẩy,exact_duplicate,5,8,1.6
35068,Semicolon,Dấu chấm phẩy,exact_duplicate,9,13,1.4444444444444444
35069,Tabulator,Tab,exact_duplicate,9,3,0.3333333333333333
35073,"""","""",identical_pair; exact_duplicate,1,1,1.0
35074,',',identical_pair; exact_duplicate,1,1,1.0
35076,Common,Chung,exact_duplicate,6,5,0.8333333333333334
35077,Other,Khác,exact_duplicate,5,4,0.8
35079,& Format:,Định & dạng:,exact_duplicate,9,12,1.3333333333333333
35080,Ranges,Khoảng,exact_duplicate,6,6,1.0
35081,to,đến,exact_duplicate,2,3,1.5
35082,Import lines:,Nhập các dòng:,exact_duplicate,13,14,1.0769230769230769
35083,Import columns:,Nhập các cột:,exact_duplicate,15,13,0.8666666666666667
35084,Update,Cập nhật,exact_duplicate,6,8,1.3333333333333333
35085,Encoding:,& Bộ mã:,exact_duplicate,9,8,0.8888888888888888
35093,Style,Kiểu,exact_duplicate,5,4,0.8
35099,Layout,Bố trí,exact_duplicate,6,6,1.0
35106,Resolution:,Độ phân giải:,exact_duplicate,11,13,1.1818181818181819
35111,Choose...,Chọn...,exact_duplicate,9,7,0.7777777777777778
35132,Your names,"Nguyen Hung Vu (Nguyễn Hưng Vũ), nhóm Việt hóa KDEEMAIL OF TRANSLATORS",extreme_length_ratio; exact_duplicate,10,70,7.0
35133,Your emails,"vuhung@ fedụuec. ac. jp, kde- l10n- vi@ lists. kde. org",exact_duplicate,11,55,5.0
35135,KoUnavail,KoUnavail,identical_pair,9,9,1.0
35137,David Faure,David Faure,identical_pair; exact_duplicate,11,11,1.0
35141,Are you sure you want to delete the selected slide show?,Bạn có muốn gỡ bỏ trang hiện tạỉ Thao tác này không thể undonẹ,noise_ui_fragment,56,62,1.1071428571428572
35151,Delete Slide,Slide đã chọn,noise_ui_fragment,12,13,1.0833333333333333
35152,Delete the current slide,Trước trang hiện tại,noise_ui_fragment,24,20,0.8333333333333334
35155,Next Slide,Bước & kế,noise_ui_fragment,10,9,0.9
35159,Normal,Thông thường,exact_duplicate,6,12,2.0
35162,Edit Custom Slide Shows...,& Cấu hình trang...,exact_duplicate,26,19,0.7307692307692307
35169,No Effect,Không hiệu ứng,exact_duplicate,9,14,1.5555555555555556
35172,File to open,Tập tin để mở,exact_duplicate,12,13,1.0833333333333333
35175,Delete page effect,Hiệu ứng xóa trang,noise_ui_fragment,18,18,1.0
35176,Edit,Sửa,exact_duplicate,4,3,0.75
35181,KPresenter,KPresenter,identical_pair,10,10,1.0
35183,Thorsten Zachmann,Thorsten Zachmann,identical_pair,17,17,1.0
35185,Laurent Montel,Laurent Montel,identical_pair; exact_duplicate,14,14,1.0
35187,Reginald Stadlbauer,Reginald Stadlbauer,identical_pair,19,19,1.0
35188,Original author,Tác giả gốc,exact_duplicate,15,11,0.7333333333333333
35189,Werner Trobin,Werner Trobin,identical_pair; exact_duplicate,13,13,1.0
35190,David Faure,David Faure,identical_pair; exact_duplicate,11,11,1.0
35191,Toshitaka Fujioka,Toshitaka Fujioka,identical_pair; exact_duplicate,17,17,1.0
35192,Lukáš Tinkl,Lukáš Tinkl,language_suspect; identical_pair,11,11,1.0
35193,Ariya Hidayat,Ariya Hidayat,identical_pair; exact_duplicate,13,13,1.0
35194,Percy Leonhardt,Percy Leonhardt,identical_pair,15,15,1.0
35195,Thomas Zander,Thomas Zander,identical_pair; exact_duplicate,13,13,1.0
35207,& File,& Tập tin,exact_duplicate,6,9,1.5
35208,& Edit,& Sửa,exact_duplicate,6,5,0.8333333333333334
35209,& View,& Xem,exact_duplicate,6,5,0.8333333333333334
35210,& Insert,& Chèn,exact_duplicate,8,6,0.75
35211,Line,Đường,exact_duplicate,4,5,1.25
35212,Shape,Hình,exact_duplicate,5,4,0.8
35213,Format,Định & dạng,exact_duplicate,6,11,1.8333333333333333
35219,Spellcheck,Kiểm tra chính tả,exact_duplicate,10,17,1.7
35220,Autocorrection,Tự động sửa,exact_duplicate,14,11,0.7857142857142857
35222,& Settings,& Thiết lập,exact_duplicate; noise_ui_fragment,10,11,1.1
35223,File,Tập tin,exact_duplicate,4,7,1.75
35224,Insert,Chèn,exact_duplicate,6,4,0.6666666666666666
35225,Tools,Công cụ,exact_duplicate,5,7,1.4
35226,Format,Định dạng,exact_duplicate,6,9,1.5
35227,Text,Văn bản,exact_duplicate,4,7,1.75
35229,Navigation,Di chuyển,exact_duplicate,10,9,0.9
35233,Spell Check Result,Kết quả Kiểm tra Chính tả,exact_duplicate,18,25,1.3888888888888888
35235,Your names,"Nguyen Hung Vu( Nguyễn Hưng Vũ) Nguyen Vu Hung, nhóm Việt hóa KDEEMAIL OF TRANSLATORS",extreme_length_ratio,10,85,8.5
35236,Your emails,"vuhung@ fedụuec. ac. jp vuhung@ techviet. com, kde- l10n- vi@ lists. kde. org",extreme_length_ratio,11,77,7.0
35240,Delete slideshow,Slide đã chọn,noise_ui_fragment,16,13,0.8125
35244,Close,Màu:,noise_ui_fragment,5,4,0.8
35247,Edit Custom Slide Shows...,& Cấu hình trang...,exact_duplicate,26,19,0.7307692307692307
35325,Circle,Hình tròn,exact_duplicate,6,9,1.5
35390,Slide,Slide,identical_pair,5,5,1.0
35429,Form,Hiệu ứng Quét Trang trình diễn,extreme_length_ratio,4,30,7.5
35439,°,Nhảy tới Trang:,extreme_length_ratio,1,15,15.0
35448,Fade,Bóng,exact_duplicate,4,4,1.0
35458,%,Không bút,extreme_length_ratio,1,9,9.0
35478,Style:,Chuyển & bằng tay đến bước tiếp theo,extreme_length_ratio,6,36,6.0
35487,& Sharpness:,Số,extreme_length_ratio,12,2,0.16666666666666666
35495,Automatic & transition to the next slide after:,Màu tiêu đề:,noise_ui_fragment,47,12,0.2553191489361702
35520,%,Đường thẳng cắt chéo,extreme_length_ratio,1,20,20.0
35528,Plain,Thay cỡ đối tượng sang trái - trên,extreme_length_ratio,5,34,6.8
35550,Pyramid,& Mở rộng Nội dung tới Chiều cao đối tượng,extreme_length_ratio,7,42,6.0
35559,Read-only content cannot be changed. No modifications will be accepted.,Đầu đề slide,extreme_length_ratio,71,12,0.16901408450704225
35585,Extend Text Contents to Height,Pie,extreme_length_ratio,30,3,0.1
35588,Align Objects Top,Ảnh,extreme_length_ratio,17,3,0.17647058823529413
35591,Align Objects Centered (horizontal),Text,extreme_length_ratio,35,4,0.11428571428571428
35592,Close Object,Slideshow,noise_ui_fragment,12,9,0.75
35593,Closed Freehand,Số,extreme_length_ratio,15,2,0.13333333333333333
35597,Interface,Bạn có vể như chưa cài đặt PERL Nó cần để hoán chuyển tài liệu nàỵ Hãy cài đặt PERL và thử lạị,extreme_length_ratio,9,94,10.444444444444445
35600,Document Settings,Đặt tuỳ chọn mới,noise_ui_fragment,17,16,0.9411764705882353
35601,Default Tools Settings,Slide,noise_ui_fragment,22,5,0.22727272727272727
35603,Path Settings,Chèn Elip,noise_ui_fragment,13,9,0.6923076923076923
35608,Background object color:,Hiện,extreme_length_ratio,24,4,0.16666666666666666
35624,Autosave (min):,Ẩn,extreme_length_ratio,15,2,0.13333333333333333
35652,Invalid OASIS OpenDocument file. No office: body tag found.,Ảnh (% 1),extreme_length_ratio,59,9,0.15254237288135594
35653,Invalid OASIS OpenDocument file. No tag found inside office: body.,Slide% 1,extreme_length_ratio,66,8,0.12121212121212122
35654,You do not appear to have PERL installed. It is needed to convert this document. Please install PERL and try again.,Xoá đối tượng,extreme_length_ratio,115,13,0.11304347826086956
35684,Play,Joêmk slide trong presetation,extreme_length_ratio,4,29,7.25
35687,Disappear to Right,Arc,extreme_length_ratio,18,3,0.16666666666666666
35716,Add New Help Line,Ảnh,extreme_length_ratio,17,3,0.17647058823529413
35722,Delete Objects,Đặt nền,noise_ui_fragment,14,7,0.5
35723,Resize,Bạn có muốn tải một cấu hình có thể đã được dùng cho HTML Presentation mà bạn đã cất gần đâỷ,extreme_length_ratio,6,92,15.333333333333334
35751,& Manual transition to next step or slide,Đường thẳng,noise_ui_fragment,41,11,0.2682926829268293
35757,Arc,Đối tượng & Sticky,extreme_length_ratio,3,18,6.0
35763,Draw border around the slides,Số,extreme_length_ratio,29,2,0.06896551724137931
35770,pt,Nâng đối tượng,extreme_length_ratio,2,14,7.0
35773,Close From All Directions,& Quay đối tượng,noise_ui_fragment,25,16,0.64
35792,& Delete,Đầu đề slide,noise_ui_fragment,8,12,1.5
35794,Save Picture,Nhảy đến & cuối,noise_ui_fragment,12,15,1.25
35795,Save Failed,Nhảy đến & trang...,noise_ui_fragment,11,19,1.7272727272727273
35796,No chart component registered,& Màu,extreme_length_ratio,29,5,0.1724137931034483
35802,Do you want to load a previously saved configuration which will be used for this HTML Presentation?,800x600,extreme_length_ratio,99,7,0.0707070707070707
35803,*. kpweb_BAR_KPresenter HTML Presentation (*. kpweb),1024x768,extreme_length_ratio,52,8,0.15384615384615385
35808,Change Outline Color,...,extreme_length_ratio,20,3,0.15
35859,Send to Back,Text,noise_ui_fragment,12,4,0.3333333333333333
35865,Align & Bottom,"Nhập tên, email vào đầu đề trang web presentation. Và cũng nhập luôn đường dẫn đến nơi mà web presentation sẽ được tạo (Nó phải là một thư mục).",extreme_length_ratio,14,144,10.285714285714286
35874,Outline Style,"Bạn có thể chỉ định tiêu đề của mỗi slide Nhấn vào slide trong danh sách và nhập tiêu đề vào textbox. Nếu bạn nhấn vào tiêu đề, KPresenter mainview sẽ trượt tới slide này và bạn sẽ không nhìn thấy nó.",extreme_length_ratio,13,200,15.384615384615385
35987,Bricks,Gạch,exact_duplicate,6,4,0.6666666666666666
36003,Paper,Giấy,exact_duplicate,5,4,0.8
36005,Rain,Mưa,exact_duplicate,4,3,0.75
36008,Rocks,Đá,exact_duplicate,5,2,0.4
36011,Stone,Đá,exact_duplicate,5,2,0.4
36018,Wood,Gỗ,exact_duplicate,4,2,0.5
36019,& Edit,& Sửa,exact_duplicate,6,5,0.8333333333333334
36021,& View,& Xem,exact_duplicate,6,5,0.8333333333333334
36025,New,Mới,exact_duplicate,3,3,1.0
36027,Filter,& Lọc,exact_duplicate,6,5,0.8333333333333334
36028,& Tools,& Công cụ,exact_duplicate,7,9,1.2857142857142858
36029,Settings,Thiết lập,exact_duplicate; noise_ui_fragment,8,9,1.125
36030,View,Xem,exact_duplicate,4,3,0.75
36031,Layer,Lớp,exact_duplicate,5,3,0.6
36032,Edit,Sửa,exact_duplicate,4,3,0.75
36035,Your emails,kde- l10n- vi@ kde. org,exact_duplicate,11,23,2.090909090909091
36037,Name:,Tên:,exact_duplicate,5,4,0.8
36039,& Save to Presets,sửa định sẵn,noise_ui_fragment,17,12,0.7058823529411765
36045,Width:,Chiều rộng:,exact_duplicate,6,11,1.8333333333333333
36046,Height:,Chiều cao:,exact_duplicate,7,10,1.4285714285714286
36047,Resolution:,Độ phân giải:,exact_duplicate,11,13,1.1818181818181819
36048,Mode,Phương thức,exact_duplicate,4,11,2.75
36050,Description:,Mô tả:,exact_duplicate,12,6,0.5
36051,& Name:,& Tên:,exact_duplicate,7,6,0.8571428571428571
36057,Options,Tùy chọn,exact_duplicate,7,8,1.1428571428571428
36059,...,...,identical_pair; exact_duplicate,3,3,1.0
36061,Opacity:,Độ đậm đặc:,exact_duplicate,8,11,1.375
36082,Vertical spacing:,Dọc,extreme_length_ratio,17,3,0.17647058823529413
36084,Main:,Chính:,exact_duplicate,5,6,1.2
36085,Lines,Đường,exact_duplicate,5,5,1.0
36091,Color,Màu,exact_duplicate,5,3,0.6
36092,Contents,Nội dung,exact_duplicate,8,8,1.0
36094,Transparent,Trong suốt,exact_duplicate,11,10,0.9090909090909091
36099,Create,Tạo,exact_duplicate,6,3,0.5
36102,Left:,Trái:,exact_duplicate,5,5,1.0
36103,Right:,Phải:,exact_duplicate,6,5,0.8333333333333334
36109,RGB,RGB,identical_pair; exact_duplicate,3,3,1.0
36115,Color Settings,Thiết lập Màu,noise_ui_fragment,14,13,0.9285714285714286
36117,Display,Hiển thị,exact_duplicate,7,8,1.1428571428571428
36120,Relative Colorimetric,Đo màu tương đối,exact_duplicate,21,16,0.7619047619047619
36121,Saturation,Bão hoà,exact_duplicate,10,7,0.7
36122,Absolute Colorimetric,Đo màu tuyệt đối,exact_duplicate,21,16,0.7619047619047619
36123,Printing,In ấn,exact_duplicate,8,5,0.625
36131,Delete,Xóa,exact_duplicate; noise_ui_fragment,6,3,0.5
36132,Close,Đóng,exact_duplicate; noise_ui_fragment,5,4,0.8
36134,OpenGL,OpenGL,identical_pair; exact_duplicate,6,6,1.0
36138,Color:,Màu:,exact_duplicate,6,4,0.6666666666666666
36150,Model:,Mô hình:,exact_duplicate,6,8,1.3333333333333333
36151,Depth:,Độ sâu:,exact_duplicate,6,7,1.1666666666666667
36152,Source:,Nguồn:,exact_duplicate,7,6,0.8571428571428571
36154,Export,Xuất,exact_duplicate,6,4,0.6666666666666666
36162,1: 1,1: 1,identical_pair,4,4,1.0
36165,Automatically update the preview whenever the filter settings change,Tự động cập nhật hình xem trước mỗi khi thiết lập lọc thay đổi,noise_ui_fragment,68,62,0.9117647058823529
36166,Dialog,Hộp thoại,exact_duplicate,6,9,1.5
36167,Apply,Áp dụng,exact_duplicate,5,7,1.4
36169,Cancel,Thôi,exact_duplicate; noise_ui_fragment,6,4,0.6666666666666666
36188,Mode:,Chế độ:,exact_duplicate,5,7,1.4
36193,Intersect (Shortcut T),Ngắn,extreme_length_ratio,22,4,0.18181818181818182
36195,Subtract (Shortcut S),Ngắn,extreme_length_ratio,21,4,0.19047619047619047
36210,Red,Đỏ,exact_duplicate,3,2,0.6666666666666666
36211,Green,Xanh lá cây,exact_duplicate,5,11,2.2
36212,Blue,Xanh nước biển,exact_duplicate,4,14,3.5
36215,X:,X:,identical_pair; exact_duplicate,2,2,1.0
36220,Y:,Y:,identical_pair; exact_duplicate,2,2,1.0
36223,Image,Ảnh,exact_duplicate,5,3,0.6
36233,Value,Giá trị,exact_duplicate,5,7,1.4
36255,Rotation,Xoay,exact_duplicate,8,4,0.5
36256,Constant,Hằng số,exact_duplicate,8,7,0.875
36257,°,°,identical_pair,1,1,1.0
36258,Random,Ngẫu nhiên,exact_duplicate,6,10,1.6666666666666667
36265,Spacing:,Để cách:,exact_duplicate,8,8,1.0
36267,Count,Số lượng,exact_duplicate,5,8,1.6
36268,%,%,identical_pair; exact_duplicate,1,1,1.0
36270,Gaussian distribution,Chọn,extreme_length_ratio,21,4,0.19047619047619047
36283,Brush Settings,Thiết lập,noise_ui_fragment,14,9,0.6428571428571429
36290,& OK,Được,exact_duplicate; noise_ui_fragment,4,4,1.0
36291,& Cancel,& Thôi,exact_duplicate; noise_ui_fragment,8,6,0.75
36305,Length:,Chiều dài:,exact_duplicate,7,10,1.4285714285714286
36317,Text,Chữ,exact_duplicate,4,3,0.75
36319,Font:,Phông chữ:,exact_duplicate,5,10,2.0
36321,Circle,Hình tròn,exact_duplicate,6,9,1.5
36323,Size,Cỡ,exact_duplicate,4,2,0.5
36324,Fade,Bóng,exact_duplicate,4,4,1.0
36328,Angle:,Góc:,exact_duplicate,6,4,0.6666666666666666
36329,Filter Settings,Thiết lập Màu,noise_ui_fragment,15,13,0.8666666666666667
36343,Dynamics settings,Chổi động,noise_ui_fragment,17,9,0.5294117647058824
36355,Line,Đường,exact_duplicate,4,5,1.25
36370,Vertical Radius:,Dọc,extreme_length_ratio,16,3,0.1875
36381,Shadows,Bóng,exact_duplicate,7,4,0.5714285714285714
36387,+,+,identical_pair; exact_duplicate,1,1,1.0
36388,Contrast,Độ tương phản,exact_duplicate,8,13,1.625
36389,-,-,identical_pair; exact_duplicate,1,1,1.0
36390,Brightness,Độ sáng,exact_duplicate,10,7,0.7
36393,Value:,Giá trị:,exact_duplicate,6,8,1.3333333333333333
36394,Channel:,Kênh:,exact_duplicate,8,5,0.625
36396,Threshold:,Ngưỡng:,exact_duplicate,10,7,0.7
36435,Basic,Cơ bản,exact_duplicate,5,6,1.2
36442,None,Không,exact_duplicate,4,5,1.25
36453,"p, li {white-space: pre-wrap;} #extension GL_ARB_texture_rectangle: enable uniform sampler2DRect image; void main() {gl_FragColor = texture2DRect(image, gl_TexCoord[0]. st);}","p, li {white- space: pre- wrap;} # extension GL_ ARB_ texture_ rectangle: enable uniform sampler2DRect image; void main () {gl_ FragColor = texture2DRect( image, gl_ TexCoord[ 0]. st);}",noise_placeholder,174,185,1.0632183908045978
36454,"p, li {white-space: pre-wrap;} void main() {gl_TexCoord[0] = gl_MultiTexCoord0; gl_Position = ftransform();}","p, li {white- space: pre- wrap;} void main () {gl_ TexCoord[ 0] = gl_ MultiTexCoord0; gl_ Position = ftransform ();}",noise_placeholder,108,116,1.0740740740740742
36458,"p, li {white-space: pre-wrap;} Width and Height of the tiles (must be a power of two)",Chiều rộng và chiều cao của các miếng (phải là số mũ của 2),noise_placeholder,85,59,0.6941176470588235
36464,Opacity:,Độ đậm đặc:,exact_duplicate,8,11,1.375
36466,Red:,Đỏ:,exact_duplicate,4,3,0.75
36471,Alpha:,Alpha:,identical_pair,6,6,1.0
36475,Actions:,Hành động:,exact_duplicate,8,10,1.25
36481,Delete the current action,& Thêm vào lựa chọn,noise_ui_fragment,25,19,0.76
36485,00000,00000,identical_pair,5,5,1.0
36486,1:1,1: 1,exact_duplicate,3,4,1.3333333333333333
36516,Resolution,Độ phân giải,exact_duplicate,10,12,1.2
36522,& Width:,Chiều & rộng:,exact_duplicate,8,13,1.625
36561,Date:,Ngày:,exact_duplicate,5,5,1.0
36562,Title:,Tựa đề:,exact_duplicate,6,7,1.1666666666666667
36567,Auto,Tự động,exact_duplicate,4,7,1.75
36568,Manual,Bằng tay,exact_duplicate,6,8,1.3333333333333333
36580,Aperture:,Độ mở:,exact_duplicate,9,6,0.6666666666666666
36590,Unknown,Không rõ,exact_duplicate,7,8,1.1428571428571428
36591,Average,Trung bình,exact_duplicate,7,10,1.4285714285714286
36596,Other,Khác,exact_duplicate,5,4,0.8
36597,Close view,Khung xem gần,noise_ui_fragment,10,13,1.3
36617,Shade,Bóng,exact_duplicate,5,4,0.8
36625,D55,D55,identical_pair,3,3,1.0
36626,D65,D65,identical_pair,3,3,1.0
36627,D75,D75,identical_pair,3,3,1.0
36628,D50,D50,identical_pair,3,3,1.0
36631,Sharpness:,Độ sắc:,exact_duplicate,10,7,0.7
36632,Normal,Bình thường,exact_duplicate,6,11,1.8333333333333333
36633,Soft,Mềm,exact_duplicate,4,3,0.75
36634,Hard,Cứng,exact_duplicate,4,4,1.0
36635,Contrast:,Độ tương phản:,exact_duplicate,9,14,1.5555555555555556
36640,Standard,Tiêu chuẩn,exact_duplicate,8,10,1.25
36641,Landscape,Nằm ngang,exact_duplicate,9,9,1.0
36652,CMYK,CMYK,identical_pair; exact_duplicate,4,4,1.0
36660,Filename,Tên tập tin,exact_duplicate,8,11,1.375
36675,Source,Nguồn,exact_duplicate,6,5,0.8333333333333334
36689,Phi:,Phi:,identical_pair,4,4,1.0
36693,Brightness:,Độ sáng:,exact_duplicate,11,8,0.7272727272727273
36699,2,2,identical_pair; exact_duplicate,1,1,1.0
36700,4,4,identical_pair; exact_duplicate,1,1,1.0
36704,Ok,Được,exact_duplicate; noise_ui_fragment,2,4,2.0
36709,Select,Chọn,exact_duplicate,6,4,0.6666666666666666
36725,Swap Foreground and Background Color,Màu Mặt,extreme_length_ratio,36,7,0.19444444444444445
36726,Reset Foreground and Background Color,Màu Mặt,extreme_length_ratio,37,7,0.1891891891891892
36728,Mode:,Chế độ:,exact_duplicate,5,7,1.4
36735,General,Chung,exact_duplicate,7,5,0.7142857142857143
36736,Color Management,Quản lý màu,exact_duplicate,16,11,0.6875
36738,Grid,Lưới,exact_duplicate,4,4,1.0
36739,Krita,Krita,identical_pair,5,5,1.0
36758,Adrian Page,Adrian Page,identical_pair; exact_duplicate,11,11,1.0
36759,Alan Horkan,Alan Horkan,identical_pair,11,11,1.0
36760,Bart Coppens,Bart Coppens,identical_pair,12,12,1.0
36761,Boudewijn Rempt,Boudewijn Rempt,identical_pair,15,15,1.0
36762,Carsten Pfeiffer,Carsten Pfeiffer,identical_pair; exact_duplicate,16,16,1.0
36763,Casper Boemann,Casper Boemann,identical_pair,14,14,1.0
36764,Clarence Dang,Clarence Dang,identical_pair; exact_duplicate,13,13,1.0
36765,Cyrille Berger,Cyrille Berger,identical_pair,14,14,1.0
36766,Dirk Schoenberger,Dirk Schoenberger,identical_pair,17,17,1.0
36767,Danny Allen,Danny Allen,identical_pair; exact_duplicate,11,11,1.0
36768,Emanuele Tamponi,Emanuele Tamponi,identical_pair,16,16,1.0
36769,Gábor Lehel,Gábor Lehel,language_suspect; identical_pair,11,11,1.0
36770,John Califf,John Califf,identical_pair; exact_duplicate,11,11,1.0
36771,Laurent Montel,Laurent Montel,identical_pair; exact_duplicate,14,14,1.0
36772,Matthias Elter,Matthias Elter,identical_pair,14,14,1.0
36773,Melchior Franz,Melchior Franz,identical_pair,14,14,1.0
36774,Michael Koch,Michael Koch,identical_pair,12,12,1.0
36775,Michael Thaler,Michael Thaler,identical_pair,14,14,1.0
36776,Patrick Julien,Patrick Julien,identical_pair,14,14,1.0
36777,Roger Larsson,Roger Larsson,identical_pair,13,13,1.0
36779,Sven Langkamp,Sven Langkamp,identical_pair,13,13,1.0
36780,Toshitaka Fujioka,Toshitaka Fujioka,identical_pair; exact_duplicate,17,17,1.0
36781,Thomas Zander,Thomas Zander,identical_pair; exact_duplicate,13,13,1.0
36782,Tom Burdick,Tom Burdick,identical_pair,11,11,1.0
36783,Sander Koning,Sander Koning,identical_pair,13,13,1.0
36784,Andreas Lundin,Andreas Lundin,identical_pair,14,14,1.0
36786,Mirror Vertically,Dọc,extreme_length_ratio,17,3,0.17647058823529413
36790,Save Layer as Image...,Lưu lớp thành ảnh...,noise_ui_fragment,22,20,0.9090909090909091
36814,Palette,Bảng màu,exact_duplicate,7,8,1.1428571428571428
36823,Visible,Nhìn thấy,exact_duplicate,7,9,1.2857142857142858
36837,Show Dockers,Đá,extreme_length_ratio,12,2,0.16666666666666666
36852,Delete,Xóa,exact_duplicate; noise_ui_fragment,6,3,0.5
36861,Cut,Cắt,exact_duplicate,3,3,1.0
36864,Clear,Xóa,exact_duplicate,5,3,0.6
36870,%1%,% 1%,exact_duplicate,3,4,1.3333333333333333
36884,Smart,Thông minh,exact_duplicate,5,10,2.0
36887,Transformation Mask Settings,Hiệu ứng biến hình,noise_ui_fragment,28,18,0.6428571428571429
36889,Box,Hộp,exact_duplicate,3,3,1.0
36893,Lanczos3,Lanczos3,identical_pair,8,8,1.0
36894,Mitchell,Mitchell,identical_pair,8,8,1.0
36899,Raise,Nâng lên,exact_duplicate,5,8,1.6
36906,Deselect,Bỏ chọn,exact_duplicate,8,7,0.875
36925,Open,Cho layer hiện tại lên trên,extreme_length_ratio,4,27,6.75
36944,Distance:,Khoảng cách:,exact_duplicate,9,12,1.3333333333333333
36945,Angle:,Góc:,exact_duplicate,6,4,0.6666666666666666
36947,Rate:,Lặp lại,exact_duplicate,5,7,1.4
36954,Threshold:,Ngưỡng:,exact_duplicate,10,7,0.7
36962,Repeat:,Lặp lại: the gradient will be drawn with the color order reversed,extreme_length_ratio,7,65,9.285714285714286
37023,Spacing:,Để cách:,exact_duplicate,8,8,1.0
37025,Darken,Làm tối,exact_duplicate,6,7,1.1666666666666667
37026,Speed,Tốc độ,exact_duplicate,5,6,1.2
37033,Rate:,Lặp lại,exact_duplicate,5,7,1.4
37045,dabs per actual radius,Dọc,extreme_length_ratio,22,3,0.13636363636363635
37065,Alpha,Alpha,identical_pair; exact_duplicate,5,5,1.0
37066,Long,Dài,exact_duplicate,4,3,0.75
37068,Short,Ngắn,exact_duplicate,5,4,0.8
37085,Radius,Bán kính,exact_duplicate,6,8,1.3333333333333333
37088,Raindrops,Giọt mưa,exact_duplicate,9,8,0.8888888888888888
37091,Number,Số,exact_duplicate,6,2,0.3333333333333333
37094,Wave,Sóng,exact_duplicate,4,4,1.0
37115,Wavelet Noise Reducer,Chọn,extreme_length_ratio,21,4,0.19047619047619047
37116,& Wavelet Noise Reducer,Chọn,extreme_length_ratio,23,4,0.17391304347826086
37119,& Gaussian Noise Reduction,Chọn,extreme_length_ratio,26,4,0.15384615384615385
37131,Depth,Độ sâu,exact_duplicate,5,6,1.2
37147,Select a Background,nền,extreme_length_ratio,19,3,0.15789473684210525
37157,Save all actions,Lưu tất cả các hành động,noise_ui_fragment,16,24,1.5
37161,Save macro,Phóng Lớp,noise_ui_fragment,10,9,0.9
37164,Layers,Layers,identical_pair,6,6,1.0
37211,180°,180°,identical_pair,4,4,1.0
37216,Date,Ngày:,exact_duplicate,4,5,1.25
37225,Invalid image size,ảnh,extreme_length_ratio,18,3,0.16666666666666666
37238,Reinhard 02,Reinhard 02,identical_pair,11,11,1.0
37239,Reinhard 05,Reinhard 05,identical_pair,11,11,1.0
37240,Ashikhmin 02,Ashikhmin 02,identical_pair,12,12,1.0
37259,Paint a path,Đo,extreme_length_ratio,12,2,0.16666666666666666
37266,GRAY/ Alpha16 Histogram,Xám,extreme_length_ratio,23,3,0.13043478260869565
37311,Erase parts of a selection with a brush,& Hiện,extreme_length_ratio,39,6,0.15384615384615385
37316,Choose Brush to Add,Ẩn,extreme_length_ratio,19,2,0.10526315789473684
37321,& Add...,Tẩy các phần của phần chọn bằng một cái chổi,extreme_length_ratio,8,44,5.5
37386,Watercolor Physics Simulation Filter,Tên,extreme_length_ratio,36,3,0.08333333333333333
37397,Bears,Cho layer hiện tại lên trên,extreme_length_ratio,5,27,5.4
37430,Select a polygonal area,Màu,extreme_length_ratio,23,3,0.13043478260869565
37431,Select Similar Colors,Màu,extreme_length_ratio,21,3,0.14285714285714285
37443,& Rectangular Selection,Màu,extreme_length_ratio,23,3,0.13043478260869565
37445,Vertical sensor:,ảnh,extreme_length_ratio,16,3,0.1875
37461,& Pre-defined canvas types:,Chọn,extreme_length_ratio,27,4,0.14814814814814814
37515,Polygonal Select Tool,Chọn,extreme_length_ratio,21,4,0.19047619047619047
37517,Elliptical Select Tool,Chọn,extreme_length_ratio,22,4,0.18181818181818182
37522,Unable to Save Image,Chọn hình chữ & nhật,noise_ui_fragment,20,20,1.0
37526,& Insert,& Chèn,exact_duplicate,8,6,0.75
37527,& Tools,Công cụ,exact_duplicate,7,7,1.0
37531,Your names,"Nguyen Hung Vu( Nguyễn Hưng Vũ), nhóm Việt hóa KDEEMAIL OF TRANSLATORS",extreme_length_ratio; exact_duplicate,10,70,7.0
37532,Your emails,"vuhung@ fedu. uec. ac. jp, kde- l10n- vi@ lists. kde. org",extreme_length_ratio,11,57,5.181818181818182
37533,General,Chung,exact_duplicate,7,5,0.7142857142857143
37538,Text,Văn bản,exact_duplicate,4,7,1.75
37552,Create,Tạo,exact_duplicate,6,3,0.5
37556,& Delete,Xoá( delete),noise_ui_fragment,8,12,1.5
37562,Position,Vị trí,exact_duplicate,8,6,0.75
37565,Width:,Chiều rộng:,exact_duplicate,6,11,1.8333333333333333
37566,Height:,Chiều cao:,exact_duplicate,7,10,1.4285714285714286
37567,Margins,Lề,exact_duplicate,7,2,0.2857142857142857
37570,Top:,Đỉnh:,exact_duplicate,4,5,1.25
37571,Right:,Phải:,exact_duplicate,6,5,0.8333333333333334
37572,Left:,Trái:,exact_duplicate,5,5,1.0
37573,Create New Bookmark,Xoá( delete),noise_ui_fragment,19,12,0.631578947368421
37574,Name:,Tên:,exact_duplicate,5,4,0.8
37591,Left,Trái,exact_duplicate,4,4,1.0
37592,Right,Phải,exact_duplicate,5,4,0.8
37600,Lines,Các dòng,exact_duplicate,5,8,1.6
37604,...,...,identical_pair; exact_duplicate,3,3,1.0
37606,& File,& Tập tin,exact_duplicate,6,9,1.5
37607,& Edit,& Sửa,exact_duplicate,6,5,0.8333333333333334
37608,& View,& Xem,exact_duplicate,6,5,0.8333333333333334
37610,& Insert,Chèn,exact_duplicate,8,4,0.5
37611,Format,Định & dạng,exact_duplicate,6,11,1.8333333333333333
37613,& Tools,Công cụ,exact_duplicate,7,7,1.0
37614,Spellcheck,Kiểm tra chính tả,exact_duplicate,10,17,1.7
37615,Autocorrection,Tự động sửa,exact_duplicate,14,11,0.7857142857142857
37617,& Settings,& Thiết lập,exact_duplicate; noise_ui_fragment,10,11,1.1
37618,Edit,Sửa,exact_duplicate,4,3,0.75
37619,Table,Bảng,exact_duplicate,5,4,0.8
37620,Insert,Chèn,exact_duplicate,6,4,0.6666666666666666
37622,Font,Phông chữ,exact_duplicate,4,9,2.25
37623,Format,Định dạng,exact_duplicate,6,9,1.5
37626,Spell Check Result,Kết quả Kiểm tra Chính tả,exact_duplicate,18,25,1.3888888888888888
37647,Column,Cột,exact_duplicate,6,3,0.5
37678,Options,Tùy chọn,exact_duplicate,7,8,1.1428571428571428
37680,Statistics,Thống kê,exact_duplicate,10,8,0.8
37684,"A bookmark with the name ""%1"" already exists.",the,extreme_length_ratio,45,3,0.06666666666666667
37685,File to open,Tập tin để mở,exact_duplicate,12,13,1.0833333333333333
37695,Insert Page,Chèn Trang,exact_duplicate,11,10,0.9090909090909091
37696,Delete Frame,Xóa Khung,noise_ui_fragment,12,9,0.75
37701,Force the remainder of the text into the next page,Bắt buộc phần văn bản còn lại sang trang tiếp theo,noise_ui_fragment,50,50,1.0
37702,All text after this point will be moved into the next page.,Tất cả văn bản sau điểm này sẽ bị di chuyển sang trang tiếp theo.,noise_ui_fragment,59,65,1.1016949152542372
37711,Send to Back,Đẩy ra Phía sau,noise_ui_fragment,12,15,1.25
37716,Insert a picture into document,Chèn,extreme_length_ratio,30,4,0.13333333333333333
37722,"Change properties of the entire page. Currently you can change paper size, paper orientation, header and footer sizes, and column settings.","Thay đổi thuộc tính của toàn bộ trang. Hiện tại bạn có thể thay đổi khích thước trang, hướng giấy, cỡ header và footer, và thiết lập cột.",noise_ui_fragment,139,137,0.9856115107913669
37724,Next Page,Chèn Trang,noise_ui_fragment,9,10,1.1111111111111112
37730,Delete Page,Xoá Trang,noise_ui_fragment,11,9,0.8181818181818182
37735,Delete,Xoá( delete),noise_ui_fragment,6,12,2.0
37751,Invalid OASIS OpenDocument file. No office: body tag found.,Tập tin Tài liệu Mở OASIS không hợp lệ. Không tìm thấy phần tử office: body.,exact_duplicate,59,76,1.2881355932203389
37752,Invalid OASIS OpenDocument file. No tag found inside office: body.,Tập tin Tài liệu Mở OASIS không hợp lệ. Không tìm thấy phần tử nào bên trong office: body.,exact_duplicate,66,90,1.3636363636363635
37755,KWord,KWord,identical_pair,5,5,1.0
37757,Thomas Zander,Thomas Zander,identical_pair; exact_duplicate,13,13,1.0
37758,David Faure,David Faure,identical_pair; exact_duplicate,11,11,1.0
37759,Laurent Montel,Laurent Montel,identical_pair; exact_duplicate,14,14,1.0
37760,Sven Lüppken,Sven Lüppken,identical_pair,12,12,1.0
37761,Frank Dekervel,Frank Dekervel,identical_pair,14,14,1.0
37762,Krister Wicksell Eriksson,Krister Wicksell Eriksson,identical_pair,25,25,1.0
37763,Dag Andersen,Dag Andersen,identical_pair,12,12,1.0
37764,Nash Hoogwater,Nash Hoogwater,identical_pair,14,14,1.0
37765,Ulrich Kuettler,Ulrich Kuettler,identical_pair; exact_duplicate,15,15,1.0
37766,KFormula,KFormula,identical_pair; exact_duplicate,8,8,1.0
37767,Shaheed Haque,Shaheed Haque,identical_pair,13,13,1.0
37768,Werner Trobin,Werner Trobin,identical_pair; exact_duplicate,13,13,1.0
37769,Nicolas Goutte,Nicolas Goutte,identical_pair,14,14,1.0
37770,Ariya Hidayat,Ariya Hidayat,identical_pair; exact_duplicate,13,13,1.0
37771,Clarence Dang,Clarence Dang,identical_pair; exact_duplicate,13,13,1.0
37772,Robert Jacolin,Robert Jacolin,identical_pair,14,14,1.0
37773,Enno Bartels,Enno Bartels,identical_pair,12,12,1.0
37774,Ewald Snel,Ewald Snel,identical_pair,10,10,1.0
37775,Tomasz Grobelny,Tomasz Grobelny,identical_pair,15,15,1.0
37776,Michael Johnson,Michael Johnson,identical_pair,15,15,1.0
37777,Copy,Chép,exact_duplicate,4,4,1.0
37779,Installation Error,Lỗi Cài đặt,exact_duplicate,18,11,0.6111111111111112
37793,Document,Xoá( delete).,noise_ui_fragment,8,13,1.625
37795,Delete selected pages,Xoá Trang,noise_ui_fragment,21,9,0.42857142857142855
37796,Delete Layer,Thông tin,noise_ui_fragment,12,9,0.75
37808,& Keep Settings...,Tên & máy:,noise_ui_fragment,18,10,0.5555555555555556
37852,> > > Field %1 is unknown in the current database query < < <,BÍ MẬT,extreme_length_ratio,61,6,0.09836065573770492
37855,Store Settings,Nhập mật khẩu cho kết nối với cơ sở dữ liệu,noise_ui_fragment,14,43,3.0714285714285716
37860,Include,Ô,extreme_length_ratio,7,1,0.14285714285714285
37870,Port:,Đã có danh sách phân phói có tên% 1. Hãy chọn một tên khác.,extreme_length_ratio,5,59,11.8
37879,Delete the currently selected frame(s),Máy:,extreme_length_ratio; noise_ui_fragment,38,4,0.10526315789473684
37886,Read-only content cannot be changed. No modifications will be accepted.,Tài liệu HTML,extreme_length_ratio,71,13,0.18309859154929578
37890,KWord is unable to insert the table because there is not enough space available.,Cỡ:,extreme_length_ratio,80,3,0.0375
37894,Interface Settings,Mép trang:,noise_ui_fragment,18,10,0.5555555555555556
37897,Misc Settings,Phải sang trái,noise_ui_fragment,13,14,1.0769230769230769
37899,Path Settings,Mép Phải:,noise_ui_fragment,13,9,0.6923076923076923
37901,The number of files remembered in the file open dialog and in the recent files menu item.,Bố trí Trang:,extreme_length_ratio,89,13,0.14606741573033707
37904,"Configure the indent width used when using the'Increase 'or'Decrease' indentation buttons on a paragraph. The lower the value, the more often the buttons will have to be pressed to gain the same indentation.",Đang In.,extreme_length_ratio,207,8,0.03864734299516908
37905,& Paragraph indent by toolbar buttons:,Chèn,extreme_length_ratio,38,4,0.10526315789473684
37906,"After selecting Preview Mode (from the ""View"" menu,) this is the number of pages KWord will position on one horizontal row.",Text,extreme_length_ratio,123,4,0.032520325203252036
37907,Number of pages per row in preview mode:,Xoá( delete),noise_ui_fragment,40,12,0.3
37912,View Formatting,Xoá( delete),noise_ui_fragment,15,12,0.8
37916,View formatting break,Bảng,extreme_length_ratio,21,4,0.19047619047619047
37917,Change Display Link Command,Bảng,extreme_length_ratio,27,4,0.14814814814814814
37920,When setting a document to use more than one column this distance will be used to separate the columns. This value is merely a default setting as the column spacing can be changed per document,Công thức,extreme_length_ratio,192,9,0.046875
37923,A backup copy of the current document is created when a change has been made. The interval used to create backup documents is set here.,Số:,extreme_length_ratio,135,3,0.022222222222222223
37930,Change Starting Page Number,Bỏ,extreme_length_ratio,27,2,0.07407407407407407
37940,Configure the separator line. The separator line is drawn directly above the frame for the footnotes.,Xoá( delete),extreme_length_ratio; noise_ui_fragment,101,12,0.1188118811881188
37941,Centered,Xoá( delete) the thẹ,noise_ui_fragment,8,20,2.5
37942,%,Xoá( delete).,extreme_length_ratio; noise_ui_fragment,1,13,13.0
37943,& Width:,Xoá( delete),noise_ui_fragment,8,12,1.5
37944,"The width is the thickness of the separator line, set to 0 for no separator line.",Xoá( delete):,extreme_length_ratio; noise_ui_fragment,81,13,0.16049382716049382
37945,& Size on page:,Xoá( delete):,noise_ui_fragment,15,13,0.8666666666666667
37946,The size of the separator line can be defined as a percentage of the width of the page.,Xoá( delete):,extreme_length_ratio; noise_ui_fragment,87,13,0.14942528735632185
37948,Solid,Xoá( delete),noise_ui_fragment,5,12,2.4
37951,Dash Dot Dot Line,Dán,extreme_length_ratio,17,3,0.17647058823529413
37952,The separator line can be drawn as a solid line or as a line which has a pattern; the pattern can be set in the style-type.,Xoá( delete),extreme_length_ratio; noise_ui_fragment,123,12,0.0975609756097561
37953,Change End-/ Footnote Variable Settings,Xoá( delete),noise_ui_fragment,39,12,0.3076923076923077
37954,Change Footnote Line Separator Settings,Xoá( delete),noise_ui_fragment,39,12,0.3076923076923077
37955,Rename Bookmark...,Xoá( delete),noise_ui_fragment,18,12,0.6666666666666666
37956,"That name already exists, please choose another name.",Xoá( delete),noise_ui_fragment,53,12,0.22641509433962265
37957,Delete Bookmark,Biên soạn,noise_ui_fragment,15,9,0.6
37958,Delete Row,Chèn,noise_ui_fragment,10,4,0.4
37959,Delete Column,Mới,noise_ui_fragment,13,3,0.23076923076923078
37960,Delete the row from the table.,Mới:,extreme_length_ratio; noise_ui_fragment,30,4,0.13333333333333333
37961,Delete the column from the table.,Chèn,extreme_length_ratio; noise_ui_fragment,33,4,0.12121212121212122
37962,Delete the whole table?,Tự động,noise_ui_fragment,23,7,0.30434782608695654
37963,Delete all selected rows?,Sách hướng dẫn,noise_ui_fragment,25,14,0.56
37964,Delete row number %1?,Cấu hình,noise_ui_fragment,21,8,0.38095238095238093
37965,Delete column number %1?,Bảng,extreme_length_ratio; noise_ui_fragment,24,4,0.16666666666666666
37966,Delete rows: %1?,đến,extreme_length_ratio; noise_ui_fragment,16,3,0.1875
37967,Delete columns: %1?,đếnRun Around,noise_ui_fragment,19,13,0.6842105263157895
37979,This document was created with a newer version of KWord (syntax version: %1) Opening it in this version of KWord will lose some information.,Thay đổi,extreme_length_ratio,140,8,0.05714285714285714
37982,Delete Table,Thay đổi Phải Viền,noise_ui_fragment,12,18,1.5
37983,Delete Text Frame,Thay đổi Đỉnh Viền,noise_ui_fragment,17,18,1.0588235294117647
37984,Delete Formula Frame,Thay đổi Đáy Viền,noise_ui_fragment,20,17,0.85
37985,Delete Picture Frame,đến the the đến?,noise_ui_fragment,20,16,0.8
37993,Insert Footnote/ Endnote,Chèn,extreme_length_ratio,24,4,0.16666666666666666
38000,Frame Properties for New Frame,Xoá( delete),noise_ui_fragment,30,12,0.4
38002,Frame Settings for %1,Số Dòng:,noise_ui_fragment,21,8,0.38095238095238093
38007,Protect content: Disallow changes to be made to the contents of the frame(s).,Bảng,extreme_length_ratio,77,4,0.05194805194805195
38008,& Left,Chiều cao:,exact_duplicate,6,10,1.6666666666666667
38012,Background,Xoá( delete) the thẹ,noise_ui_fragment,10,20,2.0
38013,Set new color on all selected frames,Tháo gỡ,extreme_length_ratio,36,7,0.19444444444444445
38015,Background style:,Xoá( delete) the thẹ,noise_ui_fragment,17,20,1.1764705882352942
38026,Diagonal Crossing Lines,Chèn,extreme_length_ratio,23,4,0.17391304347826086
38030,A new frameset with the name '%1 'can not be made because a frameset with that name already exists. Please enter another name or select an existing frameset from the list.,Chèn,extreme_length_ratio,171,4,0.023391812865497075
38032,The frame will not be resized because the new size would be greater than the size of the page.,Chèn,extreme_length_ratio,94,4,0.0425531914893617
38033,Make Frameset Inline,Xoá( delete),noise_ui_fragment,20,12,0.6
38034,Make Frameset Non-Inline,Xoá( delete),noise_ui_fragment,24,12,0.5
38042,You are about to reconnect the last frame of the frameset '%1 '. The contents of this frameset will be deleted. Are you sure you want to do that?,Sửạ..,extreme_length_ratio,145,5,0.034482758620689655
38045,Synchronize changes: When this is checked any change in margins will be used for all directions.,Chèn,extreme_length_ratio,96,4,0.041666666666666664
38048,Frame background color:,Xoá( delete),noise_ui_fragment,23,12,0.5217391304347826
38052,File does not contain any styles. It may be the wrong version.,Bảng,extreme_length_ratio,62,4,0.06451612903225806
38053,Select style to import:,Bảng,extreme_length_ratio,23,4,0.17391304347826086
38062,No plugins supporting the requested action were found.,Text Màụ,extreme_length_ratio,54,8,0.14814814814814814
38069,Mail Merge - Variable Name,Viền,extreme_length_ratio,26,4,0.15384615384615385
38075,Sort Text,Xoá( delete) the thẹ,noise_ui_fragment,9,20,2.2222222222222223
38076,Increase,Xoá( delete) the thẹ,noise_ui_fragment,8,20,2.5
38077,Decrease,Xoá( delete) the thẹ,noise_ui_fragment,8,20,2.5
38079,Number of columns:,Xoá( delete),noise_ui_fragment,18,12,0.6666666666666666
38081,Table Settings,Chèn Bảng,noise_ui_fragment,14,9,0.6428571428571429
38092,Table Style Manager,Xoá( delete),noise_ui_fragment,19,12,0.631578947368421
38094,& Customize,Xoá( delete),noise_ui_fragment,11,12,1.0909090909090908
38109,Save this document and use it later as a template,Chèn,extreme_length_ratio; noise_ui_fragment,49,4,0.08163265306122448
38110,You can save this document as a template. You can use this new template as a starting point for another document.,Chèn Bảng,extreme_length_ratio; noise_ui_fragment,113,9,0.07964601769911504
38113,& Delete Frame,A' p dụng,noise_ui_fragment,14,9,0.6428571428571429
38118,"Do not show any pictures, formatting or layout. KWord will display only the text for editing.",đến the the đến?,extreme_length_ratio,93,16,0.17204301075268819
38121,Zoom out from your document to get a look at several pages of your document. The number of pages per line can be customized.,Chèn,extreme_length_ratio,124,4,0.03225806451612903
38123,Enable Document & Headers,Chèn,extreme_length_ratio,25,4,0.16
38127,Insert one or more symbols or letters not found on the keyboard,Thay đổi,extreme_length_ratio,63,8,0.12698412698412698
38128,Insert one or more symbols or letters not found on the keyboard.,Xin lỗi đến.,extreme_length_ratio,64,12,0.1875
38130,Force the remainder of the text into the next frame,Chèn,extreme_length_ratio; noise_ui_fragment,51,4,0.0784313725490196
38131,This inserts a non-printing character at the current cursor position. All text after this point will be moved into the next frame in the frameset.,Chèn,extreme_length_ratio; noise_ui_fragment,146,4,0.0273972602739726
38134,"Insert a Web address, email address or hyperlink to a file",Chèn,extreme_length_ratio,58,4,0.06896551724137931
38137,Insert a comment about the selected text,đến the,extreme_length_ratio,40,7,0.175
38138,Insert a comment about the selected text. These comments are not designed to appear on the final page.,A' p dụng,extreme_length_ratio,102,9,0.08823529411764706
38142,Insert a footnote referencing the selected text,Chèn,extreme_length_ratio,47,4,0.0851063829787234
38144,Insert table of contents at the current cursor position,Gạch chân,extreme_length_ratio,55,9,0.16363636363636364
38145,Insert table of contents at the current cursor position.,Chèn,extreme_length_ratio,56,4,0.07142857142857142
38146,Document & Information,Dán,extreme_length_ratio,22,3,0.13636363636363635
38153,"Update all variables in the document to current values. This will update page numbers, dates or any other variables that need updating.",Thay đổi Đỉnh Viền,extreme_length_ratio,135,18,0.13333333333333333
38161,& Table...,Xoá( delete).,noise_ui_fragment,10,13,1.3
38162,Create a table. The table can either exist in a frame of its own or inline.,Xoá( delete).,extreme_length_ratio; noise_ui_fragment,75,13,0.17333333333333334
38163,Picture...,Xoá( delete).,noise_ui_fragment,10,13,1.3
38164,Create a new frame for a picture,Xoá( delete).,noise_ui_fragment,32,13,0.40625
38165,Create a new frame for a picture or diagram.,Thay đổi,extreme_length_ratio,44,8,0.18181818181818182
38171,"Change paragraph margins, text flow, borders, bullets, numbering etc.",Xoá( delete),extreme_length_ratio; noise_ui_fragment,69,12,0.17391304347826086
38173,Allow,Cho phép,exact_duplicate,5,8,1.6
38174,Deny,Từ chối,exact_duplicate,4,7,1.75
38175,Type:,Kiểu:,exact_duplicate,5,5,1.0
38180,From:,Từ:,exact_duplicate,5,3,0.6
38181,To:,Cho:,exact_duplicate,3,4,1.3333333333333333
38184,Browsing Settings,Thiết lập duyệt,noise_ui_fragment,17,15,0.8823529411764706
38192,sec,giây,exact_duplicate,3,4,1.3333333333333333
38199,Root,"Người chủDo not translate the keyword between brackets (e. g. ServerName, ServerAdmin, etc.)",extreme_length_ratio,4,92,23.0
38204,Class,Hạng,exact_duplicate,5,4,0.8
38205,Printer,Máy in,exact_duplicate,7,6,0.8571428571428571
38251,"Access permissions # Access permissions for each directory served by the scheduler. Locations are relative to DocumentRoot... # AuthType: the authorization to use: # None - Perform no authentication Basic - Perform authentication using the HTTP Basic method. Digest - Perform authentication using the HTTP Digest method. # (Note: local certificate authentication can be substituted by the client for Basic or Digest when connecting to the localhost interface) # AuthClass: the authorization class; currently only Anonymous, User, System (valid user belonging to group SystemGroup), and Group (valid user belonging to the specified group) are supported. # AuthGroupName: the group name for ""Group"" authorization. # Order: the order of Allow/ Deny processing. # Allow: allows access from the specified hostname, domain, IP address, or network. # Deny: denies access from the specified hostname, domain, IP address, or network. # Both ""Allow"" and ""Deny"" accept the following notations for addresses: # All None *. domain. com. domain. com host. domain. com nnn. * nnn. nnn. * nnn. nnn. nnn. * nnn. nnn. nnn. nnn nnn. nnn. nnn. nnn/ mm nnn. nnn. nnn. nnn/ mmm. mmm. mmm. mmm # The host and domain address require that you enable hostname lookups with ""HostNameLookups On"" above. # Encryption: whether or not to use encryption; this depends on having the OpenSSL library linked into the CUPS library and scheduler. # Possible values: # Always - Always use encryption (SSL) Never - Never use encryption Required - Use TLS encryption upgrade IfRequested - Use encryption if the server requests it # The default value is ""IfRequested"".","Quyền hạn truy cập # Quyền hạn truy cập cho mỗi thư mục được phục vụ bởi bộ lập lịch. Các địa chỉ cân xứng với DocumentRoot (Gốc tài liệu)... # AuthType: kiểu xác thực cần sử dụng: # None — Không xác thực gì. Basic — Xác thực bằng phương pháp HTTP Basic (cơ bản HTTP). Digest — Xác thực bằng phương pháp HTTP Digest (bản tóm tắt HTTP). # (Ghi chú: ứng dụng khách có thể thay thế Basic hay Digest bằng cách xác thực chứng nhận cục bộ, khi kết nối đến giao diện localhost [máy cục bộ].) # AuthClass: hạng xác thực; hiện thời chỉ hỗ trợ: • Anonymous\ t( vô danh) • User\ t\ t\ t( người dùng) • System\ t\ t( hệ thống: người dùng hợp lệ thuộc về nhóm SystemGroup) • Group\ t\ t\ t( nhóm: người dùng hợp lệ thuộc về nhóm đã ghi rõ). # AuthGroupName: tên nhóm cho cách xác thực Group (nhóm). # Order: thứ tự xử lý kiểu Allow/ Deny (cho phép/ từ chối). # Allow: cho phép truy cập từ tên máy, miền, đia chỉ IP hay mạng được ghi rõ. # Deny: từ chối truy cập từ tên máy, miền, đia chỉ IP hay mạng được ghi rõ. # Cả « Allow » lẫn « Deny » đều chấp nhận những cách ghi địa chỉ theo đây: # All\ t\ t( tất cả) None\ t\ t( không có) *. miền. com. miền. com máy. miền. com nnn. * nnn. nnn. * nnn. nnn. nnn. * nnn. nnn. nnn. nnn nnn. nnn. nnn. nnn/ mm nnn. nnn. nnn. nnn/ mmm. mmm. mmm. mmm # Địa chỉ máy và miền cần thiết bạn bật khả nẳng tra tìm tên máy bằng tùy chọn « HostNameLookups On » bên trên. # Encryption: bật/ tắt mật mã; phụ thuộc vào tính trạng có thư viên OpenSSL được liên kết vào thư viên và bộ lập lịch CUPS. # Giá trị có thể: # Always\ t( luôn luôn mật mã [SSL]) Never\ t( không bao giờ mật mã) Required\ t( dùng bản cập nhật mật mã TLS) IfRequested\ t( mật mã nếu máy phục vụ yêu cầu) # Giá trị mặc định là « IfRequested ». Do not translate the keyword between brackets (e. g. ServerName, ServerAdmin, etc.)",very_long_pair,1627,1810,1.1124769514443762
38289,Folders,Thư mục,exact_duplicate,7,7,1.0
38290,Folders Settings,Thiết lập thư mục,noise_ui_fragment,16,17,1.0625
38298,Filter,Lọc,exact_duplicate,6,3,0.5
38299,Filter Settings,Thiết lập lọc,noise_ui_fragment,15,13,0.8666666666666667
38300,Unlimited,Vô hạn,exact_duplicate,9,6,0.6666666666666666
38301,User:,Người dùng:,exact_duplicate,5,11,2.2
38302,Group:,Nhóm:,exact_duplicate,6,5,0.8333333333333334
38305,Jobs,Công việc,exact_duplicate,4,9,2.25
38306,Print Jobs Settings,Thiết lập công việc máy in,noise_ui_fragment,19,26,1.368421052631579
38314,Log Settings,Thiết lập ghi lưu,noise_ui_fragment,12,17,1.4166666666666667
38317,General Information,Thông tin chung,exact_duplicate,19,15,0.7894736842105263
38319,Errors,Lỗi,exact_duplicate,6,3,0.5
38324,Max log size:,Cỡ bản ghi tối đa:,exact_duplicate,13,18,1.3846153846153846
38327,Network Settings,Thiết lập mạng,noise_ui_fragment,16,14,0.875
38329,Off,Tắt,exact_duplicate,3,3,1.0
38330,On,Bật,exact_duplicate,2,3,1.5
38331,Double,Đôi,exact_duplicate,6,3,0.5
38338,Security,Bảo mật,exact_duplicate,8,7,0.875
38339,Security Settings,Thiết lập bảo mật,noise_ui_fragment,17,17,1.0
38346,Replace,Thay thế,exact_duplicate,7,8,1.1428571428571428
38347,Server,Máy phục vụ,exact_duplicate,6,11,1.8333333333333333
38348,Server Settings,Thiết lập máy phục vụ,noise_ui_fragment,15,21,1.4
38350,None,Không có,exact_duplicate,4,8,2.0
38352,Confidential,Tin tưởng,exact_duplicate,12,9,0.75
38353,Secret,Bí mật,exact_duplicate,6,6,1.0
38354,Top Secret,Tối mật,exact_duplicate,10,7,0.7
38355,Unclassified,Chưa phân loại,exact_duplicate,12,14,1.1666666666666667
38356,Other,Khác,exact_duplicate,5,4,0.8
38361,Default language:,Ngôn ngữ mặc định:,exact_duplicate,17,18,1.0588235294117647
38366,"This tool will help you to configure graphically the server of the CUPS printing system. The available options are grouped into sets of related topics and can be accessed quickly through the icon view located on the left. Each option has a default value that is shown if it has not been previously set. This default value should be OK in most cases. You can access a short help message for each option using either the '?' button in the title bar, or the button at the bottom of this dialog.","Công cụ này sẽ giúp đỡ bạn cấu hình một cách đồ họa máy phục vụ của hệ thống in CUPS. Những tùy chọn sẵn sàng được nhóm lại theo chủ đề liên quan, và có thể được truy cập nhanh trong khung xem biểu tượng bên trái. Mỗi tùy chọn có giá trị mặc định được hiển thị, nếu nó chưa đặt. Giá trị mặc định này nên thích hợp trong hậu hết trường hợp. Bạn có thể truy cập một thông điệp trợ giúp ngắn cho mỗi tùy chọn, bằng cách bấm hoặc cái nút dấu hỏi «? » trên thanh tiêu đề, hoặc cái nút dưới hộp thoại này.",noise_ui_fragment,491,499,1.0162932790224033
38367,Add...,Thêm...,exact_duplicate,6,7,1.1666666666666667
38369,Delete,Xoá,exact_duplicate; noise_ui_fragment,6,3,0.5
38371,Basic,Cơ bản,exact_duplicate,5,6,1.2
38373,User,Người dùng,exact_duplicate,4,10,2.5
38374,System,Hệ thống,exact_duplicate,6,8,1.3333333333333333
38375,Group,Nhóm,exact_duplicate,5,4,0.8
38376,Always,Luôn luôn,exact_duplicate,6,9,1.5
38377,Never,Không bao giờ,exact_duplicate,5,13,2.6
38380,All,Tất cả,exact_duplicate,3,6,2.0
38384,Class:,Hạng:,exact_duplicate,6,5,0.8333333333333334
38385,Names:,Tên:,exact_duplicate,6,4,0.6666666666666666
38390,Location,Địa điểm,exact_duplicate,8,8,1.0
38392,Port:,Cổng:,exact_duplicate,5,5,1.0
38394,KB,KB,identical_pair; exact_duplicate,2,2,1.0
38395,MB,MB,identical_pair; exact_duplicate,2,2,1.0
38396,GB,GB,identical_pair; exact_duplicate,2,2,1.0
38400,Shift,Shift,identical_pair,5,5,1.0
38402,Alt,Alt,identical_pair; exact_duplicate,3,3,1.0
38403,Win,Win,identical_pair,3,3,1.0
38404,Meta,Meta,identical_pair; exact_duplicate,4,4,1.0
38408,æ,æ,identical_pair,1,1,1.0
38413,Scroll,Cuộna (the first letter in the alphabet),extreme_length_ratio,6,40,6.666666666666667
38414,a,a,identical_pair,1,1,1.0
38419,Small,Nhỏ,exact_duplicate,5,3,0.6
38420,Medium,Trung bình,exact_duplicate,6,10,1.6666666666666667
38421,Large,Lớn,exact_duplicate,5,3,0.6
38432,Your names,"Trần Thế Trung, Nhóm Việt hóa KDEEMAIL OF TRANSLATORS",extreme_length_ratio; exact_duplicate,10,53,5.3
38433,Your emails,"tttrung@ hotmail. com, kde- l10n- vi@ lists. kde. org",exact_duplicate,11,53,4.818181818181818
38435,kcmprintmgr,kcmprintmgr,identical_pair,11,11,1.0
38440,Your names,Phan Vĩnh ThịnhEMAIL OF TRANSLATORS,exact_duplicate,10,35,3.5
38441,Your emails,teppi82@ gmail. com,exact_duplicate,11,19,1.7272727272727273
38450,Never,Không bao giờ,exact_duplicate,5,13,2.6
38452,Always,Luôn luôn,exact_duplicate,6,9,1.5
38454,Classic,Cổ điển,exact_duplicate,7,7,1.0
38457,kcmtaskbar,kcmtaskbar,identical_pair,10,10,1.0
38463,Custom,Tự chọn,exact_duplicate,6,7,1.1666666666666667
38464,Taskbar,Thanh tác vụ,exact_duplicate,7,12,1.7142857142857142
38480,Actions,Hành động,exact_duplicate,7,9,1.2857142857142858
38484,Your names,Phan Vĩnh ThịnhEMAIL OF TRANSLATORS,exact_duplicate,10,35,3.5
38485,Your emails,teppi82@ gmail. com,exact_duplicate,11,19,1.7272727272727273
38486,Close Task,Đưa tác vụ xuống,noise_ui_fragment,10,16,1.6
38490,Ledger,Sổ cái,exact_duplicate,6,6,1.0
38491,US Legal,Hành pháp Mỹ,exact_duplicate,8,12,1.5
38492,US Letter,Thư Mỹ,exact_duplicate,9,6,0.6666666666666666
38493,A4,A4,identical_pair; exact_duplicate,2,2,1.0
38494,A3,A3,identical_pair; exact_duplicate,2,2,1.0
38495,B4,B4,identical_pair; exact_duplicate,2,2,1.0
38496,B5,B5,identical_pair; exact_duplicate,2,2,1.0
38497,Enabled,Hoạt động,exact_duplicate,7,9,1.2857142857142858
38498,Disabled,Đã tắt,exact_duplicate,8,6,0.75
38499,GhostScript settings,Thiết lập GhostScript,noise_ui_fragment,20,21,1.05
38500,Driver,Trình điều khiển,exact_duplicate,6,16,2.6666666666666665
38501,Resolution,Độ phân giải,exact_duplicate,10,12,1.2
38504,General,Chung,exact_duplicate,7,5,0.7142857142857143
38519,Unknown,Không rõ,exact_duplicate,7,8,1.1428571428571428
38523,Unable to save information for printer %1.,Không thể lưu thông tin về máy in% 1.,noise_ui_fragment,42,37,0.8809523809523809
38548,Unable to save printcap file. Check that you have write permissions for that file.,Không thể lưu tập tin printcap. Hãy kiểm tra xem bạn có quyền ghi tập tin đó.,noise_ui_fragment,82,77,0.9390243902439024
38559,Spooler Settings,Thiết lập bộ cuộn vào ống,noise_ui_fragment,16,25,1.5625
38565,unknown,không rõ,exact_duplicate,7,8,1.1428571428571428
38571,Unable to find the executable foomatic-datafile in your PATH. Check that Foomatic is correctly installed.,Không tìm thấy tập tin thực hiện được < foomatic\ - datafile > trong đường dẫn mặc định PATH của bạn. Hãy kiểm tra xem Foomatic đã được cài đặt cho đúng.,noise_markup_or_html_entity,105,153,1.457142857142857
38574,Unable to find executable lpdomatic. Check that Foomatic is correctly installed and that lpdomatic is installed in a standard location.,Không tìm thấy tập tin thực hiện được < lpdomatic >. Hãy kiểm tra xem Foomatic đã được cài đặt cho đúng và lpdomatic đã được cài đặt vào địa điểm chuẩn.,noise_markup_or_html_entity,135,152,1.125925925925926
38577,String,Chuỗi,exact_duplicate,6,5,0.8333333333333334
38578,Number,Số,exact_duplicate,6,2,0.3333333333333333
38585,"Printer Selection Menu: Use this combo box to select the printer to which you want to print. Initially (if you run KDEPrint for the first time), you may only find the KDE special printers (which save jobs to disk [as PostScript- or PDF-files], or deliver jobs via email (as a PDF attachment). If you are missing a real printer, you need to...... either create a local printer with the help of the KDE Add Printer Wizard. The Wizard is available for the CUPS and RLPR printing systems (click button to the left of the'Properties' button),... or try to connect to an existing remote CUPS print server. You can connect by clicking the'System Options' button below. A new dialog opens: click on the'CUPS server 'icon: Fill in the information required to use the remote server. Note: It may happen that you successfully connected to a remote CUPS server and still do not get a printer list. If this happens: force KDEPrint to re-load its configuration files. To reload the configuration files, either start kprinter again, or switch the print system away from CUPS and back again once. The print system switch can be made through a selection in the drop-down menu at bottom of this dialog when fully expanded).","Trình đơn chọn máy in: Hãy sử dụng hộp tổ hợp này để chọn máy in vào đó bạn muốn in. Đầu tiên (nếu bạn chạy KDEPrint lần đầu tiên), bạn có xem được chỉ những máy in đặc biệt KDE mà lưu công việc in vào đĩa (dạng tập tin PostScript hay PDF), hoặc phát công việc in bằng thư điện tử (dạng tập tin PDF đính kèm). Nếu bạn còn thiếu máy in thật, bạn cần phải: hoặc tạo một máy in cục bộ, dùng Trợ lý thêm máy in KDE. Trợ lý này sẵn sàng cho hệ thống in kiểu CUPS và RLPR (nhấn vào nút bên trái nút Tài sản), hoặc thử kết nối đến một máy phục vụ in CUPS ở xa còn tồn tại. Bạn có thể kết nối bằng cách nhấn vào nút Tùy chọn hệ thống bên dưới. Một hộp thoại mới sẽ mở: nhấn vào biểu tượng máy phục vụ CUPS. Hãy điền vào các thông tin cần thiết để dùng máy phục vụ từ xa. Ghi chú: có lẽ bạn đã kết nối đến một máy phục vụ CUPS từ xa còn chưa nhận danh sách các máy in. Trong trường hợp này, hãy ép buộc trình KDEPrint nạp lại các tập tin cấu hình của nó. Để làm như thế, hoặc khởi chạy lại kprinter, hoặc chuyển đổi hệ thống in ra CUPS rồi ngược lại. Có thể chuyển đổi hệ thống in bằng trình đơn thả xuống bên dưới hộp thoại này (khi nó đã bung đầy đủ).",very_long_pair; noise_ui_fragment,1205,1144,0.9493775933609958
38591,"System Options: This button starts a new dialog where you can adjust various settings of your printing system. Amongst them: Should KDE applications embed all fonts into the PostScript they generate for printing? Should KDE use an external PostScript viewer like gv for print page previews? Should KDEPrint use a local or a remote CUPS server?, and many more....",Tùy chọn hệ thống: Cái nút này mở một hộp thoại mới cung cấp khả năng điều chỉnh vài mục đặt trong hệ thống in. Lấy thí dụ: Ứng dụng KDE nên nhúng mọi phông chữ vào mã PostScript được tạo để in không? KDE nên dùng bộ xem PostScript bên ngoài như gv để hiển thị ô xem thử trang không? KDEPrint nên dùng trình phục vụ CUPS cục bộ hay từ xa? v. v.,noise_ui_fragment,362,344,0.9502762430939227
38593,Cancel: This button cancels your print job and quits the kprinter dialog.,Thôi: Cái nút này hủy bỏ công việc in và thoát khỏi hộp thoại kprinter.,noise_ui_fragment,73,71,0.9726027397260274
38595,"Keep Printing Dialog Open If you enable this checkbox, the printing dialog stays open after you hit the Print button. This is especially useful, if you need to test various print settings (like color matching for an inkjet printer) or if you want to send your job to multiple printers (one after the other) to have it finished more quickly.","Hộp thoại in còn lại mở Nếu bạn chọn điều này, hộp thoại in còn lại mở sau khi bạn bấm cái nút In. Có ích đặc biệt khi bạn cần thử ra vài thiết lập in khác nhau (như khớp màu của máy in phun mực) hoặc nếu bạn muốn gửi công việc in cho nhiều máy in (lần lượt) để in xong nhanh hơn.",noise_ui_fragment,340,280,0.8235294117647058
38600,"Print Preview Enable this checkbox if you want to see a preview of your printout. A preview lets you check if, for instance, your intended ""poster"" or ""pamphlet"" layout looks like you expected, without wasting paper first. It also lets you cancel the job if something looks wrong. Note: The preview feature (and therefore this checkbox) is only visible for printjobs created from inside KDE applications. If you start kprinter from the commandline, or if you use kprinter as a print command for non-KDE applications (like Acrobat Reader, Firefox or OpenOffice), print preview is not available here.","Xem thử bản in Bật mục này nếu bạn muốn xem ô xem thử bản in. Một ô xem thử cho bạn có khả năng kiểm tra nếu, chẳng hạn, bố trí « bích chương » hay « cuốn sách nhỏ » có diện mạo mong muốn, không mất giấy. Nó cũng cho bạn thôi in, hủy bỏ công việc in, khi gặp khó khăn. Ghi chú: tính năng xem thử (thì hộp chọn này) chỉ áp dụng cho công việc in đã tạo bên trong ứng dụng KDE. Khi bạn chạy kprinter từ dòng lệnh, hoặc dùng kprinter làm lệnh in cho ứng dụng khác KDE (như Acrobat Reader, Firefox hay OpenOffice), ô xem thử bản in không sẵn sàng ở đây.",noise_ui_fragment,598,548,0.9163879598662207
38602,Print,In,exact_duplicate,5,2,0.4
38603,Printer,Máy in,exact_duplicate,7,6,0.8571428571428571
38606,Type:,Kiểu:,exact_duplicate,5,5,1.0
38607,Location:,Địa điểm:,exact_duplicate,9,9,1.0
38608,Comment:,Chú thích:,exact_duplicate,8,10,1.25
38628,All Files,Mọi tập tin,exact_duplicate,9,11,1.2222222222222223
38633,Advanced Options,Tùy chọn cấp cao,exact_duplicate,16,16,1.0
38640,Second Shift (after close of business),Ca thứ hai (sau giờ làm việc),noise_ui_fragment,38,29,0.7631578947368421
38650,Confidential,Tin tưởng,exact_duplicate,12,9,0.75
38651,Secret,Bí mật,exact_duplicate,6,6,1.0
38652,Standard,Chuẩn,exact_duplicate,8,5,0.625
38653,Top Secret,Tối mật,exact_duplicate,10,7,0.7
38654,Unclassified,Chưa phân loại,exact_duplicate,12,14,1.1666666666666667
38659,& Export,& Xuất,exact_duplicate,8,6,0.75
38661,& Username:,Tên người dùng:,exact_duplicate,11,15,1.3636363636363635
38663,& Password:,& Mật khẩu:,exact_duplicate,11,11,1.0
38671,& Close,Đóng,exact_duplicate; noise_ui_fragment,7,4,0.5714285714285714
38679,& Abort,& Hủy bỏ,exact_duplicate,7,8,1.1428571428571428
38693,True,Đúng,exact_duplicate,4,4,1.0
38694,False,Sai,exact_duplicate,5,3,0.6
38699,Quota Settings,Thiết lập chỉ tiêu,noise_ui_fragment,14,18,1.2857142857142858
38701,None,Không có,exact_duplicate,4,8,2.0
38704,Host:,Máy:,exact_duplicate,5,4,0.8
38705,Port:,Cổng:,exact_duplicate,5,5,1.0
38710,Banner Settings,Thiết lập băng cờ,noise_ui_fragment,15,17,1.1333333333333333
38713,Users Access Settings,Thiết lập truy cập của người dùng,noise_ui_fragment,21,33,1.5714285714285714
38714,Users,Người dùng,exact_duplicate,5,10,2.0
38723,"Text Formats These settings control the appearance of text on printouts. They are only valid for printing text files or input directly through kprinter. Note: These settings have no effect whatsoever for input formats other than text, or for printing from applications such as the KDE Advanced Text Editor. (Applications in general send PostScript to the print system, and'kate 'in particular has its own knobs to control the print output.). Additional hint for power users: This KDEPrint GUI element corresponds to the CUPS command line job option parameter: -o cpi=... # example: ""8"" or ""12"" -o lpi=... # example: ""5"" or ""7"" -o columns=... # example: ""2"" or ""4""","Định dạng văn bản Thiết lập này điều khiển hình thức của văn bản in ra. Những chức năng này chỉ hoạt động khi in tập tin văn bản hoặc nhập trực tiếp qua kprinter. Ghi chú: những chức năng này không có tác động nào định dạng nhập khác với văn bản, hoặc khi in từ ứng dụng như « kate » (KDE Advanced Text Editor: trình soạn thảo văn bản cấp cao). Nói chung, ứng dụng gửi dữ liệu PostScript vào hệ thống in, và « kate » đặc biệt có cách riêng điều khiển kết xuất in.. Gọi ý thêm cho người sử dụng thành thạo: yếu tố GUI KDEPrint này tương ứng với tham số tùy chọn công việc dòng lệnh CUPS: - o cpi=... # example: ""8"" or ""12"" - o lpi=... # example: ""5"" or ""7"" - o columns=... # example: ""2"" or ""4""",noise_ui_fragment,663,697,1.0512820512820513
38724,"Margins These settings control the margins of printouts on the paper. They are not valid for jobs originating from applications that define their own page layout internally and send PostScript to KDEPrint (such as KOffice or OpenOffice. org). When printing from KDE applications, such as KMail and Konqueror, or printing an ASCII text file through kprinter, you can choose your preferred margin settings here. Margins may be set individually for each edge of the paper. The combo box at the bottom lets you change the units of measurement between Pixels, Millimeters, Centimeters, and Inches. You can even use the mouse to grab one margin and drag it to the intended position (see the preview picture on the right side). Additional hint for power users: This KDEPrint GUI element corresponds to the CUPS command line job option parameter: -o page-top=... # example: ""72"" -o page-bottom=... # example: ""24"" -o page-left=... # example: ""36"" -o page-right=... # example: ""12""","Lề Thiết lập này điều khiển các lề trên bản in. Những chức năng này không hoạt động trong công việc được gửi từ ứng dụng xác định nội bộ bố trí trang mình và gửi dữ liệu PostScript vào trình KDEPrint (như bộ ứng dụng văn phòng KOffice hay OpenOffice. org). Khi in từ ứng dụng KDE, như trình thư KMail hay trình duyệt Mạng Konqueror, hoặc khi in một tập tin văn bản ASCII thông qua trình kprinter, bạn có khả năng chọn thiết lập lề ở đây. Có thể đặt lề riêng cho mỗi cạnh giấy. Hộp tổ hợp bên dưới cho bạn khả năng chuyển đổi đơn vị đo giữa ĐIểm ảnh, Mili- mét, Centi- mét, và Insơ. Bạn ngay cả có khả năng sử dụng con chuột để kéo lề nào sang vị trí khác (xem hình xem thử bên phải). Gọi ý thêm cho người sử dụng thành thạo: yếu tố GUI KDEPrint này tương ứng với tham số tùy chọn công việc dòng lệnh CUPS: - o page- top=... # example: ""72"" - o page- bottom=... # example: ""24"" - o page- left=... # example: ""36"" - o page- right=... # example: ""12""",noise_ui_fragment,972,951,0.9783950617283951
38728,Text,Văn bản,exact_duplicate,4,7,1.75
38731,Margins,Lề,exact_duplicate,7,2,0.2857142857142857
38734,Columns:,Cột:,exact_duplicate,8,4,0.5
38737,Folder,Thư mục,exact_duplicate,6,7,1.1666666666666667
38738,CUPS Folder Settings,Thiết lập thư mục CUPS,noise_ui_fragment,20,22,1.1
38741,"'Use any current or future standard CUPS job option 'is not supported by the KDEPrint GUI. Control any custom job option you may want to support using custom CUPS filters and backends plugged into the CUPS filtering chain. Send short messages to the operators of your production printers in your Central Repro Department. Standard CUPS job options: A complete list of standard CUPS job options is in the CUPS User Manual. Mappings of the kprinter user interface widgets to respective CUPS job option names are provided in the various What's This help items. Custom CUPS job options: CUPS print servers may be customized with additional print filters and backends which understand custom job options. You can specify such custom job options here. If in doubt, ask your system administrator. Operator Messages: You may send additional messages to the operator(s) of your production printers (e. g. in your Central Repro Department). Messages can be read by the operator(s) (or yourself) by viewing the ""Job IPP Report"" for the job. Examples: A standard CUPS job option: (Name) number-up -- (Value) 9 A job option for custom CUPS filters or backends: (Name) DANKA_watermark -- (Value) Company_Confidential A message to the operator(s): (Name) Deliver_after_completion -- (Value) to_Marketing_Departm. Note: the fields must not include spaces, tabs or quotes. You may need to double-click on a field to edit it. Warning: Do not use CUPS options that can also be controlled through the KDEPrint GUI. Results may be unpredictable if the options conflict, or if they are sent multiple times. For all options supported by the GUI, please use the GUI. (Each GUI element's'What's This' names the related CUPS option name.)","Dùng bất ký tùy chọn công việc CUPS hiện thời hay tương lai không được hỗ trợ bởi giao diện người dùng đồ họa của KDEPrint. Điều khiển bất ký tùy chọn công việc riêng bạn muốn hỗ trợ trong bộ lọc và hậu phương kiểu CUPS riêng được kết hợp với dãy lọc của CUPS. Gửi thông điệp ngắn cho người thao tác máy in sản xuất trong Phòng ban tái sản xuất trung tâm. Tùy chọn công việc CUPS chuẩn: danh sách mọi tùy chọn công việc CUPS chuẩn nằm trong Sổ tay người dùng CUPS. Sự ánh xạ mỗi ô điều khiển giao diện người dùng kprinter tới tên tùy chọn công việc CUPS tương ứng cũng có tên hiển thị trong mục trợ giúp Cái này là gì? thích hợp. Tùy chọn công việc CUPS riêng: trình phục vụ in CUPS cũng có thể được tùy chỉnh với các bộ lọc in và hậu phương kiểu in thêm nữa mà xử lý được các tùy chọn côn việc riêng (mà bạn có thể xác định ở đây). Chưa chắc thì hỏi quản trị hệ thống. Thông điệp thao tác: Ban có khả năng gửi thông điệp thêm cho người thao tác các máy in sản xuất (v. d. trong Phòng ban tái sản xuất trung tâm). Người thao tác (hay bạn) có thể đọc thông điệp như vậy bằng cách xem Báo cáo IPP công việc cho công việc đó. Thí dụ: một tùy chọn CUPS chuẩn: (Tên) đếm tiếp -- (Giá trị) 9 Một tùy chọn công việc chỉ cho bộ lọc hay hậu phương kiểu riêng: (Tên) Thủy_ ấn_ DANKA -- (Giá trị) Mật_ công_ ty Một thông điệp cho người thao tác: (Tên) Phát_ sau_ khi_ làm_ xong -- (Giá trị) cho_ phòng_ ban_ tiếp_ thị Ghi chú: văn bản trong trường không thể chứa dấu cách, dấu cách Tab hay dấu trích dẫn. Có lẽ bạn cần phải nhấn đôi vào trường để sửa đổi nó. Cảnh báo: đừng sử dụng tên tùy chọn chuẩn cũng có thể được sử dụng thông qua GUI KDEPrint. Việc gửi nhiều lần cùng tên tùy chọn, or các tên tùy chọn xung đột với nhau, có thể làm kết quả lạ. Đối với mỗi tùy chọn do GUI hỗ trợ, hãy sử dụng GUI. (Mỗi yếu tố GUI Cái này là gì? đặt tên của tùy chọn CUPS liên quan.) < qt >",very_long_pair; noise_markup_or_html_entity,1712,1867,1.09053738317757
38743,Name,Tên,exact_duplicate,4,3,0.75
38744,Value,Giá trị,exact_duplicate,5,7,1.4
38769,Server,Máy phục vụ,exact_duplicate,6,11,1.8333333333333333
38790,< Unknown > (%1),(% 1),noise_markup_or_html_entity,16,5,0.3125
38791,Name: %1,Tên:% 1,exact_duplicate,8,7,0.875
38793,Description: %1,Mô tả:% 1,exact_duplicate,15,9,0.6
38795,Idle,Nghỉ,exact_duplicate,4,4,1.0
38797,Processing...,Đang xử lý...,exact_duplicate,13,13,1.0
38802,Enter the URI corresponding to the printer to be installed. Examples: smb: / /[login[: passwd]@]server/ printer lpd: / /server/ queue parallel: / dev/ lp0,"Hãy nhập URI tương ứng với máy in cần cài đặt, v. d. smb: // [tên_ dùng [: mật_ khẩu] @] máy_ phục_ vụ/ máy_ in lpd: // máy_ phục_ vụ/ hàng_ đợi parallel: / dev/ lp0",noise_windows_or_unix_file_path,154,165,1.0714285714285714
38803,URI:,URI:,identical_pair,4,4,1.0
38808,& Port:,Cổng:,exact_duplicate,7,5,0.7142857142857143
38809,& User:,& Người dùng:,exact_duplicate,7,13,1.8571428571428572
38810,Password:,& Mật khẩu:,exact_duplicate,9,11,1.2222222222222223
38819,Printer Quota Settings,Thiết lập chỉ tiêu máy in,noise_ui_fragment,22,25,1.1363636363636365
38823,CUPS Server Settings,Thiết lập máy phục vụ CUPS,noise_ui_fragment,20,26,1.3
38831,"Image Printing Options All options controlled on this page only apply to printing images. Most image file formats are supported. To name a few: JPEG, TIFF, PNG, GIF, PNM (PBM/ PGM/ PNM/ PPM), Sun Raster, SGI RGB, Windows BMP. Options to influence color output of image printouts are: Brightness Hue Saturation Gamma For a more detailed explanation about Brightness, Hue, Saturation and Gamma settings, please look at the'What's This' items provided for these controls.","Tùy chọn in ảnh Mọi tùy chọn được điều khiển trên trang này hoạt động chỉ khi in ảnh. Có phải hỗ trợ phần lớn định dạng ảnh, v. d. JPEG, TIFF, PNG, GIF, PNM (PBM/ PGM/ PNM/ PPM), Sun Raster, SGI RGB, Windows BMP. Tùy chọn điều chỉnh kết xuất màu của bản in ảnh: Độ sáng Sắc màu Độ bão hoà Gamma Để tìm mô tả chi tiết về sự đặt Độ sáng, Sắc màu, Độ bão hoà và Gamma, xem mục « Cái này là gì? » được cung cấp cho mỗi điều khiển.",noise_ui_fragment,468,426,0.9102564102564102
38832,"Coloration Preview Thumbnail The coloration preview thumbnail indicates change of image coloration by different settings. Options to influence output are: Brightness Hue (Tint) Saturation Gamma For a more detailed explanation about Brightness, Hue, Saturation and Gamma settings, please look at the'What's This' items provided for these controls.","Hình thu nhỏ xem thử màu sắc Hình thu nhỏ xem thử màu sắc thì ngụ ý cách thay đổi màu sắc trong ảnh bằng nhiều mục đặt khác nhau. Những tùy chọn có tác động kết xuất: Độ sáng Sắc màu (Nhuốm) Độ bão hoà Gamma Để tìm mô tả chi tiết về mục đặt Độ sáng, Sắc màu, Độ bão hoà và Gamma, xem mục « Cái này là gì? » được cung cấp cho mỗi điều khiển.",noise_ui_fragment,346,340,0.9826589595375722
38833,"Image Size: Drop-down menu to control the image size on the printed paper. The menu works in conjunction with slider below. The options are: Natural Image Size: Image prints in its natural image size. If it does not fit onto one sheet, the printout will be spread across multiple sheets. Note, that the slider is disabled when selecting'natural image size 'in the dropdown menu. Resolution (ppi): The resolution value slider covers a number range from 1 to 1200. It specifies the resolution of the image in Pixels Per Inch (PPI). An image that is 3000x2400 pixels will print 10x8 inches at 300 pixels per inch, for example, but 5x4 inches at 600 pixels per inch. If the specified resolution makes the image larger than the page, multiple pages will be printed. Resolution defaults to 72 ppi.% of Page Size: The percent value slider covers numbers from 1 to 800. It specifies the size in relation to the page (not the image). A scaling of 100 percent will fill the page as completely as the image aspect ratio allows (doing auto-rotation of the image as needed). A scaling of more than 100 will print the image across multiple sheets. A scaling of 200 percent will print on up to 4 pages. Scaling in% of page size defaults to 100%.% of Natural Image Size: The percent value slider moves from 1 to 800. It specifies the printout size in relation to the natural image size. A scaling of 100 percent will print the image at its natural size, while a scaling of 50 percent will print the image at half its natural size. If the specified scaling makes the image larger than the page, multiple pages will be printed. Scaling in% of natural image size defaults to 100%. Additional hint for power users: This KDEPrint GUI element corresponds to the CUPS command line job option parameter: -o natural-scaling=... # range in% is 1... .800 -o scaling=... # range in% is 1... .800 -o ppi=... # range in ppi is 1... 1200","Cỡ ảnh: trình đơn thả xuống để điều khiển kích cỡ của ảnh trên giấy in. Trình đơn này hoạt động cùng với con trượt bên dưới. Nó cung cấp những tùy chọn này: cỡ ảnh tự nhiên: ảnh sẽ được in theo kích cỡ gốc. Ảnh lớn hơn trang in thì chiếm nhiều trang. Ghi chú rằng con trượt bị tắt khi bạn chọn « cỡ ảnh tự nhiên » trong trình đơn thả xuống. Độ phân giải (ppi): con trượt giá trị độ phân giải ngụ ý phạm vị số 1 đến 1200. Nó ghi rõ độ phân giải của trang theo điểm ảnh trên mỗi insơ (Pixels Per Inch: PPI). Ảnh có kích cỡ 3000×2400 điểm ảnh (px) sẽ chiếm vùng bản in 10x8 ""tại 300 px /"", lấy thí dụ, nhưng sẽ chiếm vùng bản in 5x4 ""tại 600 px /"". Nếu độ phân giải đã ghi rõ in ra ảnh lớn hơn trang in, nó sẽ chiếm nhiều trang. Độ phân giải mặc định là 72 ppi.% cỡ trang: con trượt giá trị phần trăm ngụ ý phạm vị số 1 đến 800. Nó ghi rõ kích cỡ cân xứng với trang in (không phải với ảnh). Tỷ lệ 100% thì chiếm toàn bộ trang in, càng gần càng có thể, tùy theo tỷ lệ khía cạnh của ảnh (nó tự động xoay ảnh khi cần thiết). Tỷ lệ hơn 100% thì in ảnh qua nhiều trang. Tỷ lệ 200% sẽ in qua đến 4 trang. Khả năng co dãn theo phần trăm kích cỡ của trang có giá trị mặc định là 100%.% cỡ ảnh tự nhiên: con trượt giá trị phần trăm ngụ ý phạm vị số 1 đến 800. Nó ghi rõ kích cỡ của bản in cân xứng với kích cỡ tự nhiên của ảnh. Tỷ lệ 100% thì in ra ảnh có kích cỡ tự nhiên, còn tỷ lệ 50% sẽ in ra ảnh có nửa kích cỡ tự nhiên. Nếu tỷ lệ đã ghi rõ sẽ in ra ảnh lớn hơn trang in, ảnh sẽ chiếm nhiều trang. Khả năng co dãn theo phần trăm kích cỡ tự nhiên của ảnh có giá trị mặc định là 100%. Gọi ý thêm cho người sử dụng thành thạo: yếu tố GUI KDEPrint này tương ứng với tham số tùy chọn công việc dòng lệnh CUPS: - o natural- scaling=... # range in% is 1.... 800 - o scaling=... # range in% is 1.... 800 - o ppi=... # range in ppi is 1... 1200",very_long_pair,1906,1832,0.9611752360965372
38835,Reset to Default Values Reset all coloration settings to default values. Default values are: Brightness: 100 Hue (Tint). 0 Saturation: 100 Gamma: 1000,Đặt lại thành giá trị mặc định Đặt lại mọi sự lập màu sắc thành giá trị mặc định. Giá trị mặc định: Độ sáng: 100 Sắc màu (Nhuốm). 0 Độ bão hoà: 100 Gamma: 1000,noise_ui_fragment,150,159,1.06
38837,Image,Ảnh,exact_duplicate,5,3,0.6
38838,Color Settings,Thiết lập màu sắc,exact_duplicate; noise_ui_fragment,14,17,1.2142857142857142
38845,& Default Settings,Thiết lập & mặc định,noise_ui_fragment,18,20,1.1111111111111112
38846,Natural Image Size,Cỡ ảnh tự nhiên,exact_duplicate,18,15,0.8333333333333334
38862,Remote LPD Queue Settings,Thiết lập hàng đợi LPD từ xa,noise_ui_fragment,25,28,1.12
38873,RLPR Proxy Server Settings,Thiết lập máy phục vụ ủy nhiệm RLPR,noise_ui_fragment,26,35,1.3461538461538463
38874,Proxy Settings,Thiết lập ủy nhiệm,noise_ui_fragment,14,18,1.2857142857142858
38887,Error,Lỗi,exact_duplicate,5,3,0.6
38894,Device:,Thiết bị:,exact_duplicate,7,9,1.2857142857142858
38906,Output,Xuất,exact_duplicate,6,4,0.6666666666666666
38909,& View,& Xem,exact_duplicate,6,5,0.8333333333333334
38917,& Remove,& Bỏ,exact_duplicate,8,4,0.5
38937,Add,Thêm,exact_duplicate,3,4,1.3333333333333333
38940,View,Xem,exact_duplicate,4,3,0.75
38941,Documentation,Tài liệu,exact_duplicate,13,8,0.6153846153846154
38947,Configure %1,Cấu hình% 1,exact_duplicate,12,11,0.9166666666666666
38948,Unable to modify settings of printer %1.,Không thể sửa đổi thiết lập của máy in% 1.,noise_ui_fragment,40,42,1.05
38964,Commands,Lệnh,exact_duplicate,8,4,0.5
38965,Command Settings,Thiết lập lệnh,noise_ui_fragment,16,14,0.875
38968,& Next >,& Kế →,noise_ui_fragment,8,6,0.75
38969,< & Back,← & Lùi,noise_ui_fragment,8,7,0.875
38977,Parallel,Song song,exact_duplicate,8,9,1.125
38978,Serial,Nối tiếp,exact_duplicate,6,8,1.3333333333333333
38979,USB,USB,identical_pair; exact_duplicate,3,3,1.0
38980,Others,Khác,exact_duplicate,6,4,0.6666666666666666
38987,Interface,Giao diện,exact_duplicate,9,9,1.0
38988,Interface Settings,Thiết lập giao diện,noise_ui_fragment,18,19,1.0555555555555556
38997,Description:,Mô tả:,exact_duplicate,12,6,0.5
38998,Model:,Mô hình:,exact_duplicate,6,8,1.3333333333333333
39011,General Settings,Thiết lập chung,exact_duplicate; noise_ui_fragment,16,15,0.9375
39012,& Settings,Thiết & lập,exact_duplicate; noise_ui_fragment,10,11,1.1
39013,Scan,Quét,exact_duplicate,4,4,1.0
39024,Configure,Cấu hình,exact_duplicate,9,8,0.8888888888888888
39031,Preview,Xem thử,exact_duplicate,7,7,1.0
39032,Preview Settings,Thiết lập xem thử,noise_ui_fragment,16,17,1.0625
39037,Manufacturer:,Nhà sản xuất:,exact_duplicate,13,13,1.0
39038,Model:,Mô hình:,exact_duplicate,6,8,1.3333333333333333
39039,Description:,Mô tả:,exact_duplicate,12,6,0.5
39040,& Test,& Thử,exact_duplicate,6,5,0.8333333333333334
39041,Now you can test the printer before finishing installation. Use the Settings button to configure the printer driver and the Test button to test your configuration. Use the Back button to change the driver (your current configuration will be discarded).,"Lúc này bạn có thể thử ra máy in, trước khi cấu hình xong. Hãy bấm cái nút Thiết lập để cấu hình trình điều khiển in, và bấm nút Thử để thử ra cấu hình. Dùng nút Lùi để chuyển đổi trình điều khiển (cấu hình hiện thời sẽ bị hủy bỏ).",noise_ui_fragment,252,231,0.9166666666666666
39043,"Test page successfully sent to printer. Wait until printing is complete, then click the OK button.","Trang thử ra đã được gửi cho máy in. Hãy đợi đến khi đã in xong, rồi nhấn vào cái nút « Được ».",noise_ui_fragment,98,95,0.9693877551020408
39068,Port:,Cổng:,exact_duplicate,5,5,1.0
39071,Change...,Đổi...,exact_duplicate,9,6,0.6666666666666666
39077,All Printers,Mọi máy in,exact_duplicate,12,10,0.8333333333333334
39079,Unlimited,Vô hạn,exact_duplicate,9,6,0.6666666666666666
39083,State,Trạng thái,exact_duplicate,5,10,2.0
39087,& Resume,Tiếp tục & lại,exact_duplicate,8,14,1.75
39093,User Name,Tên người dùng,exact_duplicate,9,14,1.5555555555555556
39095,Refresh,Cập nhật,exact_duplicate,7,8,1.1428571428571428
39100,Remove,Bỏ,exact_duplicate,6,2,0.3333333333333333
39101,Restart,Chạy lại,exact_duplicate,7,8,1.1428571428571428
39104,Print Job Settings,Thiết lập công việc máy in,noise_ui_fragment,18,26,1.4444444444444444
39106,sec,giây,exact_duplicate,3,4,1.3333333333333333
39111,Miscellaneous,Lặt vặt,exact_duplicate,13,7,0.5384615384615384
39115,Comment,Ghi chú,exact_duplicate,7,7,1.0
39116,Confirmation,Xác nhận,exact_duplicate,12,8,0.6666666666666666
39117,Type,Kiểu,exact_duplicate,4,4,1.0
39118,Location,Địa điểm,exact_duplicate,8,8,1.0
39119,Description,Mô tả,exact_duplicate,11,5,0.45454545454545453
39120,Members,Thành viên,exact_duplicate,7,10,1.4285714285714286
39121,Backend,Hậu phương,exact_duplicate,7,10,1.4285714285714286
39122,Device,Thiết bị,exact_duplicate,6,8,1.3333333333333333
39124,Port,Cổng,exact_duplicate,4,4,1.0
39125,Host,Máy,exact_duplicate,4,3,0.75
39126,File,Tập tin,exact_duplicate,4,7,1.75
39128,URI,URI,identical_pair; exact_duplicate,3,3,1.0
39131,Manufacturer,Hãng chế tạo,exact_duplicate,12,12,1.0
39132,Model,Mô hình,exact_duplicate,5,7,1.4
39133,Fonts,Phông,exact_duplicate,5,5,1.0
39134,Font Settings,Thiết lập phông chữ,noise_ui_fragment,13,19,1.4615384615384615
39138,& Up,& Lên,exact_duplicate,4,5,1.25
39139,& Down,& Xuống,exact_duplicate,6,7,1.1666666666666667
39140,& Add,Thêm,exact_duplicate,5,4,0.8
39144,SMB Printer Settings,Thiết lập máy in SMB,noise_ui_fragment,20,20,1.0
39145,Scan,Quét,exact_duplicate,4,4,1.0
39146,Abort,Hủy bỏ,exact_duplicate,5,6,1.2
39148,Server:,Máy phục vụ:,exact_duplicate,7,12,1.7142857142857142
39154,& Description:,& Mô tả:,exact_duplicate,14,8,0.5714285714285714
39157,Command:,& Lệnh:,exact_duplicate,8,7,0.875
39160,Minimum value:,Giá trị tối thiểu:,exact_duplicate,14,18,1.2857142857142858
39163,Delete value,Bỏ giá trị,noise_ui_fragment,12,10,0.8333333333333334
39164,Apply changes,Áp dụng thay đổi,exact_duplicate,13,16,1.2307692307692308
39167,Delete item,Bỏ mục,noise_ui_fragment,11,6,0.5454545454545454
39168,Move up,Đem lên,exact_duplicate,7,7,1.0
39169,Move down,Đem xuống,exact_duplicate,9,9,1.0
39172,File:,Tập tin:,exact_duplicate,5,8,1.6
39187,New Group,Nhóm mới,exact_duplicate,9,8,0.8888888888888888
39190,& Mime Type Settings,Thiết lập kiểu & MIME,noise_ui_fragment,20,21,1.05
39196,exec: /,exec: /,identical_pair,7,7,1.0
39201,Filter,Lọc,exact_duplicate,6,3,0.5
39202,Printer Filtering Settings,Thiết lập lọc máy in,noise_ui_fragment,26,20,0.7692307692307693
39208,Driver Information,Thông tin trình điều khiển,exact_duplicate,18,26,1.4444444444444444
39212,Introduction,Giới thiệu,exact_duplicate,12,10,0.8333333333333334
39213,"Welcome, This wizard will help to install a new printer on your computer. It will guide you through the various steps of the process of installing and configuring a printer for your printing system. At each step, you can always go back using the Back button. We hope you'll enjoy this tool! The KDE printing team.","Chào mừng! Trợ lý này sẽ giúp đỡ bạn cài đặt một máy in mới vào máy tính này. Nó sẽ hướng dẫn qua các bước của tiến trình cài đặt và cấu hình máy in cho hệ thống in hiện thời. Vào bất cứ lúc nào, bạn có thể lùi lại bằng cách bấm cái nút Lùi. Mong muốn bạn thích thú sử dụng trợ lý này. Nhóm In KDE.",noise_ui_fragment,313,298,0.952076677316294
39216,& Other...,& Khác...,exact_duplicate,10,9,0.9
39219,Loading...,Đang tải...,exact_duplicate,10,11,1.1
39224,Other,Khác,exact_duplicate,5,4,0.8
39227,Information,Thông tin,exact_duplicate,11,9,0.8181818181818182
39228,& Browse...,& Duyệt...,exact_duplicate,11,10,0.9090909090909091
39238,Print System,Hệ thống in,exact_duplicate,12,11,0.9166666666666666
39239,Classes,Hạng,exact_duplicate,7,4,0.5714285714285714
39240,Printers,Máy in,exact_duplicate,8,6,0.75
39241,Specials,Đặc biệt,exact_duplicate,8,8,1.0
39245,Driver Settings,Thiết lập trình điều khiển,noise_ui_fragment,15,26,1.7333333333333334
39246,Jobs,Công việc,exact_duplicate,4,9,2.25
39249,General Information,Thông tin chung,exact_duplicate,19,15,0.7894736842105263
39251,Name:,Tên:,exact_duplicate,5,4,0.8
39255,Keep,Giữ,exact_duplicate,4,3,0.75
39266,"Define/ Edit here instances for the current selected printer. An instance is a combination of a real (physical) printer and a set of predefined options. For a single InkJet printer, you could define different print formats like DraftQuality, PhotoQuality or TwoSided. Those instances appear as normal printers in the print dialog and allow you to quickly select the print format you want.","Xác định / Sửa vào đây các thể hiện cho máy in đã chọn hiện thời. Thể hiện là tổ hợp một máy in thật (vật lý) với một nhóm tùy chọn xác định sẵn. Đối với một máy in phun mực riêng lẻ, bạn có thể xác định một số định dạng in khác nhau, như: DraftQuality & mdash; chất lượng nhápPhotoQuality & mdash; chất lượng ảnh chụp < lil > TwoSided & mdash; mặt đôi.",noise_markup_or_html_entity,388,353,0.9097938144329897
39267,New...,Mới...,exact_duplicate,6,6,1.0
39270,Settings,Thiết lập,exact_duplicate; noise_ui_fragment,8,9,1.125
39272,(Default),(Mặc định),exact_duplicate,9,10,1.1111111111111112
39277,You can not remove the default instance. However all settings of %1 will be discarded. Continue?,"Bạn không thể gỡ bỏ thể hiện mặc định. Tuy nhiên, mọi mục đặt của% 1 sẽ bị hủy. Tiếp tục?",noise_ui_fragment,96,89,0.9270833333333334
39283,Properties,Thuộc tính,exact_duplicate,10,10,1.0
39286,& Location:,& Địa điểm:,exact_duplicate,11,11,1.0
39287,Command & Settings,Thiết lập & lệnh,noise_ui_fragment,18,16,0.8888888888888888
39292,"The command to execute when printing on this special printer. Either enter the command to execute directly, or associate/ create a command object with/ for this special printer. The command object is the preferred method as it provides support for advanced settings like mime type checking, configurable options and requirement list (the plain command is only provided for backward compatibility). When using a plain command, the following tags are recognized: %in: the input file (required). %out: the output file (required if using an output file). %psl: the paper size in lower case. %psu: the paper size with the first letter in upper case.","Lệnh cần thực hiện khi in trên máy in đặc biệt này. Bạn hãy hoặc nhập trực tiếp lệnh cần thực hiện, hoặc kết giao/ tạo một đối tượng lệnh đối với máy in đặc biệt này. Đối tượng lệnh là phương pháp tốt hơn, vì nó hỗ trợ khả năng cấp cao như kiểm tra kiểu MIME, cấu hình tùy chọn, và danh sách các tiêu chuẩn (lệnh thô chỉ được cung cấp để tương thích ngược). Khi bạn dùng lệnh thô, những thẻ theo đây được chấp nhận:% in: tập tin nhập (cần thiết)% out: tập tin xuất (cần thiết nếu dùng tập tin xuất).% psl: kích cỡ trang theo chữ hoa.% psu: kích cỡ trang có chữ hoa đầu từ.",noise_ui_fragment,644,572,0.8881987577639752
39296,Invalid settings. %1.,Thiết lập không hợp lệ.% 1.,noise_ui_fragment,21,27,1.2857142857142858
39304,Path,Đường dẫn,exact_duplicate,4,9,2.25
39307,Open file,Mở tập tin,exact_duplicate,9,10,1.1111111111111112
39309,Adjustments,Điều chỉnh,exact_duplicate,11,10,0.9090909090909091
39314,"List of Driver Options (from PPD). The upper pane of this dialog page contains all print job options as laid down in the printer's description file (PostScript Printer Description == 'PPD '.) Click on any item in the list and watch the lower pane of this dialog page display the available values. Set the values as needed, then use one of the push buttons below to proceed: 'Save' your settings if you want to re-use them in your next job(s) too. 'Save 'will store your settings permanently until you change them again.. Click'OK' (without a prior click on'Save '), if you want to use your selected settings just once, for the next print job. 'OK' will forget your current settings when kprinter is closed again, and will start next time with the previously saved defaults. 'Cancel 'will not change anything. If you proceed to print after clicking'Cancel', the job will print with the default settings of this queue. Note. The number of available job options depends strongly on the actual driver used for your print queue. 'Raw 'queues do not have a driver or a PPD. For raw queues this tab page is not loaded by KDEPrint, and thus is not present in the kprinter dialog.","Danh sách tùy chọn trình điều khiển (từ PPD). Ô trên của trang hộp thoại này chứa các tùy chọn công việc in đã xác định trong tập tin mô tả của máy in này (PPD: PostScript Printer Description: mô tả máy in PostScript). Nhấn vào mục nào trong danh sách, và xem các giá trị sẵn sàng xuất hiện trong ô dưới của trang hộp thoại này. Hãy đặt các giá trị như cần thiết. Sau đó, dùng một của cái nút để tiếp tục: Lưu thiết lập mình nếu bạn muốn tiếp tục dùng nó (trong công việc sau). Lưu sẽ cất giữ được thiết lập của bạn cho đến khi bạn sửa đổi nó.. Nhắp vào nút Được (không có nhấn vào nút Lưu trước) nếu bạn muốn dùng thiết lập này chỉ một lần, trong công việc in kế tiếp. Được sẽ quên thiết lập hiện thời khi trình kprinter đóng lại, và sẽ khởi chạy lại lần sau bằng thiết lập mặc định đã lưu trước đó. Thôi sẽ không thay đổi gì. Nếu bạn tiếp tục in, sau khi nhấn vào nút Thôi, công việc sẽ in bằng thiết lập mặc định của hàng đợi này. Ghi chú: số tùy chọn công việc sẵn sàng phụ thuộc nhiều vào trình điều khiển thật được dùng với hàng đợi in đó. Hàng đợi kiểu Thô không có trình điều khiển hay PPD (mô tả máy in). Đối với hàng đợi thô, trang thanh này không được nạp bởi In KDE thì không hiển thị trong hộp thoại kprinter.",very_long_pair; noise_ui_fragment,1171,1222,1.0435525192143467
39315,"List of Possible Values for given Option (from PPD). The lower pane of this dialog page contains all possible values of the print option highlighted above, as laid down in the printer's description file (PostScript Printer Description == 'PPD '.) Select the value you want and proceed. Then, use one of the push buttons below to leave this dialog: 'Save' your settings if you want to re-use them in your next job(s) too. 'Save 'will store your settings permanently until you change them again.. Click'OK' if you want to use your selected settings just once, for the next print job. 'OK 'will forget your current settings when kprinter is closed again, and will start next time with your previous defaults. 'Cancel' will not change anything. If you proceed to print after clicking'Cancel ', the job will print with the default settings of this queue. Note. The number of available job options depends strongly on the actual driver used for your print queue. 'Raw' queues do not have a driver or a PPD. For raw queues this tab page is not loaded by KDEPrint, and thus is not present in the kprinter dialog.","Danh sách giá trị có thể của tùy chọn đựa ra (từ PPD). Ô dưới của trang hộp thoại này chứa mọi giá trị có thể của tùy chọn được tô sãng bên trên, như được xác định trong tập tin mô tả của máy in (PPD: PostScript Printer Description: mô tả máy in PostScript). Hãy chọn giá trị thích hợp, rồi tiếp tục. Sau đó, bấm một của những cái nút bên dưới để rời khởi hộp thoại này. Lưu thiết lập mình nếu bạn muốn tiếp tục dùng nó (trong công việc sau). Lưu sẽ cất giữ được thiết lập của bạn cho đến khi bạn sửa đổi nó.. Nhắp vào nút Được (không có nhấn vào nút Lưu trước) nếu bạn muốn dùng thiết lập này chỉ một lần, trong công việc in kế tiếp. Được sẽ quên thiết lập hiện thời khi trình kprinter đóng lại, và sẽ khởi chạy lại lần sau bằng thiết lập mặc định đã lưu trước đó. Thôi sẽ không thay đổi gì. Nếu bạn tiếp tục in, sau khi nhấn vào nút Thôi, công việc sẽ in bằng thiết lập mặc định của hàng đợi này. Ghi chú: số tùy chọn công việc sẵn sàng phụ thuộc nhiều vào trình điều khiển thật được dùng với hàng đợi in đó. Hàng đợi kiểu Thô không có trình điều khiển hay PPD (mô tả máy in). Đối với hàng đợi thô, trang thanh này không bị In KDE tải, thì không hiển thị trong hộp thoại kprinter.",very_long_pair; noise_ui_fragment,1104,1182,1.0706521739130435
39324,Can not overwrite regular printer with special printer settings.,Không thể ghi đè lên máy in chuẩn bằng thiết lập máy in đặc biệt.,noise_ui_fragment,64,65,1.015625
39334,Cannot save print file to %1. Check that you have write access to it.,Không thể lưu tập tin in vào% 1. Hãy kiểm tra xem bạn có quyền ghi vào nó.,noise_ui_fragment,69,74,1.0724637681159421
39338,The KDE print server (kdeprintd) could not be contacted. Check that this server is running.,Không thể liên lạc với trình phục vụ in KDE (kdeprintd). Hãy kiểm tra xem trình phục vụ này đang chạy. 1 is the command that < files > is given to,noise_markup_or_html_entity,91,146,1.6043956043956045
39339,Check the command syntax: %1< files >,Kiểm tra cú pháp lệnh:% 1 < c\\ xC3\\ xA1c_ t\\ xE1\\ xBA\\ xADp_ tin >,noise_markup_or_html_entity,37,71,1.9189189189189189
39354,The file format %1 is not directly supported by the current print system. You now have 3 options: KDE can attempt to convert this file automatically to a supported format. (Select Convert) You can try to send the file to the printer without any conversion. (Select Keep) You can cancel the printjob. (Select Cancel) Do you want KDE to attempt and convert this file to %2?,"Định dạng tập tin% 1 không phải được hỗ trợ trực tiếp bởi hệ thống in hiện thời. Như thế thì bạn có 3 tùy chọn: KDE có thể cố chuyển đổi tự động tập tin này sang một định dạng được hỗ trợ. (Chọn Chuyển đổi) Bạn có thể cố gửi tập tin này cho máy in, không chuyển đổi gì. (Chọn Giữ) Bạn có thể thôi công việc in. (Chọn Thôi) Bạn có muốn KDE cố chuyển đổi tập tin này sang% 2 không?",noise_ui_fragment,371,379,1.0215633423180592
39356,ISO A4,ISO A4,identical_pair; exact_duplicate,6,6,1.0
39357,Folio,Số tờ,exact_duplicate,5,5,1.0
39360,Tabloid,Vắn tắt,exact_duplicate,7,7,1.0
39361,ISO A3,ISO A3,identical_pair; exact_duplicate,6,6,1.0
39362,ISO A2,ISO A2,identical_pair; exact_duplicate,6,6,1.0
39363,ISO A1,ISO A1,identical_pair; exact_duplicate,6,6,1.0
39364,ISO A0,ISO A0,identical_pair; exact_duplicate,6,6,1.0
39365,Upper Tray,Khay trên,exact_duplicate,10,9,0.9
39366,Lower Tray,Khay dưới,exact_duplicate,10,9,0.9
39369,Normal,Chuẩn,exact_duplicate,6,5,0.8333333333333334
39370,Transparency,Tờ trong suốt,exact_duplicate,12,13,1.0833333333333333
39371,"""General"" This dialog page contains general print job settings. General settings are applicable to most printers, most jobs and most job file types. To get more specific help, enable the ""What's This"" cursor and click on any of the text labels or GUI elements of this dialog.","Chung Trang hộp thoại này chứa thiết lập công việc in chung. Thiết lập chung thích hợp với phần lớn máy in, công việc và kiểu tập tin công việc. Để được trợ giúp đặc trưng cho mục, hiệu lực con trỏ « Cái này là gì? » rồi nhấn vào bất kỳ nhãn chuỗi hay yếu tố GUI trong hộp thoại này.",noise_ui_fragment,275,283,1.029090909090909
39376,"Duplex Printing: These controls may be grayed out if your printer does not support duplex printing (i. e. printing on both sides of the sheet.) These controls are active if your printer supports duplex printing. You can choose from 3 alternatives: None. This prints each page of the job on one side of the sheets only. Long Side. This prints the job on both sides of the paper sheets. It prints the job in a way so that the backside has the same orientation as the front side if you fold the paper over the long edge. (Some printer drivers call this mode duplex-non-tumbled.) Short Side. This prints the job on both sides of the paper sheets. It prints the job so that the backside has the reverse orientation from the front side if you turn the paper over the long edge, but the same orientation, if you turn it over the short edge. (Some printer drivers name this mode duplex-tumbled.) Additional hint for power users: This KDEPrint GUI element corresponds to the CUPS command line job option parameter: -o duplex=... # examples: ""tumble"" or ""two-sided-short-edge""","In hai chiều: Các đồ điều khiển này có lẽ không hoạt động (màu xám) nếu máy in của bạn không hỗ trợ khả năng in hai chiều (tức là in trên cả hai mặt giấy, in mặt đôi). Còn những đồ điều khiển này hoạt động nếu máy in của bạn hỗ trợ in hai chiều. Bạn có thể chọn trong 3 điều xen kẽ: Không có. Điều này in mỗi trang của công việc trên chỉ một mặt mỗi giấy. Cạnh dài. Điều này in công việc trên cả hai mặt giấy. Nó in công việc bằng cách hiển thị mặt sau có cùng hướng với mặt trước, nếu bạn gấp giấy theo trục dài (dọc). (Một số trình điều khiển gọi chế độ này là duplex- non- tumbled (hai chiều không lật). Cạnh ngắn. Điều này in công việc trên cả hai mặt giấy. Nó in công việc bằng cách hiển thị mặt sau có hướng ngược với mặt trước, nếu bạn gấp giấy theo trục dài (dọc), nhưng có cùng hương nếu bạn gấp giấy theo trục ngắn (ngang). (Một số trình điều khiển gọi chế độ này là duplex- tumbled (hai chiều lật)). Gọi ý thêm cho người sử dụng thành thạo: yếu tố GUI KDEPrint này tương ứng với tham số tùy chọn công việc dòng lệnh CUPS: - o duplex=... # examples: ""tumble"" or ""two- sided- short- edge""",very_long_pair,1066,1101,1.0328330206378986
39378,"Pages per Sheet: You can choose to print more than one page onto each sheet of paper. This is sometimes useful to save paper. Note 1: the page images get scaled down accordingly to print 2 or 4 pages per sheet. The page image does not get scaled if you print 1 page per sheet (the default setting). Note 2: If you select multiple pages per sheet here, the scaling and re-arranging is done by your printing system. However, some printers are independently capable of printing multiple pages per sheet. In which case you find the option in the printer driver settings. Be careful: if you enable multiple pages per sheet in both places, your printout will not look as you intended. Additional hint for power users: This KDEPrint GUI element corresponds to the CUPS command line job option parameter: -o number-up=... # examples: ""2"" or ""4""","Trang trên mỗi tờ: Bạn có thể chọn in nhiều trang trên mỗi tờ giấy. Tính năng này tiết kiệm giấy. Ghi chú (1): các ảnh trên trang sẽ được thu nhỏ tương ứng, để in 2 hay 4 trang trên mỗi tờ giấy. (Còn ảnh không được thu nhỏ nếu bạn in 1 trang trên mỗi tờ giấy, giá trị mặc định.) Ghi chú (2): nếu bạn chọn in nhiều trang trên mỗi tờ giấy, ở đây, việc co dãn và sắp xếp được thực hiện bởi hệ thống in. Tuy nhiên, một số máy in có khả năng riêng in nhiều trang trên mỗi tờ, trong trường hợp đó tùy chọn này nằm trong thiết lập trình điều khiển máy in đó. Cẩn thận: nếu bạn tình nguyện cờ bật tại cả hai nơi khả năng in nhiều trang trên mỗi tờ, bản in sẽ không có hình thức đã muốn. Gợi ý thêm cho người sử dụng thành thạo: yếu tố GUI KDEPrint này tương ứng với tham số tùy chọn công việc dòng lệnh CUPS: - o number- up=... # examples: ""2"" or ""4""",noise_ui_fragment,836,848,1.014354066985646
39382,Orientation,Hướng,exact_duplicate,11,5,0.45454545454545453
39384,Pages per Sheet,Trang trên mỗi tờ,exact_duplicate,15,17,1.1333333333333333
39395,Value:,Giá trị:,exact_duplicate,6,8,1.3333333333333333
39401,& File,& Tập tin,exact_duplicate,6,9,1.5
39408,"Output Settings: Here you can determine the number of copies, the output order and the collate mode for the pages of your print job. (Note, that the maximum number of copies allowed to print may be restricted by your print subsystem.) The'Copies' setting defaults to 1. Additional hint for power users: This KDEPrint GUI element corresponds to the CUPS command line job option parameter: -o copies=... # examples: ""5"" or ""42"" -o outputorder=... # example: ""reverse"" -o Collate=... # example: ""true"" or ""false"".","Thiết lập xuất: ở đây bạn có khả năng chọn số bản sao, thứ tự xuất và chế độ đối chiếu cho các trang trong công việc in. (Ghi chú rằng hệ thống con in có lẽ giới hạn số bản sao tối đa có thể in). Giá trị « Bản sao » mặc định là 1. Gợi ý thêm cho người sử dụng thành thạo: yếu tố GUI KDEPrint này tương ứng với tham số tùy chọn công việc dòng lệnh CUPS: - o copies=... # examples: ""5"" or ""42"" - o outputorder=... # example: ""reverse"" - o Collate=... # example: ""true"" or ""false"".",noise_ui_fragment,510,482,0.9450980392156862
39414,& All,& Tất cả,exact_duplicate,5,8,1.6
39418,Output Settings,Thiết lập Xuất,noise_ui_fragment,15,14,0.9333333333333333
39422,All Pages,Mọi trang,exact_duplicate,9,9,1.0
39423,Odd Pages,Trang lẻ,exact_duplicate,9,8,0.8888888888888888
39424,Even Pages,Trang chẵn,exact_duplicate,10,10,1.0
39429,Cancel,Thôi,exact_duplicate; noise_ui_fragment,6,4,0.6666666666666666
39436,Some options selected are in conflict. You must resolve those conflicts before continuing. See the Driver Settings tab for detailed information.,Một số tùy chọn đã chọn vẫn còn xung đột với nhau. Bạn cần phải tháo gỡ xung đột này trước khi tiếp tục. Xem dưới thẻ Thiết lập trình điều khiển để tìm chi tiết.,noise_ui_fragment,144,161,1.1180555555555556
39447,"Custom Margins Checkbox. Enable this checkbox if you want to modify the margins of your printouts. You can change margin settings in 4 ways: Edit the text fields. Click spinbox arrows. Move the scroll wheel of a wheel mouse. Use the mouse to drag margins in the preview frame. Note: The margin setting does not work if you load files into kprinter which have their margins hardcoded internally, such as most PDF or PostScript files. It works for all ASCII text files however. It also may not work with non-KDE applications which fail to fully utilize the KDEPrint framework, such as OpenOffice. org.","Hộp chọn lề tự chọn. Bật hộp chọn này nếu bạn muốn sửa đổi những lề của bản in. Bạn có thể thay đổi thiết lập lề bằng 4 cách: Hiệu chỉnh trường văn bản. Nhấn vào mũi tên hộp xoay. Cuộn bánh xe lăn nhỏ trên con chuột (nếu có) Dùng chuột để kéo lề trong ô xem thử. Ghi chú: thiết lập lề này không hoạt động nếu bạn nạp trực tiếp vào trình kprinter tập tin có các lề cố định, như phần lớn tập tin PDF hay PostScript. Tuy nhiên, thiết lập lề này hoạt động với mọi tập tin văn bản ASCII. Nó cũng có thể không hoạt động với ứng dụng khác KDE mà không sử dụng đầy đủ khuôn khổ In KDE, như OpenOffice. org.",noise_ui_fragment,599,598,0.998330550918197
39458,JCL,JCL,identical_pair,3,3,1.0
39460,5.,5.,identical_pair,2,2,1.0
39461,"Print Poster (enabled or disabled). If you enable this option, you can print posters of different sizes The printout will happen in the form'tiles' printed on smaller paper sizes, which you can stitch together later. If you enable this option here, the'Poster Printing 'filter will be auto-loaded in the'Filters' tab of this dialog. This tab is only visible if the external'poster 'utility is discovered by KDEPrint on your system. ['poster' is a command line utility that enables you to convert PostScript files into tiled printouts, with overlap to allow the tiles to be joined together seamlessly.] Note: The standard version of'poster 'will not work. Your system must use a patched version of'poster'. Ask your operating system vendor to provide a patched version of'poster 'if they do not do so already. Additional hint for power users: A patched version of'poster' is available from the KDEPrint Website at http: / /printing. kde. org/ downloads/. The direct link to the patched source tarball is ftp: / /ftp. kde. org/ pub/ kde/ printing/ poster. tar. bz2","In bích chương (bật hay tắt). Nếu bạn bật tùy chọn này, bạn có khả năng in bích chương kích cỡ khác nhau. Bản in sẽ có định dạng đá lát được in trên giấy kích cỡ nhỏ hơn, mà bạn có thể nối với nhau sau. Nếu bạn bật tùy chọn này ở đây, Bộ lọc « In bích chương » sẽ được tải tự động vào thanh « Lọc » của hộp thoại này. Thanh này hiển thị chỉ nếu tiện ích bên ngoài 'poster' đã bị In KDE phát hiện trên hệ thống của bạn. [« poster » là một tiện ích dòng lệnh mà cho bạn khả năng chuyển đổi tập tin PostScript sang bản in đã lát đều mà tính đến hình thức quá lớn của các đá lát đã nối nhau.] Ghi chú: phiên bản « poster » chuẩn sẽ không hoạt động: hệ thống bạn phải dùng phiên bản có đắp vá (sửa lổi). Hãy xin nhà phát hành hệ điều hành cung cấp một phiên bản « poster » có đắp vá (patched version of ""poster""), nếu chưa cung cấp. Gợi ý thêm cho người sử dụng thành thạo: Một phiên bản « poster » có đắp vá công bố ở nơi Mạng In KDE tại http: // printing. kde. org/ downloads /. Liên kết trực tiếp đến tập tin. tar mã nguồn có đắp vá là ftp: // ftp. kde. org/ pub/ kde/ printing/ poster. tar. bz2.",very_long_pair,1062,1098,1.0338983050847457
39463,"Poster Size Select the poster size you want from the drop-down list. Available sizes are all standard paper sizes up to'A0 '. [A0 is the same size as 16 sheets of A4, or '84cm x 118.2cm'.] Notice, how the little preview window below changes with your change of poster size. It indicates to you how many tiles need to be printed to make the poster, given the selected paper size. Hint: The little preview window below is not just a passive icon. You can click on its individual tiles to select them for printing. To select multiple tiles to be printed at once, you need to'shift-click 'on the tiles ('shift-click' means: hold down the [SHIFT]-key on your keyboard and click with the mouse while [SHIFT]-key is held.) The order in which you click dictates the order in which the tiles are printed. The order of your selection (and of the printed tiles) is indicated by the contents of the text field labelled as'Tile pages (to be printed): 'Note: By default, no tiles are selected. Before you can print (a part of) your poster, you must select at least one tile.","Kích cỡ bích chương Hãy chọn trong danh sách thả xuống kích cỡ bích chương đã muốn. Kích cỡ sẵn sàng gồm mọi kích cỡ giấy đến « A0 ». [A0 có cùng một kích cỡ với 16 tờ giấy A4, hoặc « 84cm x 118. 2cm ».] Ghi chú rằng cửa sổ nhỏ xem thử bên dưới thay đổi khi bạn thay đổi kích cỡ bích chương. Nó ngụ ý mấy đá lát cần in để tạo bích chương này, theo kích cỡ giấy đựa ra. Gợi ý: cửa sổ nhỏ xem thử không phải là chỉ một biểu tượng bị động. Bạn có thể nhấn vào đã lãt nào để chọn in nó. Để chọn nhiều đá lát cần in đồng thời, bạn cần Shift- nhấn vào các đá lát đó (« Shift- nhấn » có nghĩa là bạn hãy bấm giữ phím Shift trên bàn phím rồi nhấn chuột vào mỗi đá lát khi phím Shift còn được bấm giữ.) Cẩn thận: thứ tự nhấn vào đá lát cũng là thứ tự in. < li > < ul > Ghi chú (1): thứ tự chọn (cũng là thứ tự in đá lát) được ngụ ý trong trường văn bản bên dưới, có phụ đề « Trang đá lát cần in: » Ghi chú (2): mặc định là chưa chọn gì. Trước khi bạn có thể in phần bích chương nào, bạn phải chọn ít nhất một đá lát.",very_long_pair; noise_markup_or_html_entity,1060,1007,0.95
39464,"Paper Size This field indicates the paper size the poster tiles will be printed on. To select a different paper size for your poster tiles, go to the'General 'tab of this dialog and select one from the drop-down list. Available sizes are most standard paper sizes supported by your printer. Your printer's supported paper sizes are read from the printer driver info (as laid down in the'PPD', the printer description file.) Be aware that the'Paper Size 'selected may not be supported by'poster' (example: 'HalfLetter ') while it may well be supported by your printer. If you hit that obstacle, simply use another, supported Paper Size, such as'A4' or'Letter '. Notice, how the little preview window below changes with your change of paper size. It indicates how many tiles need to be printed to make up the poster, given the selected paper and poster size. Hint: The little preview window below is not just a passive icon. You can click on its individual tiles to select them for printing. To select multiple tiles to be printed at once, you need to'shift-click' on the tiles ('shift-click 'means: hold down the [SHIFT]-key on your keyboard and click with the mouse while [SHIFT]-key is held.) The order in which you click dictates the order in which the tiles are printed. The order of your selection (and for the printed tiles) is indicated by the contents of the text field labelled as'Tile pages (to be printed):' Note: By default, no tiles are selected. Before you can print (a part of) your poster, you must select at least one tile.","Kích cỡ giấy Trường này ngụ ý kích cỡ giấy nơi cần in các đá lát bích chương. Để chọn kích cỡ giấy khác cho các đá lát bích chương, hãy đi tới thanh « Chung » của hộp thoại này, rồi chọn một kích cỡ giấy trong danh sách thả xuống. Kích cỡ sẵn sàng gồm phần lớn kích cỡ giấy chuẩn bị máy in đó hỗ trợ. Các kích cỡ giấy được hỗ trợ bởi máy in của bạn có được đọc từ thông tin trình điều khiển máy in (như xác định trong PPD, tập tin mô tả máy in). Ghi chú rằng « Kích cỡ giấy » được chọn có lẽ không bị « poster » hỗ trợ (v. d. « Nửa thư »), ngay cả nếu máy in có phải hỗ trợ. Nếu bạn gặp khó khăn này, đơn giản hãy sử dụng một kích cỡ giấy khác, có được hỗ trợ, như « A4 » hay « Thư ». Ghi chú rằng cửa sổ nhỏ xem thử bên dưới thay đổi khi bạn thay đổi kích cỡ bích chương. Nó ngụ ý mấy đá lát cần in để tạo bích chương này, theo kích cỡ giấy đựa ra. Gợi ý: cửa sổ nhỏ xem thử không phải là chỉ một biểu tượng bị động. Bạn có thể nhấn vào đã lãt nào để chọn in nó. Để chọn nhiều đá lát cần in đồng thời, bạn cần Shift- nhấn vào các đá lát đó (« Shift- nhấn » có nghĩa là bạn hãy bấm giữ phím Shift trên bàn phím rồi nhấn chuột vào mỗi đá lát khi phím Shift còn được bấm giữ.) Cẩn thận: thứ tự nhấn vào đá lát cũng là thứ tự in. < li > < ul > Ghi chú (1): thứ tự chọn (cũng là thứ tự in đá lát) được ngụ ý trong trường văn bản bên dưới, có phụ đề « Trang đá lát cần in: » Ghi chú (2): mặc định là chưa chọn gì. Trước khi bạn có thể in phần bích chương nào, bạn phải chọn ít nhất một đá lát.",very_long_pair; noise_markup_or_html_entity,1539,1488,0.9668615984405458
39466,"Order and number of tile pages to be printed. This field displays and sets the individual tiles to be printed, as well as the order for their printout. You can fill the field with 2 different methods: either use the interactive thumbnail preview above and '[SHIFT]-click 'on the tiles; or, edit this text field accordingly. When editing the field, you can denote ranges of pages with, for instance, '3-7', rather than '3,4,5,6,7 '. Examples: ""2,3,7,9,3"" ""1-3,6,8-11""","Thứ tự và số trang đá lát cần in Trường này hiển thị và đặt những đá lát riêng cần in, cũng thứ tự in. Bạn có thể điền vào trường này bằng hai cách khác nhau: hoặc dùng hình thu nhỏ xem thử tương tác bên trên và Shift- nhấn vào đá lát, hoặc hiệu chỉnh trường văn bản. Khi hiệu chỉnh trường này, bạn có thể sử dụng cú pháp kiểu « 3- 7 » thay vào cú pháp kiểu « 3, 4, 5, 6, 7 ». Thí dụ: < pre > ""2, 3, 7, 9, 3"" ""1- 3, 6, 8- 11""",noise_markup_or_html_entity,466,425,0.9120171673819742
39477,& Export...,& Xuất...,exact_duplicate,11,9,0.8181818181818182
39478,"Add Filter button This button calls a little dialog to let you select a filter here. Note 1: You can chain different filters as long as you make sure that the output of one fits as input of the next. (KDEPrint checks your filtering chain and will warn you if you fail to do so). Note 2: The filters you define here are applied to your jobfile before it is handed downstream to your spooler and print subsystem (e. g. CUPS, LPRng, LPD.)","Nút Thêm bộ lọc Cái nút này gọi một hộp thoại nhỏ cho bạn chọn một bộ lọc. Ghi chú (1): bạn có thể nối lạinhiều bộ lọc, miễn là kết xuất của bộ lọc này là kết nhập của bộ lọc kế tiếp. (Trình In KDE kiểm tra dãy lọc, và sẽ cảnh báo bạn nếu nó không hợp lệ.) Ghi chú (2): những bộ lọc được xác định ở đây cũng được áp dụng cho tập tin công việc trước khi nó được gửi tiếp cho bộ cuộn vào ống dẫn và cho hệ thống in phụ (v. d. CUPS, LPRng, LPD). < ul >",noise_markup_or_html_entity; noise_ui_fragment,435,449,1.032183908045977
39484,"Filtering Chain (if enabled, is run before actual job submission to print system.) This field shows which filters are currently selected to act as'pre-filters' for KDEPrint. Pre-filters process the print files before they are sent down-stream to your real print subsystem. The list shown in this field may be empty (default). The pre-filters act on the print job in the order they are listed (from top to bottom). This is done by acting as a filtering chain where the output of one filter acts as input to the next. By putting the filters into the wrong order, you can make the filtering chain fail. For example: if your file is ASCII text, and you want the output being processed by the'Multipage per Sheet 'filter, the first filter must be one that converts ASCII into PostScript. KDEPrint can utilize any external filtering program which you may find useful through this interface. KDEPrint ships preconfigured with support for a selection of common filters. These filters however need to be installed independently from KDEPrint. These pre-filters work for all print subsystems supported by KDEPrint (such as CUPS, LPRng and LPD), because they are not dependent upon them.. Amongst the pre-configured filters shipping with KDEPrint are: the Enscript text filter; a Multiple Pages per Sheet filter; a PostScript to PDF converter; a Page Selection/ Ordering filter; a Poster Printing filter; and some more.... To insert a filter into this list, simply click on the funnel icon (top-most on the right icon column group) and proceed. Please click on the other elements of this dialog to learn more about the KDEPrint pre-filters.","Dây lọc (bật thì đươc chạy trước khi công việc được gửi cho hệ thống in). Trường này hiển thị những bộ lọc nào được chọn hiện thời để « lọc sẵn » cho trình In KDE. Bộ tiền lọc xử lý những tập tin in trước khi chúng được gửi cho hệ thống con in thật. Danh sách được hiển thị trong trường này có thể là rỗng (mặc định). Những bộ tiền lọc xử lý công việc in theo thứ tự trong danh sách này (bộ lọc trên xử lý trước). Việc này là kiểu dây lọc mà kết xuất của bộ lọc này là kết nhập của bộ lọc kế tiếp. Lấy thí dụ, nếu tập tin của bạn là kiểu văn bản ASCII, và bạn muốn bộ lọc « Nhiều trang trên mỗi tờ » xử lý kết xuất của nó, bộ lọc thứ nhất phải là điều xử lý ASCII sang PostScript. Trình In KDE có khả năng sử dụng bất kỳ chương trình lọc bên ngoài mà bạn có thể sử dụng thông qua giao diện này. Trình In KDE có sẵn cách hỗ trợ một số bộ lọc thường dụng. Tuy nhiên, các bộ lọc này cần phải được cài đặt riêng, không phụ thuộc vào In KDE. Những bộ tiền lọc hoạt động với mọi hệ thống con in bị In KDE hỗ trợ (như CUPS, LPRng và LPD), vì chúng không phụ thuộc như thế.. Những bộ lọc cấu hình sẵn với In KDE gồm: bộ lọc văn bản Enscript a bộ lọc Nhiều trang trên mỗi tờ (nhiều trang trên mỗi tờ) bộ chuyển đổi PostScript sang PDF bộ lọc chọn/ sắp xếp trang bộ lọc in bích chương Để chèn bộ lọc vào danh sách này, đơn giản hãy nhấp vào biểu tưọng cái phễu (trên toàn bộ nhóm cột bên phải) và tiếp tục. Vui lòng nhấn vào mỗi yếu tố trong hộp thoại này để tìm thông tin thêm về bộ tiền lọc In KDE.",very_long_pair; noise_ui_fragment,1629,1490,0.9146715776550031
39485,Filters,Lọc,exact_duplicate,7,3,0.42857142857142855
39486,Add filter,Thêm bộ lọc,exact_duplicate,10,11,1.1
39487,Remove filter,Bỏ bộ lọc,exact_duplicate,13,9,0.6923076923076923
39488,Move filter up,Đem bộ lọc lên,exact_duplicate,14,14,1.0
39489,Move filter down,Đem bộ lọc xuống,exact_duplicate,16,16,1.0
39496,"Selection of pages per sheet: You can choose to print more than one page onto each sheet of paper. This is sometimes useful to save paper. Note 1: the page images get scaled down accordingly to print 2 or 4 pages per sheet. The page image does not get scaled if you print 1 page per sheet (the default setting.). Note 2: If you select multiple pages per sheet here, the scaling and re-arranging is done by your printing system. Note 3, regarding ""Other"": You cannot really select Other as the number of pages to print on one sheet. ""Other"" is listed here for information purposes only. To select 8, 9, 16 or other numbers of pages per sheet: go to the tab headlined ""Filter""; enable the Multiple Pages per Sheet filter;... and configure it (bottom-most button on the right of the ""Filters"" tab).","Chọn số trang trên mỗi tờ: Bạn có thể chọn in nhiều trang trên mỗi tờ giấy, để tiết kiệm giấy. Ghi chú (1): những ảnh trên trang được thu nhỏ tương ứng để in 2 hay 4 trang trên mỗi tờ. (Ảnh trên trang không được thu nhỏ nếu bạn in 1 trang trên mỗi tờ [giá trị mặc định].) Ghi chú (2): nếu bạn chọn ở đây để in nhiều trang trên mỗi tờ, việc thu nhỏ và sắp xếp lại bị hệ thống in thực hiện. Ghi chú (3), về « Khác »: bạn không thể thật chon Khác là số trang cần in trên mỗi tờ. « Khác » được chọn vào đây chỉ với mục đích thông tin thôi. Để chọn in8, 9, 16 hay số khác trang trên mỗi tờ: đi tới thanh tên « Lọc » bật bộ lọc Nhiều trang trên mỗi tờ và cấu hình nó (bằng cái nút dưới nhất bên phải thanh « Lọc ».",noise_ui_fragment,795,708,0.8905660377358491
39499,Color Mode,Chế độ màu,exact_duplicate,10,10,1.0
39504,Command:,& Lệnh:,exact_duplicate,8,7,0.875
39509,Other,Khác,exact_duplicate,5,4,0.8
39522,A4,A4,identical_pair; exact_duplicate,2,2,1.0
39523,Letter,Thư,exact_duplicate,6,3,0.5
39527,& Name:,Tên:,exact_duplicate,7,4,0.5714285714285714
39532,KdeprintFax,KdeprintFax,identical_pair,11,11,1.0
39539,Command:,Lệnh:,exact_duplicate,8,5,0.625
39540,& File,& Tập tin,exact_duplicate,6,9,1.5
39541,Fax,& Điện thưNAME OF TRANSLATORS,extreme_length_ratio,3,29,9.666666666666666
39542,Your names,Nhóm Việt hoá KDEEMAIL OF TRANSLATORS,exact_duplicate,10,37,3.7
39543,Your emails,kde- l10n- vi@ kde. org,exact_duplicate,11,23,2.090909090909091
39544,Mime Type,Kiểu MIME,exact_duplicate,9,9,1.0
39546,Add filter,Thêm bộ lọc,exact_duplicate,10,11,1.1
39548,Remove filter,Bỏ bộ lọc,exact_duplicate,13,9,0.6923076923076923
39549,Move filter up,Đem bộ lọc lên,exact_duplicate,14,14,1.0
39550,Move filter down,Đem bộ lọc xuống,exact_duplicate,16,16,1.0
39552,Configuration,Cấu hình,exact_duplicate,13,8,0.6153846153846154
39554,Personal Settings,Thiết lập cá nhân,noise_ui_fragment,17,17,1.0
39557,System,Hệ thống,exact_duplicate,6,8,1.3333333333333333
39559,Filters,Lọc,exact_duplicate,7,3,0.42857142857142855
39561,Name,Tên,exact_duplicate,4,3,0.75
39566,Move up,Đem lên,exact_duplicate,7,7,1.0
39567,Move down,Đem xuống,exact_duplicate,9,9,1.0
39568,Files:,Tập tin:,exact_duplicate,6,8,1.3333333333333333
39573,& Comment:,& Chú thích:,exact_duplicate,10,12,1.2
39578,Processing...,Đang xử lý...,exact_duplicate,13,13,1.0
39579,Idle,Nghỉ,exact_duplicate,4,4,1.0
39596,Name:,& Tên:,exact_duplicate,5,6,1.2
39603,Your names,Phan Vĩnh ThịnhEMAIL OF TRANSLATORS,exact_duplicate,10,35,3.5
39604,Your emails,teppi82@ gmail. com,exact_duplicate,11,19,1.7272727272727273
39606,Printers,Máy in,exact_duplicate,8,6,0.75
39607,Specials,Đặc biệt,exact_duplicate,8,8,1.0
39609,Jobs,Công việc,exact_duplicate,4,9,2.25
39612,Print System,Hệ thống in,exact_duplicate,12,11,0.9166666666666666
39622,Type,Kiểu,exact_duplicate,4,4,1.0
39624,Local,Cục bộ,exact_duplicate,5,6,1.2
39625,State,Tình trạng,exact_duplicate,5,10,2.0
39626,Location,Địa điểm,exact_duplicate,8,8,1.0
39627,Description,Mô tả,exact_duplicate,11,5,0.45454545454545453
39628,URI,URI,identical_pair; exact_duplicate,3,3,1.0
39630,Driver,Trình điều khiển,exact_duplicate,6,16,2.6666666666666665
39632,Model,Mô hình,exact_duplicate,5,7,1.4
39633,Driver Information,Thông tin trình điều khiển,exact_duplicate,18,26,1.4444444444444444
39637,Members,Thành viên,exact_duplicate,7,10,1.4285714285714286
39638,General,Chung,exact_duplicate,7,5,0.7142857142857143
39641,Command,Câu lệnh,exact_duplicate,7,8,1.1428571428571428
39643,Yes,Có,exact_duplicate,3,2,0.6666666666666666
39644,No,Không,exact_duplicate,2,5,2.5
39649,ID,ID,identical_pair; exact_duplicate,2,2,1.0
39650,Owner,Sở hữu,exact_duplicate,5,6,1.2
39651,Printer,Máy in,exact_duplicate,7,6,0.8571428571428571
39652,Name,Tên,exact_duplicate,4,3,0.75
39655,Your names,Phan Vĩnh ThịnhEMAIL OF TRANSLATORS,exact_duplicate,10,35,3.5
39656,Your emails,teppi82@ gmail. com,exact_duplicate,11,19,1.7272727272727273
39657,All Printers,Mọi máy in,exact_duplicate,12,10,0.8333333333333334
39659,Print Error,Lỗi in,exact_duplicate,11,6,0.5454545454545454
39660,KJobViewer,KJobViewer,identical_pair,10,10,1.0
39667,Your names,Phan Vĩnh ThịnhEMAIL OF TRANSLATORS,exact_duplicate,10,35,3.5
39668,Your emails,teppi82@ gmail. com,exact_duplicate,11,19,1.7272727272727273
39669,KPrinter,KPrinter,identical_pair,8,8,1.0
39683,Print Error,Lỗi in,exact_duplicate,11,6,0.5454545454545454
39694,Unable to open temporary file.,Không thể mở tập tin tạm thời.,exact_duplicate,30,30,1.0
39704,Default,Mặc định,exact_duplicate,7,8,1.1428571428571428
39707,150 DPI,150 DPI,identical_pair,7,7,1.0
39708,300 DPI,300 DPI,identical_pair,7,7,1.0
39709,600 DPI,600 DPI,identical_pair,7,7,1.0
39710,1200 DPI,1200 DPI,identical_pair,8,8,1.0
39711,2400 DPI,2400 DPI,identical_pair,8,8,1.0
39713,Off,Tắt,exact_duplicate,3,3,1.0
39716,US Letter,Thư Mỹ,exact_duplicate,9,6,0.6666666666666666
39717,US Legal,Hành pháp Mỹ,exact_duplicate,8,12,1.5
39720,A3,A3,identical_pair; exact_duplicate,2,2,1.0
39725,Transparency,Tờ trong suốt,exact_duplicate,12,13,1.0833333333333333
39733,600x300 DPI,600x300 DPI,identical_pair,11,11,1.0
39745,136 DPI,136 DPI,identical_pair,7,7,1.0
39746,203 DPI,203 DPI,identical_pair,7,7,1.0
39748,Normal,Thường,exact_duplicate,6,6,1.0
39749,FanFoldUS,FanFoldUS,identical_pair,9,9,1.0
39750,60 DPI,60 DPI,identical_pair,6,6,1.0
39751,120x60 DPI,120x60 DPI,identical_pair,10,10,1.0
39752,180 DPI,180 DPI,identical_pair,7,7,1.0
39753,360x180 DPI,360x180 DPI,identical_pair,11,11,1.0
39754,360 DPI,360 DPI,identical_pair,7,7,1.0
39755,60x72 DPI,60x72 DPI,identical_pair,9,9,1.0
39756,120x72 DPI,120x72 DPI,identical_pair,10,10,1.0
39757,240x72 DPI,240x72 DPI,identical_pair,10,10,1.0
39758,Tray 4,Khay 4,exact_duplicate,6,6,1.0
39759,720 DPI,720 DPI,identical_pair,7,7,1.0
39761,"A4, 600x600 DPI","A4, 600x600 DPI",identical_pair,15,15,1.0
39763,"A4, 1200x600 DPI","A4, 1200x600 DPI",identical_pair,16,16,1.0
39764,"B5, 600x600 DPI","B5, 600x600 DPI",identical_pair,15,15,1.0
39765,"B5, 1200x600 DPI","B5, 1200x600 DPI",identical_pair,16,16,1.0
39770,Back Print Media,Phương tiện in ngược,noise_ui_fragment,16,20,1.25
39786,CMY,CMY,identical_pair; exact_duplicate,3,3,1.0
39809,Gamma,Gamma (γ),exact_duplicate,5,9,1.8
39893,Next Job,Việc kế,noise_ui_fragment,8,7,0.875
39896,Next Job is spot colour page,Việc kế là trang màu chấm,noise_ui_fragment,28,25,0.8928571428571429
39903,B5,B5,identical_pair; exact_duplicate,2,2,1.0
39904,Manual,Thủ công,exact_duplicate,6,8,1.3333333333333333
39905,Automatic,Tự động,exact_duplicate,9,7,0.7777777777777778
39910,OHP,OHP,identical_pair,3,3,1.0
39911,OHP (MD 2000),OHP (MD 2000),identical_pair,13,13,1.0
39912,Rebeca Free,Rebeca Free,identical_pair,11,11,1.0
39913,Resolution,Độ phân giải,exact_duplicate,10,12,1.2
39914,1200x600 DPI,1200x600 DPI,identical_pair,12,12,1.0
39915,Color Mode,Chế độ màu,exact_duplicate,10,10,1.0
39921,On,Bật,exact_duplicate,2,3,1.5
39926,EcoBlack,EcoBlack,identical_pair,8,8,1.0
39932,B4 (JIS),B4 (JIS),identical_pair,8,8,1.0
39933,B6 (JIS),B6 (JIS),identical_pair,8,8,1.0
39935,Hagaki,Hagaki,identical_pair,6,6,1.0
39936,Ledger,Sổ cái,exact_duplicate,6,6,1.0
39937,Oufuku,Oufuku,identical_pair,6,6,1.0
39938,600x600 DPI,600x600 DPI,identical_pair,11,11,1.0
39939,300x300 DPI,300x300 DPI,identical_pair,11,11,1.0
39940,3x5,3x5,identical_pair,3,3,1.0
39941,4x6,4x6,identical_pair,3,3,1.0
39942,5x7,5x7,identical_pair,3,3,1.0
39943,5x8,5x8,identical_pair,3,3,1.0
39944,6x8,6x8,identical_pair,3,3,1.0
39945,8x10,8x10,identical_pair,4,4,1.0
39946,8x12,8x12,identical_pair,4,4,1.0
39947,11x14,11x14,identical_pair,5,5,1.0
39948,13x19,13x19,identical_pair,5,5,1.0
39949,16x20,16x20,identical_pair,5,5,1.0
39950,16x24,16x24,identical_pair,5,5,1.0
39951,60x60 dpi,60x60 dpi,identical_pair,9,9,1.0
39952,60x72 dpi,60x72 dpi,identical_pair,9,9,1.0
39953,60x180 dpi,60x180 dpi,identical_pair,10,10,1.0
39954,60x216 dpi,60x216 dpi,identical_pair,10,10,1.0
39955,120x60 dpi,120x60 dpi,identical_pair,10,10,1.0
39956,120x72 dpi,120x72 dpi,identical_pair,10,10,1.0
39957,120x180 dpi,120x180 dpi,identical_pair,11,11,1.0
39958,120x216 dpi,120x216 dpi,identical_pair,11,11,1.0
39959,180x60 dpi,180x60 dpi,identical_pair,10,10,1.0
39960,180x72 dpi,180x72 dpi,identical_pair,10,10,1.0
39961,180x180 dpi,180x180 dpi,identical_pair,11,11,1.0
39962,180x216 dpi,180x216 dpi,identical_pair,11,11,1.0
39963,240x60 dpi,240x60 dpi,identical_pair,10,10,1.0
39964,240x72 dpi,240x72 dpi,identical_pair,10,10,1.0
39965,240x180 dpi,240x180 dpi,identical_pair,11,11,1.0
39966,240x216 dpi,240x216 dpi,identical_pair,11,11,1.0
39967,360x60 dpi,360x60 dpi,identical_pair,10,10,1.0
39968,360x72 dpi,360x72 dpi,identical_pair,10,10,1.0
39969,360x180 dpi,360x180 dpi,identical_pair,11,11,1.0
39970,360x216 dpi,360x216 dpi,identical_pair,11,11,1.0
39971,11x17,11x17,identical_pair,5,5,1.0
39975,Print Quality,Chất lượng in,exact_duplicate,13,13,1.0
39979,Monochrome,Đơn sắc,exact_duplicate,10,7,0.7
39988,Quality,Chất lượng,exact_duplicate,7,10,1.4285714285714286
39990,Draft,Nháp,exact_duplicate,5,4,0.8
40012,A6,A6,identical_pair,2,2,1.0
40017,16K,16K,identical_pair,3,3,1.0
40037,25%,25%,identical_pair,3,3,1.0
40038,50%,50%,identical_pair; exact_duplicate,3,3,1.0
40039,No,Không,exact_duplicate,2,5,2.5
40047,C5,C5,identical_pair,2,2,1.0
40049,DL,DL,identical_pair,2,2,1.0
40050,B5 ISO,B5 ISO,identical_pair,6,6,1.0
40051,B6 ISO,B6 ISO,identical_pair,6,6,1.0
40052,B7 ISO,B7 ISO,identical_pair,6,6,1.0
40053,B8 ISO,B8 ISO,identical_pair,6,6,1.0
40054,B9 ISO,B9 ISO,identical_pair,6,6,1.0
40055,B10 ISO,B10 ISO,identical_pair,7,7,1.0
40070,RA4,RA4,identical_pair,3,3,1.0
40072,Bond,Bond,identical_pair,4,4,1.0
40079,Density,Mật độ,exact_duplicate,7,6,0.8571428571428571
40204,4.2,4. 2,exact_duplicate,3,4,1.3333333333333333
40254,150 x 150 DPI,150 x 150 DPI,identical_pair,13,13,1.0
40255,300 x 300 DPI,300 x 300 DPI,identical_pair,13,13,1.0
40256,600 x 300 DPI,600 x 300 DPI,identical_pair,13,13,1.0
40257,600 x 600 DPI,600 x 600 DPI,identical_pair,13,13,1.0
40265,Fast,Nhanh,exact_duplicate,4,5,1.25
40274,160x72 dpi,160x72 dpi,identical_pair,10,10,1.0
40275,160x144 dpi,160x144 dpi,identical_pair,11,11,1.0
40276,320x216 dpi,320x216 dpi,identical_pair,11,11,1.0
40278,Standard,Chuẩn,exact_duplicate,8,5,0.625
40281,Tabloid,Vắn tắt,exact_duplicate,7,7,1.0
40282,SRA4,SRA4,identical_pair,4,4,1.0
40283,C4,C4,identical_pair,2,2,1.0
40284,ArchA,ArchA,identical_pair,5,5,1.0
40290,Back Print Film,Mành in ngược,noise_ui_fragment,15,13,0.8666666666666667
40299,Other,Khác,exact_duplicate,5,4,0.8
40303,90x90 DPI,90x90 DPI,identical_pair,9,9,1.0
40304,180x180 DPI,180x180 DPI,identical_pair,11,11,1.0
40305,360x360 DPI,360x360 DPI,identical_pair,11,11,1.0
40306,360x360 DPI DMT,360x360 DPI DMT,identical_pair,15,15,1.0
40307,720x360 DPI,720x360 DPI,identical_pair,11,11,1.0
40311,Black,Đen,exact_duplicate,5,3,0.6
40312,Brightness,Độ sáng,exact_duplicate,10,7,0.7
40354,Contrast,Độ tương phản,exact_duplicate,8,13,1.625
40395,Cyan,Xanh lông mòng,exact_duplicate,4,14,3.5
40396,Magenta,Đỏ tươi,exact_duplicate,7,7,1.0
40397,Yellow,Vàng,exact_duplicate,6,4,0.6666666666666666
40398,Saturation,Độ bão hòa,exact_duplicate,10,10,1.0
40499,720x720 DPI,720x720 DPI,identical_pair,11,11,1.0
40500,1440x720 DPI,1440x720 DPI,identical_pair,12,12,1.0
40503,1200x1200 DPI,1200x1200 DPI,identical_pair,13,13,1.0
40504,12x18,12x18,identical_pair,5,5,1.0
40506,20x24,20x24,identical_pair,5,5,1.0
40507,20x30,20x30,identical_pair,5,5,1.0
40508,22x30,22x30,identical_pair,5,5,1.0
40509,24x30,24x30,identical_pair,5,5,1.0
40510,24x36,24x36,identical_pair,5,5,1.0
40511,30x40,30x40,identical_pair,5,5,1.0
40512,A0,A0,identical_pair,2,2,1.0
40513,A1,A1,identical_pair,2,2,1.0
40514,A2,A2,identical_pair,2,2,1.0
40515,RA0,RA0,identical_pair,3,3,1.0
40516,RA1,RA1,identical_pair,3,3,1.0
40517,RA2,RA2,identical_pair,3,3,1.0
40518,RA3,RA3,identical_pair,3,3,1.0
40519,SRA0,SRA0,identical_pair,4,4,1.0
40520,SRA1,SRA1,identical_pair,4,4,1.0
40521,SRA2,SRA2,identical_pair,4,4,1.0
40522,B0 ISO,B0 ISO,identical_pair,6,6,1.0
40523,B1 ISO,B1 ISO,identical_pair,6,6,1.0
40524,B2 ISO,B2 ISO,identical_pair,6,6,1.0
40525,B3 ISO,B3 ISO,identical_pair,6,6,1.0
40526,B0 JIS,B0 JIS,identical_pair,6,6,1.0
40527,B1 JIS,B1 JIS,identical_pair,6,6,1.0
40528,B2 JIS,B2 JIS,identical_pair,6,6,1.0
40529,B3 JIS,B3 JIS,identical_pair,6,6,1.0
40530,C0,C0,identical_pair,2,2,1.0
40531,C1,C1,identical_pair,2,2,1.0
40532,C2,C2,identical_pair,2,2,1.0
40533,C3,C3,identical_pair,2,2,1.0
40534,ArchA Transverse,ArchA Transverse,identical_pair,16,16,1.0
40535,ArchB,ArchB,identical_pair,5,5,1.0
40536,ArchB Transverse,ArchB Transverse,identical_pair,16,16,1.0
40537,ArchC,ArchC,identical_pair,5,5,1.0
40538,ArchC Transverse,ArchC Transverse,identical_pair,16,16,1.0
40539,ArchD,ArchD,identical_pair,5,5,1.0
40540,ArchD Transverse,ArchD Transverse,identical_pair,16,16,1.0
40541,ArchE,ArchE,identical_pair,5,5,1.0
40545,Back Light Film,Mành sáng ở sau,noise_ui_fragment,15,15,1.0
40565,360 DPI FOL2,360 DPI FOL2,identical_pair,12,12,1.0
40567,360 DPI MW2,360 DPI MW2,identical_pair,11,11,1.0
40569,720 x 360 DPI,720 x 360 DPI,identical_pair,13,13,1.0
40571,720 x 360 DPI Microweave,720 x 360 DPI Microweave,identical_pair,24,24,1.0
40573,720 x 360 DPI FOL,720 x 360 DPI FOL,identical_pair,17,17,1.0
40575,720 x 360 DPI FOL2,720 x 360 DPI FOL2,identical_pair,18,18,1.0
40577,720 x 360 DPI MW2,720 x 360 DPI MW2,identical_pair,17,17,1.0
40579,720 DPI Microweave,720 DPI Microweave,identical_pair,18,18,1.0
40585,1440 x 720 DPI Microweave,1440 x 720 DPI Microweave,identical_pair,25,25,1.0
40587,1440 x 720 DPI FOL,1440 x 720 DPI FOL,identical_pair,18,18,1.0
40599,1440 x 720 DPI,1440 x 720 DPI,identical_pair,14,14,1.0
40602,2880 x 720 DPI,2880 x 720 DPI,identical_pair,14,14,1.0
40606,1440 x 1440 DPI,1440 x 1440 DPI,identical_pair,15,15,1.0
40608,2880 x 1440 DPI,2880 x 1440 DPI,identical_pair,15,15,1.0
40615,2880 x 720 DPI Microweave,2880 x 720 DPI Microweave,identical_pair,25,25,1.0
40617,2880 x 720 DPI FOL,2880 x 720 DPI FOL,identical_pair,18,18,1.0
40621,1440 x 1440 DPI Microweave,1440 x 1440 DPI Microweave,identical_pair,26,26,1.0
40623,1440 x 1440 DPI FOL,1440 x 1440 DPI FOL,identical_pair,19,19,1.0
40627,2880 x 1440 DPI Microweave,2880 x 1440 DPI Microweave,identical_pair,26,26,1.0
40629,2880 x 1440 DPI FOL,2880 x 1440 DPI FOL,identical_pair,19,19,1.0
40636,300 DPI x 600 DPI,300 DPI x 600 DPI,identical_pair,17,17,1.0
40642,2400 DPI x 1200 DPI,2400 DPI x 1200 DPI,identical_pair,19,19,1.0
40651,Upper Tray,Khay trên,exact_duplicate,10,9,0.9
40652,Lower Tray,Khay dưới,exact_duplicate,10,9,0.9
40661,Tray 5,Khay 5,exact_duplicate,6,6,1.0
40662,2400x600 DPI,2400x600 DPI,identical_pair,12,12,1.0
40667,8K,8K,identical_pair,2,2,1.0
40673,180x360 dpi,180x360 dpi,identical_pair,11,11,1.0
40674,360x360 dpi,360x360 dpi,identical_pair,11,11,1.0
40675,180 x 180 DPI,180 x 180 DPI,identical_pair,13,13,1.0
40676,360 x 360 DPI,360 x 360 DPI,identical_pair,13,13,1.0
40682,90 DPI,90 DPI,identical_pair,6,6,1.0
40710,90 x 90 DPI,90 x 90 DPI,identical_pair,11,11,1.0
40712,"360x360dpi, back print film","360x360dpi, mành in ngược",noise_ui_fragment,27,25,0.9259259259259259
40723,720 x 720 DPI,720 x 720 DPI,identical_pair,13,13,1.0
40724,360 dpi,360 dpi,identical_pair,7,7,1.0
40725,720 dpi,720 dpi,identical_pair,7,7,1.0
40727,"720x720dpi, back print film","720x720dpi, mành in ngược",noise_ui_fragment,27,25,0.9259259259259259
40734,1200 x 600 DPI,1200 x 600 DPI,identical_pair,14,14,1.0
40742,1200 x 1200 DPI,1200 x 1200 DPI,identical_pair,15,15,1.0
40746,HP LaserJet 4L,HP LaserJet 4L,identical_pair,14,14,1.0
40755,240x240 DPI,240x240 DPI,identical_pair,11,11,1.0
40756,300x300 dpi,300x300 dpi,identical_pair,11,11,1.0
40757,300x600 dpi,300x600 dpi,identical_pair,11,11,1.0
40758,600x600 dpi,600x600 dpi,identical_pair,11,11,1.0
40759,600x1200 dpi,600x1200 dpi,identical_pair,12,12,1.0
40760,1200x1200 dpi,1200x1200 dpi,identical_pair,13,13,1.0
40762,300x600 DPI,300x600 DPI,identical_pair,11,11,1.0
40763,300x1200 DPI,300x1200 DPI,identical_pair,12,12,1.0
40764,600x1200 DPI,600x1200 DPI,identical_pair,12,12,1.0
40765,1200x300 DPI,1200x300 DPI,identical_pair,12,12,1.0
40776,Paper Source,Nguồn giấy,exact_duplicate,12,10,0.8333333333333334
40777,Tray 8,Khay 8,exact_duplicate,6,6,1.0
40778,Tray 9,Khay 9,exact_duplicate,6,6,1.0
40779,Tray 10,Khay 10,exact_duplicate,7,7,1.0
40793,Orientation,Hướng,exact_duplicate,11,5,0.45454545454545453
40794,Landscape,Nằm ngang,exact_duplicate,9,9,1.0
40795,Portrait,Thẳng đứng,exact_duplicate,8,10,1.25
40813,none,không có,exact_duplicate,4,8,2.0
40816,Random,Ngẫu nhiên,exact_duplicate,6,10,1.6666666666666667
40817,360 x 120 DPI,360 x 120 DPI,identical_pair,13,13,1.0
40818,360 x 240 DPI,360 x 240 DPI,identical_pair,13,13,1.0
40819,360 x 180 DPI,360 x 180 DPI,identical_pair,13,13,1.0
40820,360 x 90 DPI,360 x 90 DPI,identical_pair,12,12,1.0
40840,360x360dpi,360x360dpi,identical_pair,10,10,1.0
40841,720x720dpi,720x720dpi,identical_pair,10,10,1.0
40842,F4,F4,identical_pair,2,2,1.0
40847,Dpi,Dpi,identical_pair,3,3,1.0
40850,Ritech,Ritech,identical_pair,6,6,1.0
40855,360x720 DPI,360x720 DPI,identical_pair,11,11,1.0
40856,400x400 DPI,400x400 DPI,identical_pair,11,11,1.0
40860,Super B,Super B,identical_pair,7,7,1.0
40882,Auto,Tự động,exact_duplicate,4,7,1.75
40884,2A,2A,identical_pair,2,2,1.0
40885,4A,4A,identical_pair,2,2,1.0
40886,Arch A,Arch A,identical_pair,6,6,1.0
40887,Arch B,Arch B,identical_pair,6,6,1.0
40888,Arch C,Arch C,identical_pair,6,6,1.0
40889,Arch D,Arch D,identical_pair,6,6,1.0
40890,Arch E,Arch E,identical_pair,6,6,1.0
40891,B0 (ISO),B0 (ISO),identical_pair,8,8,1.0
40892,B1 (ISO),B1 (ISO),identical_pair,8,8,1.0
40893,B2 (ISO),B2 (ISO),identical_pair,8,8,1.0
40894,B3 (ISO),B3 (ISO),identical_pair,8,8,1.0
40895,B4 (ISO),B4 (ISO),identical_pair,8,8,1.0
40896,B5 (ISO),B5 (ISO),identical_pair,8,8,1.0
40897,B0 (JIS),B0 (JIS),identical_pair,8,8,1.0
40898,B1 (JIS),B1 (JIS),identical_pair,8,8,1.0
40899,B2 (JIS),B2 (JIS),identical_pair,8,8,1.0
40900,B3 (JIS),B3 (JIS),identical_pair,8,8,1.0
40901,Super A,Super A,identical_pair,7,7,1.0
40923,None,Không có,exact_duplicate,4,8,2.0
40941,Paper,Giấy,exact_duplicate,5,4,0.8
40944,Upper,Trên,exact_duplicate,5,4,0.8
40957,2400x1200 DPI,2400x1200 DPI,identical_pair,13,13,1.0
40960,75x75 dpi,75x75 dpi,identical_pair,9,9,1.0
40961,150x150 dpi,150x150 dpi,identical_pair,11,11,1.0
40964,Folio,Số tờ,exact_duplicate,5,5,1.0
40970,Yes,Có,exact_duplicate,3,2,0.6666666666666666
40979,Idle time to start power save mode (min),Thời gian nghỉ trước khi vào chế độ tiết kiệm điện năng (phút),noise_ui_fragment,40,62,1.55
40988,300 x 600 DPI,300 x 600 DPI,identical_pair,13,13,1.0
40989,2400 x 1200 DPI,2400 x 1200 DPI,identical_pair,15,15,1.0
40992,320x320 DPI,320x320 DPI,identical_pair,11,11,1.0
40993,160x160 DPI,160x160 DPI,identical_pair,11,11,1.0
40998,DeskJet,DeskJet,identical_pair,7,7,1.0
40999,DeskJet 310,DeskJet 310,identical_pair,11,11,1.0
41000,DeskJet 320,DeskJet 320,identical_pair,11,11,1.0
41001,DeskJet 340,DeskJet 340,identical_pair,11,11,1.0
41002,DeskJet 400,DeskJet 400,identical_pair,11,11,1.0
41003,DeskJet 600,DeskJet 600,identical_pair,11,11,1.0
41004,DeskJet 660C,DeskJet 660C,identical_pair,12,12,1.0
41005,DeskJet 670C,DeskJet 670C,identical_pair,12,12,1.0
41006,DeskJet 680C,DeskJet 680C,identical_pair,12,12,1.0
41007,DeskJet 690C,DeskJet 690C,identical_pair,12,12,1.0
41008,DeskJet 870C,DeskJet 870C,identical_pair,12,12,1.0
41009,DeskJet 890C,DeskJet 890C,identical_pair,12,12,1.0
41011,DeskJet 1120C,DeskJet 1120C,identical_pair,13,13,1.0
41012,DeskJet Plus,DeskJet Plus,identical_pair,12,12,1.0
41019,Letter,Thư,exact_duplicate,6,3,0.5
41021,A4,A4,identical_pair; exact_duplicate,2,2,1.0
41022,204x196 DPI,204x196 DPI,identical_pair,11,11,1.0
41023,204x98 DPI,204x98 DPI,identical_pair,10,10,1.0
41025,ID,ID,identical_pair; exact_duplicate,2,2,1.0
41027,72dpi,72dpi,identical_pair,5,5,1.0
41028,144dpi,144dpi,identical_pair,6,6,1.0
41029,300dpi,300dpi,identical_pair,6,6,1.0
41030,360dpi,360dpi,identical_pair,6,6,1.0
41031,600dpi,600dpi,identical_pair,6,6,1.0
41032,720dpi,720dpi,identical_pair,6,6,1.0
41033,1200dpi,1200dpi,identical_pair,7,7,1.0
41034,1440dpi,1440dpi,identical_pair,7,7,1.0
41035,2400dpi,2400dpi,identical_pair,7,7,1.0
41036,A5,A5,identical_pair,2,2,1.0
41037,B4,B4,identical_pair; exact_duplicate,2,2,1.0
41038,B6,B6,identical_pair,2,2,1.0
41041,US C,US C,identical_pair,4,4,1.0
41042,US D,US D,identical_pair,4,4,1.0
41043,US E,US E,identical_pair,4,4,1.0
41044,ARCH A,ARCH A,identical_pair,6,6,1.0
41045,ARCH B,ARCH B,identical_pair,6,6,1.0
41046,ARCH C,ARCH C,identical_pair,6,6,1.0
41047,ARCH D,ARCH D,identical_pair,6,6,1.0
41048,ARCH E,ARCH E,identical_pair,6,6,1.0
41060,80 MB,80 MB,identical_pair,5,5,1.0
41061,B5 (JIS),B5 (JIS),identical_pair,8,8,1.0
41075,Paper Source,Nguồn giấy,exact_duplicate,12,10,0.8333333333333334
41076,Tray 1,Khay 1,exact_duplicate,6,6,1.0
41077,Tray 2,Khay 2,exact_duplicate,6,6,1.0
41078,HP ColorSmart,HP ColorSmart,identical_pair,13,13,1.0
41079,Text,Văn bản,exact_duplicate,4,7,1.75
41081,Vivid,Sặc sỡ,exact_duplicate,5,6,1.2
41083,Image,Ảnh,exact_duplicate,5,3,0.6
41084,Print Quality,Chất lượng in,exact_duplicate,13,13,1.0
41085,Best,Tốt nhất,exact_duplicate,4,8,2.0
41090,TOYO,TOYO,identical_pair,4,4,1.0
41091,Pages per Sheet,Trang trên mỗi tờ,exact_duplicate,15,17,1.1333333333333333
41108,Confidential,Tin tưởng,exact_duplicate,12,9,0.75
41109,Copy,Chép,exact_duplicate,4,4,1.0
41110,Copyright,Bản quyền,exact_duplicate,9,9,1.0
41112,Final,Cuối cùng,exact_duplicate,5,9,1.8
41118,Top Secret,Tối mật,exact_duplicate,10,7,0.7
41138,90 Degrees,90º,exact_duplicate,10,3,0.3
41144,0 Degrees,0º,exact_duplicate,9,2,0.2222222222222222
41157,All Pages,Mọi trang,exact_duplicate,9,9,1.0
41159,32 MB,32 MB,identical_pair,5,5,1.0
41160,48 MB,48 MB,identical_pair,5,5,1.0
41161,64 MB,64 MB,identical_pair,5,5,1.0
41162,72 MB,72 MB,identical_pair,5,5,1.0
41166,Tray 3,Khay 3,exact_duplicate,6,6,1.0
41168,True,Đúng,exact_duplicate,4,4,1.0
41169,False,Sai,exact_duplicate,5,3,0.6
41182,Pantone,Pantone,identical_pair,7,7,1.0
41183,Rendering Intent,Định vẽ,exact_duplicate,16,7,0.4375
41191,+5%,+5%,identical_pair,3,3,1.0
41192,+10%,+10%,identical_pair,4,4,1.0
41193,+15%,+15%,identical_pair,4,4,1.0
41194,+20%,+20%,identical_pair,4,4,1.0
41201,Installed,Đã cài đặt,exact_duplicate,9,10,1.1111111111111112
41204,36 - 43 MB RAM,36 - 43 MB RAM,identical_pair,14,14,1.0
41205,44 - 51 MB RAM,44 - 51 MB RAM,identical_pair,14,14,1.0
41206,52 - 59 MB RAM,52 - 59 MB RAM,identical_pair,14,14,1.0
41207,60 - 67 MB RAM,60 - 67 MB RAM,identical_pair,14,14,1.0
41210,ColorSmart,ColorSmart,identical_pair,10,10,1.0
41221,Basic,Cơ bản,exact_duplicate,5,6,1.2
41237,A4 210 x 297 mm,A4 210 x 297 mm,identical_pair,15,15,1.0
41238,A3 297 x 420 mm,A3 297 x 420 mm,identical_pair,15,15,1.0
41245,Light,Nhạt,exact_duplicate,5,4,0.8
41246,Medium,Vừa,exact_duplicate,6,3,0.5
41249,32 - 39 MB RAM,32 - 39 MB RAM,identical_pair,14,14,1.0
41250,40 - 63 MB RAM,40 - 63 MB RAM,identical_pair,14,14,1.0
41251,64 - 95 MB RAM,64 - 95 MB RAM,identical_pair,14,14,1.0
41252,96 - 127 MB RAM,96 - 127 MB RAM,identical_pair,15,15,1.0
41253,128 - 159 MB RAM,128 - 159 MB RAM,identical_pair,16,16,1.0
41254,160 - 191 MB RAM,160 - 191 MB RAM,identical_pair,16,16,1.0
41255,192 MB RAM,192 MB RAM,identical_pair,10,10,1.0
41262,Color,Màu,exact_duplicate,5,3,0.6
41263,Heavy,Nặng,exact_duplicate,5,4,0.8
41271,SWOP,SWOP,identical_pair,4,4,1.0
41272,ColorSmart II,ColorSmart II,identical_pair,13,13,1.0
41281,32 - 63 MB RAM,32 - 63 MB RAM,identical_pair,14,14,1.0
41282,192 - 223 MB RAM,192 - 223 MB RAM,identical_pair,16,16,1.0
41283,224 - 256 MB RAM,224 - 256 MB RAM,identical_pair,16,16,1.0
41296,User Name,Tên người dùng,exact_duplicate,9,14,1.5555555555555556
41306,JB5,JB5,identical_pair,3,3,1.0
41315,EuroScale,EuroScale,identical_pair,9,9,1.0
41316,DIC,DIC,identical_pair,3,3,1.0
41325,All,Tất cả,exact_duplicate,3,6,2.0
41328,Custom,Tự chọn,exact_duplicate,6,7,1.1666666666666667
41349,Red,Đỏ,exact_duplicate,3,2,0.6666666666666666
41351,Green,Xanh lá cây,exact_duplicate,5,11,2.2
41368,CMYK,CMYK,identical_pair; exact_duplicate,4,4,1.0
41374,OHT,OHT,identical_pair,3,3,1.0
41403,Exec,Chạy,exact_duplicate,4,4,1.0
41405,Monarch,Monarch,identical_pair,7,7,1.0
41406,JIS B5,JIS B5,identical_pair,6,6,1.0
41407,JPostD,JPostD,identical_pair,6,6,1.0
41408,9x12,9x12,identical_pair,4,4,1.0
41409,N-UP AND WATERMARK SETTINGS,N- UP VÀ THIẾT LẬP THỦY ẤN,noise_ui_fragment,27,26,0.9629629629629629
41419,Enabled,Hoạt động,exact_duplicate,7,9,1.2857142857142858
41420,Disabled,Đã tắt,exact_duplicate,8,6,0.75
41424,Euroscale,Euroscale,identical_pair,9,9,1.0
41428,PrinterÕs Current Setting,Thiết lập máy in hiện có,language_suspect,25,24,0.96
41445,JIS B4,JIS B4,identical_pair,6,6,1.0
41450,6 - 7 MB,6 - 7 MB,identical_pair,8,8,1.0
41451,8 - 11 MB,8 - 11 MB,identical_pair,9,9,1.0
41452,12 - 19 MB,12 - 19 MB,identical_pair,10,10,1.0
41453,20 - 27 MB,20 - 27 MB,identical_pair,10,10,1.0
41454,28 - 35 MB,28 - 35 MB,identical_pair,10,10,1.0
41458,Tray 1 (Manual),Khay 1 (thủ công),exact_duplicate,15,17,1.1333333333333333
41460,Odd Pages,Trang lẻ,exact_duplicate,9,8,0.8888888888888888
41461,Even Pages,Trang chẵn,exact_duplicate,10,10,1.0
41481,4 - 7 MB,4 - 7 MB,identical_pair,8,8,1.0
41482,Tray 1,Khay 1,exact_duplicate,6,6,1.0
41483,Tray 1 (Manual),Khay 1 (thủ công),exact_duplicate,15,17,1.1333333333333333
41484,Tray 2,Khay 2,exact_duplicate,6,6,1.0
41485,Tray 3,Khay 3,exact_duplicate,6,6,1.0
41486,Tray 4,Khay 4,exact_duplicate,6,6,1.0
41492,User,Người dùng,exact_duplicate,4,10,2.5
41493,FastRes 1200,FastRes 1200,identical_pair,12,12,1.0
41495,2,2,identical_pair; exact_duplicate,1,1,1.0
41496,3,3,identical_pair; exact_duplicate,1,1,1.0
41497,4,4,identical_pair; exact_duplicate,1,1,1.0
41498,5,5,identical_pair; exact_duplicate,1,1,1.0
41499,6,6,identical_pair; exact_duplicate,1,1,1.0
41500,7,7,identical_pair; exact_duplicate,1,1,1.0
41501,8,8,identical_pair; exact_duplicate,1,1,1.0
41502,9,9,identical_pair; exact_duplicate,1,1,1.0
41503,12 - 15 MB,12 - 15 MB,identical_pair,10,10,1.0
41504,16 - 19 MB,16 - 19 MB,identical_pair,10,10,1.0
41505,Tray 5,Khay 5,exact_duplicate,6,6,1.0
41506,Tray 6,Khay 6,exact_duplicate,6,6,1.0
41507,Tray 7,Khay 7,exact_duplicate,6,6,1.0
41508,Tray 8,Khay 8,exact_duplicate,6,6,1.0
41509,Tray 9,Khay 9,exact_duplicate,6,6,1.0
41510,Tray 10,Khay 10,exact_duplicate,7,7,1.0
41527,Printer < 27 > s Current Setting,Thiết lập máy in hiện có,noise_markup_or_html_entity,32,24,0.75
41539,Letter (8 1/ 2 x 11 in),Thư (8 1/ 2 x 11 in),exact_duplicate,23,20,0.8695652173913043
41540,Legal (8 1/ 2 x 14 in),Hành pháp (8 1/ 2 x 14 in),exact_duplicate,22,26,1.1818181818181819
41541,A4 (210 x 297 mm),A4 (210 x 297 mm),identical_pair,17,17,1.0
41543,A5 (148 x 210 mm),A5 (148 x 210 mm),identical_pair,17,17,1.0
41569,600 dpi,600 dpi,identical_pair,7,7,1.0
41570,300 dpi,300 dpi,identical_pair,7,7,1.0
41574,3 MB,3 MB,identical_pair,4,4,1.0
41575,4 - 5 MB,4 - 5 MB,identical_pair,8,8,1.0
41595,20 - 23 MB,20 - 23 MB,identical_pair,10,10,1.0
41596,24 - 27 MB,24 - 27 MB,identical_pair,10,10,1.0
41599,1,1,identical_pair; exact_duplicate,1,1,1.0
41605,32 - 39 MB,32 - 39 MB,identical_pair,10,10,1.0
41606,40 - 47 MB,40 - 47 MB,identical_pair,10,10,1.0
41607,48 - 55 MB,48 - 55 MB,identical_pair,10,10,1.0
41608,56 - 63 MB,56 - 63 MB,identical_pair,10,10,1.0
41609,64 - 71 MB,64 - 71 MB,identical_pair,10,10,1.0
41613,75 DPI,75 DPI,identical_pair,6,6,1.0
41614,CMY+K,CMY+K,identical_pair,5,5,1.0
41615,Model,Mô hình,exact_duplicate,5,7,1.4
41616,DeskJet 500,DeskJet 500,identical_pair,11,11,1.0
41617,DeskJet 500C,DeskJet 500C,identical_pair,12,12,1.0
41618,DeskJet 510,DeskJet 510,identical_pair,11,11,1.0
41619,DeskJet 520,DeskJet 520,identical_pair,11,11,1.0
41620,DeskJet 540,DeskJet 540,identical_pair,11,11,1.0
41621,DeskJet 550C,DeskJet 550C,identical_pair,12,12,1.0
41622,DeskJet 560C,DeskJet 560C,identical_pair,12,12,1.0
41623,DeskJet 850C,DeskJet 850C,identical_pair,12,12,1.0
41624,DeskJet 855C,DeskJet 855C,identical_pair,12,12,1.0
41648,PCL3GUI,PCL3GUI,identical_pair,7,7,1.0
41651,A7,A7,identical_pair,2,2,1.0
41652,A8,A8,identical_pair,2,2,1.0
41653,A9,A9,identical_pair,2,2,1.0
41654,A10,A10,identical_pair,3,3,1.0
41655,B5 JIS,B5 JIS,identical_pair,6,6,1.0
41657,B6 JIS,B6 JIS,identical_pair,6,6,1.0
41658,B7 JIS,B7 JIS,identical_pair,6,6,1.0
41659,B8 JIS,B8 JIS,identical_pair,6,6,1.0
41660,B9 JIS,B9 JIS,identical_pair,6,6,1.0
41661,B10 JIS,B10 JIS,identical_pair,7,7,1.0
41662,C6,C6,identical_pair,2,2,1.0
41663,C7,C7,identical_pair,2,2,1.0
41665,C8,C8,identical_pair,2,2,1.0
41666,C9,C9,identical_pair,2,2,1.0
41667,C10,C10,identical_pair,3,3,1.0
41678,Premium,Premium,identical_pair,7,7,1.0
41680,150x150 DPI,150x150 DPI,identical_pair,11,11,1.0
41693,B4 ISO,B4 ISO,identical_pair,6,6,1.0
41694,B4 JIS,B4 JIS,identical_pair,6,6,1.0
41699,SRA3,SRA3,identical_pair,4,4,1.0
41702,Tray 6,Khay 6,exact_duplicate,6,6,1.0
41703,Tray 7,Khay 7,exact_duplicate,6,6,1.0
41713,High,Cao,exact_duplicate,4,3,0.75
41758,Special,Đặc biệt,exact_duplicate,7,8,1.1428571428571428
41759,Transparent,Trong suốt,exact_duplicate,11,10,0.9090909090909091
41767,First,Đầu,exact_duplicate,5,3,0.6
41768,16MB RAM,16MB RAM,identical_pair,8,8,1.0
41769,32MB RAM,32MB RAM,identical_pair,8,8,1.0
41770,48MB RAM,48MB RAM,identical_pair,8,8,1.0
41771,64MB RAM,64MB RAM,identical_pair,8,8,1.0
41772,80MB RAM,80MB RAM,identical_pair,8,8,1.0
41773,96MB RAM,96MB RAM,identical_pair,8,8,1.0
41774,128MB RAM,128MB RAM,identical_pair,9,9,1.0
41775,144MB RAM,144MB RAM,identical_pair,9,9,1.0
41776,160MB RAM,160MB RAM,identical_pair,9,9,1.0
41777,192MB - 224MB RAM,192MB - 224MB RAM,identical_pair,17,17,1.0
41778,256MB - 512MB RAM,256MB - 512MB RAM,identical_pair,17,17,1.0
41785,400dpi,400dpi,identical_pair,6,6,1.0
41787,Text Only,Chỉ có chữ,exact_duplicate,9,10,1.1111111111111112
41790,Toner Save,Tiết kiệm mực sắc điệu,noise_ui_fragment,10,22,2.2
41793,Sort,Sắp xếp,exact_duplicate,4,7,1.75
41794,Group,Nhóm,exact_duplicate,5,4,0.8
41810,Back Cover,Bìa sau,noise_ui_fragment,10,7,0.7
41815,Letter (8 1/ 2 x 11 in),Thư (8 1/ 2 x 11 in),exact_duplicate,23,20,0.8695652173913043
41816,Legal (8 1/ 2 x 14 in),Hành pháp (8 1/ 2 x 14 in),exact_duplicate,22,26,1.1818181818181819
41829,Back Cover Tray,Khay bìa sau,noise_ui_fragment,15,12,0.8
41838,Memory,Bộ nhớ,exact_duplicate,6,6,1.0
41843,KIR,KIR,identical_pair,3,3,1.0
41867,Two,Hai,exact_duplicate,3,3,1.0
41961,Euroscale Press,Euroscale Press,identical_pair,15,15,1.0
41962,SWOP Press,SWOP Press,identical_pair,10,10,1.0
41964,SMPTE240M,SMPTE240M,identical_pair,9,9,1.0
41965,sRGB (HDTV),sRGB (HDTV),identical_pair,11,11,1.0
41966,Trinitron,Trinitron,identical_pair,9,9,1.0
41967,Apple RGB,Apple RGB,identical_pair,9,9,1.0
41968,NTSC,NTSC,identical_pair,4,4,1.0
42071,Images,Ảnh,exact_duplicate,6,3,0.5
42072,RGB,RGB,identical_pair; exact_duplicate,3,3,1.0
42074,+5,+5,identical_pair,2,2,1.0
42075,+10,+10,identical_pair,3,3,1.0
42076,+15,+15,identical_pair,3,3,1.0
42077,+20,+20,identical_pair,3,3,1.0
42078,+25,+25,identical_pair,3,3,1.0
42079,+30,+30,identical_pair,3,3,1.0
42080,+35,+35,identical_pair,3,3,1.0
42081,+40,+40,identical_pair,3,3,1.0
42082,+45,+45,identical_pair,3,3,1.0
42083,+50,+50,identical_pair,3,3,1.0
42088,ColorGrade,ColorGrade,identical_pair,10,10,1.0
42100,1200 dpi,1200 dpi,identical_pair,8,8,1.0
42117,Top,Trên,exact_duplicate,3,4,1.3333333333333333
42119,Display,Hiển thị,exact_duplicate,7,8,1.1428571428571428
42121,B5 182 x 257 mm,B5 182 x 257 mm,identical_pair,15,15,1.0
42122,A5 148 x 210 mm,A5 148 x 210 mm,identical_pair,15,15,1.0
42123,B4 257 x 364 mm,B4 257 x 364 mm,identical_pair,15,15,1.0
42124,A3 297 x 419 mm,A3 297 x 419 mm,identical_pair,15,15,1.0
42125,Universal 11.7 x 17 in,Chung 11. 7 x 17 in,language_suspect,22,19,0.8636363636363636
42133,Universal,Chung,exact_duplicate,9,5,0.5555555555555556
42134,Comm10,Comm10,identical_pair,6,6,1.0
42135,ISOB5,ISOB5,identical_pair,5,5,1.0
42150,Universal 8 1/ 2 x 14 in,Chung 8 1/ 2 x 14 in,language_suspect,24,20,0.8333333333333334
42153,SA3 320 x 450 mm,SA3 320 x 450 mm,identical_pair,16,16,1.0
42154,Universal 12.6 x 22 in,Chung 12. 6 x 22 in,language_suspect,22,19,0.8636363636363636
42155,SA3,SA3,identical_pair,3,3,1.0
42217,Contone,Contone,identical_pair,7,7,1.0
42248,Universal 11.69 x 17 in,Chung 11. 69 x 17 in,language_suspect,23,20,0.8695652173913043
42251,300 dpi x 600 dpi,300 dpi x 600 dpi,identical_pair,17,17,1.0
42252,600 dpi x 600 dpi,600 dpi x 600 dpi,identical_pair,17,17,1.0
42253,1200 dpi x 600 dpi,1200 dpi x 600 dpi,identical_pair,18,18,1.0
42255,0 sec,0 giây,exact_duplicate,5,6,1.2
42263,6 MB,6 MB,identical_pair,4,4,1.0
42264,7 MB,7 MB,identical_pair,4,4,1.0
42265,8 MB,8 MB,identical_pair,4,4,1.0
42266,10 MB,10 MB,identical_pair,5,5,1.0
42267,11 MB,11 MB,identical_pair,5,5,1.0
42268,12 MB,12 MB,identical_pair,5,5,1.0
42269,14 MB,14 MB,identical_pair,5,5,1.0
42270,18 MB,18 MB,identical_pair,5,5,1.0
42271,19 MB,19 MB,identical_pair,5,5,1.0
42272,20 MB,20 MB,identical_pair,5,5,1.0
42273,22 MB,22 MB,identical_pair,5,5,1.0
42274,26 MB,26 MB,identical_pair,5,5,1.0
42275,34 MB,34 MB,identical_pair,5,5,1.0
42278,Com10,Com10,identical_pair,5,5,1.0
42279,Com9,Com9,identical_pair,4,4,1.0
42282,4 MB,4 MB,identical_pair,4,4,1.0
42283,5 MB,5 MB,identical_pair,4,4,1.0
42284,600x1200dpi,600x1200dpi,identical_pair,11,11,1.0
42286,2 MB,2 MB,identical_pair,4,4,1.0
42287,4MB,4MB,identical_pair,3,3,1.0
42288,5MB,5MB,identical_pair,3,3,1.0
42289,6MB,6MB,identical_pair,3,3,1.0
42290,7MB,7MB,identical_pair,3,3,1.0
42291,8MB,8MB,identical_pair,3,3,1.0
42292,10MB,10MB,identical_pair,4,4,1.0
42293,11MB,11MB,identical_pair,4,4,1.0
42294,12MB,12MB,identical_pair,4,4,1.0
42295,14MB,14MB,identical_pair,4,4,1.0
42296,18MB,18MB,identical_pair,4,4,1.0
42297,19MB,19MB,identical_pair,4,4,1.0
42298,20MB,20MB,identical_pair,4,4,1.0
42299,22MB,22MB,identical_pair,4,4,1.0
42300,26MB,26MB,identical_pair,4,4,1.0
42301,34MB,34MB,identical_pair,4,4,1.0
42302,35MB,35MB,identical_pair,4,4,1.0
42303,36MB,36MB,identical_pair,4,4,1.0
42304,38MB,38MB,identical_pair,4,4,1.0
42305,42MB,42MB,identical_pair,4,4,1.0
42306,50MB,50MB,identical_pair,4,4,1.0
42307,66MB,66MB,identical_pair,4,4,1.0
42315,Regular,Chuẩn,exact_duplicate,7,5,0.7142857142857143
42324,60x144 dpi,60x144 dpi,identical_pair,10,10,1.0
42325,120x144 dpi,120x144 dpi,identical_pair,11,11,1.0
42326,240x144 dpi,240x144 dpi,identical_pair,11,11,1.0
42327,72x72 dpi,72x72 dpi,identical_pair,9,9,1.0
42328,144x144 dpi,144x144 dpi,identical_pair,11,11,1.0
42341,Next Job is spot color page,Công việc kế tiếp là trang màu chấm,noise_ui_fragment,27,35,1.2962962962962963
42356,Device,Thiết bị,exact_duplicate,6,8,1.3333333333333333
42373,Mode,Chế độ,exact_duplicate,4,6,1.5
42376,1440 DPI,1440 DPI,identical_pair,8,8,1.0
42377,"360×360dpi, back print film","360×360dpi, mành in ngược",noise_ui_fragment,27,25,0.9259259259259259
42388,"720×720dpi, back print film","720×720dpi, mành in ngược",noise_ui_fragment,27,25,0.9259259259259259
42402,300x300 DPI DMT,300x300 DPI DMT,identical_pair,15,15,1.0
42403,600x600 DPI DMT,600x600 DPI DMT,identical_pair,15,15,1.0
42415,360 DPI Softweave,360 DPI Softweave,identical_pair,17,17,1.0
42416,720 DPI Softweave,720 DPI Softweave,identical_pair,17,17,1.0
42419,1440 x 720 DPI Softweave,1440 x 720 DPI Softweave,identical_pair,24,24,1.0
42425,360×360dpi,360×360dpi,identical_pair,10,10,1.0
42426,720×720dpi,720×720dpi,identical_pair,10,10,1.0
42431,Reset,Đặt lại,exact_duplicate,5,7,1.4
42437,flsa,flsa,identical_pair,4,4,1.0
42438,flse,flse,identical_pair,4,4,1.0
42441,Kaku,Kaku,identical_pair,4,4,1.0
42445,180 x 120 DPI,180 x 120 DPI,identical_pair,13,13,1.0
42449,720 x 360 DPI Softweave,720 x 360 DPI Softweave,identical_pair,23,23,1.0
42453,2880 x 720 DPI Softweave,2880 x 720 DPI Softweave,identical_pair,24,24,1.0
42481,Always,Luôn luôn,exact_duplicate,6,9,1.5
42482,B6 (ISO),B6 (ISO),identical_pair,8,8,1.0
42503,CorrectBlack,CorrectBlack,identical_pair,12,12,1.0
42540,Never,Không bao giờ,exact_duplicate,5,13,2.6
42551,Print next job over the current one,In công việc kế tiếp trên điều hiện thời,noise_ui_fragment,35,40,1.1428571428571428
42584,dpi,dpi,identical_pair,3,3,1.0
42586,mm,mm,identical_pair; exact_duplicate,2,2,1.0
42592,Kooka Save Assistant,Trợ giúp Lưu Kooka,noise_ui_fragment,20,18,0.9
42593,Save AssistantSelect an image format to save the scanned image.,Trợ giúp LưuChọn định dạng ảnh mà ảnh sẽ quét sẽ được cất.,noise_ui_fragment,63,58,0.9206349206349206
42597,Do not ask again for the save format if it is defined.,Không hỏi lại định dạng ảnh nếu nó từng được chọn.,noise_ui_fragment,54,50,0.9259259259259259
42601,Filename,Tên tập tin,exact_duplicate,8,11,1.375
42608,image save OK,lưu ảnh thành công,noise_ui_fragment,13,18,1.3846153846153846
42627,Cancel,Dừng,exact_duplicate; noise_ui_fragment,6,4,0.6666666666666666
42629,Image,Ảnh,exact_duplicate,5,3,0.6
42637,GOCR,GOCR,identical_pair,4,4,1.0
42641,Not found,Không tìm thấy,exact_duplicate,9,14,1.5555555555555556
42651,KADMOS OCR/ ICR,KADMOS OCR/ ICR,identical_pair,15,15,1.0
42652,"This version of Kooka was linked with the KADMOS OCR/ ICR engine, a commercial engine for optical character recognition. Kadmos is a product of re Recognition AGFor more information about Kadmos OCR see http: / /www. rerecognition. com","Phiên bản Kooka này đã được liên kết với KADMOS OCR/ ICR, một phần mềm nhận dạng kí tự thương mại. Kadmos là một sản phẩm của re Recognition AGĐể có thêm thông tin về Kadmos OCR xem http: // www. rerecognition. com",noise_url,235,214,0.9106382978723404
42655,Installation Error,Lỗi Cài đặt,exact_duplicate,18,11,0.6111111111111112
42660,Country,Nước,exact_duplicate,7,4,0.5714285714285714
42665,ocrad,ocrad,identical_pair,5,5,1.0
42666,"ocrad is a Free Software project for optical character recognition. The author of ocrad is Antonio DiazFor more information about ocrad see http: / /www. gnu. org/ software/ ocrad/ ocrad. htmlImages should be scanned in black/ white mode for ocrad. Best results are achieved if the characters are at least 20 pixels high. Problems arise, as usual, with very bold or very light or broken characters, the same with merged character groups.","ocrad là một dự án phần mềm tự do cho nhận dạng kí tự. Tác giả của ocrad là Antonio DiazĐể có thêm thông tin về ocrad xem http: // www. gnu. org/ software/ ocrad/ ocrad. htmlẢnh nên được quét ở chế độ đen trắng để dùng với ocrad. Kết quả tốt nhất khi các kí tự cao tối thiểu 20 điểm ảnh. Như mọi khi, có vấn đề với kí tự quá đậm, quá nhạt hoặc bị vỡ, cũng như nhóm các kí tự nhập vào nhau.",noise_url,437,389,0.8901601830663616
42670,KDE Scanning,KDE Scanning,identical_pair,12,12,1.0
42686,& Save Image...,& Cất ảnh,noise_ui_fragment,15,9,0.6
42688,& Delete Image,& Xoá ảnh,noise_ui_fragment,14,9,0.6428571428571429
42691,Save & Scan Parameters,Cất tham số scan,noise_ui_fragment,22,16,0.7272727272727273
42701,Startup,Khởi chạy,exact_duplicate,7,9,1.2857142857142858
42705,Show the scanner selection box on next startup,HIện hộp chọn scanner vào lần khởi động tiếp,noise_ui_fragment,46,44,0.9565217391304348
42710,Configure Image Save Assistant,Cấu hình image save assistant,noise_ui_fragment,30,29,0.9666666666666667
42711,Always display image save assistant,Luôn hiển thị image save assistant,noise_ui_fragment,35,34,0.9714285714285714
42715,Gallery,Gallery,identical_pair,7,7,1.0
42737,Kooka,Kooka,identical_pair,5,5,1.0
42740,Your names,Nguyen Hung Vu( Nguyễn Vũ Hưng) EMAIL OF TRANSLATORS,extreme_length_ratio; exact_duplicate,10,52,5.2
42741,Your emails,"vuhung@ fedu. uec. ac. jp, vuhung@ kde. org",exact_duplicate,11,43,3.909090909090909
42743,Size,Cỡ,exact_duplicate,4,2,0.5
42744,Format,Định dạng,exact_duplicate,6,9,1.5
42745,Kooka Gallery,Kooka Gallery,identical_pair,13,13,1.0
42746,%1 x %2,% 1 x% 2,exact_duplicate,7,8,1.1428571428571428
42750,Save Error,Lỗi cất,noise_ui_fragment,10,7,0.7
42752,"Cannot save the image, because the file is local. Kooka will support other protocols later.","Không thể cất ảnh vì file là local. Về sau này, Kooka sẽ hỗ trợ các giao thức khác",noise_ui_fragment,91,82,0.9010989010989011
42756,Do you really want to delete this image? It cannot be restored.,Bạn có thực sự muốn xoá ảnh này? ảnh sẽ không thể phục hồi lại!,noise_ui_fragment,63,63,1.0
42757,Do you really want to delete the folder %1 and all the images inside?,Bạn thực sự muốn xoá thư mục% 1 và mọi ảnh trong nó?,noise_ui_fragment,69,52,0.7536231884057971
42758,Delete Collection Item,Xoá các hạng mục đã chọn,noise_ui_fragment,22,24,1.0909090909090908
42759,New Folder,Thư mục mới,exact_duplicate,10,11,1.1
42763,Category,Category,identical_pair,8,8,1.0
42765,Module,Module,identical_pair,6,6,1.0
42771,The audio playback device %1 does not work. Falling back to %2.,Thiết bị phát lại âm thanh% 1 không hoạt động được nên trở về% 2.,noise_ui_fragment,63,65,1.0317460317460319
42773,Revert back to device '%1 ',Trở về thiết bị «% 1 » Phonon::,noise_ui_fragment,27,31,1.1481481481481481
42780,Your names,Nhóm Việt hoá KDEEMAIL OF TRANSLATORS,exact_duplicate,10,37,3.7
42781,Your emails,kde- l10n- vi@ kde. org,exact_duplicate,11,23,2.090909090909091
