raw_row_index,en,vi,audit_flags,en_char_count,vi_char_count,length_ratio_vi_en
0,"If the user is logged in, display their profile.","Nếu người dùng đã đăng nhập, hãy hiển thị hồ sơ của họ.",exact_duplicate,48,55,1.1458333333333333
1,"While the queue is not empty, process the next item.","Trong khi hàng đợi chưa rỗng, hãy xử lý mục tiếp theo.",noise_ui_fragment,52,54,1.0384615384615385
7,This algorithm sorts the array in ascending order.,Thuật toán này sắp xếp mảng theo thứ tự tăng dần.,exact_duplicate,50,49,0.98
10,Increment the counter until it reaches the maximum limit.,Tăng biến đếm cho đến khi nó đạt giới hạn tối đa.,exact_duplicate,57,49,0.8596491228070176
14,Continue to the next iteration if the current item is invalid.,Tiếp tục đến lần lặp tiếp theo nếu mục hiện tại không hợp lệ.,exact_duplicate; noise_ui_fragment,62,61,0.9838709677419355
22,The 'do-while' loop executes at least once.,Vòng lặp 'do-while' thực thi ít nhất một lần.,exact_duplicate,43,45,1.0465116279069768
23,Validate the input to prevent logical errors.,Xác thực đầu vào để ngăn chặn lỗi logic.,exact_duplicate,45,40,0.8888888888888888
28,The condition `x > 0 AND y < 10` must be true.,Điều kiện `x > 0 VÀ y < 10` phải đúng.,exact_duplicate,46,38,0.8260869565217391
40,The 'continue' statement skips the rest of the current loop iteration.,Câu lệnh 'continue' bỏ qua phần còn lại của lần lặp vòng lặp hiện tại.,exact_duplicate,70,70,1.0
42,The condition `temperature < 0 OR humidity > 90` is checked.,Điều kiện `nhiệt độ < 0 HOẶC độ ẩm > 90` được kiểm tra.,noise_markup_or_html_entity,60,55,0.9166666666666666
49,This algorithm has a space complexity of O(1).,Thuật toán này có độ phức tạp không gian là O(1).,exact_duplicate,46,49,1.065217391304348
50,"Return true if the array is empty, otherwise return false.","Trả về true nếu mảng rỗng, ngược lại trả về false.",exact_duplicate,58,50,0.8620689655172413
51,"While the counter is less than 10, increment it by 1.","Trong khi biến đếm nhỏ hơn 10, hãy tăng nó thêm 1 đơn vị.",exact_duplicate,53,57,1.0754716981132075
52,The function throws an exception because the input is null.,Hàm ném ra ngoại lệ vì đầu vào có giá trị null.,exact_duplicate,59,47,0.7966101694915254
53,"If the user is logged in, display their profile.","Nếu người dùng đã đăng nhập, hãy hiển thị hồ sơ của họ.",exact_duplicate,48,55,1.1458333333333333
55,Loop through the array and print each element.,Lặp qua mảng và in từng phần tử.,exact_duplicate,46,32,0.6956521739130435
59,This algorithm has a time complexity of O(n log n).,Thuật toán này có độ phức tạp thời gian là O(n log n).,exact_duplicate,51,54,1.0588235294117647
66,Use a try-catch block to handle potential errors.,Sử dụng khối try-catch để xử lý các lỗi tiềm ẩn.,exact_duplicate,49,48,0.9795918367346939
69,"If x is greater than y, swap their values.","Nếu x lớn hơn y, hãy hoán đổi giá trị của chúng.",exact_duplicate,42,48,1.1428571428571428
99,The 'return' statement exits the function and passes back a value.,Câu lệnh 'return' thoát khỏi hàm và trả về một giá trị.,noise_ui_fragment,66,55,0.8333333333333334
103,The condition `x > 0 AND y < 10` must be true.,Điều kiện `x > 0 VÀ y < 10` phải đúng.,exact_duplicate,46,38,0.8260869565217391
110,Loop through the array and print each element.,Lặp qua mảng và in từng phần tử.,exact_duplicate,46,32,0.6956521739130435
116,`Continue` to the next iteration if the current value is negative.,`Tiếp tục` đến lần lặp tiếp theo nếu giá trị hiện tại là âm.,noise_ui_fragment,66,60,0.9090909090909091
120,The algorithm searches for the shortest path.,Thuật toán tìm kiếm đường đi ngắn nhất.,exact_duplicate,45,39,0.8666666666666667
124,Pseudocode helps in outlining the logic before coding.,Mã giả (pseudocode) giúp phác thảo logic trước khi viết mã.,exact_duplicate,54,59,1.0925925925925926
149,The `try-catch` block is used for exception handling.,Khối `try-catch` được sử dụng để xử lý ngoại lệ.,exact_duplicate,53,48,0.9056603773584906
165,'Continue' skips the rest of the current iteration and proceeds to the next.,'Continue' bỏ qua phần còn lại của lần lặp hiện tại và chuyển sang lần tiếp theo.,noise_ui_fragment,76,81,1.0657894736842106
171,Pseudocode helps in outlining the logic before writing actual code.,Mã giả giúp phác thảo logic trước khi viết mã thực tế.,exact_duplicate,67,54,0.8059701492537313
177,The time complexity of this search algorithm is O(log n).,Độ phức tạp thời gian của thuật toán tìm kiếm này là O(log n).,exact_duplicate,57,62,1.087719298245614
200,"If the user is authenticated, grant access to the dashboard.","Nếu người dùng đã xác thực, cấp quyền truy cập vào bảng điều khiển.",exact_duplicate,60,67,1.1166666666666667
201,"While the list is not empty, remove the first element.","Trong khi danh sách chưa rỗng, hãy xóa phần tử đầu tiên.",exact_duplicate,54,56,1.037037037037037
203,"The function returns true if the number is even, else false.","Hàm trả về true nếu số là chẵn, ngược lại là false.",exact_duplicate,60,51,0.85
204,Increment the counter until it reaches the maximum limit.,Tăng biến đếm cho đến khi nó đạt giới hạn tối đa.,exact_duplicate,57,49,0.8596491228070176
214,The time complexity of this search algorithm is O(n).,Độ phức tạp thời gian của thuật toán tìm kiếm này là O(n).,exact_duplicate,53,58,1.0943396226415094
215,Continue to the next iteration if the current item is null.,Tiếp tục sang lần lặp tiếp theo nếu mục hiện tại là null.,noise_ui_fragment,59,57,0.9661016949152542
218,The program flow changes based on user input.,Luồng chương trình thay đổi dựa trên đầu vào của người dùng.,exact_duplicate,45,60,1.3333333333333333
220,"If the file does not exist, create a new one.","Nếu tệp không tồn tại, hãy tạo một tệp mới.",exact_duplicate,45,43,0.9555555555555556
231,A `do-while` loop executes at least once.,Vòng lặp `do-while` thực thi ít nhất một lần.,exact_duplicate,41,45,1.0975609756097562
246,The boolean flag indicates the state of the process.,Cờ boolean cho biết trạng thái của quá trình.,exact_duplicate,52,45,0.8653846153846154
251,"While the counter is less than 10, increment it by 1.","Trong khi biến đếm nhỏ hơn 10, hãy tăng nó thêm 1 đơn vị.",exact_duplicate,53,57,1.0754716981132075
255,This algorithm sorts the array in ascending order.,Thuật toán này sắp xếp mảng theo thứ tự tăng dần.,exact_duplicate,50,49,0.98
258,Pseudocode helps in outlining the logic before writing actual code.,Mã giả giúp phác thảo logic trước khi viết mã thực tế.,exact_duplicate,67,54,0.8059701492537313
261,Break out of the loop once the target element is found.,Thoát khỏi vòng lặp ngay khi tìm thấy phần tử mục tiêu.,exact_duplicate,55,55,1.0
262,Continue to the next iteration if the current value is negative.,Tiếp tục đến lần lặp tiếp theo nếu giá trị hiện tại là số âm.,noise_ui_fragment,64,61,0.953125
263,The 'if-else if-else' structure handles multiple conditions.,Cấu trúc 'if-else if-else' xử lý nhiều điều kiện.,exact_duplicate,60,49,0.8166666666666667
265,The time complexity of this search algorithm is O(log n).,Độ phức tạp thời gian của thuật toán tìm kiếm này là O(log n).,exact_duplicate,57,62,1.087719298245614
289,"If the file exists, open it; otherwise, create a new one.","Nếu tệp tồn tại, hãy mở nó; ngược lại, tạo một tệp mới.",exact_duplicate,57,55,0.9649122807017544
301,"Else, redirect them to the login page.","Ngược lại, chuyển hướng họ đến trang đăng nhập.",exact_duplicate,38,47,1.236842105263158
302,"While the list is not empty, remove the first element.","Trong khi danh sách chưa rỗng, hãy xóa phần tử đầu tiên.",exact_duplicate,54,56,1.037037037037037
305,"If x is greater than y, swap their values.","Nếu x lớn hơn y, hãy hoán đổi giá trị của chúng.",exact_duplicate,42,48,1.1428571428571428
312,Implement a recursive function for factorial calculation.,Triển khai một hàm đệ quy để tính giai thừa.,exact_duplicate,57,44,0.7719298245614035
334,Continue to the next iteration of the loop.,Tiếp tục sang lần lặp tiếp theo của vòng lặp.,noise_ui_fragment,43,45,1.0465116279069768
344,The algorithm uses dynamic programming to solve the problem.,Thuật toán sử dụng quy hoạch động để giải quyết vấn đề.,exact_duplicate,60,55,0.9166666666666666
351,Loop through the array and print each element.,Lặp qua mảng và in từng phần tử.,exact_duplicate,46,32,0.6956521739130435
352,This algorithm sorts the list in ascending order.,Thuật toán này sắp xếp danh sách theo thứ tự tăng dần.,exact_duplicate,49,54,1.1020408163265305
355,Pseudocode helps in outlining the logic before coding.,Mã giả (pseudocode) giúp phác thảo logic trước khi viết mã.,exact_duplicate,54,59,1.0925925925925926
358,Boolean logic is fundamental to digital circuits.,Logic Boolean là nền tảng của các mạch kỹ thuật số.,exact_duplicate,49,51,1.0408163265306123
368,Continue to the next iteration if the current item is invalid.,Tiếp tục đến lần lặp tiếp theo nếu mục hiện tại không hợp lệ.,exact_duplicate; noise_ui_fragment,62,61,0.9838709677419355
369,The time complexity of this search algorithm is O(log n).,Độ phức tạp thời gian của thuật toán tìm kiếm này là O(log n).,exact_duplicate,57,62,1.087719298245614
375,The `OR` operator returns true if at least one operand is true.,Toán tử `OR` trả về true nếu ít nhất một toán hạng là true.,exact_duplicate,63,59,0.9365079365079365
378,This function returns a boolean indicating success or failure.,Hàm này trả về một giá trị boolean cho biết thành công hay thất bại.,exact_duplicate,62,68,1.096774193548387
379,The program flow changes based on user input.,Luồng chương trình thay đổi dựa trên đầu vào của người dùng.,exact_duplicate,45,60,1.3333333333333333
407,Boolean logic is fundamental to digital circuits.,Logic Boolean là nền tảng của các mạch kỹ thuật số.,exact_duplicate,49,51,1.0408163265306123
411,The `continue` statement skips the current iteration and proceeds to the next.,Câu lệnh `continue` bỏ qua lần lặp hiện tại và chuyển sang lần lặp kế tiếp.,noise_ui_fragment,78,75,0.9615384615384616
413,This algorithm has a time complexity of O(n log n).,Thuật toán này có độ phức tạp thời gian là O(n log n).,exact_duplicate,51,54,1.0588235294117647
434,Binary search works only on sorted arrays.,Tìm kiếm nhị phân chỉ hoạt động trên các mảng đã sắp xếp.,exact_duplicate,42,57,1.3571428571428572
435,This function takes two arguments and returns their sum.,Hàm này nhận hai đối số và trả về tổng của chúng.,exact_duplicate,56,49,0.875
437,The `try-catch` block is used for exception handling.,Khối `try-catch` được sử dụng để xử lý ngoại lệ.,exact_duplicate,53,48,0.9056603773584906
438,Dynamic programming solves problems by breaking them into overlapping subproblems.,Quy hoạch động giải quyết các vấn đề bằng cách chia chúng thành các bài toán con chồng chéo.,exact_duplicate,82,92,1.1219512195121952
444,The algorithm searches for the shortest path.,Thuật toán tìm kiếm đường đi ngắn nhất.,exact_duplicate,45,39,0.8666666666666667
448,The `return` statement immediately exits the current function.,Câu lệnh `return` thoát ngay lập tức khỏi hàm hiện tại.,exact_duplicate,62,55,0.8870967741935484
450,"Return true if the array is empty, otherwise return false.","Trả về true nếu mảng rỗng, ngược lại trả về false.",exact_duplicate,58,50,0.8620689655172413
451,"While the counter is less than 10, increment it by 1.","Trong khi biến đếm nhỏ hơn 10, hãy tăng nó thêm 1 đơn vị.",exact_duplicate,53,57,1.0754716981132075
452,The function throws an exception because the input is null.,Hàm ném ra ngoại lệ vì đầu vào có giá trị null.,exact_duplicate,59,47,0.7966101694915254
461,Break out of the loop once the target element is found.,Thoát khỏi vòng lặp ngay khi tìm thấy phần tử mục tiêu.,exact_duplicate,55,55,1.0
466,The boolean flag indicates the state of the process.,Cờ boolean cho biết trạng thái của quá trình.,exact_duplicate,52,45,0.8653846153846154
470,This algorithm has a time complexity of O(n log n).,Thuật toán này có độ phức tạp thời gian là O(n log n).,exact_duplicate,51,54,1.0588235294117647
502,The 'do-while' loop executes at least once.,Vòng lặp 'do-while' thực thi ít nhất một lần.,exact_duplicate,43,45,1.0465116279069768
517,The 'continue' statement skips the rest of the current loop iteration.,Câu lệnh 'continue' bỏ qua phần còn lại của lần lặp vòng lặp hiện tại.,exact_duplicate,70,70,1.0
527,This pseudocode describes a sorting algorithm.,Mã giả này mô tả một thuật toán sắp xếp.,exact_duplicate,46,40,0.8695652173913043
530,Break out of the loop once the target element is found.,Thoát khỏi vòng lặp ngay khi tìm thấy phần tử mục tiêu.,exact_duplicate,55,55,1.0
535,The time complexity of this search algorithm is O(log n).,Độ phức tạp thời gian của thuật toán tìm kiếm này là O(log n).,exact_duplicate,57,62,1.087719298245614
541,A `do-while` loop executes at least once.,Vòng lặp `do-while` thực thi ít nhất một lần.,exact_duplicate,41,45,1.0975609756097562
557,"If `x` is greater than `y`, swap their values.","Nếu `x` lớn hơn `y`, hãy hoán đổi giá trị của chúng.",exact_duplicate,46,52,1.1304347826086956
584,"If the file exists, open it; otherwise, create a new one.","Nếu tệp tồn tại, hãy mở nó; ngược lại, tạo một tệp mới.",exact_duplicate,57,55,0.9649122807017544
593,This function takes two arguments and returns their sum.,Hàm này nhận hai đối số và trả về tổng của chúng.,exact_duplicate,56,49,0.875
596,Boolean flags are often used to control program flow.,Các cờ boolean thường được sử dụng để kiểm soát luồng chương trình.,exact_duplicate,53,67,1.2641509433962264
603,The `return` statement immediately exits the current function.,Câu lệnh `return` thoát ngay lập tức khỏi hàm hiện tại.,exact_duplicate,62,55,0.8870967741935484
618,"Return true if the array is empty, otherwise return false.","Trả về true nếu mảng rỗng, ngược lại trả về false.",exact_duplicate,58,50,0.8620689655172413
619,"While the counter is less than 10, increment it by 1.","Trong khi biến đếm nhỏ hơn 10, hãy tăng nó thêm 1 đơn vị.",exact_duplicate,53,57,1.0754716981132075
620,The function throws an exception because the input is null.,Hàm ném ra ngoại lệ vì đầu vào có giá trị null.,exact_duplicate,59,47,0.7966101694915254
621,"If `x` is greater than `y`, swap their values.","Nếu `x` lớn hơn `y`, hãy hoán đổi giá trị của chúng.",exact_duplicate,46,52,1.1304347826086956
623,This algorithm sorts the list in ascending order.,Thuật toán này sắp xếp danh sách theo thứ tự tăng dần.,exact_duplicate,49,54,1.1020408163265305
629,Implement a recursive function for factorial calculation.,Triển khai một hàm đệ quy để tính giai thừa.,exact_duplicate,57,44,0.7719298245614035
635,The time complexity of this search algorithm is O(n).,Độ phức tạp thời gian của thuật toán tìm kiếm này là O(n).,exact_duplicate,53,58,1.0943396226415094
637,"If the user input is not a number, prompt again.","Nếu đầu vào của người dùng không phải là số, hãy nhắc lại.",exact_duplicate,48,58,1.2083333333333333
639,Break out of the loop if a specific item is found.,Thoát khỏi vòng lặp nếu tìm thấy một mục cụ thể.,exact_duplicate,50,48,0.96
640,Continue to the next iteration if the current item is null.,Tiếp tục đến lần lặp tiếp theo nếu mục hiện tại là null.,noise_ui_fragment,59,56,0.9491525423728814
648,A `do-while` loop executes at least once.,Vòng lặp `do-while` thực thi ít nhất một lần.,exact_duplicate,41,45,1.0975609756097562
649,The `OR` operator returns true if at least one operand is true.,Toán tử `OR` trả về true nếu ít nhất một toán hạng là true.,exact_duplicate,63,59,0.9365079365079365
650,Validate the input to prevent logical errors.,Xác thực đầu vào để ngăn chặn lỗi logic.,exact_duplicate,45,40,0.8888888888888888
668,"If the user is logged in, display their profile.","Nếu người dùng đã đăng nhập, hãy hiển thị hồ sơ của họ.",exact_duplicate,48,55,1.1458333333333333
669,Check if the input string is empty or null.,Kiểm tra xem chuỗi đầu vào có rỗng hoặc null không.,exact_duplicate,43,51,1.186046511627907
676,"If the file exists, open it; otherwise, create a new one.","Nếu tệp tồn tại, hãy mở nó; ngược lại, tạo một tệp mới.",exact_duplicate,57,55,0.9649122807017544
682,Break out of the loop once the target element is found.,Thoát khỏi vòng lặp ngay khi tìm thấy phần tử mục tiêu.,exact_duplicate,55,55,1.0
694,The NOT operator inverts the boolean value.,Toán tử NOT đảo ngược giá trị boolean.,exact_duplicate,43,38,0.8837209302325582
704,This algorithm sorts the array in ascending order.,Thuật toán này sắp xếp mảng theo thứ tự tăng dần.,exact_duplicate,50,49,0.98
716,The time complexity of this algorithm is O(n log n).,Độ phức tạp thời gian của thuật toán này là O(n log n).,exact_duplicate,52,55,1.0576923076923077
718,"If the user is authenticated, grant access to the dashboard.","Nếu người dùng đã xác thực, cấp quyền truy cập vào bảng điều khiển.",exact_duplicate,60,67,1.1166666666666667
722,This function returns a boolean indicating success or failure.,Hàm này trả về một giá trị boolean cho biết thành công hay thất bại.,exact_duplicate,62,68,1.096774193548387
729,Break the loop if the target element is found.,Thoát khỏi vòng lặp nếu tìm thấy phần tử mục tiêu.,exact_duplicate,46,50,1.0869565217391304
734,Continue to the next iteration if the current item is invalid.,Chuyển sang lần lặp tiếp theo nếu mục hiện tại không hợp lệ.,noise_ui_fragment,62,60,0.967741935483871
758,The `try-catch` block is used for exception handling.,Khối `try-catch` được sử dụng để xử lý ngoại lệ.,exact_duplicate,53,48,0.9056603773584906
760,"If the file does not exist, create a new one.","Nếu tệp không tồn tại, hãy tạo một tệp mới.",exact_duplicate,45,43,0.9555555555555556
762,Boolean flags are often used to control program flow.,Các cờ boolean thường được sử dụng để kiểm soát luồng chương trình.,exact_duplicate,53,67,1.2641509433962264
782,Continue to the next iteration if the current item is invalid.,Tiếp tục đến lần lặp tiếp theo nếu mục hiện tại không hợp lệ.,exact_duplicate; noise_ui_fragment,62,61,0.9838709677419355
792,The 'do-while' loop executes at least once.,Vòng lặp 'do-while' thực thi ít nhất một lần.,exact_duplicate,43,45,1.0465116279069768
793,Binary search requires a sorted array.,Tìm kiếm nhị phân yêu cầu một mảng đã được sắp xếp.,exact_duplicate,38,51,1.3421052631578947
809,The algorithm uses dynamic programming to solve the problem.,Thuật toán sử dụng quy hoạch động để giải quyết vấn đề.,exact_duplicate,60,55,0.9166666666666666
819,Check if the input string is empty or null.,Kiểm tra xem chuỗi đầu vào có rỗng hoặc null không.,exact_duplicate,43,51,1.186046511627907
832,Break the loop if the target element is found.,Thoát khỏi vòng lặp nếu tìm thấy phần tử mục tiêu.,exact_duplicate,46,50,1.0869565217391304
841,Boolean flags are often used to control program flow.,Các cờ boolean thường được sử dụng để kiểm soát luồng chương trình.,exact_duplicate,53,67,1.2641509433962264
850,Binary search works only on sorted arrays.,Tìm kiếm nhị phân chỉ hoạt động trên các mảng đã sắp xếp.,exact_duplicate,42,57,1.3571428571428572
869,"While the list is not empty, remove the first element.","Trong khi danh sách chưa rỗng, hãy xóa phần tử đầu tiên.",exact_duplicate,54,56,1.037037037037037
870,"The function returns true if the number is even, else false.","Hàm trả về true nếu số là chẵn, ngược lại là false.",exact_duplicate,60,51,0.85
880,Boolean logic is fundamental to digital circuits.,Logic Boolean là nền tảng của các mạch kỹ thuật số.,exact_duplicate,49,51,1.0408163265306123
894,The algorithm has a time complexity of O(n log n).,Thuật toán có độ phức tạp thời gian là O(n log n).,exact_duplicate,50,50,1.0
910,"If the user input is not a number, prompt again.","Nếu đầu vào của người dùng không phải là số, hãy nhắc lại.",exact_duplicate,48,58,1.2083333333333333
915,The next step is to validate the data integrity.,Bước tiếp theo là xác thực tính toàn vẹn của dữ liệu.,noise_ui_fragment,48,53,1.1041666666666667
918,"If x is greater than y, swap their values.","Nếu x lớn hơn y, hãy hoán đổi giá trị của chúng.",exact_duplicate,42,48,1.1428571428571428
922,This algorithm has a time complexity of O(n log n).,Thuật toán này có độ phức tạp thời gian là O(n log n).,exact_duplicate,51,54,1.0588235294117647
932,"If the file exists, open it; otherwise, create a new one.","Nếu tệp tồn tại, hãy mở nó; ngược lại, tạo một tệp mới.",exact_duplicate,57,55,0.9649122807017544
933,Use a try-catch block to handle potential errors.,Sử dụng khối try-catch để xử lý các lỗi tiềm ẩn.,exact_duplicate,49,48,0.9795918367346939
940,The 'if-else if-else' structure handles multiple conditions.,Cấu trúc 'if-else if-else' xử lý nhiều điều kiện.,exact_duplicate,60,49,0.8166666666666667
949,Increment the pointer to the next element.,Tăng con trỏ lên phần tử tiếp theo.,noise_ui_fragment,42,35,0.8333333333333334
952,Break out of the loop if a specific item is found.,Thoát khỏi vòng lặp nếu tìm thấy một mục cụ thể.,exact_duplicate,50,48,0.96
953,Continue to the next iteration if the current item is invalid.,Tiếp tục đến lần lặp tiếp theo nếu mục hiện tại không hợp lệ.,exact_duplicate; noise_ui_fragment,62,61,0.9838709677419355
964,The NOT operator inverts the boolean value.,Toán tử NOT đảo ngược giá trị boolean.,exact_duplicate,43,38,0.8837209302325582
969,"Else, redirect them to the login page.","Ngược lại, chuyển hướng họ đến trang đăng nhập.",exact_duplicate,38,47,1.236842105263158
973,This algorithm has a time complexity of O(n log n).,Thuật toán này có độ phức tạp thời gian là O(n log n).,exact_duplicate,51,54,1.0588235294117647
979,This pseudocode describes a sorting algorithm.,Mã giả này mô tả một thuật toán sắp xếp.,exact_duplicate,46,40,0.8695652173913043
984,"If the file exists, open it; otherwise, create a new one.","Nếu tệp tồn tại, hãy mở nó; ngược lại, tạo một tệp mới.",exact_duplicate,57,55,0.9649122807017544
1014,The database schema needs to be updated.,Lược đồ cơ sở dữ liệu cần được cập nhật.,exact_duplicate,40,40,1.0
1018,The algorithm has a time complexity of O(n log n).,Thuật toán có độ phức tạp thời gian là O(n log n).,exact_duplicate,50,50,1.0
1056,We need to optimize the CUDA kernel for lower latency.,Chúng ta cần tối ưu hóa kernel CUDA để giảm độ trễ.,exact_duplicate,54,51,0.9444444444444444
1057,The inference throughput dropped significantly after the update.,Thông lượng suy luận giảm đáng kể sau bản cập nhật.,exact_duplicate,64,51,0.796875
1071,Reinforcement learning agents learn through trial and error.,Các tác nhân học tăng cường học hỏi thông qua thử và sai.,exact_duplicate,60,57,0.95
1075,Quantum computing promises to solve problems intractable for classical computers.,Điện toán lượng tử hứa hẹn giải quyết các vấn đề mà máy tính cổ điển không thể giải quyết được.,exact_duplicate,81,95,1.1728395061728396
1090,Generative AI models can create realistic images and text.,Các mô hình AI tạo sinh có thể tạo ra hình ảnh và văn bản chân thực.,exact_duplicate,58,68,1.1724137931034482
1100,The database schema needs to be updated to support new features.,Lược đồ cơ sở dữ liệu cần được cập nhật để hỗ trợ các tính năng mới.,exact_duplicate,64,68,1.0625
1106,Explainable AI (XAI) aims to make AI decisions more transparent.,AI giải thích được (XAI) nhằm mục đích làm cho các quyết định của AI minh bạch hơn.,exact_duplicate,64,83,1.296875
1121,Dynamic programming is useful for optimizing problems with overlapping subproblems.,Quy hoạch động hữu ích để tối ưu hóa các bài toán có các bài toán con chồng chéo.,exact_duplicate,83,81,0.9759036144578314
1126,The operating system manages hardware and software resources.,Hệ điều hành quản lý tài nguyên phần cứng và phần mềm.,exact_duplicate,61,54,0.8852459016393442
1169,Unsupervised learning discovers patterns in unlabeled data.,Học không giám sát khám phá các mẫu trong dữ liệu không được gán nhãn.,exact_duplicate,59,70,1.1864406779661016
1178,Convolutional Neural Networks (CNNs) are widely used for image recognition.,Mạng nơ-ron tích chập (CNN) được sử dụng rộng rãi để nhận dạng hình ảnh.,exact_duplicate,75,72,0.96
1203,TensorFlow and PyTorch are popular deep learning frameworks.,TensorFlow và PyTorch là các framework học sâu phổ biến.,exact_duplicate,60,56,0.9333333333333333
1345,GPUs are essential for accelerating deep learning computations.,GPU rất cần thiết để tăng tốc các phép tính học sâu.,exact_duplicate,63,52,0.8253968253968254
1353,Version control systems like Git are indispensable for team projects.,Hệ thống kiểm soát phiên bản như Git là không thể thiếu cho các dự án nhóm.,exact_duplicate,69,75,1.0869565217391304
1354,The API documentation needs to be updated.,Tài liệu API cần được cập nhật.,exact_duplicate,42,31,0.7380952380952381
1363,Explainable AI (XAI) aims to make AI decisions more transparent.,AI giải thích được (XAI) nhằm mục đích làm cho các quyết định của AI minh bạch hơn.,exact_duplicate,64,83,1.296875
1386,Reinforcement learning agents learn through trial and error.,Các tác nhân học tăng cường học hỏi thông qua thử và sai.,exact_duplicate,60,57,0.95
1390,Deep learning models often require massive datasets for effective training.,Các mô hình học sâu thường yêu cầu tập dữ liệu khổng lồ để huấn luyện hiệu quả.,exact_duplicate,75,79,1.0533333333333332
1399,Generative AI is revolutionizing content creation.,AI tạo sinh đang cách mạng hóa việc tạo nội dung.,exact_duplicate,50,49,0.98
1401,Cloud computing platforms offer scalable resources for AI development.,Các nền tảng điện toán đám mây cung cấp tài nguyên có thể mở rộng cho phát triển AI.,exact_duplicate,70,84,1.2
1433,The company is investing heavily in AI research and development.,Công ty đang đầu tư mạnh vào nghiên cứu và phát triển AI.,exact_duplicate,64,57,0.890625
1451,Deep learning models often require massive datasets for effective training.,Các mô hình học sâu thường yêu cầu tập dữ liệu khổng lồ để huấn luyện hiệu quả.,exact_duplicate,75,79,1.0533333333333332
1463,The company is investing heavily in AI research and development.,Công ty đang đầu tư mạnh vào nghiên cứu và phát triển AI.,exact_duplicate,64,57,0.890625
1477,Explainable AI (XAI) aims to make AI decisions more transparent and understandable.,AI giải thích được (XAI) nhằm mục đích làm cho các quyết định của AI minh bạch và dễ hiểu hơn.,exact_duplicate,83,94,1.1325301204819278
1484,The new hardware accelerator significantly speeds up matrix multiplications.,Bộ tăng tốc phần cứng mới tăng tốc đáng kể các phép nhân ma trận.,exact_duplicate,76,65,0.8552631578947368
1487,Transfer learning allows us to leverage pre-trained models for new tasks.,Học chuyển giao cho phép chúng ta tận dụng các mô hình đã được huấn luyện trước cho các tác vụ mới.,exact_duplicate,73,99,1.356164383561644
1492,Unsupervised learning explores patterns in data without explicit labels.,Học không giám sát khám phá các mẫu trong dữ liệu mà không có nhãn rõ ràng.,exact_duplicate,72,75,1.0416666666666667
1501,We need to optimize the CUDA kernel for lower latency.,Chúng ta cần tối ưu hóa kernel CUDA để giảm độ trễ.,exact_duplicate,54,51,0.9444444444444444
1502,The inference throughput dropped significantly after the update.,Thông lượng suy luận giảm đáng kể sau bản cập nhật.,exact_duplicate,64,51,0.796875
1503,Machine learning algorithms are at the core of many modern applications.,Các thuật toán học máy là cốt lõi của nhiều ứng dụng hiện đại.,exact_duplicate,72,62,0.8611111111111112
1504,Deep learning models require vast amounts of data for effective training.,Các mô hình học sâu đòi hỏi lượng lớn dữ liệu để huấn luyện hiệu quả.,exact_duplicate,73,69,0.9452054794520548
1513,GPUs are essential for accelerating deep learning computations.,GPU rất cần thiết để tăng tốc các phép tính học sâu.,exact_duplicate,63,52,0.8253968253968254
1514,Cloud computing platforms offer scalable resources for AI development.,Các nền tảng điện toán đám mây cung cấp tài nguyên có thể mở rộng cho phát triển AI.,exact_duplicate,70,84,1.2
1544,"Their new product demo was quite impressive, everyone was like 'wow, gắt quá'.","Bản demo sản phẩm mới của họ khá ấn tượng, ai cũng phải 'wow, gắt quá'.",language_suspect,78,71,0.9102564102564102
1545,Don't bơ the importance of data quality in any machine learning project.,Đừng bơ (phớt lờ) tầm quan trọng của chất lượng dữ liệu trong bất kỳ dự án học máy nào.,language_suspect,72,87,1.2083333333333333
1559,Reinforcement learning agents learn through trial and error.,Các tác nhân học tăng cường học hỏi thông qua thử và sai.,exact_duplicate,60,57,0.95
1591,The blockchain technology ensures data integrity and security.,Công nghệ blockchain đảm bảo tính toàn vẹn và bảo mật dữ liệu.,exact_duplicate,62,62,1.0
1593,Quantum computing promises to revolutionize complex problem-solving.,Điện toán lượng tử hứa hẹn sẽ cách mạng hóa việc giải quyết các vấn đề phức tạp.,exact_duplicate,68,80,1.1764705882352942
1630,Explainable AI (XAI) aims to make AI decisions more transparent and understandable.,AI giải thích được (XAI) nhằm mục đích làm cho các quyết định của AI minh bạch và dễ hiểu hơn.,exact_duplicate,83,94,1.1325301204819278
1721,The blockchain technology ensures data integrity and security.,Công nghệ blockchain đảm bảo tính toàn vẹn và bảo mật dữ liệu.,exact_duplicate,62,62,1.0
1733,Generative AI models can create realistic images and text.,Các mô hình AI tạo sinh có thể tạo ra hình ảnh và văn bản chân thực.,exact_duplicate,58,68,1.1724137931034482
1740,Explainable AI (XAI) aims to make AI decisions transparent.,AI có thể giải thích (XAI) nhằm mục đích làm cho các quyết định của AI minh bạch.,exact_duplicate,59,81,1.3728813559322033
1744,Version control systems like Git are indispensable for team projects.,Hệ thống kiểm soát phiên bản như Git là không thể thiếu cho các dự án nhóm.,exact_duplicate,69,75,1.0869565217391304
1747,Many companies are investing heavily in AI research and development.,Nhiều công ty đang đầu tư mạnh vào nghiên cứu và phát triển AI.,exact_duplicate,68,63,0.9264705882352942
1748,The operating system manages hardware and software resources.,Hệ điều hành quản lý tài nguyên phần cứng và phần mềm.,exact_duplicate,61,54,0.8852459016393442
1749,We need to optimize the CUDA kernel for lower latency.,Chúng ta cần tối ưu hóa kernel CUDA để giảm độ trễ.,exact_duplicate,54,51,0.9444444444444444
1750,The inference throughput dropped significantly after the update.,Thông lượng suy luận giảm đáng kể sau bản cập nhật.,exact_duplicate,64,51,0.796875
1765,Understanding data structures and algorithms is fundamental for any computer science student.,Hiểu biết về cấu trúc dữ liệu và thuật toán là nền tảng cho bất kỳ sinh viên khoa học máy tính nào.,exact_duplicate,93,99,1.064516129032258
1803,Understanding data structures and algorithms is fundamental for any computer science student.,Hiểu biết về cấu trúc dữ liệu và thuật toán là nền tảng cho bất kỳ sinh viên khoa học máy tính nào.,exact_duplicate,93,99,1.064516129032258
1804,We need to optimize the CUDA kernel for lower latency.,Chúng ta cần tối ưu hóa kernel CUDA để giảm độ trễ.,exact_duplicate,54,51,0.9444444444444444
1805,The inference throughput dropped significantly after the update.,Thông lượng suy luận giảm đáng kể sau bản cập nhật.,exact_duplicate,64,51,0.796875
1819,Debugging complex machine learning models can be quite challenging.,Gỡ lỗi các mô hình học máy phức tạp có thể khá thách thức.,exact_duplicate,67,58,0.8656716417910447
1836,Unsupervised learning explores patterns in data without explicit labels.,Học không giám sát khám phá các mẫu trong dữ liệu mà không có nhãn rõ ràng.,exact_duplicate,72,75,1.0416666666666667
1850,Transfer learning allows us to leverage pre-trained models for new tasks.,Học chuyển giao cho phép chúng ta tận dụng các mô hình đã được huấn luyện trước cho các tác vụ mới.,exact_duplicate,73,99,1.356164383561644
1851,Machine learning algorithms are at the core of many modern applications.,Các thuật toán học máy là cốt lõi của nhiều ứng dụng hiện đại.,exact_duplicate,72,62,0.8611111111111112
1852,Deep learning models require vast amounts of data for effective training.,Các mô hình học sâu đòi hỏi lượng lớn dữ liệu để huấn luyện hiệu quả.,exact_duplicate,73,69,0.9452054794520548
1858,TensorFlow and PyTorch are popular deep learning frameworks.,TensorFlow và PyTorch là các framework học sâu phổ biến.,exact_duplicate,60,56,0.9333333333333333
1864,Frontend developers focus on the user interface and user experience.,Các nhà phát triển frontend tập trung vào giao diện người dùng và trải nghiệm người dùng.,exact_duplicate,68,89,1.3088235294117647
1869,The operating system manages hardware and software resources.,Hệ điều hành quản lý tài nguyên phần cứng và phần mềm.,exact_duplicate,61,54,0.8852459016393442
1901,Deep learning models require vast amounts of data for effective training.,Các mô hình học sâu đòi hỏi lượng lớn dữ liệu để huấn luyện hiệu quả.,exact_duplicate,73,69,0.9452054794520548
1903,Reinforcement learning agents learn through trial and error.,Các tác nhân học tăng cường học hỏi thông qua thử và sai.,exact_duplicate,60,57,0.95
1905,Generative AI is revolutionizing content creation.,AI tạo sinh đang cách mạng hóa việc tạo nội dung.,exact_duplicate,50,49,0.98
1911,GPUs are essential for accelerating deep learning computations.,GPU rất cần thiết để tăng tốc các phép tính học sâu.,exact_duplicate,63,52,0.8253968253968254
1915,Quantum computing promises to solve problems intractable for classical computers.,Điện toán lượng tử hứa hẹn giải quyết các vấn đề mà máy tính cổ điển không thể giải quyết được.,exact_duplicate,81,95,1.1728395061728396
1916,Python is widely used for machine learning due to its extensive libraries.,Python được sử dụng rộng rãi cho học máy nhờ các thư viện phong phú của nó.,exact_duplicate,74,75,1.0135135135135136
1922,The API documentation needs to be updated to reflect the latest changes.,Tài liệu API cần được cập nhật để phản ánh những thay đổi mới nhất.,exact_duplicate,72,67,0.9305555555555556
1926,Understanding data structures and algorithms is fundamental for any programmer.,Hiểu biết về cấu trúc dữ liệu và thuật toán là nền tảng cho bất kỳ lập trình viên nào.,exact_duplicate,79,86,1.0886075949367089
1927,Big O notation helps analyze the time and space complexity of algorithms.,Ký hiệu Big O giúp phân tích độ phức tạp về thời gian và không gian của thuật toán.,exact_duplicate,73,83,1.1369863013698631
1937,"The new AI model runs *gắt* (impressively), its performance is top-notch.","Mô hình AI mới chạy *gắt* thật, hiệu suất của nó đỉnh cao.",language_suspect,73,58,0.7945205479452054
1938,Don't *bơ* (ignore) the security vulnerabilities in the system.,Đừng *bơ* các lỗ hổng bảo mật trong hệ thống.,language_suspect,63,45,0.7142857142857143
1951,We need to optimize the CUDA kernel for lower latency.,Chúng ta cần tối ưu hóa kernel CUDA để giảm độ trễ.,exact_duplicate,54,51,0.9444444444444444
1952,The inference throughput dropped significantly after the update.,Thông lượng suy luận giảm đáng kể sau bản cập nhật.,exact_duplicate,64,51,0.796875
1957,Understanding data structures and algorithms is fundamental for any programmer.,Hiểu biết về cấu trúc dữ liệu và thuật toán là nền tảng cho bất kỳ lập trình viên nào.,exact_duplicate,79,86,1.0886075949367089
1962,Frontend developers focus on the user interface and user experience.,Các nhà phát triển frontend tập trung vào giao diện người dùng và trải nghiệm người dùng.,exact_duplicate,68,89,1.3088235294117647
1971,Many companies are investing heavily in AI research and development.,Nhiều công ty đang đầu tư mạnh vào nghiên cứu và phát triển AI.,exact_duplicate,68,63,0.9264705882352942
1975,Big data analytics helps businesses make informed decisions.,Phân tích dữ liệu lớn giúp các doanh nghiệp đưa ra quyết định sáng suốt.,exact_duplicate,60,72,1.2
1989,Unsupervised learning discovers patterns in unlabeled data.,Học không giám sát khám phá các mẫu trong dữ liệu không được gán nhãn.,exact_duplicate,59,70,1.1864406779661016
2028,Explainable AI (XAI) aims to make AI decisions transparent.,AI có thể giải thích (XAI) nhằm mục đích làm cho các quyết định của AI minh bạch.,exact_duplicate,59,81,1.3728813559322033
2051,We need to optimize the CUDA kernel for lower latency.,Chúng ta cần tối ưu hóa kernel CUDA để giảm độ trễ.,exact_duplicate,54,51,0.9444444444444444
2052,The inference throughput dropped significantly after the update.,Thông lượng suy luận giảm đáng kể sau bản cập nhật.,exact_duplicate,64,51,0.796875
2057,"He's really into quantum computing lately, always bơ (nerding out) about qubits.","Dạo này anh ấy mê điện toán lượng tử lắm, lúc nào cũng bơ (nghiên cứu sâu) về qubit.",language_suspect,80,84,1.05
2058,Python is widely used for machine learning due to its extensive libraries.,Python được sử dụng rộng rãi cho học máy nhờ các thư viện phong phú của nó.,exact_duplicate,74,75,1.0135135135135136
2072,The company is investing heavily in AI research and development.,Công ty đang đầu tư mạnh vào nghiên cứu và phát triển AI.,exact_duplicate,64,57,0.890625
2073,Understanding data structures and algorithms is fundamental for any programmer.,Hiểu về cấu trúc dữ liệu và thuật toán là nền tảng cho bất kỳ lập trình viên nào.,exact_duplicate,79,81,1.0253164556962024
2081,The robot uses computer vision to navigate complex environments.,Robot sử dụng thị giác máy tính để điều hướng trong môi trường phức tạp.,exact_duplicate,64,72,1.125
2087,"He's so gắt (intense/serious) about coding standards, he reviews every line.","Anh ấy gắt (rất nghiêm túc) về tiêu chuẩn mã hóa, anh ấy xem xét từng dòng.",language_suspect,76,75,0.9868421052631579
2093,The new hardware accelerator significantly speeds up matrix multiplications.,Bộ tăng tốc phần cứng mới tăng tốc đáng kể các phép nhân ma trận.,exact_duplicate,76,65,0.8552631578947368
2100,The next generation of AI chips promises even greater energy efficiency.,Thế hệ chip AI tiếp theo hứa hẹn hiệu quả năng lượng cao hơn nữa.,noise_ui_fragment,72,65,0.9027777777777778
2110,We need to optimize the CUDA kernel for lower latency.,Chúng ta cần tối ưu hóa kernel CUDA để giảm độ trễ.,exact_duplicate,54,51,0.9444444444444444
2111,The inference throughput dropped significantly after the update.,Thông lượng suy luận giảm đáng kể sau bản cập nhật.,exact_duplicate,64,51,0.796875
2113,Reinforcement learning agents learn through trial and error.,Các tác nhân học tăng cường học hỏi thông qua thử và sai.,exact_duplicate,60,57,0.95
2114,Convolutional Neural Networks (CNNs) are widely used for image recognition.,Mạng nơ-ron tích chập (CNN) được sử dụng rộng rãi để nhận dạng hình ảnh.,exact_duplicate,75,72,0.96
2120,Big O notation helps analyze the time and space complexity of algorithms.,Ký hiệu Big O giúp phân tích độ phức tạp về thời gian và không gian của thuật toán.,exact_duplicate,73,83,1.1369863013698631
2129,Quantum computing promises to revolutionize complex problem-solving.,Điện toán lượng tử hứa hẹn sẽ cách mạng hóa việc giải quyết các vấn đề phức tạp.,exact_duplicate,68,80,1.1764705882352942
2163,Explainable AI (XAI) aims to make AI decisions more transparent.,AI giải thích được (XAI) nhằm mục đích làm cho các quyết định của AI minh bạch hơn.,exact_duplicate,64,83,1.296875
2166,Understanding data structures and algorithms is fundamental for any computer science student.,Hiểu biết về cấu trúc dữ liệu và thuật toán là nền tảng cho bất kỳ sinh viên khoa học máy tính nào.,exact_duplicate,93,99,1.064516129032258
2205,"He's been coding since he was a kid, so he's really 'gắt' at competitive programming.","Anh ấy đã lập trình từ khi còn nhỏ, nên anh ấy thực sự 'gắt' trong lập trình thi đấu.",language_suspect,85,85,1.0
2222,Reinforcement learning agents learn through trial and error.,Các tác nhân học tăng cường học hỏi thông qua thử và sai.,exact_duplicate,60,57,0.95
2246,The server experienced high latency due to network congestion.,Máy chủ gặp độ trễ cao do tắc nghẽn mạng.,exact_duplicate,62,41,0.6612903225806451
2248,"Front-end developers focus on the user interface, while back-end developers handle server-side logic.","Các nhà phát triển front-end tập trung vào giao diện người dùng, trong khi các nhà phát triển back-end xử lý logic phía máy chủ.",noise_ui_fragment,101,128,1.2673267326732673
2252,The API documentation needs to be updated to reflect the latest changes.,Tài liệu API cần được cập nhật để phản ánh những thay đổi mới nhất.,exact_duplicate,72,67,0.9305555555555556
2257,"This AI model can generate realistic human-like text, which is pretty bơ.","Mô hình AI này có thể tạo ra văn bản giống con người rất chân thực, bơ vãi luôn.",language_suspect,73,80,1.095890410958904
2259,"The performance of the new deep learning framework is pretty gắt, it beats all benchmarks.","Hiệu suất của framework học sâu mới này gắt thật, nó đánh bại mọi tiêu chuẩn.",language_suspect,90,77,0.8555555555555555
2267,Cloud computing platforms offer scalable resources for AI development.,Các nền tảng điện toán đám mây cung cấp tài nguyên có thể mở rộng cho phát triển AI.,exact_duplicate,70,84,1.2
2277,Debugging complex machine learning models can be quite challenging.,Gỡ lỗi các mô hình học máy phức tạp có thể khá thách thức.,exact_duplicate,67,58,0.8656716417910447
2282,Transfer learning allows us to leverage pre-trained models for new tasks.,Học chuyển giao cho phép chúng ta tận dụng các mô hình đã được huấn luyện trước cho các tác vụ mới.,exact_duplicate,73,99,1.356164383561644
2286,The company is investing heavily in AI research and development.,Công ty đang đầu tư mạnh vào nghiên cứu và phát triển AI.,exact_duplicate,64,57,0.890625
2288,TensorFlow and PyTorch are popular deep learning frameworks.,TensorFlow và PyTorch là các framework học sâu phổ biến.,exact_duplicate,60,56,0.9333333333333333
2296,Big data analytics helps businesses make informed decisions.,Phân tích dữ liệu lớn giúp các doanh nghiệp đưa ra quyết định sáng suốt.,exact_duplicate,60,72,1.2
2310,Understanding data structures and algorithms is fundamental for any programmer.,Hiểu về cấu trúc dữ liệu và thuật toán là nền tảng cho bất kỳ lập trình viên nào.,exact_duplicate,79,81,1.0253164556962024
2311,We need to optimize the CUDA kernel for lower latency.,Chúng ta cần tối ưu hóa kernel CUDA để giảm độ trễ.,exact_duplicate,54,51,0.9444444444444444
2312,The inference throughput dropped significantly after the update.,Thông lượng suy luận giảm đáng kể sau bản cập nhật.,exact_duplicate,64,51,0.796875
2321,Can you explain the difference between supervised and unsupervised learning?,Bạn có thể giải thích sự khác biệt giữa học có giám sát và học không giám sát không?,exact_duplicate,76,84,1.105263157894737
2328,He's really good at competitive programming; he often 'bơ' (solves easily) hard problems.,Anh ấy rất giỏi lập trình thi đấu; anh ấy thường 'bơ' (giải quyết dễ dàng) những bài toán khó.,language_suspect,89,94,1.0561797752808988
2340,The startup developed a 'gắt' (impressive/fierce) new AI diagnostic tool.,Công ty khởi nghiệp đã phát triển một công cụ chẩn đoán AI mới rất 'gắt' (ấn tượng/đáng gờm).,language_suspect,73,93,1.273972602739726
2344,The robot uses computer vision to navigate complex environments.,Robot sử dụng thị giác máy tính để điều hướng trong môi trường phức tạp.,exact_duplicate,64,72,1.125
2347,The server experienced high latency due to network congestion.,Máy chủ gặp độ trễ cao do tắc nghẽn mạng.,exact_duplicate,62,41,0.6612903225806451
2373,Can you explain the difference between supervised and unsupervised learning?,Bạn có thể giải thích sự khác biệt giữa học có giám sát và học không giám sát không?,exact_duplicate,76,84,1.105263157894737
2387,The company is investing heavily in AI research and development.,Công ty đang đầu tư mạnh vào nghiên cứu và phát triển AI.,exact_duplicate,64,57,0.890625
2429,The BIOS/UEFI settings control fundamental hardware configurations.,Cài đặt BIOS/UEFI kiểm soát các cấu hình phần cứng cơ bản.,noise_ui_fragment,67,58,0.8656716417910447
2442,Each Streaming Multiprocessor (SM) contains multiple CUDA cores.,Mỗi Bộ xử lý Đa luồng (SM) chứa nhiều nhân CUDA.,exact_duplicate,64,48,0.75
2457,The GPU's L2 cache helps reduce global memory latency.,Bộ nhớ đệm L2 của GPU giúp giảm độ trễ bộ nhớ toàn cục.,exact_duplicate,54,55,1.0185185185185186
2512,GDDR6X memory offers higher bandwidth compared to standard GDDR6.,Bộ nhớ GDDR6X cung cấp băng thông cao hơn so với GDDR6 tiêu chuẩn.,exact_duplicate,65,66,1.0153846153846153
2517,Memory bandwidth is the rate at which data can be read from or stored into memory.,Băng thông bộ nhớ là tốc độ mà dữ liệu có thể được đọc hoặc lưu trữ vào bộ nhớ.,exact_duplicate,82,79,0.9634146341463414
2574,The thermal design power (TDP) indicates the maximum heat generated by a component.,Công suất thiết kế nhiệt (TDP) cho biết lượng nhiệt tối đa do một linh kiện tạo ra.,exact_duplicate,83,83,1.0
2579,The motherboard's chipset manages communication between components.,Chipset của bo mạch chủ quản lý giao tiếp giữa các linh kiện.,exact_duplicate,67,61,0.9104477611940298
2614,GDDR6X memory offers higher bandwidth compared to GDDR6.,Bộ nhớ GDDR6X cung cấp băng thông cao hơn so với GDDR6.,exact_duplicate,56,55,0.9821428571428571
2655,The CPU's clock speed directly impacts single-threaded application performance.,Tốc độ xung nhịp của CPU ảnh hưởng trực tiếp đến hiệu suất ứng dụng đơn luồng.,exact_duplicate,79,78,0.9873417721518988
2663,Register spilling to local memory can degrade performance.,Việc tràn thanh ghi vào bộ nhớ cục bộ có thể làm giảm hiệu suất.,exact_duplicate,58,64,1.103448275862069
2666,The memory controller manages data flow between the GPU and VRAM.,Bộ điều khiển bộ nhớ quản lý luồng dữ liệu giữa GPU và VRAM.,exact_duplicate,65,60,0.9230769230769231
2680,Virtual memory allows a system to use disk space as an extension of RAM.,Bộ nhớ ảo cho phép hệ thống sử dụng không gian đĩa làm phần mở rộng của RAM.,exact_duplicate,72,76,1.0555555555555556
2691,CUDA programming allows parallel execution on NVIDIA GPUs.,Lập trình CUDA cho phép thực thi song song trên các GPU của NVIDIA.,exact_duplicate,58,67,1.1551724137931034
2701,Shared memory is much faster than global memory for inter-thread communication within a block.,Bộ nhớ chia sẻ nhanh hơn nhiều so với bộ nhớ toàn cục để giao tiếp giữa các luồng trong một khối.,exact_duplicate,94,97,1.0319148936170213
2727,The GPU driver plays a vital role in managing hardware resources.,Trình điều khiển GPU đóng vai trò quan trọng trong việc quản lý tài nguyên phần cứng.,exact_duplicate,65,85,1.3076923076923077
2742,Shared memory provides low-latency access within a thread block.,Bộ nhớ chia sẻ cung cấp quyền truy cập độ trễ thấp trong một khối luồng.,exact_duplicate,64,72,1.125
2746,Global memory access is significantly slower than shared memory.,Truy cập bộ nhớ toàn cục chậm hơn đáng kể so với bộ nhớ chia sẻ.,exact_duplicate,64,64,1.0
2761,The GPU's L2 cache helps reduce global memory latency.,Bộ nhớ đệm L2 của GPU giúp giảm độ trễ bộ nhớ toàn cục.,exact_duplicate,54,55,1.0185185185185186
2798,Synchronization primitives like `__syncthreads()` are vital for correctness.,Các nguyên thủy đồng bộ hóa như `__syncthreads()` rất quan trọng để đảm bảo tính đúng đắn.,exact_duplicate,76,90,1.1842105263157894
2828,The memory controller manages data flow between the CPU and RAM.,Bộ điều khiển bộ nhớ quản lý luồng dữ liệu giữa CPU và RAM.,exact_duplicate,64,59,0.921875
2841,Each Streaming Multiprocessor (SM) contains multiple CUDA cores.,Mỗi Bộ xử lý đa luồng (SM) chứa nhiều nhân CUDA.,exact_duplicate,64,48,0.75
2849,GDDR6X offers higher memory bandwidth compared to GDDR6.,GDDR6X cung cấp băng thông bộ nhớ cao hơn so với GDDR6.,exact_duplicate,56,55,0.9821428571428571
2852,The CPU's clock speed directly impacts single-threaded application performance.,Tốc độ xung nhịp của CPU ảnh hưởng trực tiếp đến hiệu suất ứng dụng đơn luồng.,exact_duplicate,79,78,0.9873417721518988
2868,Memory bandwidth is the rate at which data can be read from or stored into memory.,Băng thông bộ nhớ là tốc độ mà dữ liệu có thể được đọc hoặc lưu trữ vào bộ nhớ.,exact_duplicate,82,79,0.9634146341463414
2947,Writing an efficient CUDA kernel requires careful memory access patterns.,Viết một kernel CUDA hiệu quả đòi hỏi các mẫu truy cập bộ nhớ cẩn thận.,exact_duplicate,73,71,0.9726027397260274
2961,Virtual memory allows a system to use disk space as an extension of RAM.,Bộ nhớ ảo cho phép hệ thống sử dụng không gian đĩa làm phần mở rộng của RAM.,exact_duplicate,72,76,1.0555555555555556
2983,The GPU's memory controller manages data flow to and from VRAM.,Bộ điều khiển bộ nhớ của GPU quản lý luồng dữ liệu đến và đi từ VRAM.,exact_duplicate,63,69,1.0952380952380953
3075,This budget GPU might struggle with modern AAA titles at high settings.,Con GPU giá rẻ này có thể sẽ bơ với các tựa game AAA hiện đại ở cài đặt cao.,noise_ui_fragment,71,76,1.0704225352112675
3091,CUDA cores are fundamental to NVIDIA's parallel computing platform.,Các nhân CUDA là nền tảng cho nền tảng điện toán song song của NVIDIA.,exact_duplicate,67,70,1.044776119402985
3094,Reducing memory latency is key to improving overall system responsiveness.,Giảm độ trễ bộ nhớ là chìa khóa để cải thiện khả năng phản hồi tổng thể của hệ thống.,exact_duplicate,74,85,1.1486486486486487
3100,"PCIe 5.0 doubles the bandwidth compared to PCIe 4.0, which is gắt lắm.","PCIe 5.0 tăng gấp đôi băng thông so với PCIe 4.0, gắt lắm đó nha.",language_suspect,70,65,0.9285714285714286
3139,"The latest GPUs are packed with features, khoe mẽ ghê.","Các GPU mới nhất được trang bị đầy đủ tính năng, khoe mẽ ghê.",language_suspect,54,61,1.1296296296296295
3147,Writing an efficient CUDA kernel requires careful memory access patterns.,Viết một kernel CUDA hiệu quả đòi hỏi các mẫu truy cập bộ nhớ cẩn thận.,exact_duplicate,73,71,0.9726027397260274
3149,Global memory access is significantly slower than shared memory.,Truy cập bộ nhớ toàn cục chậm hơn đáng kể so với bộ nhớ chia sẻ.,exact_duplicate,64,64,1.0
3158,GDDR6X offers higher bandwidth compared to standard GDDR6.,GDDR6X cung cấp băng thông cao hơn so với GDDR6 tiêu chuẩn.,exact_duplicate,58,59,1.0172413793103448
3176,Lowering the clock speed often increases latency but can save power.,Giảm tốc độ xung nhịp thường làm tăng độ trễ nhưng có thể tiết kiệm điện.,noise_ui_fragment,68,73,1.0735294117647058
3180,PCIe Gen 5 offers double the bandwidth of Gen 4.,PCIe Gen 5 cung cấp băng thông gấp đôi so với Gen 4.,exact_duplicate,48,52,1.0833333333333333
3217,GDDR6X memory offers higher bandwidth compared to GDDR6.,Bộ nhớ GDDR6X cung cấp băng thông cao hơn so với GDDR6.,exact_duplicate,56,55,0.9821428571428571
3221,Instruction latency can vary depending on the operation.,Độ trễ lệnh có thể thay đổi tùy thuộc vào thao tác.,exact_duplicate,56,51,0.9107142857142857
3258,Register spilling to local memory can degrade performance.,Việc tràn thanh ghi vào bộ nhớ cục bộ có thể làm giảm hiệu suất.,exact_duplicate,58,64,1.103448275862069
3337,Many modern GPUs feature dedicated hardware for video encoding and decoding.,Nhiều GPU hiện đại có phần cứng chuyên dụng để mã hóa và giải mã video.,exact_duplicate,76,71,0.9342105263157895
3339,"This new GPU runs really intensely (gắt lắm), top-tier performance.","Cái GPU mới này chạy gắt lắm, hiệu năng đỉnh của chóp luôn.",language_suspect,67,59,0.8805970149253731
3341,Each Streaming Multiprocessor (SM) contains multiple CUDA cores.,Mỗi Bộ xử lý đa luồng (SM) chứa nhiều nhân CUDA.,exact_duplicate,64,48,0.75
3359,A warp consists of 32 threads that execute the same instruction simultaneously.,Một warp bao gồm 32 luồng thực thi cùng một lệnh đồng thời.,exact_duplicate,79,59,0.7468354430379747
3391,CUDA cores are fundamental to NVIDIA's parallel computing platform.,Các nhân CUDA là nền tảng cho nền tảng điện toán song song của NVIDIA.,exact_duplicate,67,70,1.044776119402985
3414,The motherboard's chipset manages communication between components.,Chipset của bo mạch chủ quản lý giao tiếp giữa các linh kiện.,exact_duplicate,67,61,0.9104477611940298
3523,The thermal design power (TDP) indicates the maximum heat generated by a component.,Công suất thiết kế nhiệt (TDP) cho biết lượng nhiệt tối đa do một linh kiện tạo ra.,exact_duplicate,83,83,1.0
3572,The memory controller manages data flow between the GPU and VRAM.,Bộ điều khiển bộ nhớ quản lý luồng dữ liệu giữa GPU và VRAM.,exact_duplicate,65,60,0.9230769230769231
3599,Many modern GPUs feature dedicated hardware for video encoding and decoding.,Nhiều GPU hiện đại có phần cứng chuyên dụng để mã hóa và giải mã video.,exact_duplicate,76,71,0.9342105263157895
3661,GDDR6X memory offers higher bandwidth compared to standard GDDR6.,Bộ nhớ GDDR6X cung cấp băng thông cao hơn so với GDDR6 tiêu chuẩn.,exact_duplicate,65,66,1.0153846153846153
3691,CUDA programming allows parallel execution on NVIDIA GPUs.,Lập trình CUDA cho phép thực thi song song trên các GPU của NVIDIA.,exact_duplicate,58,67,1.1551724137931034
3694,Check the hardware specs to ensure compatibility with your software.,Kiểm tra thông số kỹ thuật phần cứng để đảm bảo tương thích với phần mềm của bạn.,exact_duplicate,68,81,1.1911764705882353
3706,Shared memory is much faster than global memory for inter-thread communication within a block.,Bộ nhớ chia sẻ nhanh hơn nhiều so với bộ nhớ toàn cục để giao tiếp giữa các luồng trong một khối.,exact_duplicate,94,97,1.0319148936170213
3713,"This new SSD offers blazing-fast read/write speeds, anh em ạ.","Ổ SSD mới này có tốc độ đọc/ghi cực kỳ gắt, anh em ạ.",language_suspect,61,53,0.8688524590163934
3734,The memory controller manages data flow between the CPU and RAM.,Bộ điều khiển bộ nhớ quản lý luồng dữ liệu giữa CPU và RAM.,exact_duplicate,64,59,0.921875
3822,This CPU supports PCIe Gen 5 for faster SSDs and next-generation expansion cards.,CPU này hỗ trợ PCIe Gen 5 cho các ổ SSD nhanh hơn và card mở rộng thế hệ tiếp theo.,noise_ui_fragment,81,83,1.0246913580246915
3899,Check the hardware specs to ensure compatibility with your software.,Kiểm tra thông số kỹ thuật phần cứng để đảm bảo tương thích với phần mềm của bạn.,exact_duplicate,68,81,1.1911764705882353
3936,The thermal design power (TDP) indicates the maximum heat generated by a component.,Công suất thiết kế nhiệt (TDP) cho biết lượng nhiệt tối đa do một linh kiện tạo ra.,exact_duplicate,83,83,1.0
3939,The GPU's memory controller manages data flow to and from VRAM.,Bộ điều khiển bộ nhớ của GPU quản lý luồng dữ liệu đến và đi từ VRAM.,exact_duplicate,63,69,1.0952380952380953
3948,Shared memory provides low-latency access within a thread block.,Bộ nhớ chia sẻ cung cấp quyền truy cập độ trễ thấp trong một khối luồng.,exact_duplicate,64,72,1.125
3964,GDDR6X offers higher bandwidth compared to standard GDDR6.,GDDR6X cung cấp băng thông cao hơn so với GDDR6 tiêu chuẩn.,exact_duplicate,58,59,1.0172413793103448
3981,"The new graphics card has 24GB of GDDR6X VRAM, khá bơ đấy.","Card đồ họa mới có 24GB GDDR6X VRAM, khá bơ đấy.",language_suspect,58,48,0.8275862068965517
3982,"The CPU has 8 cores and 16 threads, which is pretty gắt.","CPU có 8 lõi và 16 luồng, khá gắt đấy.",language_suspect,56,38,0.6785714285714286
4017,The memory controller manages data flow between the GPU and VRAM.,Bộ điều khiển bộ nhớ quản lý luồng dữ liệu giữa GPU và VRAM.,exact_duplicate,65,60,0.9230769230769231
4026,Fine-tuning GPU memory settings can yield noticeable performance gains.,Tinh chỉnh cài đặt bộ nhớ GPU có thể mang lại những cải thiện hiệu suất đáng kể.,noise_ui_fragment,71,80,1.1267605633802817
4031,The GPU driver plays a vital role in managing hardware resources.,Trình điều khiển GPU đóng vai trò quan trọng trong việc quản lý tài nguyên phần cứng.,exact_duplicate,65,85,1.3076923076923077
4063,"PCIe Gen 5 offers double the bandwidth of Gen 4, crucial for next-generation GPUs and storage devices.","PCIe Gen 5 cung cấp băng thông gấp đôi Gen 4, rất quan trọng cho các GPU và thiết bị lưu trữ thế hệ tiếp theo.",noise_ui_fragment,102,110,1.0784313725490196
4101,Each Streaming Multiprocessor (SM) contains multiple CUDA cores.,Mỗi Bộ xử lý Đa luồng (SM) chứa nhiều nhân CUDA.,exact_duplicate,64,48,0.75
4111,GDDR6X offers higher memory bandwidth compared to GDDR6.,GDDR6X cung cấp băng thông bộ nhớ cao hơn so với GDDR6.,exact_duplicate,56,55,0.9821428571428571
4122,PCIe Gen 5 offers double the bandwidth of Gen 4.,PCIe Gen 5 cung cấp băng thông gấp đôi so với Gen 4.,exact_duplicate,48,52,1.0833333333333333
4133,Synchronization primitives like `__syncthreads()` are vital for correctness.,Các nguyên thủy đồng bộ hóa như `__syncthreads()` rất quan trọng để đảm bảo tính đúng đắn.,exact_duplicate,76,90,1.1842105263157894
4135,The memory controller manages data flow between the GPU and VRAM.,Bộ điều khiển bộ nhớ quản lý luồng dữ liệu giữa GPU và VRAM.,exact_duplicate,65,60,0.9230769230769231
4217,Instruction latency can vary depending on the operation.,Độ trễ lệnh có thể thay đổi tùy thuộc vào thao tác.,exact_duplicate,56,51,0.9107142857142857
4252,The motherboard's chipset manages communication between components.,Chipset của bo mạch chủ quản lý giao tiếp giữa các linh kiện.,exact_duplicate,67,61,0.9104477611940298
4258,Reducing memory latency is key to improving overall system responsiveness.,Giảm độ trễ bộ nhớ là chìa khóa để cải thiện khả năng phản hồi tổng thể của hệ thống.,exact_duplicate,74,85,1.1486486486486487
4295,A warp consists of 32 threads that execute the same instruction simultaneously.,Một warp bao gồm 32 luồng thực thi cùng một lệnh đồng thời.,exact_duplicate,79,59,0.7468354430379747
4315,Writing an efficient CUDA kernel requires careful memory access patterns.,Viết một kernel CUDA hiệu quả đòi hỏi các mẫu truy cập bộ nhớ cẩn thận.,exact_duplicate,73,71,0.9726027397260274
4326,GDDR6X memory offers higher bandwidth compared to GDDR6.,Bộ nhớ GDDR6X cung cấp băng thông cao hơn so với GDDR6.,exact_duplicate,56,55,0.9821428571428571
4333,The memory controller manages data flow between the GPU and VRAM.,Bộ điều khiển bộ nhớ quản lý luồng dữ liệu giữa GPU và VRAM.,exact_duplicate,65,60,0.9230769230769231
4437,The bug was traced back to an incorrect feature engineering step in the training pipeline.,Lỗi được truy ngược về một bước kỹ thuật tính năng không chính xác trong pipeline huấn luyện.,noise_ui_fragment,90,93,1.0333333333333334
4462,A critical bug was found in the data preprocessing script.,Một lỗi nghiêm trọng đã được tìm thấy trong script tiền xử lý dữ liệu.,exact_duplicate,58,70,1.206896551724138
4489,The incident response plan includes steps for rolling back faulty model deployments.,Kế hoạch ứng phó sự cố bao gồm các bước để khôi phục các triển khai mô hình bị lỗi.,noise_ui_fragment,84,83,0.9880952380952381
4501,The model registry stores metadata about all deployed models.,Kho lưu trữ mô hình lưu trữ siêu dữ liệu về tất cả các mô hình đã triển khai.,exact_duplicate,61,77,1.2622950819672132
4524,The data pipeline needs to be robust against schema changes.,Pipeline dữ liệu cần phải mạnh mẽ chống lại các thay đổi về schema.,exact_duplicate,60,67,1.1166666666666667
4549,We use MLflow for experiment tracking and model registry.,Chúng tôi sử dụng MLflow để theo dõi thử nghiệm và đăng ký mô hình.,exact_duplicate,57,67,1.1754385964912282
4593,We use MLflow for experiment tracking and model registry.,Chúng tôi sử dụng MLflow để theo dõi thử nghiệm và đăng ký mô hình.,exact_duplicate,57,67,1.1754385964912282
4633,We use Prometheus and Grafana for monitoring our ML infrastructure.,Chúng tôi sử dụng Prometheus và Grafana để giám sát cơ sở hạ tầng ML của mình.,exact_duplicate,67,78,1.164179104477612
4647,Automated hyperparameter tuning can save a lot of time during model development.,Tự động điều chỉnh siêu tham số có thể tiết kiệm rất nhiều thời gian trong quá trình phát triển mô hình.,noise_ui_fragment,80,104,1.3
4688,We use Helm charts to package and deploy our ML applications on Kubernetes.,Chúng tôi sử dụng Helm charts để đóng gói và triển khai các ứng dụng ML của mình trên Kubernetes.,exact_duplicate,75,97,1.2933333333333332
4691,The training pipeline failed due to insufficient GPU memory.,Pipeline huấn luyện thất bại do thiếu bộ nhớ GPU.,exact_duplicate,60,49,0.8166666666666667
4702,Roll back to the previous model version if this one underperforms.,Hãy roll back về phiên bản mô hình trước nếu phiên bản này hoạt động kém hiệu quả.,noise_ui_fragment,66,82,1.2424242424242424
4742,The training pipeline automatically retrains the model every week.,Pipeline huấn luyện tự động đào tạo lại mô hình mỗi tuần.,exact_duplicate,66,57,0.8636363636363636
4743,Hyperparameter tuning significantly improved the model's F1-score.,Tinh chỉnh siêu tham số đã cải thiện đáng kể điểm F1 của mô hình.,exact_duplicate,66,65,0.9848484848484849
4744,Experiment tracking is crucial for comparing different model architectures.,Theo dõi thử nghiệm rất quan trọng để so sánh các kiến trúc mô hình khác nhau.,exact_duplicate,75,78,1.04
4752,We need to roll back to the previous stable version immediately.,Chúng ta cần khôi phục về phiên bản ổn định trước đó ngay lập tức.,noise_ui_fragment,64,66,1.03125
4754,Setting up A/B testing for model performance comparison is next on the list.,Thiết lập thử nghiệm A/B để so sánh hiệu suất mô hình là việc tiếp theo trong danh sách.,noise_ui_fragment,76,88,1.1578947368421053
4762,The container failed to start due to a missing dependency.,Container không khởi động được do thiếu một dependency.,exact_duplicate,58,55,0.9482758620689655
4784,The model's predictions are biased towards a specific demographic.,Các dự đoán của mô hình bị thiên vị đối với một nhóm nhân khẩu học cụ thể.,exact_duplicate,66,74,1.121212121212121
4850,The training pipeline failed due to insufficient GPU memory.,Pipeline huấn luyện bị lỗi do không đủ bộ nhớ GPU.,exact_duplicate,60,50,0.8333333333333334
4868,The model registry stores metadata about all deployed models.,Kho lưu trữ mô hình lưu trữ siêu dữ liệu về tất cả các mô hình đã triển khai.,exact_duplicate,61,77,1.2622950819672132
4947,The model's performance metrics are tracked in a centralized dashboard.,Các chỉ số hiệu suất của mô hình được theo dõi trên một bảng điều khiển tập trung.,exact_duplicate,71,82,1.1549295774647887
4948,Our training pipeline is orchestrated using Kubeflow Pipelines.,Pipeline huấn luyện của chúng tôi được điều phối bằng Kubeflow Pipelines.,exact_duplicate,63,73,1.1587301587301588
4950,We need to optimize the hyperparameter tuning step to save compute resources.,Chúng ta cần tối ưu hóa bước tinh chỉnh siêu tham số (hyperparameter tuning) để tiết kiệm tài nguyên tính toán.,noise_ui_fragment,77,111,1.4415584415584415
4987,The issue was traced back to an incorrect feature scaling implementation.,Vấn đề được truy nguyên từ việc triển khai chia tỷ lệ đặc trưng (feature scaling) không chính xác.,noise_ui_fragment,73,98,1.3424657534246576
5020,We use Helm charts to manage our Kubernetes deployments.,Chúng tôi sử dụng Helm charts để quản lý các triển khai Kubernetes của mình.,exact_duplicate,56,76,1.3571428571428572
5066,We use Helm charts to manage our Kubernetes deployments.,Chúng tôi sử dụng Helm charts để quản lý các triển khai Kubernetes của mình.,exact_duplicate,56,76,1.3571428571428572
5099,The model registry stores different versions of our trained models.,Kho lưu trữ mô hình (model registry) lưu trữ các phiên bản khác nhau của các mô hình đã huấn luyện của chúng ta.,exact_duplicate,67,112,1.671641791044776
5140,The data preprocessing step is crucial for model performance.,Bước tiền xử lý dữ liệu rất quan trọng đối với hiệu suất của mô hình.,exact_duplicate,61,69,1.1311475409836065
5151,How do we roll back to the previous stable model deployment?,Làm thế nào để chúng ta khôi phục lại phiên bản triển khai mô hình ổn định trước đó?,noise_ui_fragment,60,84,1.4
5162,We use Helm charts to manage our Kubernetes deployments.,Chúng tôi sử dụng Helm charts để quản lý các triển khai Kubernetes của mình.,exact_duplicate,56,76,1.3571428571428572
5190,Data preprocessing is the first step in any ML workflow.,Tiền xử lý dữ liệu là bước đầu tiên trong bất kỳ quy trình làm việc ML nào.,exact_duplicate,56,75,1.3392857142857142
5194,Hyperparameter tuning can significantly improve model performance.,Điều chỉnh siêu tham số có thể cải thiện đáng kể hiệu suất mô hình.,exact_duplicate,66,67,1.0151515151515151
5200,The training pipeline failed due to insufficient GPU memory.,Pipeline huấn luyện thất bại do thiếu bộ nhớ GPU.,exact_duplicate,60,49,0.8166666666666667
5221,Kubernetes handles the orchestration of our microservices.,Kubernetes xử lý việc điều phối các microservice của chúng tôi.,exact_duplicate,58,63,1.0862068965517242
5240,A critical bug was found in the data preprocessing script.,Một lỗi nghiêm trọng đã được tìm thấy trong script tiền xử lý dữ liệu.,exact_duplicate,58,70,1.206896551724138
5250,The data preprocessing step is crucial for model performance.,Bước tiền xử lý dữ liệu rất quan trọng đối với hiệu suất của mô hình.,exact_duplicate,61,69,1.1311475409836065
5261,The model registry stores different versions of our trained models.,Kho lưu trữ mô hình (model registry) lưu trữ các phiên bản khác nhau của các mô hình đã huấn luyện của chúng ta.,exact_duplicate,67,112,1.671641791044776
5301,The training pipeline failed due to insufficient GPU memory.,Pipeline huấn luyện bị lỗi do không đủ bộ nhớ GPU.,exact_duplicate,60,50,0.8333333333333334
5305,Automating the retraining process is our next big goal.,Tự động hóa quy trình huấn luyện lại là mục tiêu lớn tiếp theo của chúng ta.,noise_ui_fragment,55,76,1.3818181818181818
5308,The model artifact needs to be stored in a secure registry.,Artifact mô hình cần được lưu trữ trong một registry an toàn.,exact_duplicate,59,61,1.0338983050847457
5311,We containerize our models using Docker before deploying to Kubernetes.,Chúng tôi đóng gói mô hình bằng Docker trước khi triển khai lên Kubernetes.,exact_duplicate,71,75,1.056338028169014
5314,Can we deploy this model to a serverless function?,Chúng ta có thể triển khai mô hình này lên một hàm serverless không?,exact_duplicate,50,68,1.36
5326,The production model was automatically rolled back due to performance degradation detected by monitoring.,Mô hình sản phẩm đã tự động được rollback do suy giảm hiệu suất được phát hiện bởi hệ thống giám sát.,noise_ui_fragment,105,101,0.9619047619047619
5387,We use Prometheus and Grafana for monitoring our ML infrastructure.,Chúng tôi sử dụng Prometheus và Grafana để giám sát cơ sở hạ tầng ML của mình.,exact_duplicate,67,78,1.164179104477612
5393,The model serving infrastructure must be highly available and fault-tolerant.,Cơ sở hạ tầng phục vụ mô hình phải có tính sẵn sàng cao và khả năng chịu lỗi.,exact_duplicate,77,77,1.0
5405,Our training pipeline is orchestrated using Kubeflow Pipelines.,Pipeline huấn luyện của chúng tôi được điều phối bằng Kubeflow Pipelines.,exact_duplicate,63,73,1.1587301587301588
5411,We containerize our models using Docker for consistent deployment.,Chúng tôi đóng gói mô hình của mình bằng Docker để triển khai nhất quán.,exact_duplicate,66,72,1.0909090909090908
5417,We use Helm charts to manage our Kubernetes deployments.,Chúng tôi sử dụng Helm charts để quản lý các triển khai Kubernetes của mình.,exact_duplicate,56,76,1.3571428571428572
5420,Our CI/CD pipeline automatically triggers model retraining on new data.,Pipeline CI/CD của chúng tôi tự động kích hoạt huấn luyện lại mô hình trên dữ liệu mới.,exact_duplicate,71,87,1.2253521126760563
5425,The recent model performance drop was traced back to a data preprocessing bug.,Sự sụt giảm hiệu suất mô hình gần đây được truy nguyên từ một lỗi tiền xử lý dữ liệu.,noise_ui_fragment,78,85,1.0897435897435896
5429,The model sometimes produces 'bơ' (nonsense) predictions for out-of-distribution inputs.,Mô hình đôi khi tạo ra dự đoán 'bơ' (vô nghĩa) cho các đầu vào nằm ngoài phân phối.,language_suspect,88,83,0.9431818181818182
5510,The training pipeline failed due to insufficient GPU memory.,Pipeline huấn luyện bị lỗi do không đủ bộ nhớ GPU.,exact_duplicate,60,50,0.8333333333333334
5536,Using Helm charts simplifies the deployment of complex ML applications on Kubernetes.,Sử dụng Helm charts đơn giản hóa việc triển khai các ứng dụng ML phức tạp trên Kubernetes.,exact_duplicate,85,90,1.0588235294117647
5555,The issue was traced back to an incorrect data type conversion during preprocessing.,Vấn đề được truy ngược về lỗi chuyển đổi kiểu dữ liệu không chính xác trong quá trình tiền xử lý.,noise_ui_fragment,84,97,1.1547619047619047
5563,We use MLflow for experiment tracking and model versioning.,Chúng tôi sử dụng MLflow để theo dõi thử nghiệm và quản lý phiên bản mô hình.,exact_duplicate,59,77,1.305084745762712
5608,Automating the retraining pipeline will save a lot of manual effort.,Tự động hóa pipeline huấn luyện lại sẽ tiết kiệm rất nhiều công sức thủ công.,noise_ui_fragment,68,77,1.1323529411764706
5647,The model serving infrastructure must be highly available and fault-tolerant.,Cơ sở hạ tầng phục vụ mô hình phải có tính sẵn sàng cao và khả năng chịu lỗi.,exact_duplicate,77,77,1.0
5656,Data preprocessing is the first step in any ML workflow.,Tiền xử lý dữ liệu là bước đầu tiên trong bất kỳ quy trình làm việc ML nào.,exact_duplicate,56,75,1.3392857142857142
5678,Rolling back to the previous model version was straightforward.,Quay lại phiên bản mô hình trước đó khá đơn giản.,noise_ui_fragment,63,49,0.7777777777777778
5702,Rolling back to a stable version is the quickest fix for critical bugs.,Quay lại phiên bản ổn định là cách khắc phục nhanh nhất cho các lỗi nghiêm trọng.,noise_ui_fragment,71,81,1.1408450704225352
5703,The bug was traced back to an incorrect tensor shape in the custom layer.,Lỗi được truy nguyên từ một hình dạng tensor không chính xác trong lớp tùy chỉnh.,noise_ui_fragment,73,81,1.1095890410958904
5735,The model's performance metrics are tracked in a centralized dashboard.,Các chỉ số hiệu suất của mô hình được theo dõi trên một bảng điều khiển tập trung.,exact_duplicate,71,82,1.1549295774647887
5744,The data pipeline needs to be robust against schema changes.,Pipeline dữ liệu cần phải mạnh mẽ chống lại các thay đổi về schema.,exact_duplicate,60,67,1.1166666666666667
5757,The training pipeline automatically retrains the model every week.,Pipeline huấn luyện tự động đào tạo lại mô hình mỗi tuần.,exact_duplicate,66,57,0.8636363636363636
5759,All our ML services are containerized using Docker and orchestrated by Kubernetes.,Tất cả các dịch vụ ML của chúng tôi đều được đóng gói bằng Docker và điều phối bởi Kubernetes.,exact_duplicate,82,94,1.146341463414634
5790,Implementing automated integration tests is the next step in our CI pipeline improvement.,Triển khai kiểm thử tích hợp tự động là bước tiếp theo trong việc cải thiện pipeline CI của chúng tôi.,noise_ui_fragment,89,102,1.146067415730337
5905,The bug fix for the data loader will be deployed in the next hotfix release.,Bản sửa lỗi cho trình tải dữ liệu sẽ được triển khai trong bản hotfix tiếp theo.,noise_ui_fragment,76,80,1.0526315789473684
5962,We use MLflow for experiment tracking and model versioning.,Chúng tôi sử dụng MLflow để theo dõi thử nghiệm và quản lý phiên bản mô hình.,exact_duplicate,59,77,1.305084745762712
5976,The model artifact needs to be stored in a secure registry.,Artifact mô hình cần được lưu trữ trong một registry an toàn.,exact_duplicate,59,61,1.0338983050847457
5995,A critical bug was found in the data preprocessing script.,Một lỗi nghiêm trọng đã được tìm thấy trong script tiền xử lý dữ liệu.,exact_duplicate,58,70,1.206896551724138
6011,The data preprocessing step is crucial for model performance.,Bước tiền xử lý dữ liệu rất quan trọng đối với hiệu suất của mô hình.,exact_duplicate,61,69,1.1311475409836065
6021,We use MLflow for experiment tracking and model versioning.,Chúng tôi sử dụng MLflow để theo dõi thử nghiệm và quản lý phiên bản mô hình.,exact_duplicate,59,77,1.305084745762712
6034,Rolling back to the previous stable model version was straightforward.,Quay trở lại phiên bản mô hình ổn định trước đó thật đơn giản.,noise_ui_fragment,70,62,0.8857142857142857
6036,We containerize our models using Docker for consistent deployment.,Chúng tôi đóng gói mô hình của mình bằng Docker để triển khai nhất quán.,exact_duplicate,66,72,1.0909090909090908
6050,Continuous integration ensures that code changes are merged frequently.,Tích hợp liên tục đảm bảo rằng các thay đổi mã được hợp nhất thường xuyên.,exact_duplicate,71,74,1.0422535211267605
6063,The new model version will be deployed via a canary release next week.,Phiên bản mô hình mới sẽ được triển khai thông qua phương pháp canary release vào tuần tới.,noise_ui_fragment,70,91,1.3
6064,All our ML services are containerized using Docker and orchestrated by Kubernetes.,Tất cả các dịch vụ ML của chúng tôi đều được đóng gói bằng Docker và điều phối bởi Kubernetes.,exact_duplicate,82,94,1.146341463414634
6070,Scaling the inference service horizontally requires adjusting Kubernetes HPA settings.,Mở rộng dịch vụ suy luận theo chiều ngang yêu cầu điều chỉnh cài đặt HPA của Kubernetes.,noise_ui_fragment,86,88,1.0232558139534884
6115,Deploying the model as a microservice is our next major milestone.,Triển khai mô hình dưới dạng microservice là cột mốc quan trọng tiếp theo của chúng tôi.,noise_ui_fragment,66,88,1.3333333333333333
6163,Hyperparameter tuning significantly improved the model's F1-score.,Tinh chỉnh siêu tham số đã cải thiện đáng kể điểm F1 của mô hình.,exact_duplicate,66,65,0.9848484848484849
6182,Kubernetes handles the orchestration of our microservices.,Kubernetes xử lý việc điều phối các microservice của chúng tôi.,exact_duplicate,58,63,1.0862068965517242
6191,Our CI/CD pipeline automatically triggers model retraining on new data.,Pipeline CI/CD của chúng tôi tự động kích hoạt huấn luyện lại mô hình trên dữ liệu mới.,exact_duplicate,71,87,1.2253521126760563
6193,Continuous integration ensures that code changes are merged frequently.,Tích hợp liên tục đảm bảo rằng các thay đổi mã được hợp nhất thường xuyên.,exact_duplicate,71,74,1.0422535211267605
6207,The bug was traced back to an incorrect feature scaling implementation.,Lỗi đã được truy ngược lại một triển khai tỷ lệ đặc trưng không chính xác.,noise_ui_fragment,71,74,1.0422535211267605
6213,Experiment tracking is crucial for comparing different model architectures.,Theo dõi thử nghiệm rất quan trọng để so sánh các kiến trúc mô hình khác nhau.,exact_duplicate,75,78,1.04
6230,The new model version will be deployed via a canary release next week.,Phiên bản mô hình mới sẽ được triển khai thông qua bản phát hành canary vào tuần tới.,noise_ui_fragment,70,85,1.2142857142857142
6264,We use MLflow for experiment tracking and model versioning.,Chúng tôi sử dụng MLflow để theo dõi thử nghiệm và quản lý phiên bản mô hình.,exact_duplicate,59,77,1.305084745762712
6265,Hyperparameter tuning can significantly improve model performance.,Điều chỉnh siêu tham số có thể cải thiện đáng kể hiệu suất mô hình.,exact_duplicate,66,67,1.0151515151515151
6272,We containerize our models using Docker before deploying to Kubernetes.,Chúng tôi đóng gói mô hình bằng Docker trước khi triển khai lên Kubernetes.,exact_duplicate,71,75,1.056338028169014
6277,Can we deploy this model to a serverless function?,Chúng ta có thể triển khai mô hình này lên một hàm serverless không?,exact_duplicate,50,68,1.36
6287,Using Helm charts simplifies the deployment of complex ML applications on Kubernetes.,Sử dụng Helm charts đơn giản hóa việc triển khai các ứng dụng ML phức tạp trên Kubernetes.,exact_duplicate,85,90,1.0588235294117647
6288,The container failed to start due to a missing dependency.,Container không khởi động được do thiếu một dependency.,exact_duplicate,58,55,0.9482758620689655
6321,Deploying models as microservices allows for independent scaling.,Triển khai mô hình dưới dạng microservices cho phép mở rộng độc lập.,exact_duplicate,65,68,1.0461538461538462
6337,The roll-back mechanism allows us to quickly revert to a previous stable model version.,Cơ chế roll-back cho phép chúng tôi nhanh chóng quay lại phiên bản mô hình ổn định trước đó.,noise_ui_fragment,87,92,1.0574712643678161
6348,The incident response plan includes steps for rolling back faulty models.,Kế hoạch ứng phó sự cố bao gồm các bước để hoàn nguyên các mô hình bị lỗi.,noise_ui_fragment,73,74,1.0136986301369864
6354,We use Helm charts to package and deploy our ML applications on Kubernetes.,Chúng tôi sử dụng Helm charts để đóng gói và triển khai các ứng dụng ML của mình trên Kubernetes.,exact_duplicate,75,97,1.2933333333333332
6365,The training pipeline failed due to insufficient GPU memory.,Pipeline huấn luyện bị lỗi do không đủ bộ nhớ GPU.,exact_duplicate,60,50,0.8333333333333334
6370,Deploying models as microservices allows for independent scaling.,Triển khai mô hình dưới dạng microservices cho phép mở rộng độc lập.,exact_duplicate,65,68,1.0461538461538462
6387,The model's predictions are biased towards a specific demographic.,Các dự đoán của mô hình bị thiên vị đối với một nhóm nhân khẩu học cụ thể.,exact_duplicate,66,74,1.121212121212121
6392,That new car must have cost an arm and a leg.,Chiếc xe mới đó chắc phải đắt cắt cổ.,exact_duplicate,45,37,0.8222222222222222
6393,"It's getting late, we should hit the road.","Trời tối rồi, chúng ta nên lên đường thôi.",exact_duplicate,42,42,1.0
6400,"They always cut corners to save money, but the quality suffers.","Họ luôn làm tắt để tiết kiệm tiền, nhưng chất lượng thì bị ảnh hưởng.",noise_ui_fragment,63,69,1.0952380952380953
6404,"We're all in the same boat, so let's help each other.","Chúng ta đều cùng hội cùng thuyền, vậy nên hãy giúp đỡ lẫn nhau.",exact_duplicate,53,64,1.2075471698113207
6407,Taking a taxi instead of walking will kill two birds with one stone: save time and energy.,Đi taxi thay vì đi bộ sẽ một mũi tên trúng hai đích: tiết kiệm thời gian và năng lượng.,noise_ui_fragment,90,87,0.9666666666666667
6413,The news came out of the blue.,Tin tức đó đến thật bất ngờ.,exact_duplicate,30,28,0.9333333333333333
6419,I've given you all the information; the ball is in your court now.,Tôi đã cung cấp cho bạn tất cả thông tin rồi; quyền quyết định là ở bạn bây giờ.,exact_duplicate,66,80,1.2121212121212122
6440,It's raining cats and dogs out there.,Ngoài kia trời đang mưa như trút nước.,exact_duplicate,37,38,1.027027027027027
6441,Let's call it a day.,"Thôi, hôm nay làm tới đây nghỉ nhé.",exact_duplicate,20,35,1.75
6442,Break a leg!,Chúc may mắn nhé!,exact_duplicate,12,17,1.4166666666666667
6444,That new car must have cost an arm and a leg.,Chiếc xe mới đó chắc phải đắt cắt cổ.,exact_duplicate,45,37,0.8222222222222222
6457,You really hit the nail on the head with that analysis.,Bạn thực sự đã nói trúng phóc với phân tích đó.,exact_duplicate,55,47,0.8545454545454545
6458,He bit off more than he could chew by taking on two jobs.,Anh ấy đã ôm đồm quá nhiều khi nhận hai công việc.,exact_duplicate,57,50,0.8771929824561403
6465,Don't put all your eggs in one basket.,Đừng đặt tất cả trứng vào một giỏ.,exact_duplicate,38,34,0.8947368421052632
6475,She gave him the cold shoulder after their argument.,Cô ấy lạnh nhạt với anh ta sau cuộc cãi vã của họ.,exact_duplicate,52,50,0.9615384615384616
6477,I know this city like the back of my hand.,Tôi biết thành phố này rõ như lòng bàn tay.,exact_duplicate; noise_ui_fragment,42,43,1.0238095238095237
6479,"To make a long story short, we won.",Nói tóm lại là chúng tôi đã thắng.,exact_duplicate,35,34,0.9714285714285714
6485,"We're all in the same boat, so let's help each other.","Chúng ta đều cùng hội cùng thuyền, vậy nên hãy giúp đỡ lẫn nhau.",exact_duplicate,53,64,1.2075471698113207
6490,I really put my foot in my mouth when I asked about her ex-husband.,Tôi thực sự đã lỡ lời khi hỏi về chồng cũ của cô ấy.,exact_duplicate,67,52,0.7761194029850746
6492,Bite the bullet.,Cắn răng chịu đựng.,exact_duplicate,16,19,1.1875
6493,Break a leg!,Chúc may mắn!,exact_duplicate,12,13,1.0833333333333333
6494,Let's call it a day.,"Thôi, hôm nay làm tới đây nghỉ nhé.",exact_duplicate,20,35,1.75
6495,It cost an arm and a leg.,Nó đắt cắt cổ.,exact_duplicate,25,14,0.56
6498,Don't put all your eggs in one basket.,Đừng bỏ tất cả trứng vào một giỏ.,exact_duplicate,38,33,0.868421052631579
6499,Every cloud has a silver lining.,Trong cái rủi có cái may.,exact_duplicate,32,25,0.78125
6502,It's raining cats and dogs out there.,Ngoài kia trời đang mưa như trút nước.,exact_duplicate,37,38,1.027027027027027
6504,We can kill two birds with one stone.,Chúng ta có thể một mũi tên trúng hai đích.,exact_duplicate,37,43,1.162162162162162
6505,Don't let the cat out of the bag.,Đừng để lộ bí mật.,exact_duplicate,33,18,0.5454545454545454
6506,You missed the boat on that opportunity.,Bạn đã bỏ lỡ cơ hội đó rồi.,exact_duplicate,40,27,0.675
6509,Are you pulling my leg?,Bạn đang trêu chọc tôi à?,exact_duplicate,23,25,1.0869565217391304
6514,That was the last straw.,Đó là giọt nước tràn ly.,exact_duplicate,24,24,1.0
6515,He decided to throw in the towel.,Anh ấy quyết định bỏ cuộc.,exact_duplicate,33,26,0.7878787878787878
6519,Don't bite off more than you can chew.,Đừng cố gắng làm quá sức mình.,exact_duplicate,38,30,0.7894736842105263
6523,He always has his head in the clouds.,Anh ấy lúc nào cũng đầu óc trên mây.,exact_duplicate,37,36,0.972972972972973
6525,Can you keep an eye on my bag?,Bạn có thể để mắt tới cái túi của tôi không?,exact_duplicate,30,44,1.4666666666666666
6527,"To make a long story short, we won.","Nói tóm lại, chúng tôi đã thắng.",exact_duplicate,35,32,0.9142857142857143
6532,He stabbed me in the back.,Anh ta đã đâm sau lưng tôi.,noise_ui_fragment,26,27,1.0384615384615385
6535,We've been friends through thick and thin.,Chúng tôi đã là bạn bè dù khó khăn hay thuận lợi.,exact_duplicate,42,49,1.1666666666666667
6537,She wears her heart on her sleeve.,Cô ấy bộc lộ cảm xúc ra ngoài.,exact_duplicate,34,30,0.8823529411764706
6539,You can't judge a book by its cover.,Đừng trông mặt mà bắt hình dong.,exact_duplicate,36,32,0.8888888888888888
6540,He finally got a taste of his own medicine.,Cuối cùng thì anh ta cũng gậy ông đập lưng ông.,exact_duplicate,43,47,1.0930232558139534
6541,A blessing in disguise.,Cái rủi có cái may.,exact_duplicate,23,19,0.8260869565217391
6542,Bite the bullet.,Cắn răng chịu đựng.,exact_duplicate,16,19,1.1875
6543,Break a leg!,Chúc may mắn!,exact_duplicate,12,13,1.0833333333333333
6544,Call it a day.,"Thôi, hôm nay làm tới đây nghỉ nhé.",exact_duplicate,14,35,2.5
6545,Cost an arm and a leg.,Đắt cắt cổ.,exact_duplicate,22,11,0.5
6548,Don't put all your eggs in one basket.,Đừng bỏ tất cả trứng vào một giỏ.,exact_duplicate,38,33,0.868421052631579
6549,Every cloud has a silver lining.,Trong cái rủi có cái may.,exact_duplicate,32,25,0.78125
6550,Get out of hand.,Mất kiểm soát.,exact_duplicate,16,14,0.875
6551,Hit the road.,"Lên đường, khởi hành.",exact_duplicate,13,21,1.6153846153846154
6553,Jump on the bandwagon.,"Chạy theo trào lưu, a dua.",exact_duplicate,22,26,1.1818181818181819
6554,Let the cat out of the bag.,Tiết lộ bí mật.,exact_duplicate,27,15,0.5555555555555556
6555,Miss the boat.,Bỏ lỡ cơ hội.,exact_duplicate,14,13,0.9285714285714286
6556,Once in a blue moon.,"Hiếm khi, năm thì mười họa.",exact_duplicate,20,27,1.35
6557,Pull someone's leg.,Trêu chọc ai đó.,exact_duplicate,19,16,0.8421052631578947
6559,The ball is in your court.,Quyết định là ở bạn.,exact_duplicate,26,20,0.7692307692307693
6562,Under the weather.,"Không khỏe, ốm nhẹ.",exact_duplicate,18,19,1.0555555555555556
6563,When pigs fly.,"Không bao giờ, chuyện không tưởng.",exact_duplicate,14,34,2.4285714285714284
6564,You can't judge a book by its cover.,Đừng trông mặt mà bắt hình dong.,exact_duplicate,36,32,0.8888888888888888
6565,Bite off more than you can chew.,Cố gắng làm quá sức mình.,exact_duplicate,32,25,0.78125
6567,Burn the midnight oil.,Thức khuya làm việc/học bài.,exact_duplicate,22,28,1.2727272727272727
6570,Every dog has its day.,Ai rồi cũng có lúc thành công.,exact_duplicate,22,30,1.3636363636363635
6572,Give someone the benefit of the doubt.,Tin tưởng ai đó dù có nghi ngờ.,exact_duplicate,38,31,0.8157894736842105
6574,Have your head in the clouds.,"Đầu óc trên mây, mơ mộng hão huyền.",exact_duplicate,29,35,1.206896551724138
6576,Keep an eye on.,"Để mắt tới, trông chừng.",exact_duplicate,15,24,1.6
6577,Let sleeping dogs lie.,Đừng khơi lại chuyện đã qua.,exact_duplicate,22,28,1.2727272727272727
6578,Make a long story short.,Nói tóm lại.,exact_duplicate,24,12,0.5
6580,On the same page.,"Đồng quan điểm, hiểu ý nhau.",exact_duplicate,17,28,1.6470588235294117
6581,Out of the blue.,"Bất ngờ, đột ngột.",exact_duplicate,16,18,1.125
6584,See eye to eye.,"Đồng tình, có cùng quan điểm.",exact_duplicate,15,29,1.9333333333333333
6585,Spill the beans.,Tiết lộ bí mật.,exact_duplicate,16,15,0.9375
6588,Throw in the towel.,"Bỏ cuộc, đầu hàng.",exact_duplicate,19,18,0.9473684210526315
6591,It's raining cats and dogs out there.,Ngoài kia trời đang mưa như trút nước.,exact_duplicate,37,38,1.027027027027027
6592,Let's call it a day.,"Thôi, hôm nay làm tới đây nghỉ nhé.",exact_duplicate,20,35,1.75
6593,Break a leg!,Chúc may mắn nhé!,exact_duplicate,12,17,1.4166666666666667
6594,Bite the bullet.,Cắn răng chịu đựng đi.,exact_duplicate,16,22,1.375
6599,Under the weather.,Cảm thấy không khỏe.,exact_duplicate,18,20,1.1111111111111112
6601,A blessing in disguise.,Trong cái rủi có cái may.,exact_duplicate,23,25,1.0869565217391304
6604,Beat around the bush.,Nói vòng vo tam quốc.,exact_duplicate,21,21,1.0
6605,Better late than never.,Thà muộn còn hơn không.,exact_duplicate,23,23,1.0
6606,Bite off more than you can chew.,Cố gắng làm việc quá sức mình.,exact_duplicate,32,30,0.9375
6608,Burn the midnight oil.,Thức khuya làm việc/học bài.,exact_duplicate,22,28,1.2727272727272727
6609,Come hell or high water.,Dù có chuyện gì xảy ra đi nữa.,exact_duplicate,24,30,1.25
6612,Don't put all your eggs in one basket.,Đừng bỏ tất cả trứng vào một giỏ.,exact_duplicate,38,33,0.868421052631579
6613,Every cloud has a silver lining.,Trong cái rủi có cái may.,exact_duplicate,32,25,0.78125
6615,Give someone the benefit of the doubt.,Tin tưởng ai đó dù có nghi ngờ.,exact_duplicate,38,31,0.8157894736842105
6616,Go back to the drawing board.,Bắt đầu lại từ đầu.,noise_ui_fragment,29,19,0.6551724137931034
6617,Have your head in the clouds.,"Đầu óc trên mây, mơ mộng hão huyền.",exact_duplicate,29,35,1.206896551724138
6622,Keep an eye on.,"Để mắt tới, trông chừng.",exact_duplicate,15,24,1.6
6623,Kill two birds with one stone.,Một mũi tên trúng hai đích.,exact_duplicate,30,27,0.9
6625,Let sleeping dogs lie.,Đừng khơi lại chuyện đã qua.,exact_duplicate,22,28,1.2727272727272727
6628,Miss the boat.,Bỏ lỡ cơ hội.,exact_duplicate,14,13,0.9285714285714286
6630,Out of the blue.,"Bất ngờ, đột ngột.",exact_duplicate,16,18,1.125
6633,Pull someone's leg.,Trêu chọc ai đó.,exact_duplicate,19,16,0.8421052631578947
6635,Rome wasn't built in a day.,Việc lớn không thể hoàn thành trong một sớm một chiều.,exact_duplicate,27,54,2.0
6636,See eye to eye.,"Đồng tình, có cùng quan điểm.",exact_duplicate,15,29,1.9333333333333333
6637,Speak of the devil.,Nhắc Tào Tháo Tào Tháo đến.,exact_duplicate,19,27,1.4210526315789473
6639,The ball is in your court.,Quyết định là ở bạn.,exact_duplicate,26,20,0.7692307692307693
6641,Throw in the towel.,"Bỏ cuộc, đầu hàng.",exact_duplicate,19,18,0.9473684210526315
6642,It's raining cats and dogs out there.,Ngoài kia trời đang mưa như trút nước.,exact_duplicate,37,38,1.027027027027027
6643,Let's call it a day.,"Thôi, hôm nay làm tới đây nghỉ nhé.",exact_duplicate,20,35,1.75
6644,Every cloud has a silver lining.,Trong cái rủi có cái may.,exact_duplicate,32,25,0.78125
6650,"They always cut corners to save money, but the quality suffers.","Họ luôn đốt cháy giai đoạn để tiết kiệm tiền, nhưng chất lượng thì bị ảnh hưởng.",noise_ui_fragment,63,80,1.2698412698412698
6651,Don't put all your eggs in one basket.,Đừng bỏ tất cả trứng vào một giỏ.,exact_duplicate,38,33,0.868421052631579
6662,The news came out of the blue.,Tin tức đó đến thật bất ngờ.,exact_duplicate,30,28,0.9333333333333333
6664,Are you pulling my leg?,Bạn đang trêu tôi đấy à?,exact_duplicate,23,24,1.0434782608695652
6665,My brother and I don't always see eye to eye.,Anh trai tôi và tôi không phải lúc nào cũng đồng quan điểm.,exact_duplicate,45,59,1.3111111111111111
6668,I've given you all the information; the ball is in your court now.,Tôi đã cung cấp cho bạn tất cả thông tin rồi; quyền quyết định là ở bạn bây giờ.,exact_duplicate,66,80,1.2121212121212122
6700,She gave him the cold shoulder after their argument.,Cô ấy lạnh nhạt với anh ta sau cuộc cãi vã của họ.,exact_duplicate,52,50,0.9615384615384616
6701,"It's getting late, we should hit the road.","Trời tối rồi, chúng ta nên lên đường thôi.",exact_duplicate,42,42,1.0
6710,We've been friends through thick and thin.,Chúng tôi đã là bạn bè dù khó khăn hay thuận lợi.,exact_duplicate,42,49,1.1666666666666667
6712,I'm feeling a bit under the weather today.,Hôm nay tôi cảm thấy hơi không khỏe.,exact_duplicate,42,36,0.8571428571428571
6727,Can you keep an eye on my bag while I go to the restroom?,Bạn có thể để mắt tới túi của tôi trong khi tôi đi vệ sinh không?,exact_duplicate,57,65,1.1403508771929824
6733,Who spilled the beans about the surprise party?,Ai đã tiết lộ bí mật về bữa tiệc bất ngờ vậy?,exact_duplicate,47,45,0.9574468085106383
6740,"By carpooling, we can kill two birds with one stone: save money and help the environment.","Bằng cách đi chung xe, chúng ta có thể một mũi tên trúng hai đích: tiết kiệm tiền và bảo vệ môi trường.",exact_duplicate; noise_ui_fragment,89,103,1.1573033707865168
6742,Break a leg!,Chúc may mắn!,exact_duplicate,12,13,1.0833333333333333
6756,"By carpooling, we can kill two birds with one stone: save money and help the environment.","Bằng cách đi chung xe, chúng ta có thể một mũi tên trúng hai đích: tiết kiệm tiền và bảo vệ môi trường.",exact_duplicate; noise_ui_fragment,89,103,1.1573033707865168
6760,You really hit the nail on the head with that observation.,Bạn thực sự đã nói trúng phóc với nhận xét đó.,exact_duplicate,58,46,0.7931034482758621
6768,"Speak of the devil, here comes John!","Nhắc Tào Tháo Tào Tháo đến, John đến kìa!",exact_duplicate,36,41,1.1388888888888888
6775,He had a change of heart and decided not to move.,Anh ấy đã thay đổi ý định và quyết định không chuyển đi nữa.,exact_duplicate,49,60,1.2244897959183674
6779,I really put my foot in my mouth when I asked about her ex-husband.,Tôi thực sự đã lỡ lời khi hỏi về chồng cũ của cô ấy.,exact_duplicate,67,52,0.7761194029850746
6792,It's raining cats and dogs out there.,Ngoài kia trời đang mưa như trút nước.,exact_duplicate,37,38,1.027027027027027
6793,Let's call it a day.,"Thôi, hôm nay làm tới đây nghỉ nhé.",exact_duplicate,20,35,1.75
6794,Break a leg!,Chúc may mắn nhé!,exact_duplicate,12,17,1.4166666666666667
6807,The situation is getting out of hand.,Tình hình đang mất kiểm soát rồi.,exact_duplicate,37,33,0.8918918918918919
6817,My brother and I don't always see eye to eye.,Anh trai tôi và tôi không phải lúc nào cũng đồng quan điểm.,exact_duplicate,45,59,1.3111111111111111
6823,He bit off more than he could chew by taking on two jobs.,Anh ấy đã ôm đồm quá nhiều khi nhận hai công việc.,exact_duplicate,57,50,0.8771929824561403
6830,A penny for your thoughts?,Bạn đang nghĩ gì vậy?,exact_duplicate,26,21,0.8076923076923077
6831,His arrogance really rubs me the wrong way.,Sự kiêu ngạo của anh ta thực sự làm tôi khó chịu.,exact_duplicate,43,49,1.1395348837209303
6832,"Speak of the devil, here comes John!","Nhắc Tào Tháo Tào Tháo đến, John đến kìa!",exact_duplicate,36,41,1.1388888888888888
6833,I can't believe he would stab me in the back like that.,Tôi không thể tin anh ta lại đâm sau lưng tôi như vậy.,noise_ui_fragment,55,54,0.9818181818181818
6843,A blessing in disguise.,Trong cái rủi có cái may.,exact_duplicate,23,25,1.0869565217391304
6844,Bite the bullet.,Cắn răng chịu đựng.,exact_duplicate,16,19,1.1875
6845,Break a leg!,Chúc may mắn!,exact_duplicate,12,13,1.0833333333333333
6846,Call it a day.,"Thôi, hôm nay làm tới đây nghỉ nhé.",exact_duplicate,14,35,2.5
6847,Cost an arm and a leg.,Đắt cắt cổ.,exact_duplicate,22,11,0.5
6850,Don't put all your eggs in one basket.,Đừng bỏ tất cả trứng vào một giỏ.,exact_duplicate,38,33,0.868421052631579
6851,Every cloud has a silver lining.,Trong cái rủi có cái may.,exact_duplicate,32,25,0.78125
6852,Get out of hand.,Mất kiểm soát.,exact_duplicate,16,14,0.875
6855,Jump on the bandwagon.,Chạy theo trào lưu.,exact_duplicate,22,19,0.8636363636363636
6856,Kill two birds with one stone.,Một mũi tên trúng hai đích.,exact_duplicate,30,27,0.9
6857,Let the cat out of the bag.,Tiết lộ bí mật.,exact_duplicate,27,15,0.5555555555555556
6858,Miss the boat.,Bỏ lỡ cơ hội.,exact_duplicate,14,13,0.9285714285714286
6859,Once in a blue moon.,"Hiếm khi, năm thì mười họa.",exact_duplicate,20,27,1.35
6860,Pull someone's leg.,Trêu chọc ai đó.,exact_duplicate,19,16,0.8421052631578947
6862,Speak of the devil!,"Nhắc Tào Tháo, Tào Tháo đến!",exact_duplicate,19,28,1.4736842105263157
6864,Through thick and thin.,Dù khó khăn hay thuận lợi.,exact_duplicate,23,26,1.1304347826086956
6865,To add insult to injury.,Thêm dầu vào lửa.,exact_duplicate,24,17,0.7083333333333334
6867,You can't judge a book by its cover.,Đừng trông mặt mà bắt hình dong.,exact_duplicate,36,32,0.8888888888888888
6868,Under the weather.,Cảm thấy không khỏe.,exact_duplicate,18,20,1.1111111111111112
6869,Beat around the bush.,Nói vòng vo tam quốc.,exact_duplicate,21,21,1.0
6870,Bite off more than you can chew.,Cố gắng làm quá sức mình.,exact_duplicate,32,25,0.78125
6871,Burn the midnight oil.,Thức khuya làm việc.,exact_duplicate,22,20,0.9090909090909091
6873,Get cold feet.,"Mất hết can đảm, chùn bước.",exact_duplicate,14,27,1.9285714285714286
6874,Give someone the cold shoulder.,Lạnh nhạt với ai đó.,exact_duplicate,31,20,0.6451612903225806
6875,Go the extra mile.,"Cố gắng hết sức, làm nhiều hơn mong đợi.",exact_duplicate,18,40,2.2222222222222223
6877,In the same boat.,"Cùng hội cùng thuyền, cùng cảnh ngộ.",exact_duplicate,17,36,2.1176470588235294
6878,Keep an eye on.,"Để mắt đến, trông chừng.",exact_duplicate,15,24,1.6
6880,Make a long story short.,Nói tóm lại.,exact_duplicate,24,12,0.5
6882,Out of the blue.,"Bất ngờ, đột ngột.",exact_duplicate,16,18,1.125
6883,Pass with flying colors.,Đạt kết quả xuất sắc.,exact_duplicate,24,21,0.875
6884,Spill the beans.,Tiết lộ bí mật.,exact_duplicate,16,15,0.9375
6886,The last straw.,Giọt nước tràn ly.,exact_duplicate,15,18,1.2
6887,Wear your heart on your sleeve.,Bộc lộ cảm xúc ra ngoài.,exact_duplicate,31,24,0.7741935483870968
6891,"If it rains, the ground gets wet. It is not raining. Is the ground wet?",Nếu trời mưa thì đất ướt. Trời không mưa. Vậy đất có ướt không?,exact_duplicate,71,63,0.8873239436619719
6892,Solve for x: 2x + 5 = 15.,Tìm x biết: 2x + 5 = 15.,exact_duplicate,25,24,0.96
6895,"What is the next number in the sequence: 2, 4, 8, 16?","Số tiếp theo trong dãy số: 2, 4, 8, 16 là gì?",noise_ui_fragment,53,45,0.8490566037735849
6913,"Find the median of the set: {1, 3, 3, 6, 7, 8, 9}.","Tìm trung vị của tập hợp: {1, 3, 3, 6, 7, 8, 9}.",noise_placeholder,50,48,0.96
6915,What is 15% of 200?,15% của 200 là bao nhiêu?,exact_duplicate,19,25,1.3157894736842106
6956,"What is the next number in the series: 1, 3, 5, 7, ...?","Số tiếp theo trong dãy số: 1, 3, 5, 7, ... là gì?",noise_ui_fragment,55,49,0.8909090909090909
6960,What is 25% of 80?,25% của 80 là bao nhiêu?,exact_duplicate,18,24,1.3333333333333333
6965,"Three friends, A, B, and C, are sitting in a row. A is not at the end. C is not next to B. Who is in the middle?","Ba người bạn, A, B và C, đang ngồi thành một hàng. A không ngồi ở cuối. C không ngồi cạnh B. Ai ngồi ở giữa?",noise_ui_fragment,112,108,0.9642857142857143
6968,"What has cities, but no houses; forests, but no trees; and water, but no fish?",Cái gì có thành phố mà không có nhà; có rừng mà không có cây; và có nước mà không có cá?,exact_duplicate,78,88,1.1282051282051282
6978,John is taller than Mike. Mike is taller than Sarah. Who is the tallest?,John cao hơn Mike. Mike cao hơn Sarah. Ai là người cao nhất?,exact_duplicate,72,60,0.8333333333333334
6988,"What has an eye, but cannot see?",Cái gì có mắt mà không nhìn thấy?,exact_duplicate,32,33,1.03125
6991,"If it rains, the ground gets wet. It is not raining. Is the ground wet?",Nếu trời mưa thì đất ướt. Trời không mưa. Vậy đất có ướt không?,exact_duplicate,71,63,0.8873239436619719
6992,Solve for x: 2x + 5 = 15.,Tìm x biết: 2x + 5 = 15.,exact_duplicate,25,24,0.96
6993,"All birds have feathers. A robin is a bird. Therefore, a robin has feathers.","Tất cả các loài chim đều có lông vũ. Chim cổ đỏ là một loài chim. Do đó, chim cổ đỏ có lông vũ.",exact_duplicate,76,95,1.25
7003,What is 15% of 200?,15% của 200 là bao nhiêu?,exact_duplicate,19,25,1.3157894736842106
7008,"What is the next number in the sequence: 5, 10, 15, 20, ...?","Số tiếp theo trong dãy số: 5, 10, 15, 20, ... là bao nhiêu?",noise_ui_fragment,60,59,0.9833333333333333
7023,"If you save money, you can buy a new phone. I bought a new phone. Does this mean I saved money?","Nếu tôi tiết kiệm tiền, tôi có thể mua điện thoại mới. Tôi đã mua một chiếc điện thoại mới. Điều này có nghĩa là tôi đã tiết kiệm tiền không?",noise_ui_fragment,95,141,1.4842105263157894
7030,What is the square root of 81?,Căn bậc hai của 81 là bao nhiêu?,exact_duplicate,30,32,1.0666666666666667
7041,"If it rains, the ground gets wet. It is not raining. Is the ground wet?",Nếu trời mưa thì đất ướt. Trời không mưa. Vậy đất có ướt không?,exact_duplicate,71,63,0.8873239436619719
7042,Solve for x: 2x + 5 = 15.,Tìm x biết: 2x + 5 = 15.,exact_duplicate,25,24,0.96
7043,All birds have wings. A penguin is a bird. Does a penguin have wings?,Tất cả các loài chim đều có cánh. Chim cánh cụt là một loài chim. Vậy chim cánh cụt có cánh không?,exact_duplicate,69,98,1.4202898550724639
7044,"If a number is even, it is divisible by 2. The number 7 is not divisible by 2. Is 7 an even number?","Nếu một số là số chẵn, nó chia hết cho 2. Số 7 không chia hết cho 2. Vậy 7 có phải là số chẵn không?",exact_duplicate,99,100,1.0101010101010102
7045,"What comes next in the sequence: 1, 3, 5, 7, ...?","Số tiếp theo trong dãy số 1, 3, 5, 7, ... là gì?",noise_ui_fragment,49,48,0.9795918367346939
7056,"What number comes next: 10, 20, 30, 40, ...?","Số tiếp theo là gì: 10, 20, 30, 40, ...?",noise_ui_fragment,44,40,0.9090909090909091
7062,"If you are hungry, you should eat. You are not hungry. Should you eat?","Nếu bạn đói, bạn nên ăn. Bạn không đói. Vậy bạn có nên ăn không?",exact_duplicate,70,64,0.9142857142857143
7068,What is full of holes but still holds water?,Cái gì đầy lỗ nhưng vẫn giữ được nước?,exact_duplicate,44,38,0.8636363636363636
7080,"If a person is a doctor, they have a medical degree. Sarah has a medical degree. Is Sarah a doctor?","Nếu một người là bác sĩ, họ có bằng y khoa. Sarah có bằng y khoa. Vậy Sarah có phải là bác sĩ không?",exact_duplicate,99,100,1.0101010101010102
7087,"What letter comes next in the sequence: J, F, M, A, M, J, J, A, S, O, N, ...?","Chữ cái nào tiếp theo trong dãy: J, F, M, A, M, J, J, A, S, O, N, ...?",noise_ui_fragment,77,70,0.9090909090909091
7089,"I have cities, but no houses; forests, but no trees; and water, but no fish. What am I?",Tôi có thành phố nhưng không có nhà; rừng nhưng không có cây; và nước nhưng không có cá. Tôi là gì?,exact_duplicate,87,99,1.1379310344827587
7109,"What is the next number in the sequence: 2, 4, 6, 8, ...?","Số tiếp theo trong dãy số: 2, 4, 6, 8, ... là gì?",exact_duplicate; noise_ui_fragment,57,49,0.8596491228070176
7116,What is the square root of 81?,Căn bậc hai của 81 là bao nhiêu?,exact_duplicate,30,32,1.0666666666666667
7118,What is 15% of 200?,15% của 200 là bao nhiêu?,exact_duplicate,19,25,1.3157894736842106
7121,What has to be broken before you can use it?,Cái gì phải bị đập vỡ trước khi bạn có thể sử dụng nó?,exact_duplicate,44,54,1.2272727272727273
7122,"I have cities, but no houses; forests, but no trees; and water, but no fish. What am I?",Tôi có thành phố nhưng không có nhà; rừng nhưng không có cây; và nước nhưng không có cá. Tôi là gì?,exact_duplicate,87,99,1.1379310344827587
7126,What is full of holes but still holds water?,Cái gì đầy lỗ nhưng vẫn giữ được nước?,exact_duplicate,44,38,0.8636363636363636
7136,"If all A are B, and all B are C, then all A are C.","Nếu tất cả A là B, và tất cả B là C, thì tất cả A là C.",exact_duplicate,50,55,1.1
7141,"If it rains, the ground gets wet. It is not raining. Is the ground wet?",Nếu trời mưa thì đất ướt. Trời không mưa. Vậy đất có ướt không?,exact_duplicate,71,63,0.8873239436619719
7142,Solve for x: 2x + 5 = 15.,Tìm x biết: 2x + 5 = 15.,exact_duplicate,25,24,0.96
7143,All birds have wings. A penguin is a bird. Does a penguin have wings?,Tất cả các loài chim đều có cánh. Chim cánh cụt là một loài chim. Vậy chim cánh cụt có cánh không?,exact_duplicate,69,98,1.4202898550724639
7150,All dogs are mammals. Fido is a dog. Is Fido a mammal?,Tất cả chó đều là động vật có vú. Fido là một con chó. Vậy Fido có phải là động vật có vú không?,exact_duplicate,54,96,1.7777777777777777
7159,"Which number comes next: 100, 90, 80, __?","Số nào tiếp theo trong dãy: 100, 90, 80, __?",noise_ui_fragment,41,44,1.0731707317073171
7163,What has to be broken before you can use it?,Cái gì phải bị đập vỡ trước khi bạn có thể sử dụng nó? (Quả trứng),exact_duplicate,44,66,1.5
7181,What is the square root of 81?,Căn bậc hai của 81 là bao nhiêu?,exact_duplicate,30,32,1.0666666666666667
7183,"What is heavier, a pound of feathers or a pound of bricks?","Cái gì nặng hơn, một pound lông vũ hay một pound gạch?",exact_duplicate,58,54,0.9310344827586207
7203,What is 25% of 80?,25% của 80 là bao nhiêu?,exact_duplicate,18,24,1.3333333333333333
7208,"What is the next number in the sequence: 1, 3, 5, 7, ...?","Số tiếp theo trong dãy số: 1, 3, 5, 7, ... là gì?",exact_duplicate; noise_ui_fragment,57,49,0.8596491228070176
7212,What question can you never answer yes to?,"Câu hỏi nào bạn không bao giờ có thể trả lời ""có""?",exact_duplicate,42,50,1.1904761904761905
7213,"What has cities, but no houses; forests, but no trees; and water, but no fish?",Cái gì có thành phố mà không có nhà; có rừng mà không có cây; có nước mà không có cá?,exact_duplicate,78,85,1.0897435897435896
7217,What is full of holes but still holds water?,Cái gì đầy lỗ nhưng vẫn chứa được nước?,exact_duplicate,44,39,0.8863636363636364
7220,What has a neck but no head?,Cái gì có cổ mà không có đầu?,exact_duplicate,28,29,1.0357142857142858
7225,"Mary's father has five daughters: Nana, Nene, Nini, Nono. What is the fifth daughter's name?","Cha của Mary có năm cô con gái: Nana, Nene, Nini, Nono. Tên của cô con gái thứ năm là gì?",exact_duplicate,92,89,0.967391304347826
7241,"If it's raining, the streets are wet. The streets are not wet. Is it raining?",Nếu trời mưa thì đường ướt. Đường không ướt. Vậy trời có mưa không?,exact_duplicate,77,67,0.8701298701298701
7244,"What is the next number in the sequence: 1, 3, 5, 7, ...?","Số tiếp theo trong dãy số: 1, 3, 5, 7, ... là gì?",exact_duplicate; noise_ui_fragment,57,49,0.8596491228070176
7252,What is 20% of 150?,20% của 150 là bao nhiêu?,exact_duplicate,19,25,1.3157894736842106
7258,"What is the average of 10, 20, and 30?","Giá trị trung bình của 10, 20 và 30 là bao nhiêu?",exact_duplicate,38,49,1.2894736842105263
7270,"Mary's father has five daughters: Nana, Nene, Nini, Nono. What is the fifth daughter's name?","Cha của Mary có năm cô con gái: Nana, Nene, Nini, Nono. Tên của cô con gái thứ năm là gì?",exact_duplicate,92,89,0.967391304347826
7287,"Every swan I've seen is white. Therefore, all swans are white. Is this conclusion necessarily true?","Mọi con thiên nga tôi từng thấy đều màu trắng. Do đó, tất cả thiên nga đều màu trắng. Kết luận này có nhất thiết đúng không?",exact_duplicate,99,124,1.2525252525252526
7289,"What is the result of 15 divided by 3, then multiplied by 2?","Kết quả của 15 chia cho 3, sau đó nhân với 2 là bao nhiêu?",exact_duplicate,60,58,0.9666666666666667
7319,What is 15% of 200?,15% của 200 là bao nhiêu?,exact_duplicate,19,25,1.3157894736842106
7323,What has to be broken before you can use it?,Cái gì phải bị đập vỡ trước khi bạn có thể sử dụng nó? (Quả trứng),exact_duplicate,44,66,1.5
7341,"If it rains, the ground gets wet. It is not raining. Is the ground wet?",Nếu trời mưa thì đất ướt. Trời không mưa. Vậy đất có ướt không?,exact_duplicate,71,63,0.8873239436619719
7345,"If the alarm rings, I wake up. The alarm did not ring. Did I wake up?","Nếu chuông báo thức reo, tôi thức dậy. Chuông báo thức không reo. Tôi có thức dậy không?",exact_duplicate,69,88,1.2753623188405796
7351,Solve for x: 2x + 5 = 15.,Tìm x biết: 2x + 5 = 15.,exact_duplicate,25,24,0.96
7357,What is 25% of 200?,25% của 200 là bao nhiêu?,exact_duplicate,19,25,1.3157894736842106
7367,"If A is taller than B, and B is taller than C, who is the tallest?","Nếu A cao hơn B, và B cao hơn C, ai là người cao nhất?",exact_duplicate,66,54,0.8181818181818182
7371,"What comes next in the sequence: 1, 3, 5, 7, ...?","Điều gì tiếp theo trong chuỗi: 1, 3, 5, 7, ...?",noise_ui_fragment,49,47,0.9591836734693877
7373,"What has cities, but no houses; forests, but no trees; and water, but no fish?",Cái gì có thành phố mà không có nhà; có rừng mà không có cây; có nước mà không có cá?,exact_duplicate,78,85,1.0897435897435896
7376,What has to be broken before you can use it?,Cái gì phải bị đập vỡ trước khi bạn có thể sử dụng nó?,exact_duplicate,44,54,1.2272727272727273
7378,What has an eye but cannot see?,Cái gì có mắt mà không nhìn thấy?,exact_duplicate,31,33,1.064516129032258
7379,"I speak without a mouth and hear without ears. I have no body, but I come alive with wind. What am I?","Tôi nói không miệng và nghe không tai. Tôi không có thân thể, nhưng tôi sống dậy với gió. Tôi là gì?",exact_duplicate,101,100,0.9900990099009901
7383,"What is the next letter in the series: J, F, M, A, M, J, J, A, S, O, N, ...?","Chữ cái tiếp theo trong dãy là gì: J, F, M, A, M, J, J, A, S, O, N, ...?",noise_ui_fragment,76,72,0.9473684210526315
7394,"What is the next number in the sequence: 2, 4, 6, 8, ...?","Số tiếp theo trong dãy số 2, 4, 6, 8, ... là gì?",noise_ui_fragment,57,48,0.8421052631578947
7397,"What has cities, but no houses; forests, but no trees; and water, but no fish?",Cái gì có thành phố mà không có nhà; có rừng mà không có cây; có nước mà không có cá?,exact_duplicate,78,85,1.0897435897435896
7401,"If A is taller than B, and B is taller than C, who is the tallest?","Nếu A cao hơn B, và B cao hơn C, ai là người cao nhất?",exact_duplicate,66,54,0.8181818181818182
7418,"Every swan I've seen is white. Therefore, all swans are white. Is this conclusion necessarily true?","Mọi con thiên nga tôi từng thấy đều màu trắng. Do đó, tất cả thiên nga đều màu trắng. Kết luận này có nhất thiết đúng không?",exact_duplicate,99,124,1.2525252525252526
7429,What is the square root of 81?,Căn bậc hai của 81 là bao nhiêu?,exact_duplicate,30,32,1.0666666666666667
7436,"Find the missing number: 1, 4, 9, ?, 25.","Tìm số còn thiếu: 1, 4, 9, ?, 25.",exact_duplicate,40,33,0.825
7446,"What is the next number in the sequence: 1, 3, 5, 7, ...?","Số tiếp theo trong dãy số: 1, 3, 5, 7, ... là gì?",exact_duplicate; noise_ui_fragment,57,49,0.8596491228070176
7460,"What letter comes next: B, D, F, H, ...?","Chữ cái nào tiếp theo: B, D, F, H, ...?",noise_ui_fragment,40,39,0.975
7481,"What is the result of 15 divided by 3, then multiplied by 2?","Kết quả của 15 chia cho 3, sau đó nhân với 2 là bao nhiêu?",exact_duplicate,60,58,0.9666666666666667
7490,"If it rains, the ground gets wet. It is not raining. Is the ground wet?",Nếu trời mưa thì đất ướt. Trời không mưa. Vậy đất có ướt không?,exact_duplicate,71,63,0.8873239436619719
7491,Solve for x: 2x + 5 = 15.,Tìm x biết: 2x + 5 = 15.,exact_duplicate,25,24,0.96
7494,"What is the next number in the sequence: 3, 6, 9, 12, ...?","Số tiếp theo trong dãy số: 3, 6, 9, 12, ... là gì?",noise_ui_fragment,58,50,0.8620689655172413
7502,"If you press the 'save' button, your work will be stored. Your work was not stored. Did you press 'save'?","Nếu bạn nhấn nút 'lưu', công việc của bạn sẽ được lưu trữ. Công việc của bạn không được lưu trữ. Vậy bạn đã nhấn 'lưu' chưa?",noise_ui_fragment,105,124,1.180952380952381
7514,"If the light is red, you must stop. The light is red. What should you do?","Nếu đèn đỏ, bạn phải dừng lại. Đèn đang đỏ. Bạn nên làm gì?",exact_duplicate,73,59,0.8082191780821918
7518,"Find the missing number: 1, 4, 9, ?, 25.","Tìm số còn thiếu: 1, 4, 9, ?, 25.",exact_duplicate,40,33,0.825
7525,What is the product of 6 and 7?,Tích của 6 và 7 là bao nhiêu?,exact_duplicate,31,29,0.9354838709677419
7535,"What is the next letter in the sequence: A, C, E, G, ...?","Chữ cái tiếp theo trong dãy: A, C, E, G, ... là gì?",exact_duplicate; noise_ui_fragment,57,51,0.8947368421052632
7540,"If it rains, the ground gets wet. It is not raining. Is the ground wet?",Nếu trời mưa thì đất ướt. Trời không mưa. Vậy đất có ướt không?,exact_duplicate,71,63,0.8873239436619719
7541,Solve for x: 2x + 5 = 15.,Tìm x biết: 2x + 5 = 15.,exact_duplicate,25,24,0.96
7544,"What is the next number in the sequence: 1, 3, 5, 7, ...?","Số tiếp theo trong dãy số: 1, 3, 5, 7, ... là gì?",exact_duplicate; noise_ui_fragment,57,49,0.8596491228070176
7557,"What comes next: A, B, C, D, ...?","Cái gì tiếp theo: A, B, C, D, ...?",noise_ui_fragment,33,34,1.0303030303030303
7569,What is the product of 6 and 7?,Tích của 6 và 7 là bao nhiêu?,exact_duplicate,31,29,0.9354838709677419
7573,"What is the next letter in the pattern: Z, Y, X, W, ...?","Chữ cái tiếp theo trong chuỗi: Z, Y, X, W, ... là gì?",noise_ui_fragment,56,53,0.9464285714285714
7590,"If it's raining, the streets are wet. The streets are not wet. Is it raining?",Nếu trời mưa thì đường ướt. Đường không ướt. Vậy trời có mưa không?,exact_duplicate,77,67,0.8701298701298701
7592,All dogs are mammals. Fido is a dog. Is Fido a mammal?,Tất cả chó đều là động vật có vú. Fido là một con chó. Vậy Fido có phải là động vật có vú không?,exact_duplicate,54,96,1.7777777777777777
7597,"What is the next number in the sequence: 1, 3, 5, 7, ...?","Số tiếp theo trong dãy số: 1, 3, 5, 7, ... là số nào?",noise_ui_fragment,57,53,0.9298245614035088
7624,"What is the next number in the sequence: 1, 1, 2, 3, 5, 8, ...?","Số tiếp theo trong dãy số: 1, 1, 2, 3, 5, 8, ... là số nào?",noise_ui_fragment,63,59,0.9365079365079365
7632,"What is the next letter in the sequence: A, C, E, G, ...?","Chữ cái tiếp theo trong dãy: A, C, E, G, ... là chữ cái nào?",noise_ui_fragment,57,60,1.0526315789473684
7653,Solve for y: 3y - 7 = 14.,Tìm y biết: 3y - 7 = 14.,exact_duplicate,25,24,0.96
7654,"What is the next number in the sequence: 1, 3, 6, 10, ...?","Số tiếp theo trong dãy số: 1, 3, 6, 10, ... là số nào?",noise_ui_fragment,58,54,0.9310344827586207
7658,What is 25% of 200?,25% của 200 là bao nhiêu?,exact_duplicate,19,25,1.3157894736842106
7660,"What has an eye, but cannot see?",Cái gì có mắt mà không nhìn thấy?,exact_duplicate,32,33,1.03125
7661,What has to be broken before you can use it?,Cái gì phải bị đập vỡ trước khi bạn có thể sử dụng nó?,exact_duplicate,44,54,1.2272727272727273
7662,"I speak without a mouth and hear without ears. I have no body, but I come alive with wind. What am I?","Tôi nói không miệng và nghe không tai. Tôi không có thân thể, nhưng tôi sống dậy với gió. Tôi là gì?",exact_duplicate,101,100,0.9900990099009901
7663,What is full of holes but still holds water?,Cái gì đầy lỗ nhưng vẫn chứa được nước?,exact_duplicate,44,39,0.8863636363636364
7667,"What has cities, but no houses; forests, but no trees; and water, but no fish?",Cái gì có thành phố mà không có nhà; có rừng mà không có cây; và có nước mà không có cá?,exact_duplicate,78,88,1.1282051282051282
7668,What has a neck but no head?,Cái gì có cổ mà không có đầu?,exact_duplicate,28,29,1.0357142857142858
7688,"What is heavier, a pound of feathers or a pound of bricks?","Cái gì nặng hơn, một pound lông vũ hay một pound gạch?",exact_duplicate,58,54,0.9310344827586207
7692,"If a number is even, it is divisible by 2. The number 7 is not divisible by 2. Is 7 an even number?","Nếu một số là số chẵn, nó chia hết cho 2. Số 7 không chia hết cho 2. Vậy 7 có phải là số chẵn không?",exact_duplicate,99,100,1.0101010101010102
7696,"If the light is red, you must stop. The light is red. What should you do?","Nếu đèn đỏ, bạn phải dừng lại. Đèn đang đỏ. Bạn nên làm gì?",exact_duplicate,73,59,0.8082191780821918
7711,"Which number comes next in the sequence: 1, 3, 5, 7, __?","Số nào tiếp theo trong dãy: 1, 3, 5, 7, __?",noise_ui_fragment,56,43,0.7678571428571429
7712,What has to be broken before you can use it?,Cái gì phải được đập vỡ trước khi bạn có thể sử dụng nó?,exact_duplicate,44,56,1.2727272727272727
7713,What is full of holes but still holds water?,Cái gì đầy lỗ nhưng vẫn chứa được nước?,exact_duplicate,44,39,0.8863636363636364
7714,"Mary's father has five daughters: Nana, Nene, Nini, Nono. What is the fifth daughter's name?","Cha của Mary có năm cô con gái: Nana, Nene, Nini, Nono. Tên của cô con gái thứ năm là gì?",exact_duplicate,92,89,0.967391304347826
7716,What question can you never answer yes to?,"Câu hỏi nào bạn không bao giờ có thể trả lời ""có""?",exact_duplicate,42,50,1.1904761904761905
7717,"What has cities, but no houses; forests, but no trees; and water, but no fish?",Cái gì có thành phố nhưng không có nhà; có rừng nhưng không có cây; và có nước nhưng không có cá?,exact_duplicate,78,97,1.2435897435897436
7732,"What is heavier, a pound of feathers or a pound of bricks?","Cái gì nặng hơn, một pound lông vũ hay một pound gạch?",exact_duplicate,58,54,0.9310344827586207
7735,"What is the next number in the series: 10, 20, 30, 40, __?","Số tiếp theo trong dãy: 10, 20, 30, 40, __ là gì?",noise_ui_fragment,58,49,0.8448275862068966
7757,"What is the next number in the sequence: 2, 4, 6, 8, ...?","Số tiếp theo trong dãy số: 2, 4, 6, 8, ... là bao nhiêu?",noise_ui_fragment,57,56,0.9824561403508771
7764,John is taller than Mike. Mike is taller than Sarah. Who is the tallest?,John cao hơn Mike. Mike cao hơn Sarah. Ai là người cao nhất?,exact_duplicate,72,60,0.8333333333333334
7766,"If the light is red, you must stop. The light is red. What should you do?","Nếu đèn đỏ, bạn phải dừng lại. Đèn đang đỏ. Bạn nên làm gì?",exact_duplicate,73,59,0.8082191780821918
7783,"If you are hungry, you should eat. You are not hungry. Should you eat?","Nếu bạn đói, bạn nên ăn. Bạn không đói. Vậy bạn có nên ăn không?",exact_duplicate,70,64,0.9142857142857143
7799,"What is the next letter in the sequence: A, C, E, G, __?","Chữ cái tiếp theo trong dãy: A, C, E, G, __ là gì?",noise_ui_fragment,56,50,0.8928571428571429
7800,"If a person is a doctor, they have a medical degree. Sarah has a medical degree. Is Sarah a doctor?","Nếu một người là bác sĩ, họ có bằng y khoa. Sarah có bằng y khoa. Vậy Sarah có phải là bác sĩ không?",exact_duplicate,99,100,1.0101010101010102
7804,What is the square root of 81?,Căn bậc hai của 81 là bao nhiêu?,exact_duplicate,30,32,1.0666666666666667
7808,"What is the next number in the series: 1, 3, 5, 7, ...?","Số tiếp theo trong dãy số: 1, 3, 5, 7, ... là số nào?",noise_ui_fragment,55,53,0.9636363636363636
7824,Solve for y: 3y - 7 = 14.,Tìm y biết: 3y - 7 = 14.,exact_duplicate,25,24,0.96
7850,"If all A are B, and all B are C, then all A are C.","Nếu tất cả A là B, và tất cả B là C, thì tất cả A là C.",exact_duplicate,50,55,1.1
7859,What has to be broken before you can use it?,Cái gì phải được đập vỡ trước khi bạn có thể sử dụng nó?,exact_duplicate,44,56,1.2727272727272727
7861,"What is the next number in the sequence: 2, 4, 6, 8, ...?","Số tiếp theo trong dãy số: 2, 4, 6, 8, ... là gì?",exact_duplicate; noise_ui_fragment,57,49,0.8596491228070176
7867,What is 20% of 150?,20% của 150 là bao nhiêu?,exact_duplicate,19,25,1.3157894736842106
7868,"Every time the bell rings, the students leave. The bell rang. What happens next?","Mỗi khi chuông reo, học sinh rời đi. Chuông đã reo. Điều gì xảy ra tiếp theo?",noise_ui_fragment,80,77,0.9625
7871,"What has cities, but no houses; forests, but no trees; and water, but no fish?",Cái gì có thành phố nhưng không có nhà; có rừng nhưng không có cây; và có nước nhưng không có cá?,exact_duplicate,78,97,1.2435897435897436
7878,"What is the average of 10, 20, and 30?","Giá trị trung bình của 10, 20 và 30 là bao nhiêu?",exact_duplicate,38,49,1.2894736842105263
7885,"If the alarm rings, I wake up. The alarm did not ring. Did I wake up?","Nếu chuông báo thức reo, tôi thức dậy. Chuông báo thức không reo. Tôi có thức dậy không?",exact_duplicate,69,88,1.2753623188405796
7888,"If the light is red, you must stop. The light is red. What should you do?","Nếu đèn đỏ, bạn phải dừng lại. Đèn đang đỏ. Bạn nên làm gì?",exact_duplicate,73,59,0.8082191780821918
7898,"I speak without a mouth and hear without ears. I have no body, but I come alive with wind. What am I?","Tôi nói không miệng và nghe không tai. Tôi không có thân thể, nhưng tôi sống dậy với gió. Tôi là gì?",exact_duplicate,101,100,0.9900990099009901
7901,"What is the next letter in the sequence: A, C, E, G, ...?","Chữ cái tiếp theo trong dãy: A, C, E, G, ... là gì?",exact_duplicate; noise_ui_fragment,57,51,0.8947368421052632
7909,"All birds have feathers. A robin is a bird. Therefore, a robin has feathers.","Tất cả các loài chim đều có lông vũ. Chim cổ đỏ là một loài chim. Do đó, chim cổ đỏ có lông vũ.",exact_duplicate,76,95,1.25
7910,"The sequence is 2, 4, 6, 8. What is the next number?","Dãy số là 2, 4, 6, 8. Số tiếp theo là bao nhiêu?",noise_ui_fragment,52,48,0.9230769230769231
7911,What has an eye but cannot see?,Cái gì có mắt mà không nhìn thấy?,exact_duplicate,31,33,1.064516129032258
7919,"Circle, Square, Triangle, Circle, Square, ... What comes next?","Hình tròn, Hình vuông, Hình tam giác, Hình tròn, Hình vuông, ... Cái gì tiếp theo?",noise_ui_fragment,62,82,1.3225806451612903
7925,What is 25% of 80?,25% của 80 là bao nhiêu?,exact_duplicate,18,24,1.3333333333333333
7945,You look absolutely stunning tonight.,Tối nay em trông thật lộng lẫy.,exact_duplicate,37,31,0.8378378378378378
8008,Don't you dare raise your voice at me!,Anh đừng có mà lớn tiếng với tôi!,exact_duplicate,38,33,0.868421052631579
8018,You never take responsibility for your actions!,Anh chẳng bao giờ chịu trách nhiệm cho hành động của mình cả!,exact_duplicate,47,61,1.297872340425532
8025,Why do you always have to be so difficult?,Tại sao anh lúc nào cũng phải khó khăn như vậy?,exact_duplicate,42,47,1.119047619047619
8028,I wish I could take back what I said.,Tôi ước gì mình có thể rút lại lời đã nói.,noise_ui_fragment,37,42,1.135135135135135
8093,You look absolutely stunning tonight.,Tối nay em trông thật lộng lẫy.,exact_duplicate,37,31,0.8378378378378378
8140,You never take responsibility for your actions!,Anh chẳng bao giờ chịu trách nhiệm cho hành động của mình cả!,exact_duplicate,47,61,1.297872340425532
8141,I can't believe you just said that to me.,Tôi không thể tin được là anh vừa nói câu đó với tôi.,exact_duplicate,41,53,1.2926829268292683
8170,You look absolutely stunning tonight.,Tối nay em trông thật lộng lẫy.,exact_duplicate,37,31,0.8378378378378378
8206,You never take responsibility for your actions!,Anh chẳng bao giờ chịu trách nhiệm cho hành động của mình cả!,exact_duplicate,47,61,1.297872340425532
8220,"You're always playing the victim, aren't you?","Anh lúc nào cũng đóng vai nạn nhân, phải không?",exact_duplicate,45,47,1.0444444444444445
8226,I wish things could go back to how they used to be.,Tôi ước mọi chuyện có thể quay lại như trước.,noise_ui_fragment,51,45,0.8823529411764706
8234,Why do you always have to be so difficult?,Tại sao anh lúc nào cũng phải khó khăn như vậy?,exact_duplicate,42,47,1.119047619047619
8277,"I heard they had a huge fight last night, it got pretty gắt.","Tôi nghe nói tối qua họ cãi nhau to lắm, căng thẳng phết.",language_suspect,60,57,0.95
8284,"I thought we were friends, but clearly I was wrong.","Tôi cứ nghĩ chúng ta là bạn bè, nhưng rõ ràng tôi đã lầm.",exact_duplicate,51,57,1.1176470588235294
8287,"I'm so excited for our trip next month, it's going to be amazing!","Tôi rất háo hức cho chuyến đi tháng tới của chúng ta, chắc chắn sẽ tuyệt vời!",noise_ui_fragment,65,77,1.1846153846153846
8291,I can't believe you just said that to me.,Tôi không thể tin được là anh vừa nói câu đó với tôi.,exact_duplicate,41,53,1.2926829268292683
8294,Don't you dare raise your voice at me!,Anh đừng có mà lớn tiếng với tôi!,exact_duplicate,38,33,0.868421052631579
8302,"Sure, I'll believe that when pigs fly.","Chắc rồi, tôi sẽ tin điều đó khi lợn biết bay.",exact_duplicate,38,46,1.2105263157894737
8371,"Sure, I'll believe that when pigs fly.","Chắc rồi, tôi sẽ tin điều đó khi lợn biết bay.",exact_duplicate,38,46,1.2105263157894737
8391,I can't believe you just said that to me.,Tôi không thể tin được là anh vừa nói câu đó với tôi.,exact_duplicate,41,53,1.2926829268292683
8400,"I thought we were friends, but clearly I was wrong.","Tôi cứ nghĩ chúng ta là bạn bè, nhưng rõ ràng tôi đã lầm.",exact_duplicate,51,57,1.1176470588235294
8408,You look absolutely stunning tonight.,Tối nay em trông thật lộng lẫy.,exact_duplicate,37,31,0.8378378378378378
8415,"You're always playing the victim, aren't you?","Anh lúc nào cũng đóng vai nạn nhân, phải không?",exact_duplicate,45,47,1.0444444444444445
8452,The API documentation is outdated.,Tài liệu API đã lỗi thời.,exact_duplicate,34,25,0.7352941176470589
8461,Use `git stash` to temporarily save your changes.,Sử dụng `git stash` để tạm thời lưu các thay đổi của bạn.,noise_ui_fragment,49,57,1.163265306122449
8463,Cherry-pick this commit to the hotfix branch.,Cherry-pick commit này sang nhánh hotfix.,exact_duplicate,45,41,0.9111111111111111
8466,The time complexity of this algorithm is O(n log n).,Độ phức tạp thời gian của thuật toán này là O(n log n).,exact_duplicate,52,55,1.0576923076923077
8468,Binary search works only on sorted arrays.,Tìm kiếm nhị phân chỉ hoạt động trên các mảng đã sắp xếp.,exact_duplicate,42,57,1.3571428571428572
8471,This algorithm has a space complexity of O(1).,Thuật toán này có độ phức tạp không gian là O(1).,exact_duplicate,46,49,1.065217391304348
8472,Hash tables provide average O(1) lookup time.,Bảng băm cung cấp thời gian tra cứu trung bình O(1).,exact_duplicate,45,52,1.1555555555555554
8475,Let's analyze the worst-case scenario for this algorithm.,Hãy phân tích trường hợp xấu nhất cho thuật toán này.,exact_duplicate,57,53,0.9298245614035088
8477,The Factory pattern helps decouple object creation.,Mẫu Factory giúp tách rời việc tạo đối tượng.,exact_duplicate,51,45,0.8823529411764706
8479,This component follows the Strategy pattern.,Thành phần này tuân theo mẫu Strategy.,exact_duplicate,44,38,0.8636363636363636
8487,Add comments to explain this complex logic.,Thêm chú thích để giải thích logic phức tạp này.,exact_duplicate,43,48,1.1162790697674418
8490,Consider using a `switch` statement instead of multiple `if-else`.,Hãy cân nhắc sử dụng câu lệnh `switch` thay vì nhiều `if-else`.,exact_duplicate,66,63,0.9545454545454546
8491,This recursive function might cause a stack overflow.,Hàm đệ quy này có thể gây tràn ngăn xếp.,exact_duplicate,53,40,0.7547169811320755
8492,Please squash your commits before merging into the main branch.,Làm ơn gộp các commit lại trước khi merge vào nhánh chính.,exact_duplicate,63,58,0.9206349206349206
8496,The time complexity of this algorithm is O(n log n).,Độ phức tạp thời gian của thuật toán này là O(n log n).,exact_duplicate,52,55,1.0576923076923077
8499,A binary search tree maintains sorted data efficiently.,Cây tìm kiếm nhị phân duy trì dữ liệu đã sắp xếp một cách hiệu quả.,exact_duplicate,55,67,1.2181818181818183
8501,The API documentation is outdated.,Tài liệu API đã lỗi thời.,exact_duplicate,34,25,0.7352941176470589
8510,This variable name is a bit ambiguous.,Tên biến này hơi mơ hồ.,exact_duplicate,38,23,0.6052631578947368
8515,The bug was traced back to an off-by-one error.,Lỗi đã được truy về một lỗi lệch một đơn vị.,noise_ui_fragment,47,44,0.9361702127659575
8528,This bug is really _gắt_ (annoying/tough to fix).,Lỗi này thật sự gắt (khó chịu/khó sửa).,language_suspect,49,39,0.7959183673469388
8529,I'm totally _bơ_ (lost/confused) with this new codebase.,Tôi hoàn toàn bơ (mất phương hướng/lạc lõng) với codebase mới này.,language_suspect,56,66,1.1785714285714286
8537,The frontend framework we're using is React.,Framework frontend chúng ta đang dùng là React.,exact_duplicate,44,47,1.0681818181818181
8541,This recursive function might cause a stack overflow.,Hàm đệ quy này có thể gây tràn ngăn xếp.,exact_duplicate,53,40,0.7547169811320755
8542,Please squash your commits before merging into the main branch.,Làm ơn gộp các commit lại trước khi merge vào nhánh chính.,exact_duplicate,63,58,0.9206349206349206
8543,What's the time complexity of this sorting algorithm?,Độ phức tạp thời gian của thuật toán sắp xếp này là gì?,exact_duplicate,53,55,1.0377358490566038
8544,We need to refactor this module to improve its maintainability.,Chúng ta cần tái cấu trúc module này để cải thiện khả năng bảo trì của nó.,exact_duplicate,63,74,1.1746031746031746
8552,He really 'gắt' at the new intern's code style during the review.,Anh ấy 'gắt' kinh khủng với style code của thực tập sinh mới trong buổi review.,language_suspect,65,79,1.2153846153846153
8562,Consider using dependency injection for better testability.,Hãy cân nhắc sử dụng dependency injection để dễ kiểm thử hơn.,exact_duplicate,59,61,1.0338983050847457
8590,We need to ensure backward compatibility for API changes.,Chúng ta cần đảm bảo khả năng tương thích ngược cho các thay đổi API.,exact_duplicate,57,69,1.2105263157894737
8598,We need to optimize the database queries for better performance.,Chúng ta cần tối ưu hóa các truy vấn cơ sở dữ liệu để có hiệu suất tốt hơn.,exact_duplicate,64,75,1.171875
8609,The latency of the API calls is too high; we need to investigate.,Độ trễ của các lệnh gọi API quá cao; chúng ta cần điều tra.,exact_duplicate,65,59,0.9076923076923077
8610,This code is a bit 'bơ' (unclear); could you add more comments?,Đoạn code này hơi 'bơ'; bạn có thể thêm chú thích không?,language_suspect,63,56,0.8888888888888888
8615,The code review comments were quite 'gắt' (harsh) but helpful.,Các bình luận code review khá 'gắt' nhưng hữu ích.,language_suspect,62,50,0.8064516129032258
8624,The product owner approved the user stories for the next sprint.,Product owner đã phê duyệt các user story cho sprint tiếp theo.,noise_ui_fragment,64,63,0.984375
8640,The new developer is still 'bỡ ngỡ' (unfamiliar) with our codebase.,Developer mới vẫn còn 'bỡ ngỡ' với codebase của chúng ta.,language_suspect,67,57,0.8507462686567164
8650,Consider using a message queue for asynchronous tasks.,Hãy cân nhắc sử dụng hàng đợi tin nhắn cho các tác vụ bất đồng bộ.,exact_duplicate,54,66,1.2222222222222223
8655,Security vulnerabilities must be addressed immediately.,Các lỗ hổng bảo mật phải được xử lý ngay lập tức.,exact_duplicate,55,49,0.8909090909090909
8656,Don't forget to pull the latest changes before starting.,Đừng quên pull các thay đổi mới nhất trước khi bắt đầu.,exact_duplicate,56,55,0.9821428571428571
8665,"I'm struggling with Git today, it's really bơ.","Hôm nay tôi vật lộn với Git quá, nó thực sự bơ.",language_suspect,46,47,1.0217391304347827
8671,The quicksort algorithm has an average time complexity of O(n log n).,Thuật toán quicksort có độ phức tạp thời gian trung bình là O(n log n).,exact_duplicate,69,71,1.0289855072463767
8675,Understanding data structures is crucial for efficient algorithms.,Hiểu biết về cấu trúc dữ liệu rất quan trọng đối với các thuật toán hiệu quả.,exact_duplicate,66,77,1.1666666666666667
8677,Graph traversal algorithms like BFS and DFS are fundamental.,Các thuật toán duyệt đồ thị như BFS và DFS là cơ bản.,exact_duplicate,60,53,0.8833333333333333
8687,This solution is gắt (aggressive/over-engineered) for such a simple problem.,Giải pháp này hơi gắt cho một vấn đề đơn giản như vậy.,language_suspect,76,54,0.7105263157894737
8695,What's the estimated time complexity of this algorithm?,Độ phức tạp thời gian ước tính của thuật toán này là bao nhiêu?,exact_duplicate,55,63,1.1454545454545455
8697,The API documentation is outdated; please update it.,Tài liệu API đã lỗi thời; làm ơn cập nhật nó.,exact_duplicate,52,45,0.8653846153846154
8709,We use GitFlow for our branching strategy.,Chúng tôi sử dụng GitFlow cho chiến lược phân nhánh của mình.,exact_duplicate,42,61,1.4523809523809523
8718,The quicksort algorithm has an average time complexity of O(n log n).,Thuật toán quicksort có độ phức tạp thời gian trung bình là O(n log n).,exact_duplicate,69,71,1.0289855072463767
8720,A hash map provides O(1) average time complexity for lookups.,Một hash map cung cấp độ phức tạp thời gian trung bình O(1) cho các thao tác tìm kiếm.,exact_duplicate,61,86,1.4098360655737705
8731,The Facade pattern simplifies the interface to a complex subsystem.,Mẫu Facade đơn giản hóa giao diện đến một hệ thống con phức tạp.,exact_duplicate,67,64,0.9552238805970149
8739,"Your solution is efficient, but the implementation is a bit 'gắt' (overly complex/aggressive) for this simple task.","Giải pháp của bạn hiệu quả, nhưng cách triển khai hơi 'gắt' (phức tạp/khó hiểu) cho tác vụ đơn giản này.",language_suspect,115,104,0.9043478260869565
8740,"This new API is so easy to use, it's 'bơ'.",API mới này dễ dùng 'bơ' (dễ như bơ).,language_suspect,42,37,0.8809523809523809
8741,Don't forget to pull the latest changes before starting your work.,Đừng quên pull những thay đổi mới nhất trước khi bắt đầu công việc của bạn.,exact_duplicate,66,75,1.1363636363636365
8746,The time complexity of this sorting algorithm is O(n log n).,Độ phức tạp thời gian của thuật toán sắp xếp này là O(n log n).,exact_duplicate,60,63,1.05
8751,Encapsulation helps in hiding the internal state of an object.,Tính đóng gói giúp che giấu trạng thái nội bộ của một đối tượng.,exact_duplicate,62,64,1.032258064516129
8759,We need to optimize database queries to reduce latency.,Chúng ta cần tối ưu hóa các truy vấn cơ sở dữ liệu để giảm độ trễ (latency).,exact_duplicate,55,76,1.3818181818181818
8762,Please add comments to explain this complex logic.,Làm ơn thêm bình luận để giải thích logic phức tạp này.,exact_duplicate,50,55,1.1
8771,The Singleton pattern ensures only one instance of a class exists.,Mẫu Singleton đảm bảo chỉ có một thể hiện của một lớp tồn tại.,exact_duplicate,66,62,0.9393939393939394
8772,The Factory Method pattern defers object creation to subclasses.,Mẫu Factory Method trì hoãn việc tạo đối tượng cho các lớp con.,exact_duplicate,64,63,0.984375
8793,Your commit message needs to be more descriptive.,Thông điệp commit của bạn cần chi tiết hơn.,exact_duplicate,49,43,0.8775510204081632
8794,We should rebase this branch onto `main` to keep the history clean.,Chúng ta nên rebase nhánh này lên `main` để giữ lịch sử sạch sẽ.,exact_duplicate,67,64,0.9552238805970149
8796,The time complexity of this sorting algorithm is O(n log n).,Độ phức tạp thời gian của thuật toán sắp xếp này là O(n log n).,exact_duplicate,60,63,1.05
8798,This recursive function might cause a stack overflow.,Hàm đệ quy này có thể gây tràn ngăn xếp.,exact_duplicate,53,40,0.7547169811320755
8810,Don't bơ the warnings from the linter; they're there for a reason.,Đừng bơ các cảnh báo từ linter; chúng có lý do của nó.,language_suspect,66,54,0.8181818181818182
8812,The deadline is gắt; we need to work overtime.,Deadline gắt quá; chúng ta phải làm tăng ca thôi.,language_suspect,46,49,1.065217391304348
8814,The new framework has a steep learning curve.,Framework mới có một đường cong học tập dốc.,exact_duplicate,45,44,0.9777777777777777
8819,The database schema needs to be updated.,Lược đồ cơ sở dữ liệu cần được cập nhật.,exact_duplicate,40,40,1.0
8820,Consider using a message queue for asynchronous tasks.,Hãy cân nhắc sử dụng hàng đợi tin nhắn cho các tác vụ bất đồng bộ.,exact_duplicate,54,66,1.2222222222222223
8825,Memory leaks can degrade application performance over time.,Rò rỉ bộ nhớ có thể làm giảm hiệu suất ứng dụng theo thời gian.,exact_duplicate,59,63,1.0677966101694916
8827,Polymorphism allows objects of different classes to be treated as objects of a common type.,Đa hình cho phép các đối tượng của các lớp khác nhau được xử lý như các đối tượng của một kiểu chung.,exact_duplicate,91,101,1.10989010989011
8837,"This code review comment is a bit gắt, maybe soften it a bit?","Bình luận code review này hơi gắt, có lẽ nên làm dịu nó một chút?",language_suspect,61,65,1.0655737704918034
8851,Don't forget to pull the latest changes before starting new work.,Đừng quên pull những thay đổi mới nhất trước khi bắt đầu công việc mới.,exact_duplicate,65,71,1.0923076923076922
8856,Always create a new branch for each feature or bug fix.,Luôn tạo một nhánh mới cho mỗi tính năng hoặc sửa lỗi.,exact_duplicate,55,54,0.9818181818181818
8861,Binary search is much faster than linear search for sorted arrays.,Tìm kiếm nhị phân nhanh hơn nhiều so với tìm kiếm tuyến tính cho các mảng đã sắp xếp.,exact_duplicate,66,85,1.2878787878787878
8862,This algorithm has a time complexity of O(n log n).,Thuật toán này có độ phức tạp thời gian là O(n log n).,exact_duplicate,51,54,1.0588235294117647
8863,Dynamic programming can optimize solutions to overlapping subproblems.,Quy hoạch động có thể tối ưu hóa các giải pháp cho các bài toán con chồng chéo.,exact_duplicate,70,79,1.1285714285714286
8865,Graph traversal algorithms like BFS and DFS are essential.,Các thuật toán duyệt đồ thị như BFS và DFS là rất cần thiết.,exact_duplicate,58,60,1.0344827586206897
8869,Understanding Big O notation is key to analyzing algorithm efficiency.,Hiểu ký hiệu Big O là chìa khóa để phân tích hiệu quả thuật toán.,exact_duplicate,70,65,0.9285714285714286
8871,The Singleton pattern ensures only one instance of a class.,Mẫu Singleton đảm bảo chỉ có một thể hiện duy nhất của một lớp.,exact_duplicate,59,63,1.0677966101694916
8873,The Observer pattern is great for event handling.,Mẫu Observer rất tuyệt vời cho việc xử lý sự kiện.,exact_duplicate,49,50,1.0204081632653061
8874,Using the Strategy pattern allows interchangeable algorithms.,Sử dụng mẫu Strategy cho phép các thuật toán có thể thay thế cho nhau.,exact_duplicate,61,70,1.1475409836065573
8876,The Facade pattern provides a simplified interface to a complex subsystem.,Mẫu Facade cung cấp một giao diện đơn giản hóa cho một hệ thống con phức tạp.,exact_duplicate,74,77,1.0405405405405406
8886,This loop could be optimized for better performance.,Vòng lặp này có thể được tối ưu hóa để có hiệu suất tốt hơn.,exact_duplicate,52,60,1.1538461538461537
8895,Submit a pull request for review once you're done.,Gửi một pull request để review khi bạn hoàn thành.,noise_ui_fragment,50,50,1.0
8899,The time complexity of this algorithm is O(n log n).,Độ phức tạp thời gian của thuật toán này là O(n log n).,exact_duplicate,52,55,1.0576923076923077
8902,Dynamic programming can optimize this recursive solution.,Quy hoạch động có thể tối ưu hóa giải pháp đệ quy này.,exact_duplicate,57,54,0.9473684210526315
8904,Graph traversal algorithms like BFS and DFS are fundamental.,Các thuật toán duyệt đồ thị như BFS và DFS là cơ bản.,exact_duplicate,60,53,0.8833333333333333
8905,The Singleton pattern ensures only one instance of a class.,Mẫu Singleton đảm bảo chỉ có một thể hiện duy nhất của một lớp.,exact_duplicate,59,63,1.0677966101694916
8907,The Observer pattern is great for event handling.,Mẫu Observer rất tuyệt vời cho việc xử lý sự kiện.,exact_duplicate,49,50,1.0204081632653061
8916,This variable name is a bit ambiguous.,Tên biến này hơi mơ hồ.,exact_duplicate,38,23,0.6052631578947368
8918,Object-Oriented Programming emphasizes encapsulation and inheritance.,Lập trình hướng đối tượng nhấn mạnh tính đóng gói và kế thừa.,exact_duplicate,69,61,0.8840579710144928
8920,Database normalization helps reduce data redundancy.,Chuẩn hóa cơ sở dữ liệu giúp giảm sự dư thừa dữ liệu.,exact_duplicate,52,53,1.0192307692307692
8924,We need to optimize the database queries for better performance.,Chúng ta cần tối ưu hóa các truy vấn cơ sở dữ liệu để có hiệu suất tốt hơn.,exact_duplicate,64,75,1.171875
8941,We need to refactor this module to improve its maintainability.,Chúng ta cần tái cấu trúc module này để cải thiện khả năng bảo trì của nó.,exact_duplicate,63,74,1.1746031746031746
8942,The system architecture uses a microservices approach.,Kiến trúc hệ thống sử dụng phương pháp microservices.,exact_duplicate,54,53,0.9814814814814815
8961,The time complexity of this sorting algorithm is O(n log n).,Độ phức tạp thời gian của thuật toán sắp xếp này là O(n log n).,exact_duplicate,60,63,1.05
8963,Dynamic programming can optimize this recursive solution.,Quy hoạch động có thể tối ưu hóa giải pháp đệ quy này.,exact_duplicate,57,54,0.9473684210526315
8966,Hash tables provide average O(1) lookup time.,Bảng băm cung cấp thời gian tra cứu trung bình O(1).,exact_duplicate,45,52,1.1555555555555554
8969,Let's analyze the worst-case scenario for this algorithm.,Hãy phân tích trường hợp xấu nhất cho thuật toán này.,exact_duplicate,57,53,0.9298245614035088
8970,Binary search requires a sorted array.,Tìm kiếm nhị phân yêu cầu một mảng đã được sắp xếp.,exact_duplicate,38,51,1.3421052631578947
8973,The Observer pattern is great for event handling.,Mẫu Observer rất tốt cho việc xử lý sự kiện.,exact_duplicate,49,44,0.8979591836734694
8984,The error handling here could be more robust.,Việc xử lý lỗi ở đây có thể mạnh mẽ hơn.,exact_duplicate,45,40,0.8888888888888888
8986,This loop could be optimized for better performance.,Vòng lặp này có thể được tối ưu hóa để có hiệu suất tốt hơn.,exact_duplicate,52,60,1.1538461538461537
8988,Please follow the coding style guide for consistency.,Vui lòng tuân thủ hướng dẫn về phong cách viết mã để đảm bảo tính nhất quán.,exact_duplicate,53,76,1.4339622641509433
8991,This recursive function might cause a stack overflow.,Hàm đệ quy này có thể gây tràn ngăn xếp.,exact_duplicate,53,40,0.7547169811320755
8992,Please squash your commits before merging into the main branch.,Làm ơn gộp các commit lại trước khi merge vào nhánh chính.,exact_duplicate,63,58,0.9206349206349206
8993,The time complexity of this algorithm is O(n log n).,Độ phức tạp thời gian của thuật toán này là O(n log n).,exact_duplicate,52,55,1.0576923076923077
9032,We need to ensure backward compatibility for API changes.,Chúng ta cần đảm bảo khả năng tương thích ngược cho các thay đổi API.,exact_duplicate,57,69,1.2105263157894737
9034,I'm planning to implement a new feature next sprint.,Tôi đang lên kế hoạch triển khai một tính năng mới vào sprint tới.,noise_ui_fragment,52,66,1.2692307692307692
9041,This recursive function might cause a stack overflow.,Hàm đệ quy này có thể gây tràn ngăn xếp.,exact_duplicate,53,40,0.7547169811320755
9042,Please squash your commits before merging into the main branch.,Làm ơn gộp các commit lại trước khi merge vào nhánh chính.,exact_duplicate,63,58,0.9206349206349206
9043,The time complexity of this algorithm is O(n log n).,Độ phức tạp thời gian của thuật toán này là O(n log n).,exact_duplicate,52,55,1.0576923076923077
9061,The API documentation needs to be updated.,Tài liệu API cần được cập nhật.,exact_duplicate,42,31,0.7380952380952381
9091,This recursive function might cause a stack overflow.,Hàm đệ quy này có thể gây tràn ngăn xếp.,exact_duplicate,53,40,0.7547169811320755
9092,Please squash your commits before merging into the main branch.,Làm ơn gộp các commit lại trước khi merge vào nhánh chính.,exact_duplicate,63,58,0.9206349206349206
9097,What's the estimated time complexity of this algorithm?,Độ phức tạp thời gian ước tính của thuật toán này là bao nhiêu?,exact_duplicate,55,63,1.1454545454545455
9100,The API documentation needs to be updated.,Tài liệu API cần được cập nhật.,exact_duplicate,42,31,0.7380952380952381
9101,This bug is hard to reproduce consistently.,Lỗi này rất khó tái hiện một cách nhất quán.,exact_duplicate,43,44,1.0232558139534884
9102,The system needs to be fault-tolerant.,Hệ thống cần có khả năng chịu lỗi (fault-tolerant).,exact_duplicate,38,51,1.3421052631578947
9103,Don't forget to pull the latest changes before starting your work.,Đừng quên pull những thay đổi mới nhất trước khi bắt đầu công việc của bạn.,exact_duplicate,66,75,1.1363636363636365
9108,This commit message is too vague; please be more descriptive.,Thông điệp commit này quá mơ hồ; làm ơn mô tả chi tiết hơn.,exact_duplicate,61,59,0.9672131147540983
9126,The Strategy pattern allows algorithms to be selected at runtime.,Mẫu Strategy cho phép các thuật toán được chọn tại thời điểm chạy.,exact_duplicate,65,66,1.0153846153846153
9128,The Facade pattern provides a simplified interface to a complex subsystem.,Mẫu Facade cung cấp một giao diện đơn giản hóa cho một hệ thống con phức tạp.,exact_duplicate,74,77,1.0405405405405406
9130,The Builder pattern is good for constructing complex objects step by step.,Mẫu Builder rất tốt để xây dựng các đối tượng phức tạp từng bước một.,exact_duplicate,74,69,0.9324324324324325
9134,Please add comments to explain this complex logic.,Làm ơn thêm bình luận để giải thích logic phức tạp này.,exact_duplicate,50,55,1.1
9137,This loop can be optimized for better performance.,Vòng lặp này có thể được tối ưu hóa để có hiệu suất tốt hơn.,exact_duplicate,50,60,1.2
9139,This solution is a bit 'gắt' (overkill) for such a simple problem.,Giải pháp này hơi 'gắt' (quá mức) cho một vấn đề đơn giản như vậy.,language_suspect,66,66,1.0
9140,We should 'bơ' (ignore/forget) the old implementation and start fresh.,Chúng ta nên 'bơ' (bỏ qua) cách triển khai cũ và bắt đầu lại từ đầu.,language_suspect,70,68,0.9714285714285714
9169,Dynamic programming solves problems by breaking them into overlapping subproblems.,Quy hoạch động giải quyết các vấn đề bằng cách chia chúng thành các bài toán con chồng chéo.,exact_duplicate,82,92,1.1219512195121952
9191,We need to address the scalability issues before the next release.,Chúng ta cần giải quyết các vấn đề về khả năng mở rộng trước bản phát hành tiếp theo.,noise_ui_fragment,66,85,1.2878787878787878
9214,The time complexity of this algorithm is O(n log n).,Độ phức tạp thời gian của thuật toán này là O(n log n).,exact_duplicate,52,55,1.0576923076923077
9219,Dynamic programming can optimize solutions for overlapping subproblems.,Quy hoạch động (dynamic programming) có thể tối ưu hóa các giải pháp cho các bài toán con chồng chéo.,exact_duplicate,71,101,1.4225352112676057
9224,The Singleton pattern ensures only one instance of a class.,Mẫu Singleton đảm bảo chỉ có một thể hiện duy nhất của một lớp.,exact_duplicate,59,63,1.0677966101694916
9237,"Cái logic này hơi bị gắt, có cách nào làm nhẹ nhàng hơn không?","This logic is a bit aggressive/complex, is there a smoother way?",language_suspect,62,64,1.032258064516129
9238,"Đoạn code này nhìn 'bơ' quá, chắc không cần thiết đâu.","This code looks 'ignored'/unnecessary, probably not needed.",language_suspect,54,59,1.0925925925925926
9239,"Bạn 'khoe' code này hơi bị xịn đấy, chạy mượt thật.","You're showing off with this really cool code, it runs so smoothly.",language_suspect,51,67,1.3137254901960784
9240,Thằng dev nào viết cái này 'gắt' vậy? Đọc muốn nổ não.,Which dev wrote this so 'aggressively' (complexly)? It's mind-boggling to read.,language_suspect,54,79,1.462962962962963
9249,What's the time complexity of this sorting algorithm?,Độ phức tạp thời gian của thuật toán sắp xếp này là gì?,exact_duplicate,53,55,1.0377358490566038
9251,Don't forget to pull the latest changes before starting new work.,Đừng quên pull những thay đổi mới nhất trước khi bắt đầu công việc mới.,exact_duplicate,65,71,1.0923076923076922
9259,Always create a new branch for each feature or bug fix.,Luôn tạo một nhánh mới cho mỗi tính năng hoặc sửa lỗi.,exact_duplicate,55,54,0.9818181818181818
9262,Dynamic programming can optimize solutions to overlapping subproblems.,Quy hoạch động có thể tối ưu hóa các giải pháp cho các bài toán con chồng chéo.,exact_duplicate,70,79,1.1285714285714286
9263,Dijkstra's algorithm finds the shortest path in a graph.,Thuật toán Dijkstra tìm đường đi ngắn nhất trong một đồ thị.,exact_duplicate,56,60,1.0714285714285714
9267,Graph traversal algorithms like BFS and DFS are essential.,Các thuật toán duyệt đồ thị như BFS và DFS là rất cần thiết.,exact_duplicate,58,60,1.0344827586206897
9270,Understanding Big O notation is key to analyzing algorithm efficiency.,Hiểu ký hiệu Big O là chìa khóa để phân tích hiệu quả thuật toán.,exact_duplicate,70,65,0.9285714285714286
9271,The Singleton pattern ensures only one instance of a class.,Mẫu Singleton đảm bảo chỉ có một thể hiện duy nhất của một lớp.,exact_duplicate,59,63,1.0677966101694916
9274,The Strategy pattern allows algorithms to be selected at runtime.,Mẫu Strategy cho phép các thuật toán được chọn tại thời điểm chạy.,exact_duplicate,65,66,1.0153846153846153
9275,The Decorator pattern adds new functionality to an object dynamically.,Mẫu Decorator thêm chức năng mới vào một đối tượng một cách linh hoạt.,exact_duplicate,70,70,1.0
9276,The Facade pattern provides a simplified interface to a complex subsystem.,Mẫu Facade cung cấp một giao diện đơn giản hóa cho một hệ thống con phức tạp.,exact_duplicate,74,77,1.0405405405405406
9279,The Adapter pattern helps incompatible interfaces work together.,Mẫu Adapter giúp các giao diện không tương thích hoạt động cùng nhau.,exact_duplicate,64,69,1.078125
9280,The Proxy pattern provides a surrogate or placeholder for another object.,Mẫu Proxy cung cấp một đối tượng đại diện hoặc giữ chỗ cho một đối tượng khác.,exact_duplicate,73,78,1.0684931506849316
9284,This function has too many responsibilities; let's break it down.,Hàm này có quá nhiều trách nhiệm; hãy chia nhỏ nó ra.,exact_duplicate,65,53,0.8153846153846154
9287,This loop could be optimized for better performance.,Vòng lặp này có thể được tối ưu hóa để có hiệu suất tốt hơn.,exact_duplicate,52,60,1.1538461538461537
9291,The system architecture needs to be scalable and maintainable.,Kiến trúc hệ thống cần có khả năng mở rộng và dễ bảo trì.,exact_duplicate,62,57,0.9193548387096774
9294,The API documentation is outdated; please update it.,Tài liệu API đã lỗi thời; làm ơn cập nhật nó.,exact_duplicate,52,45,0.8653846153846154
9295,Database normalization helps reduce data redundancy.,Chuẩn hóa cơ sở dữ liệu giúp giảm sự dư thừa dữ liệu.,exact_duplicate,52,53,1.0192307692307692
9298,Security vulnerabilities must be addressed immediately.,Các lỗ hổng bảo mật phải được xử lý ngay lập tức.,exact_duplicate,55,49,0.8909090909090909
9308,Your commit message should be descriptive and concise.,Thông điệp commit của bạn nên mô tả rõ ràng và ngắn gọn.,exact_duplicate,54,56,1.037037037037037
9309,We need to resolve these merge conflicts.,Chúng ta cần giải quyết các xung đột hợp nhất (merge conflict) này.,exact_duplicate,41,67,1.6341463414634145
9316,The time complexity of this sorting algorithm is O(n log n).,Độ phức tạp thời gian của thuật toán sắp xếp này là O(n log n).,exact_duplicate,60,63,1.05
9320,A hash map provides O(1) average time complexity for lookups.,Một hash map cung cấp độ phức tạp thời gian trung bình O(1) cho các thao tác tìm kiếm.,exact_duplicate,61,86,1.4098360655737705
9321,Understanding Big O notation is fundamental for algorithm analysis.,Hiểu về ký hiệu Big O là nền tảng để phân tích thuật toán.,exact_duplicate,67,58,0.8656716417910447
9325,Dijkstra's algorithm finds the shortest path in a graph.,Thuật toán Dijkstra tìm đường đi ngắn nhất trong một đồ thị.,exact_duplicate,56,60,1.0714285714285714
9330,The Facade pattern simplifies the interface to a complex subsystem.,Mẫu Facade đơn giản hóa giao diện đến một hệ thống con phức tạp.,exact_duplicate,67,64,0.9552238805970149
9332,Add comments to explain this complex logic.,Thêm chú thích để giải thích logic phức tạp này.,exact_duplicate,43,48,1.1162790697674418
9339,"This piece of code is a bit ""gắt"" (aggressive/unnecessarily complex); simplify it.","Đoạn mã này hơi ""gắt"" (phức tạp/không cần thiết); hãy đơn giản hóa nó.",language_suspect,82,70,0.8536585365853658
9341,Don't forget to pull the latest changes before starting your work.,Đừng quên pull các thay đổi mới nhất trước khi bắt đầu công việc của bạn.,exact_duplicate,66,73,1.106060606060606
9342,"There's a merge conflict in the `package.json` file, please resolve it.","Có xung đột merge trong file `package.json`, làm ơn giải quyết nó.",noise_windows_or_unix_file_path,71,66,0.9295774647887324
9348,Don't forget to push your changes to the remote repository.,Đừng quên push các thay đổi của bạn lên kho lưu trữ từ xa.,exact_duplicate,59,58,0.9830508474576272
9351,The time complexity of this sorting algorithm is O(n log n).,Độ phức tạp thời gian của thuật toán sắp xếp này là O(n log n).,exact_duplicate,60,63,1.05
9353,This recursive function might cause a stack overflow.,Hàm đệ quy này có thể gây tràn ngăn xếp.,exact_duplicate,53,40,0.7547169811320755
9354,Dynamic programming is useful for optimizing problems with overlapping subproblems.,Quy hoạch động hữu ích để tối ưu hóa các bài toán có các bài toán con chồng chéo.,exact_duplicate,83,81,0.9759036144578314
9357,Graph traversal algorithms like BFS and DFS are fundamental.,Các thuật toán duyệt đồ thị như BFS và DFS là cơ bản.,exact_duplicate,60,53,0.8833333333333333
9361,The Singleton pattern ensures only one instance of a class exists.,Mẫu Singleton đảm bảo chỉ có một thể hiện của một lớp tồn tại.,exact_duplicate,66,62,0.9393939393939394
9371,Please add comments to explain this complex logic.,Làm ơn thêm bình luận để giải thích logic phức tạp này.,exact_duplicate,50,55,1.1
9380,The reviewer was really strict (gắt) about the minor formatting issues.,Người review đã rất gắt về các vấn đề định dạng nhỏ.,language_suspect,71,52,0.7323943661971831
9382,The new framework has a steep learning curve.,Framework mới có một đường cong học tập dốc.,exact_duplicate,45,44,0.9777777777777777
9385,Did you just completely ignore (bơ) my feedback on the pull request?,Bạn vừa bơ hoàn toàn phản hồi của tôi về pull request đó à?,language_suspect,68,59,0.8676470588235294
9391,This recursive function might cause a stack overflow.,Hàm đệ quy này có thể gây tràn ngăn xếp.,exact_duplicate,53,40,0.7547169811320755
9392,Please squash your commits before merging into the main branch.,Làm ơn gộp các commit lại trước khi merge vào nhánh chính.,exact_duplicate,63,58,0.9206349206349206
9394,We need to refactor this module; it's getting too complex.,Chúng ta cần tái cấu trúc module này; nó đang trở nên quá phức tạp.,exact_duplicate,58,67,1.1551724137931034
9403,Your commit message is not descriptive enough.,Thông điệp commit của bạn không đủ mô tả.,exact_duplicate,46,41,0.8913043478260869
9404,This algorithm has a time complexity of O(n log n).,Thuật toán này có độ phức tạp thời gian là O(n log n).,exact_duplicate,51,54,1.0588235294117647
9407,Consider using dependency injection for better testability.,Hãy cân nhắc sử dụng dependency injection để dễ kiểm thử hơn.,exact_duplicate,59,61,1.0338983050847457
9408,The API documentation needs to be updated.,Tài liệu API cần được cập nhật.,exact_duplicate,42,31,0.7380952380952381
9414,The Observer pattern is great for event-driven systems.,Mẫu Observer rất tuyệt vời cho các hệ thống hướng sự kiện.,exact_duplicate,55,58,1.0545454545454545
9415,We need to optimize the database queries.,Chúng ta cần tối ưu hóa các truy vấn cơ sở dữ liệu.,exact_duplicate,41,51,1.2439024390243902
9419,"I'm still holding onto this branch, hoping to finish it next week.","Tôi vẫn đang ngâm cái branch này, hy vọng tuần sau xong.",noise_ui_fragment,66,56,0.8484848484848485
9428,The system needs to be fault-tolerant.,Hệ thống cần có khả năng chịu lỗi (fault-tolerant).,exact_duplicate,38,51,1.3421052631578947
9431,This function has too many responsibilities; it violates the Single Responsibility Principle.,Hàm này có quá nhiều trách nhiệm; nó vi phạm Nguyên tắc Trách nhiệm Duy nhất.,exact_duplicate,93,77,0.8279569892473119
9450,The CI/CD pipeline failed due to a test case regression.,Pipeline CI/CD đã thất bại do lỗi hồi quy của một test case.,exact_duplicate,56,60,1.0714285714285714
9453,The database schema needs to be updated to support the new feature.,Schema cơ sở dữ liệu cần được cập nhật để hỗ trợ tính năng mới.,exact_duplicate,67,63,0.9402985074626866
9456,Understanding Big O notation is crucial for algorithm analysis.,Hiểu về ký hiệu Big O là rất quan trọng để phân tích thuật toán.,exact_duplicate,63,64,1.0158730158730158
9457,"The front-end framework we're using is React, while the back-end is Node.js.","Framework front-end chúng ta đang dùng là React, trong khi back-end là Node.js.",noise_windows_or_unix_file_path; noise_ui_fragment,76,79,1.0394736842105263
9473,We need to conduct a thorough performance test before the next release.,Chúng ta cần thực hiện một bài kiểm tra hiệu suất kỹ lưỡng trước bản phát hành tiếp theo.,noise_ui_fragment,71,89,1.2535211267605635
9481,The code review feedback was quite 'gắt' (strict) but helpful.,Phản hồi code review khá 'gắt' (nghiêm khắc) nhưng hữu ích.,language_suspect,62,59,0.9516129032258065
9482,Don't 'bơ' (ignore) the security vulnerabilities reported by the scanner.,Đừng 'bơ' (phớt lờ) các lỗ hổng bảo mật do công cụ quét báo cáo.,language_suspect,73,64,0.8767123287671232
9483,He's been 'cày' (grinding) on that tricky bug all night.,Anh ấy đã 'cày' (làm việc miệt mài) với cái bug khó nhằn đó cả đêm.,language_suspect,56,67,1.1964285714285714
9491,This recursive function might cause a stack overflow.,Hàm đệ quy này có thể gây tràn ngăn xếp.,exact_duplicate,53,40,0.7547169811320755
9492,Please squash your commits before merging into the main branch.,Làm ơn gộp các commit lại trước khi merge vào nhánh chính.,exact_duplicate,63,58,0.9206349206349206
9494,We need to optimize the database queries for better performance.,Chúng ta cần tối ưu hóa các truy vấn cơ sở dữ liệu để có hiệu suất tốt hơn.,exact_duplicate,64,75,1.171875
9503,Don't forget to pull the latest changes before starting your work.,Đừng quên pull các thay đổi mới nhất trước khi bắt đầu công việc của bạn.,exact_duplicate,66,73,1.106060606060606
9504,Your commit message needs to be more descriptive.,Thông điệp commit của bạn cần chi tiết hơn.,exact_duplicate,49,43,0.8775510204081632
9513,The time complexity of this sorting algorithm is O(n log n).,Độ phức tạp thời gian của thuật toán sắp xếp này là O(n log n).,exact_duplicate,60,63,1.05
9514,Binary search is much faster than linear search for sorted arrays.,Tìm kiếm nhị phân nhanh hơn nhiều so với tìm kiếm tuyến tính cho các mảng đã sắp xếp.,exact_duplicate,66,85,1.2878787878787878
9518,Understanding Big O notation is fundamental for algorithm analysis.,Hiểu về ký hiệu Big O là nền tảng để phân tích thuật toán.,exact_duplicate,67,58,0.8656716417910447
9521,The space complexity of this solution is O(1).,Độ phức tạp không gian của giải pháp này là O(1).,exact_duplicate,46,49,1.065217391304348
9523,The Singleton pattern ensures only one instance of a class.,Mẫu Singleton đảm bảo chỉ có một thể hiện duy nhất của một lớp.,exact_duplicate,59,63,1.0677966101694916
9525,The Factory method pattern helps decouple object creation.,Mẫu Factory method giúp tách rời việc tạo đối tượng.,exact_duplicate,58,52,0.896551724137931
9526,MVC is a common architectural pattern for web applications.,MVC là một mẫu kiến trúc phổ biến cho các ứng dụng web.,exact_duplicate,59,55,0.9322033898305084
9530,The Adapter pattern helps incompatible interfaces work together.,Mẫu Adapter giúp các giao diện không tương thích hoạt động cùng nhau.,exact_duplicate,64,69,1.078125
9549,This API endpoint returns JSON data.,Điểm cuối API này trả về dữ liệu JSON.,exact_duplicate,36,38,1.0555555555555556
9551,Don't forget to pull the latest changes before starting.,Đừng quên pull các thay đổi mới nhất trước khi bắt đầu.,exact_duplicate,56,55,0.9821428571428571
9557,Cherry-pick this commit to the hotfix branch.,Cherry-pick commit này sang nhánh hotfix.,exact_duplicate,45,41,0.9111111111111111
9561,This algorithm has a time complexity of O(n log n).,Thuật toán này có độ phức tạp thời gian là O(n log n).,exact_duplicate,51,54,1.0588235294117647
9570,Binary search works only on sorted arrays.,Tìm kiếm nhị phân chỉ hoạt động trên các mảng đã sắp xếp.,exact_duplicate,42,57,1.3571428571428572
9571,The Singleton pattern ensures only one instance of a class.,Mẫu Singleton đảm bảo chỉ có một thể hiện duy nhất của một lớp.,exact_duplicate,59,63,1.0677966101694916
9576,Dependency Injection helps decouple components.,Dependency Injection giúp tách rời các thành phần.,exact_duplicate,47,50,1.0638297872340425
9577,The Decorator pattern adds new functionality to an object dynamically.,Mẫu Decorator thêm chức năng mới vào một đối tượng một cách linh hoạt.,exact_duplicate,70,70,1.0
9580,The Proxy pattern provides a surrogate or placeholder for another object.,Mẫu Proxy cung cấp một đối tượng đại diện hoặc giữ chỗ cho một đối tượng khác.,exact_duplicate,73,78,1.0684931506849316
9583,This function has too many responsibilities.,Hàm này có quá nhiều trách nhiệm.,exact_duplicate,44,33,0.75
9586,This loop can be optimized for better performance.,Vòng lặp này có thể được tối ưu hóa để có hiệu suất tốt hơn.,exact_duplicate,50,60,1.2
9587,You forgot to handle the edge case here.,Bạn quên xử lý trường hợp biên ở đây rồi.,exact_duplicate,40,41,1.025
9597,The API documentation needs to be updated.,Tài liệu API cần được cập nhật.,exact_duplicate,42,31,0.7380952380952381
9606,This commit message is too vague; please be more descriptive.,Thông điệp commit này quá mơ hồ; làm ơn mô tả chi tiết hơn.,exact_duplicate,61,59,0.9672131147540983
9614,The shortest path can be found using Dijkstra's algorithm.,Đường đi ngắn nhất có thể được tìm thấy bằng thuật toán Dijkstra.,exact_duplicate,58,65,1.1206896551724137
9622,The Factory method pattern helps decouple object creation.,Mẫu Factory method giúp tách rời việc tạo đối tượng.,exact_duplicate,58,52,0.896551724137931
9624,This component follows the Strategy pattern.,Thành phần này tuân theo mẫu Strategy.,exact_duplicate,44,38,0.8636363636363636
9626,MVC is a common architectural pattern for web applications.,MVC là một mẫu kiến trúc phổ biến cho các ứng dụng web.,exact_duplicate,59,55,0.9322033898305084
9636,"This code is ""gắt"" (awesome/intense) but needs more documentation.","Đoạn code này 'gắt' đấy, nhưng cần thêm tài liệu.",language_suspect,66,49,0.7424242424242424
9638,This loop can be optimized for better performance.,Vòng lặp này có thể được tối ưu hóa để có hiệu suất tốt hơn.,exact_duplicate,50,60,1.2
9639,"Are you ""bơ"" (ignoring) the edge cases here?",Bạn có đang 'bơ' (bỏ qua) các trường hợp biên ở đây không?,language_suspect,44,58,1.3181818181818181
9643,We need to optimize database queries to reduce latency.,Chúng ta cần tối ưu hóa các truy vấn cơ sở dữ liệu để giảm độ trễ (latency).,exact_duplicate,55,76,1.3818181818181818
9653,We need to resolve these merge conflicts.,Chúng ta cần giải quyết các xung đột hợp nhất (merge conflict) này.,exact_duplicate,41,67,1.6341463414634145
9659,We use GitFlow for our branching strategy.,Chúng tôi sử dụng GitFlow cho chiến lược phân nhánh của mình.,exact_duplicate,42,61,1.4523809523809523
9661,The quicksort algorithm has an average time complexity of O(n log n).,Thuật toán quicksort có độ phức tạp thời gian trung bình là O(n log n).,exact_duplicate,69,71,1.0289855072463767
9663,Dynamic programming can optimize solutions for overlapping subproblems.,Quy hoạch động (dynamic programming) có thể tối ưu hóa các giải pháp cho các bài toán con chồng chéo.,exact_duplicate,71,101,1.4225352112676057
9664,Binary search works only on sorted arrays.,Tìm kiếm nhị phân chỉ hoạt động trên các mảng đã sắp xếp.,exact_duplicate,42,57,1.3571428571428572
9670,The shortest path can be found using Dijkstra's algorithm.,Đường đi ngắn nhất có thể được tìm thấy bằng thuật toán Dijkstra.,exact_duplicate,58,65,1.1206896551724137
9678,The Facade pattern provides a simplified interface to a complex subsystem.,Mẫu Facade cung cấp một giao diện đơn giản hóa cho một hệ thống con phức tạp.,exact_duplicate,74,77,1.0405405405405406
9679,The Builder pattern is good for constructing complex objects step by step.,Mẫu Builder rất tốt để xây dựng các đối tượng phức tạp từng bước một.,exact_duplicate,74,69,0.9324324324324325
9691,This recursive function might cause a stack overflow.,Hàm đệ quy này có thể gây tràn ngăn xếp.,exact_duplicate,53,40,0.7547169811320755
9692,Please squash your commits before merging into the main branch.,Làm ơn gộp các commit lại trước khi merge vào nhánh chính.,exact_duplicate,63,58,0.9206349206349206
9693,The time complexity of this algorithm is O(n log n).,Độ phức tạp thời gian của thuật toán này là O(n log n).,exact_duplicate,52,55,1.0576923076923077
9697,This bug is hard to reproduce consistently.,Lỗi này rất khó tái hiện một cách nhất quán.,exact_duplicate,43,44,1.0232558139534884
9701,"This code is a bit 'bơ', try to make it more readable.","Đoạn code này hơi 'bơ', cố gắng làm cho nó dễ đọc hơn nhé.",language_suspect,54,58,1.0740740740740742
9703,Consider using a message queue for asynchronous tasks.,Hãy cân nhắc sử dụng hàng đợi tin nhắn cho các tác vụ bất đồng bộ.,exact_duplicate,54,66,1.2222222222222223
9712,"This implementation is a bit 'gắt', can we simplify it?","Cách triển khai này hơi 'gắt', chúng ta có thể đơn giản hóa nó không?",language_suspect,55,69,1.2545454545454546
9714,The Singleton pattern ensures only one instance of a class.,Mẫu Singleton đảm bảo chỉ có một thể hiện duy nhất của một lớp.,exact_duplicate,59,63,1.0677966101694916
9723,"The frontend framework we use is React, and the backend is Node.js.","Framework frontend chúng ta dùng là React, và backend là Node.js.",noise_windows_or_unix_file_path,67,65,0.9701492537313433
9741,We need to refactor this module for better maintainability.,Chúng ta cần tái cấu trúc module này để dễ bảo trì hơn.,exact_duplicate,59,55,0.9322033898305084
9743,What's the time complexity of this sorting algorithm?,Độ phức tạp thời gian của thuật toán sắp xếp này là gì?,exact_duplicate,53,55,1.0377358490566038
9751,We need to optimize the database queries.,Chúng ta cần tối ưu hóa các truy vấn cơ sở dữ liệu.,exact_duplicate,41,51,1.2439024390243902
9752,The API documentation is outdated.,Tài liệu API đã lỗi thời rồi.,exact_duplicate,34,29,0.8529411764705882
9772,The Factory pattern helps decouple object creation.,Mẫu Factory giúp tách rời việc tạo đối tượng.,exact_duplicate,51,45,0.8823529411764706
9783,This code is a bit 'bơ' (messy/confusing).,Đoạn code này hơi 'bơ'.,language_suspect,42,23,0.5476190476190477
9784,Your solution is 'gắt' (impressive/sharp)!,Giải pháp của bạn 'gắt' đấy!,language_suspect,42,28,0.6666666666666666
9791,This recursive function might cause a stack overflow.,Hàm đệ quy này có thể gây tràn ngăn xếp.,exact_duplicate,53,40,0.7547169811320755
9792,Please squash your commits before merging into the main branch.,Làm ơn gộp các commit lại trước khi merge vào nhánh chính.,exact_duplicate,63,58,0.9206349206349206
9797,This algorithm has a time complexity of O(n log n).,Thuật toán này có độ phức tạp thời gian là O(n log n).,exact_duplicate,51,54,1.0588235294117647
9803,The frontend framework we're using is React.,Framework frontend chúng ta đang dùng là React.,exact_duplicate,44,47,1.0681818181818181
9804,This bug is quite subtle; it only appears under specific conditions.,Lỗi này khá tinh vi; nó chỉ xuất hiện trong những điều kiện cụ thể.,exact_duplicate,68,67,0.9852941176470589
9807,The latency of the API calls is too high; we need to investigate.,Độ trễ của các lệnh gọi API quá cao; chúng ta cần điều tra.,exact_duplicate,65,59,0.9076923076923077
9808,"He completely ignored my feedback during the code review, really bơ.","Anh ấy bơ hết feedback của tôi trong buổi code review, thật là bơ.",language_suspect,68,66,0.9705882352941176
9810,"The deadline for this feature is gắt, so we need to work fast.","Deadline cho tính năng này gắt quá, nên chúng ta phải làm nhanh.",language_suspect,62,64,1.032258064516129
9815,The backend service is built with Node.js and Express.,Dịch vụ backend được xây dựng bằng Node.js và Express.,noise_windows_or_unix_file_path,54,54,1.0
9828,The space complexity of this solution is O(1).,Độ phức tạp không gian của giải pháp này là O(1).,exact_duplicate,46,49,1.065217391304348
9844,Your commit message is not descriptive enough.,Thông điệp commit của bạn không đủ mô tả.,exact_duplicate,46,41,0.8913043478260869
9845,We should rebase this branch onto `main` to keep the history clean.,Chúng ta nên rebase nhánh này lên `main` để giữ lịch sử sạch sẽ.,exact_duplicate,67,64,0.9552238805970149
9846,Don't forget to push your changes to the remote repository.,Đừng quên push các thay đổi của bạn lên kho lưu trữ từ xa.,exact_duplicate,59,58,0.9830508474576272
9851,This algorithm has a time complexity of O(n log n).,Thuật toán này có độ phức tạp thời gian là O(n log n).,exact_duplicate,51,54,1.0588235294117647
9863,Polymorphism allows objects of different classes to be treated as objects of a common type.,Đa hình cho phép các đối tượng của các lớp khác nhau được xử lý như các đối tượng của một kiểu chung.,exact_duplicate,91,101,1.10989010989011
9864,This API endpoint returns JSON data.,Điểm cuối API này trả về dữ liệu JSON.,exact_duplicate,36,38,1.0555555555555556
9887,"This feature is a bit 'bơ', let's simplify the UX.","Tính năng này hơi 'bơ', hãy đơn giản hóa trải nghiệm người dùng.",language_suspect,50,64,1.28
9888,"Your solution is 'gắt', but maybe too complex for maintenance.","Giải pháp của bạn 'gắt' đấy, nhưng có lẽ quá phức tạp để bảo trì.",language_suspect,62,65,1.0483870967741935
9898,I'm preparing for a system design interview next week.,Tôi đang chuẩn bị cho buổi phỏng vấn thiết kế hệ thống vào tuần tới.,noise_ui_fragment,54,68,1.2592592592592593
9911,What's the time complexity of this sorting algorithm?,Độ phức tạp thời gian của thuật toán sắp xếp này là gì?,exact_duplicate,53,55,1.0377358490566038
9914,Binary search requires a sorted array.,Tìm kiếm nhị phân yêu cầu một mảng đã được sắp xếp.,exact_duplicate,38,51,1.3421052631578947
9916,Dynamic programming can optimize solutions to overlapping subproblems.,Quy hoạch động có thể tối ưu hóa các giải pháp cho các bài toán con chồng chéo.,exact_duplicate,70,79,1.1285714285714286
9920,Greedy algorithms don't always yield the optimal solution.,Các thuật toán tham lam không phải lúc nào cũng cho ra giải pháp tối ưu.,exact_duplicate,58,72,1.2413793103448276
9921,The Singleton pattern ensures only one instance of a class.,Mẫu Singleton đảm bảo chỉ có một thể hiện duy nhất của một lớp.,exact_duplicate,59,63,1.0677966101694916
9923,The Observer pattern is great for event handling.,Mẫu Observer rất tốt cho việc xử lý sự kiện.,exact_duplicate,49,44,0.8979591836734694
9926,MVC is a common architectural pattern for web applications.,MVC là một mẫu kiến trúc phổ biến cho các ứng dụng web.,exact_duplicate,59,55,0.9322033898305084
9930,Facade pattern provides a simplified interface to a complex subsystem.,Mẫu Facade cung cấp một giao diện đơn giản hóa cho một hệ thống con phức tạp.,exact_duplicate,70,77,1.1
9933,Don't 'bơ' the warnings from the linter; they are there for a reason.,Đừng 'bơ' các cảnh báo từ linter; chúng có lý do của nó.,language_suspect,69,56,0.8115942028985508
9934,This function has too many responsibilities; let's break it down.,Hàm này có quá nhiều trách nhiệm; hãy chia nhỏ nó ra.,exact_duplicate,65,53,0.8153846153846154
9937,"That new developer is really sharp, code review comments are always 'gắt'.","Lập trình viên mới đó bén thật, bình luận code review lúc nào cũng 'gắt'.",language_suspect,74,73,0.9864864864864865
9941,This recursive function might cause a stack overflow.,Hàm đệ quy này có thể gây tràn ngăn xếp.,exact_duplicate,53,40,0.7547169811320755
9942,Please squash your commits before merging into the main branch.,Làm ơn gộp các commit lại trước khi merge vào nhánh chính.,exact_duplicate,63,58,0.9206349206349206
9944,We need to refactor this module for better maintainability.,Chúng ta cần tái cấu trúc module này để dễ bảo trì hơn.,exact_duplicate,59,55,0.9322033898305084
9949,The system architecture uses a microservices approach.,Kiến trúc hệ thống sử dụng phương pháp microservices.,exact_duplicate,54,53,0.9814814814814815
9958,Don't forget to pull the latest changes before starting.,Đừng quên pull các thay đổi mới nhất trước khi bắt đầu.,exact_duplicate,56,55,0.9821428571428571
9962,Submit a pull request when your feature is ready.,Gửi một pull request khi tính năng của bạn đã sẵn sàng.,noise_ui_fragment,49,55,1.1224489795918366
9970,Dynamic programming can optimize solutions to overlapping subproblems.,Quy hoạch động có thể tối ưu hóa các giải pháp cho các bài toán con chồng chéo.,exact_duplicate,70,79,1.1285714285714286
9971,Graph traversal algorithms like BFS and DFS are fundamental.,Các thuật toán duyệt đồ thị như BFS và DFS là cơ bản.,exact_duplicate,60,53,0.8833333333333333
9974,The Singleton pattern ensures only one instance of a class.,Mẫu Singleton đảm bảo chỉ có một thể hiện duy nhất của một lớp.,exact_duplicate,59,63,1.0677966101694916
9976,The Observer pattern is great for event-driven systems.,Mẫu Observer rất tuyệt vời cho các hệ thống hướng sự kiện.,exact_duplicate,55,58,1.0545454545454545
9982,This function has too many responsibilities.,Hàm này có quá nhiều trách nhiệm.,exact_duplicate,44,33,0.75
9984,Please follow the coding style guide.,Vui lòng tuân thủ hướng dẫn về phong cách viết mã.,exact_duplicate,37,50,1.3513513513513513
10000,"The project manager just ""bơ"" our suggestions.","Quản lý dự án vừa ""bơ"" đi những đề xuất của chúng ta.",language_suspect,46,53,1.1521739130434783
10014,The time complexity of this sorting algorithm is O(n log n).,Độ phức tạp thời gian của thuật toán sắp xếp này là O(n log n).,exact_duplicate,60,63,1.05
10019,Encapsulation helps in hiding the internal state of an object.,Tính đóng gói giúp che giấu trạng thái nội bộ của một đối tượng.,exact_duplicate,62,64,1.032258064516129
10030,We're using React for the UI and Node.js for the backend.,Chúng ta đang dùng React cho UI và Node.js cho backend.,noise_windows_or_unix_file_path,57,55,0.9649122807017544
10033,The database schema needs to be updated to support the new feature.,Schema cơ sở dữ liệu cần được cập nhật để hỗ trợ tính năng mới.,exact_duplicate,67,63,0.9402985074626866
10054,"He just bơ'd my pull request, probably too busy.","Anh ấy vừa 'bơ' cái pull request của tôi, chắc bận quá.",language_suspect,48,55,1.1458333333333333
10055,"This new framework is really gắt to learn, but powerful.","Framework mới này 'gắt' thật đấy, nhưng mà mạnh.",language_suspect,56,48,0.8571428571428571
10080,This code snippet is quite 'gắt' (aggressive/intense) in its approach to error handling.,Đoạn mã này khá 'gắt' trong cách xử lý lỗi.,language_suspect,88,43,0.48863636363636365
10083,This function has too many responsibilities; it violates the Single Responsibility Principle.,Hàm này có quá nhiều trách nhiệm; nó vi phạm Nguyên tắc Trách nhiệm Duy nhất.,exact_duplicate,93,77,0.8279569892473119
10086,Can you 'bơ' (ignore) that warning for now? It's not critical.,Bạn có thể 'bơ' (bỏ qua) cảnh báo đó lúc này không? Nó không quan trọng.,language_suspect,62,72,1.1612903225806452
10109,This recursive function might cause a stack overflow.,Hàm đệ quy này có thể gây tràn ngăn xếp.,exact_duplicate,53,40,0.7547169811320755
10110,Please squash your commits before merging into the main branch.,Làm ơn gộp các commit lại trước khi merge vào nhánh chính.,exact_duplicate,63,58,0.9206349206349206
10115,This algorithm has a time complexity of O(n log n).,Thuật toán này có độ phức tạp thời gian là O(n log n).,exact_duplicate,51,54,1.0588235294117647
10122,The frontend framework we're using is React.,Framework frontend chúng ta đang dùng là React.,exact_duplicate,44,47,1.0681818181818181
10128,The CI/CD pipeline failed due to a test case regression.,Pipeline CI/CD đã thất bại do lỗi hồi quy của một test case.,exact_duplicate,56,60,1.0714285714285714
10139,"This function is too long; try to break it down into smaller, more focused functions.","Hàm này quá dài; hãy thử chia nhỏ nó thành các hàm nhỏ hơn, tập trung hơn.",exact_duplicate,85,74,0.8705882352941177
10142,Your commit message needs to be more descriptive.,Thông điệp commit của bạn cần chi tiết hơn.,exact_duplicate,49,43,0.8775510204081632
10150,This bug is quite subtle; it only appears under specific conditions.,Lỗi này khá tinh vi; nó chỉ xuất hiện trong những điều kiện cụ thể.,exact_duplicate,68,67,0.9852941176470589
10159,This recursive function might cause a stack overflow.,Hàm đệ quy này có thể gây tràn ngăn xếp.,exact_duplicate,53,40,0.7547169811320755
10160,Please squash your commits before merging into the main branch.,Làm ơn gộp các commit lại trước khi merge vào nhánh chính.,exact_duplicate,63,58,0.9206349206349206
10161,The time complexity of this algorithm is O(n log n).,Độ phức tạp thời gian của thuật toán này là O(n log n).,exact_duplicate,52,55,1.0576923076923077
10162,We need to refactor this module for better maintainability.,Chúng ta cần tái cấu trúc module này để dễ bảo trì hơn.,exact_duplicate,59,55,0.9322033898305084
10168,Encapsulation helps in hiding the internal state of an object.,Tính đóng gói giúp che giấu trạng thái nội bộ của một đối tượng.,exact_duplicate,62,64,1.032258064516129
10174,"The error handling here is a bit 'bơ', we need to be more robust.","Phần xử lý lỗi ở đây hơi 'bơ', chúng ta cần làm cho nó mạnh mẽ hơn.",language_suspect,65,67,1.0307692307692307
10177,The API documentation is outdated.,Tài liệu API đã lỗi thời rồi.,exact_duplicate,34,29,0.8529411764705882
10191,A binary search tree maintains sorted data efficiently.,Cây tìm kiếm nhị phân duy trì dữ liệu đã sắp xếp một cách hiệu quả.,exact_duplicate,55,67,1.2181818181818183
10198,The database schema needs to be updated to support new features.,Lược đồ cơ sở dữ liệu cần được cập nhật để hỗ trợ các tính năng mới.,exact_duplicate,64,68,1.0625
10214,The Singleton pattern ensures only one instance of a class exists.,Mẫu Singleton đảm bảo chỉ có một thể hiện của một lớp tồn tại.,exact_duplicate,66,62,0.9393939393939394
10230,Binary search is much faster than linear search for sorted arrays.,Tìm kiếm nhị phân nhanh hơn nhiều so với tìm kiếm tuyến tính cho các mảng đã sắp xếp.,exact_duplicate,66,85,1.2878787878787878
10259,This recursive function might cause a stack overflow.,Hàm đệ quy này có thể gây tràn ngăn xếp.,exact_duplicate,53,40,0.7547169811320755
10260,Please squash your commits before merging into the main branch.,Làm ơn gộp các commit lại trước khi merge vào nhánh chính.,exact_duplicate,63,58,0.9206349206349206
10283,The new feature will be deployed to production next week.,Tính năng mới sẽ được triển khai lên môi trường production vào tuần tới.,noise_ui_fragment,57,72,1.263157894736842
10301,My IDE has excellent debugging tools that save a lot of time.,IDE của tôi có các công cụ gỡ lỗi tuyệt vời giúp tiết kiệm rất nhiều thời gian.,noise_ui_fragment,61,79,1.2950819672131149
10311,The system architecture needs to be scalable and maintainable.,Kiến trúc hệ thống cần có khả năng mở rộng và dễ bảo trì.,exact_duplicate,62,57,0.9193548387096774
10312,We need to refactor this module; it's getting too complex.,Chúng ta cần tái cấu trúc module này; nó đang trở nên quá phức tạp.,exact_duplicate,58,67,1.1551724137931034
10323,Your commit message should be descriptive and concise.,Thông điệp commit của bạn nên mô tả rõ ràng và ngắn gọn.,exact_duplicate,54,56,1.037037037037037
10324,"I accidentally force-pushed to the main branch, now I'm bơ.","Tôi lỡ force-push lên nhánh chính rồi, giờ tôi bơ luôn.",language_suspect,59,55,0.9322033898305084
10331,What's the time complexity of this sorting algorithm?,Độ phức tạp thời gian của thuật toán sắp xếp này là gì?,exact_duplicate,53,55,1.0377358490566038
10332,Dynamic programming can optimize solutions to overlapping subproblems.,Quy hoạch động có thể tối ưu hóa các giải pháp cho các bài toán con chồng chéo.,exact_duplicate,70,79,1.1285714285714286
10339,Understanding Big O notation is crucial for algorithm analysis.,Hiểu về ký hiệu Big O là rất quan trọng để phân tích thuật toán.,exact_duplicate,63,64,1.0158730158730158
10342,The Factory method pattern helps decouple object creation.,Mẫu Factory method giúp tách rời việc tạo đối tượng.,exact_duplicate,58,52,0.896551724137931
10347,Facade pattern provides a simplified interface to a complex subsystem.,Mẫu Facade cung cấp một giao diện đơn giản hóa cho một hệ thống con phức tạp.,exact_duplicate,70,77,1.1
10351,"This code is a bit gắt, maybe simplify the logic.","Đoạn code này hơi gắt, có lẽ nên đơn giản hóa logic đi.",language_suspect,49,55,1.1224489795918366
10356,The error handling here could be more robust.,Việc xử lý lỗi ở đây có thể mạnh mẽ hơn.,exact_duplicate,45,40,0.8888888888888888
10361,This recursive function might cause a stack overflow.,Hàm đệ quy này có thể gây tràn ngăn xếp.,exact_duplicate,53,40,0.7547169811320755
10362,Please squash your commits before merging into the main branch.,Làm ơn gộp các commit lại trước khi merge vào nhánh chính.,exact_duplicate,63,58,0.9206349206349206
10364,Understanding data structures is crucial for efficient algorithms.,Hiểu biết về cấu trúc dữ liệu rất quan trọng đối với các thuật toán hiệu quả.,exact_duplicate,66,77,1.1666666666666667
10370,Dependency Injection helps decouple components.,Dependency Injection giúp tách rời các thành phần.,exact_duplicate,47,50,1.0638297872340425
10379,Cherry-pick this commit to the hotfix branch.,Cherry-pick commit này sang nhánh hotfix.,exact_duplicate,45,41,0.9111111111111111
10381,Use `git stash` to temporarily save changes.,Sử dụng `git stash` để tạm thời lưu các thay đổi.,noise_ui_fragment,44,49,1.1136363636363635
10383,The time complexity of this algorithm is O(n log n).,Độ phức tạp thời gian của thuật toán này là O(n log n).,exact_duplicate,52,55,1.0576923076923077
10384,Binary search is much faster than linear search for sorted data.,Tìm kiếm nhị phân nhanh hơn nhiều so với tìm kiếm tuyến tính đối với dữ liệu đã sắp xếp.,exact_duplicate,64,88,1.375
10386,Graph traversal algorithms like BFS and DFS are fundamental.,Các thuật toán duyệt đồ thị như BFS và DFS là cơ bản.,exact_duplicate,60,53,0.8833333333333333
10390,Greedy algorithms don't always yield the optimal solution.,Các thuật toán tham lam không phải lúc nào cũng cho ra giải pháp tối ưu.,exact_duplicate,58,72,1.2413793103448276
10393,The Singleton pattern ensures only one instance of a class.,Mẫu Singleton đảm bảo chỉ có một thể hiện duy nhất của một lớp.,exact_duplicate,59,63,1.0677966101694916
10394,The Factory Method pattern defers object creation to subclasses.,Mẫu Factory Method trì hoãn việc tạo đối tượng cho các lớp con.,exact_duplicate,64,63,0.984375
10396,Using the Strategy pattern allows interchangeable algorithms.,Sử dụng mẫu Strategy cho phép các thuật toán có thể thay thế cho nhau.,exact_duplicate,61,70,1.1475409836065573
10397,The Decorator pattern adds new functionality to an object dynamically.,Mẫu Decorator thêm chức năng mới vào một đối tượng một cách linh hoạt.,exact_duplicate,70,70,1.0
10398,The Adapter pattern helps incompatible interfaces work together.,Mẫu Adapter giúp các giao diện không tương thích hoạt động cùng nhau.,exact_duplicate,64,69,1.078125
10399,The Facade pattern provides a simplified interface to a complex subsystem.,Mẫu Facade cung cấp một giao diện đơn giản hóa cho một hệ thống con phức tạp.,exact_duplicate,74,77,1.0405405405405406
10405,"This function is too long; try to break it down into smaller, more focused functions.","Hàm này quá dài; hãy thử chia nhỏ nó thành các hàm nhỏ hơn, tập trung hơn.",exact_duplicate,85,74,0.8705882352941177
10408,Please follow the coding style guide for consistency.,Vui lòng tuân thủ hướng dẫn về phong cách viết mã để đảm bảo tính nhất quán.,exact_duplicate,53,76,1.4339622641509433
10413,This recursive function might cause a stack overflow.,Hàm đệ quy này có thể gây tràn ngăn xếp.,exact_duplicate,53,40,0.7547169811320755
10414,Please squash your commits before merging into the main branch.,Làm ơn gộp các commit lại trước khi merge vào nhánh chính.,exact_duplicate,63,58,0.9206349206349206
10420,Object-Oriented Programming emphasizes encapsulation and inheritance.,Lập trình hướng đối tượng nhấn mạnh tính đóng gói và kế thừa.,exact_duplicate,69,61,0.8840579710144928
10435,Submit a pull request when your feature is ready for review.,Gửi một pull request khi tính năng của bạn đã sẵn sàng để review.,noise_ui_fragment,60,65,1.0833333333333333
10441,"His Git skills are so good, he can rebase blindfolded. Anh ấy 'gắt' thật!","Kỹ năng Git của anh ấy 'gắt' thật, anh ấy có thể rebase mà không cần nhìn.",language_suspect,73,74,1.0136986301369864
10445,The time complexity of this sorting algorithm is O(n log n).,Độ phức tạp thời gian của thuật toán sắp xếp này là O(n log n).,exact_duplicate,60,63,1.05
10448,Graph traversal algorithms like BFS and DFS are fundamental.,Các thuật toán duyệt đồ thị như BFS và DFS là cơ bản.,exact_duplicate,60,53,0.8833333333333333
10457,MVC is a common architectural pattern for web applications.,MVC là một mẫu kiến trúc phổ biến cho các ứng dụng web.,exact_duplicate,59,55,0.9322033898305084
10459,"Add comments to explain the complex logic here, it's a bit 'bơ'.","Thêm bình luận để giải thích logic phức tạp ở đây, nó hơi 'bơ'.",language_suspect,64,63,0.984375
10462,"The logic here is a bit 'bơ', can you clarify what this part does?","Logic ở đây hơi 'bơ', bạn có thể làm rõ phần này làm gì không?",language_suspect,66,62,0.9393939393939394
10463,This recursive function might cause a stack overflow.,Hàm đệ quy này có thể gây tràn ngăn xếp.,exact_duplicate,53,40,0.7547169811320755
10464,Please squash your commits before merging into the main branch.,Làm ơn gộp các commit lại trước khi merge vào nhánh chính.,exact_duplicate,63,58,0.9206349206349206
10466,Object-Oriented Programming emphasizes encapsulation and inheritance.,Lập trình hướng đối tượng nhấn mạnh tính đóng gói và kế thừa.,exact_duplicate,69,61,0.8840579710144928
10467,The system architecture uses a microservices approach.,Kiến trúc hệ thống sử dụng phương pháp microservices.,exact_duplicate,54,53,0.9814814814814815
10470,The API documentation needs to be updated.,Tài liệu API cần được cập nhật.,exact_duplicate,42,31,0.7380952380952381
10472,Memory leaks can degrade application performance over time.,Rò rỉ bộ nhớ có thể làm giảm hiệu suất ứng dụng theo thời gian.,exact_duplicate,59,63,1.0677966101694916
10473,Understanding data structures is crucial for efficient algorithms.,Hiểu biết về cấu trúc dữ liệu rất quan trọng đối với các thuật toán hiệu quả.,exact_duplicate,66,77,1.1666666666666667
10475,Don't forget to pull the latest changes before starting new work.,Đừng quên pull những thay đổi mới nhất trước khi bắt đầu công việc mới.,exact_duplicate,65,71,1.0923076923076922
10476,This commit message is too vague; please be more descriptive.,Thông điệp commit này quá mơ hồ; làm ơn mô tả chi tiết hơn.,exact_duplicate,61,59,0.9672131147540983
10485,The time complexity of this sorting algorithm is O(n log n).,Độ phức tạp thời gian của thuật toán sắp xếp này là O(n log n).,exact_duplicate,60,63,1.05
10486,Binary search is much faster than linear search for sorted data.,Tìm kiếm nhị phân nhanh hơn nhiều so với tìm kiếm tuyến tính đối với dữ liệu đã sắp xếp.,exact_duplicate,64,88,1.375
10491,Greedy algorithms don't always yield the optimal solution.,Các thuật toán tham lam không phải lúc nào cũng cho ra giải pháp tối ưu.,exact_duplicate,58,72,1.2413793103448276
10497,The Observer pattern is great for event handling.,Mẫu Observer rất tốt cho việc xử lý sự kiện.,exact_duplicate,49,44,0.8979591836734694
10502,Consider using a `switch` statement instead of multiple `if-else`.,Hãy cân nhắc sử dụng câu lệnh `switch` thay vì nhiều `if-else`.,exact_duplicate,66,63,0.9545454545454546
10504,You forgot to handle the edge case here.,Bạn quên xử lý trường hợp biên ở đây rồi.,exact_duplicate,40,41,1.025
10506,Please follow the coding style guide.,Vui lòng tuân thủ hướng dẫn về phong cách viết mã.,exact_duplicate,37,50,1.3513513513513513
10507,This loop could be optimized for better performance.,Vòng lặp này có thể được tối ưu hóa để có hiệu suất tốt hơn.,exact_duplicate,52,60,1.1538461538461537
10554,Cost an arm and a leg.,Đắt cắt cổ.,exact_duplicate,22,11,0.5
10556,Bite the bullet.,Cắn răng chịu đựng.,exact_duplicate,16,19,1.1875
10561,Get out of hand.,Mất kiểm soát.,exact_duplicate,16,14,0.875
10563,Under the weather.,Cảm thấy không khỏe.,exact_duplicate,18,20,1.1111111111111112
10578,We need to save money for future emergencies or big purchases.,Chúng ta cần tiết kiệm tiền cho những trường hợp khẩn cấp hoặc các khoản mua sắm lớn trong tương lai.,noise_ui_fragment,62,101,1.6290322580645162
10583,Turn off the lights when leaving a room to save electricity.,Tắt đèn khi rời khỏi phòng để tiết kiệm điện.,noise_ui_fragment,60,45,0.75
10606,It's smart to back up important data to avoid losing it.,Sao lưu dữ liệu quan trọng là điều thông minh để tránh bị mất.,noise_ui_fragment,56,62,1.1071428571428572
10624,Why do leaves change color in autumn?,Tại sao lá cây lại đổi màu vào mùa thu?,exact_duplicate,37,39,1.054054054054054
10625,It's important to save money for unexpected expenses.,Tiết kiệm tiền là quan trọng cho những chi phí bất ngờ.,noise_ui_fragment,53,55,1.0377358490566038
10655,You need enough sleep to feel refreshed and productive the next day.,Bạn cần ngủ đủ giấc để cảm thấy sảng khoái và làm việc hiệu quả vào ngày hôm sau.,noise_ui_fragment,68,81,1.1911764705882353
10663,"If you don't save enough for retirement, you might face financial difficulties.","Nếu bạn không tiết kiệm đủ cho tuổi nghỉ hưu, bạn có thể gặp khó khăn về tài chính.",noise_ui_fragment,79,83,1.0506329113924051
10665,"If you don't water the plants, they will die.","Nếu bạn không tưới cây, chúng sẽ chết.",exact_duplicate,45,38,0.8444444444444444
10667,Why do we need to eat to stay alive?,Tại sao chúng ta cần ăn để duy trì sự sống?,exact_duplicate,36,43,1.1944444444444444
10669,The car stopped because it ran out of gas.,Chiếc xe dừng lại vì hết xăng.,exact_duplicate,42,30,0.7142857142857143
10673,"If you touch a hot stove, you will burn yourself.","Nếu bạn chạm vào bếp nóng, bạn sẽ bị bỏng.",exact_duplicate,49,42,0.8571428571428571
10676,The ice cream melted quickly in the hot sun.,Kem tan chảy nhanh chóng dưới nắng nóng.,exact_duplicate,44,40,0.9090909090909091
10679,Why do leaves change color in autumn?,Tại sao lá cây đổi màu vào mùa thu?,exact_duplicate,37,35,0.9459459459459459
10681,The bridge collapsed due to the heavy flood.,Cây cầu sập do lũ lụt lớn.,exact_duplicate,44,26,0.5909090909090909
10682,"If you want to be healthy, you should exercise regularly.","Nếu bạn muốn khỏe mạnh, bạn nên tập thể dục thường xuyên.",exact_duplicate,57,57,1.0
10686,You should look both ways before crossing the street.,Bạn nên nhìn cả hai phía trước khi băng qua đường.,exact_duplicate,53,50,0.9433962264150944
10687,Why do birds build nests?,Tại sao chim xây tổ?,exact_duplicate,25,20,0.8
10688,"If you save money, you can buy something big later.","Nếu bạn tiết kiệm tiền, bạn có thể mua một thứ gì đó lớn hơn sau này.",noise_ui_fragment,51,69,1.3529411764705883
10690,She felt tired after working all day.,Cô ấy cảm thấy mệt mỏi sau khi làm việc cả ngày.,exact_duplicate,37,48,1.2972972972972974
10691,Why do some animals hibernate in winter?,Tại sao một số loài động vật ngủ đông vào mùa đông?,exact_duplicate,40,51,1.275
10695,Why do we have different seasons?,Tại sao chúng ta có các mùa khác nhau?,exact_duplicate,33,38,1.1515151515151516
10699,Why do we need to brush our teeth?,Tại sao chúng ta cần đánh răng?,exact_duplicate,34,31,0.9117647058823529
10700,"If you eat too much candy, you might get a stomach ache.","Nếu bạn ăn quá nhiều kẹo, bạn có thể bị đau bụng.",exact_duplicate,56,49,0.875
10702,The baby cried because it was hungry.,Em bé khóc vì đói.,exact_duplicate,37,18,0.4864864864864865
10703,Why does the sun rise in the east and set in the west?,Tại sao mặt trời mọc ở phía đông và lặn ở phía tây?,exact_duplicate,54,51,0.9444444444444444
10706,"If you don't pay your bills, your services might be cut off.","Nếu bạn không thanh toán hóa đơn, dịch vụ của bạn có thể bị cắt.",exact_duplicate,60,64,1.0666666666666667
10707,Why do we need sleep?,Tại sao chúng ta cần ngủ?,exact_duplicate,21,25,1.1904761904761905
10710,You should turn off the lights when leaving a room to save electricity.,Bạn nên tắt đèn khi rời khỏi phòng để tiết kiệm điện.,noise_ui_fragment,71,53,0.7464788732394366
10711,Why do we have fingerprints?,Tại sao chúng ta có dấu vân tay?,exact_duplicate,28,32,1.1428571428571428
10717,Why do we need to eat healthy food?,Tại sao chúng ta cần ăn thực phẩm lành mạnh?,exact_duplicate,35,44,1.2571428571428571
10718,She wore a helmet to protect her head while cycling.,Cô ấy đội mũ bảo hiểm để bảo vệ đầu khi đạp xe.,exact_duplicate,52,47,0.9038461538461539
10725,You need to press the power button to turn on the computer.,Bạn cần nhấn nút nguồn để bật máy tính.,exact_duplicate,59,39,0.6610169491525424
10726,Why do people wear sunglasses on a sunny day?,Tại sao mọi người đeo kính râm vào ngày nắng?,exact_duplicate,45,45,1.0
10735,Why do we celebrate birthdays?,Tại sao chúng ta tổ chức sinh nhật?,exact_duplicate,30,35,1.1666666666666667
10738,"If you don't pay your bills, your services might be cut off.","Nếu bạn không thanh toán hóa đơn, dịch vụ của bạn có thể bị cắt.",exact_duplicate,60,64,1.0666666666666667
10743,Why do we have different seasons?,Tại sao chúng ta có các mùa khác nhau?,exact_duplicate,33,38,1.1515151515151516
10755,Why do we need to save electricity?,Tại sao chúng ta cần tiết kiệm điện?,noise_ui_fragment,35,36,1.0285714285714285
10759,Why do we have fingerprints?,Tại sao chúng ta có dấu vân tay?,exact_duplicate,28,32,1.1428571428571428
10765,The glass fell off the table and shattered.,Cái ly rơi khỏi bàn và vỡ tan tành.,exact_duplicate,43,35,0.813953488372093
10766,Why can't I put metal in a microwave?,Tại sao tôi không thể bỏ kim loại vào lò vi sóng?,exact_duplicate,37,49,1.3243243243243243
10767,He missed the bus because he overslept.,Anh ấy lỡ chuyến xe buýt vì ngủ quên.,exact_duplicate,39,37,0.9487179487179487
10771,Why do we need to eat healthy food?,Tại sao chúng ta cần ăn thực phẩm lành mạnh?,exact_duplicate,35,44,1.2571428571428571
10775,Why do birds build nests in trees?,Tại sao chim xây tổ trên cây?,exact_duplicate,34,29,0.8529411764705882
10777,"If you touch a hot stove, you will burn yourself.","Nếu bạn chạm vào bếp nóng, bạn sẽ bị bỏng.",exact_duplicate,49,42,0.8571428571428571
10780,He wears glasses because his eyesight is poor.,Anh ấy đeo kính vì thị lực kém.,exact_duplicate,46,31,0.6739130434782609
10781,"If you don't study, you won't pass the exam.","Nếu bạn không học, bạn sẽ không vượt qua kỳ thi.",exact_duplicate,44,48,1.0909090909090908
10782,The bridge collapsed due to heavy flooding.,Cây cầu sập do lũ lụt lớn.,exact_duplicate,43,26,0.6046511627906976
10785,"If you save money, you can buy something expensive later.","Nếu bạn tiết kiệm tiền, bạn có thể mua thứ gì đó đắt tiền sau này.",exact_duplicate; noise_ui_fragment,57,66,1.1578947368421053
10786,"The car ran out of gas, so it stopped in the middle of the road.",Xe hết xăng nên dừng giữa đường.,exact_duplicate,64,32,0.5
10787,Why do leaves change color in autumn?,Tại sao lá cây đổi màu vào mùa thu?,exact_duplicate,37,35,0.9459459459459459
10790,The baby cried because it was hungry.,Em bé khóc vì đói.,exact_duplicate,37,18,0.4864864864864865
10791,Why do we celebrate birthdays?,Tại sao chúng ta tổ chức sinh nhật?,exact_duplicate,30,35,1.1666666666666667
10792,She felt dizzy because she hadn't eaten all day.,Cô ấy cảm thấy chóng mặt vì chưa ăn gì cả ngày.,exact_duplicate,48,47,0.9791666666666666
10795,Why do we have different seasons?,Tại sao chúng ta có các mùa khác nhau?,exact_duplicate,33,38,1.1515151515151516
10800,She wore a helmet to protect her head while cycling.,Cô ấy đội mũ bảo hiểm để bảo vệ đầu khi đạp xe.,exact_duplicate,52,47,0.9038461538461539
10809,"If you eat too much candy, you might get a stomach ache.","Nếu bạn ăn quá nhiều kẹo, bạn có thể bị đau bụng.",exact_duplicate,56,49,0.875
10816,"If you don't water the plants, they will die.","Nếu bạn không tưới cây, chúng sẽ chết.",exact_duplicate,45,38,0.8444444444444444
10817,She put on a jacket because it was cold outside.,Cô ấy mặc áo khoác vì bên ngoài trời lạnh.,exact_duplicate,48,42,0.875
10818,Why do people wear sunglasses on a sunny day?,Tại sao mọi người đeo kính râm vào ngày nắng?,exact_duplicate,45,45,1.0
10822,Why do leaves change color in autumn?,Tại sao lá cây đổi màu vào mùa thu?,exact_duplicate,37,35,0.9459459459459459
10823,"If you touch a hot stove, you will burn yourself.","Nếu bạn chạm vào bếp nóng, bạn sẽ bị bỏng.",exact_duplicate,49,42,0.8571428571428571
10829,He turned off the lights before leaving the room to save electricity.,Anh ấy tắt đèn trước khi rời khỏi phòng để tiết kiệm điện.,noise_ui_fragment,69,58,0.8405797101449275
10832,Why do we need sleep?,Tại sao chúng ta cần ngủ?,exact_duplicate,21,25,1.1904761904761905
10836,Why do we have different seasons?,Tại sao chúng ta có các mùa khác nhau?,exact_duplicate,33,38,1.1515151515151516
10838,"If you don't brush your teeth, you might get cavities.","Nếu bạn không đánh răng, bạn có thể bị sâu răng.",exact_duplicate,54,48,0.8888888888888888
10843,The baby cried because it was hungry.,Em bé khóc vì đói.,exact_duplicate,37,18,0.4864864864864865
10850,"If you don't pay your bills, your services might be cut off.","Nếu bạn không thanh toán hóa đơn, dịch vụ của bạn có thể bị cắt.",exact_duplicate,60,64,1.0666666666666667
10852,Why do we feel pain?,Tại sao chúng ta lại cảm thấy đau?,exact_duplicate,20,34,1.7
10856,Why do we have fingerprints?,Tại sao chúng ta có dấu vân tay?,exact_duplicate,28,32,1.1428571428571428
10862,"If you want to bake a cake, you need to follow a recipe.","Nếu bạn muốn nướng bánh, bạn cần làm theo công thức.",exact_duplicate,56,52,0.9285714285714286
10864,Why do some animals hibernate in winter?,Tại sao một số loài động vật ngủ đông vào mùa đông?,exact_duplicate,40,51,1.275
10865,The glass fell off the table and shattered.,Cái ly rơi khỏi bàn và vỡ tan tành.,exact_duplicate,43,35,0.813953488372093
10866,He missed the bus because he overslept.,Anh ấy lỡ chuyến xe buýt vì ngủ quên.,exact_duplicate,39,37,0.9487179487179487
10867,"If you don't water the plants, they will die.","Nếu bạn không tưới cây, chúng sẽ chết.",exact_duplicate,45,38,0.8444444444444444
10874,"If you touch a hot stove, you will burn your hand.","Nếu bạn chạm vào bếp nóng, bạn sẽ bị bỏng tay.",exact_duplicate,50,46,0.92
10875,The car stopped because it ran out of gas.,Xe dừng lại vì hết xăng.,exact_duplicate,42,24,0.5714285714285714
10876,Why do birds build nests in trees?,Tại sao chim xây tổ trên cây?,exact_duplicate,34,29,0.8529411764705882
10882,"If you eat too much candy, you might get a stomach ache.","Nếu bạn ăn quá nhiều kẹo, bạn có thể bị đau bụng.",exact_duplicate,56,49,0.875
10885,You need to press the power button to turn on the computer.,Bạn cần nhấn nút nguồn để bật máy tính.,exact_duplicate,59,39,0.6610169491525424
10888,Why do we need to save money for the future?,Tại sao chúng ta cần tiết kiệm tiền cho tương lai?,noise_ui_fragment,44,50,1.1363636363636365
10889,The bridge collapsed due to heavy flooding.,Cây cầu sập do lũ lụt lớn.,exact_duplicate,43,26,0.6046511627906976
10892,Why do plants need sunlight to grow?,Tại sao cây cối cần ánh sáng mặt trời để phát triển?,exact_duplicate,36,52,1.4444444444444444
10901,The dog barked loudly because a stranger approached the house.,Con chó sủa lớn vì có người lạ đến gần nhà.,exact_duplicate,62,43,0.6935483870967742
10903,She felt tired after working all day.,Cô ấy cảm thấy mệt mỏi sau khi làm việc cả ngày.,exact_duplicate,37,48,1.2972972972972974
10905,"The traffic light turned red, so all cars stopped.",Đèn giao thông chuyển đỏ nên tất cả các xe đều dừng lại.,exact_duplicate,50,56,1.12
10910,"If you want to bake a cake, you need to follow a recipe.","Nếu bạn muốn nướng bánh, bạn cần làm theo công thức.",exact_duplicate,56,52,0.9285714285714286
10916,"If you don't water the plants, they will die.","Nếu bạn không tưới cây, chúng sẽ chết.",exact_duplicate,45,38,0.8444444444444444
10925,We need to save electricity to protect the environment.,Chúng ta cần tiết kiệm điện để bảo vệ môi trường.,noise_ui_fragment,55,49,0.8909090909090909
10926,"If you touch a hot stove, you will burn yourself.","Nếu bạn chạm vào bếp nóng, bạn sẽ bị bỏng.",exact_duplicate,49,42,0.8571428571428571
10934,Why do birds build nests?,Tại sao chim xây tổ?,exact_duplicate,25,20,0.8
10935,"If you don't eat, you'll feel hungry.","Nếu bạn không ăn, bạn sẽ cảm thấy đói.",exact_duplicate,37,38,1.027027027027027
10938,You need to charge your phone when the battery is low.,Bạn cần sạc điện thoại khi pin yếu.,exact_duplicate,54,35,0.6481481481481481
10943,Why do dogs wag their tails?,Tại sao chó lại vẫy đuôi?,exact_duplicate,28,25,0.8928571428571429
10945,"If you don't brush your teeth, you might get cavities.","Nếu bạn không đánh răng, bạn có thể bị sâu răng.",exact_duplicate,54,48,0.8888888888888888
10950,Why does the moon appear to change shape?,Tại sao mặt trăng dường như thay đổi hình dạng?,exact_duplicate,41,47,1.146341463414634
10957,"If you don't pay your bills, your services might be cut off.","Nếu bạn không thanh toán hóa đơn, dịch vụ của bạn có thể bị cắt.",exact_duplicate,60,64,1.0666666666666667
10958,"The car ran out of gas, so it stopped in the middle of the road.",Xe hết xăng nên dừng giữa đường.,exact_duplicate,64,32,0.5
10965,"The alarm didn't go off, so I woke up late.",Chuông báo thức không reo nên tôi dậy muộn.,exact_duplicate,43,43,1.0
10968,Why do we need to eat to stay alive?,Tại sao chúng ta cần ăn để duy trì sự sống?,exact_duplicate,36,43,1.1944444444444444
10972,Why does the sun rise in the east and set in the west?,Tại sao mặt trời mọc ở phía đông và lặn ở phía tây?,exact_duplicate,54,51,0.9444444444444444
10983,It's important to save money for emergencies.,Việc tiết kiệm tiền cho những trường hợp khẩn cấp là rất quan trọng.,noise_ui_fragment,45,68,1.511111111111111
10987,Why do leaves change color in autumn?,Tại sao lá cây đổi màu vào mùa thu?,exact_duplicate,37,35,0.9459459459459459
10990,The bridge collapsed due to heavy flooding.,Cây cầu sập do lũ lụt lớn.,exact_duplicate,43,26,0.6046511627906976
10993,Turn off the lights when you leave a room to save electricity.,Tắt đèn khi bạn rời khỏi phòng để tiết kiệm điện.,noise_ui_fragment,62,49,0.7903225806451613
11002,Why do we need to wear seatbelts in a car?,Tại sao chúng ta cần thắt dây an toàn trong ô tô?,exact_duplicate,42,49,1.1666666666666667
11005,The project failed because of poor planning.,Dự án thất bại vì kế hoạch kém.,exact_duplicate,44,31,0.7045454545454546
11008,Always close the refrigerator door properly to keep food fresh.,Luôn đóng cửa tủ lạnh đúng cách để giữ thực phẩm tươi ngon.,noise_ui_fragment,63,59,0.9365079365079365
11012,Why do we need oxygen to breathe?,Tại sao chúng ta cần oxy để thở?,exact_duplicate,33,32,0.9696969696969697
11015,"The alarm didn't go off, so I woke up late.",Chuông báo thức không reo nên tôi dậy muộn.,exact_duplicate,43,43,1.0
11043,"To save water, turn off the tap while brushing your teeth.","Để tiết kiệm nước, hãy tắt vòi khi đánh răng.",noise_ui_fragment,58,45,0.7758620689655172
11046,The sun sets in the west.,Mặt trời lặn ở phía tây.,exact_duplicate,25,24,0.96
11062,Why do we have different seasons?,Tại sao chúng ta lại có các mùa khác nhau?,exact_duplicate,33,42,1.2727272727272727
11063,Why do dogs wag their tails?,Tại sao chó lại vẫy đuôi?,exact_duplicate,28,25,0.8928571428571429
11064,Why do we feel pain?,Tại sao chúng ta lại cảm thấy đau?,exact_duplicate,20,34,1.7
11066,He got a promotion because he worked diligently.,Anh ấy được thăng chức vì làm việc siêng năng.,exact_duplicate,48,46,0.9583333333333334
11067,The car stopped because it ran out of gas.,Xe dừng lại vì hết xăng.,exact_duplicate,42,24,0.5714285714285714
11070,The bridge collapsed due to the heavy flood.,Cây cầu sập do lũ lụt lớn.,exact_duplicate,44,26,0.5909090909090909
11073,The baby cried because it was hungry.,Em bé khóc vì đói.,exact_duplicate,37,18,0.4864864864864865
11074,"If you mix blue and yellow, you get green.","Nếu bạn trộn màu xanh dương và vàng, bạn sẽ có màu xanh lá cây.",exact_duplicate,42,63,1.5
11085,Why do we need to wear seatbelts in a car?,Tại sao chúng ta cần thắt dây an toàn trong ô tô?,exact_duplicate,42,49,1.1666666666666667
11090,Why do birds build nests?,Tại sao chim xây tổ?,exact_duplicate,25,20,0.8
11091,Why do we need to breathe oxygen?,Tại sao chúng ta cần hít thở oxy?,exact_duplicate,33,33,1.0
11099,Why do some animals hibernate in winter?,Tại sao một số loài động vật ngủ đông vào mùa đông?,exact_duplicate,40,51,1.275
11101,Why do we feel pain when we get hurt?,Tại sao chúng ta cảm thấy đau khi bị thương?,exact_duplicate,37,44,1.1891891891891893
11105,"If you want to save electricity, you should turn off the lights when leaving a room.","Nếu bạn muốn tiết kiệm điện, bạn nên tắt đèn khi rời khỏi phòng.",noise_ui_fragment,84,64,0.7619047619047619
11115,The glass fell off the table and shattered.,Cái ly rơi khỏi bàn và vỡ tan tành.,exact_duplicate,43,35,0.813953488372093
11116,Why can't I put metal in a microwave?,Tại sao tôi không thể bỏ kim loại vào lò vi sóng?,exact_duplicate,37,49,1.3243243243243243
11117,He missed the bus because he overslept.,Anh ấy lỡ chuyến xe buýt vì ngủ quên.,exact_duplicate,39,37,0.9487179487179487
11118,"If you don't eat, you'll feel hungry.","Nếu bạn không ăn, bạn sẽ cảm thấy đói.",exact_duplicate,37,38,1.027027027027027
11119,The car stopped because it ran out of gas.,Chiếc xe dừng lại vì hết xăng.,exact_duplicate,42,30,0.7142857142857143
11123,"If you mix blue and yellow, you get green.","Nếu bạn trộn màu xanh dương và vàng, bạn sẽ có màu xanh lá cây.",exact_duplicate,42,63,1.5
11124,He wears glasses because his eyesight is poor.,Anh ấy đeo kính vì thị lực kém.,exact_duplicate,46,31,0.6739130434782609
11125,Why do we need to brush our teeth?,Tại sao chúng ta cần đánh răng?,exact_duplicate,34,31,0.9117647058823529
11131,Why is it important to save money?,Tại sao tiết kiệm tiền lại quan trọng?,noise_ui_fragment,34,38,1.1176470588235294
11134,Why do leaves change color in autumn?,Tại sao lá cây đổi màu vào mùa thu?,exact_duplicate,37,35,0.9459459459459459
11135,The bridge collapsed due to heavy flooding.,Cây cầu sập do lũ lụt lớn.,exact_duplicate,43,26,0.6046511627906976
11141,The project failed because of poor planning.,Dự án thất bại vì kế hoạch kém.,exact_duplicate,44,31,0.7045454545454546
11152,Why do we have different seasons?,Tại sao chúng ta lại có các mùa khác nhau?,exact_duplicate,33,42,1.2727272727272727
11158,Why do we feel pain?,Tại sao chúng ta lại cảm thấy đau?,exact_duplicate,20,34,1.7
11167,Why do we need sleep?,Tại sao chúng ta cần ngủ?,exact_duplicate,21,25,1.1904761904761905
11169,She felt tired after working all day.,Cô ấy cảm thấy mệt mỏi sau khi làm việc cả ngày.,exact_duplicate,37,48,1.2972972972972974
11170,"If you don't water the plants, they will die.","Nếu bạn không tưới cây, chúng sẽ chết.",exact_duplicate,45,38,0.8444444444444444
11180,Why do birds build nests?,Tại sao chim xây tổ?,exact_duplicate,25,20,0.8
11195,What's the logical next step after completing a project?,Bước hợp lý tiếp theo sau khi hoàn thành một dự án là gì?,noise_ui_fragment,56,57,1.0178571428571428
11199,Remember to turn off the lights when you leave a room to save electricity.,Hãy nhớ tắt đèn khi rời khỏi phòng để tiết kiệm điện.,noise_ui_fragment,74,53,0.7162162162162162
11213,"If you don't study, you won't pass the exam.","Nếu bạn không học, bạn sẽ không vượt qua kỳ thi.",exact_duplicate,44,48,1.0909090909090908
11215,Why do mirrors reflect images?,Tại sao gương lại phản chiếu hình ảnh?,exact_duplicate,30,38,1.2666666666666666
11217,"If you mix blue and yellow paint, you get green.","Nếu bạn trộn sơn màu xanh dương và vàng, bạn sẽ có màu xanh lá cây.",exact_duplicate,48,67,1.3958333333333333
11222,The car stopped because it ran out of gas.,Chiếc xe dừng lại vì hết xăng.,exact_duplicate,42,30,0.7142857142857143
11223,Why do we turn off the lights when leaving a room?,Tại sao chúng ta tắt đèn khi rời khỏi phòng?,exact_duplicate,50,44,0.88
11224,He missed the bus because he overslept.,Anh ấy lỡ chuyến xe buýt vì ngủ quên.,exact_duplicate,39,37,0.9487179487179487
11225,"If you touch a hot stove, you will burn your hand.","Nếu bạn chạm vào bếp nóng, bạn sẽ bị bỏng tay.",exact_duplicate,50,46,0.92
11226,"The road is wet, so it must have rained recently.","Đường ướt, vậy chắc hẳn trời vừa mưa.",exact_duplicate,49,37,0.7551020408163265
11235,Why do some foods need to be refrigerated?,Tại sao một số thực phẩm cần được bảo quản lạnh?,exact_duplicate,42,48,1.1428571428571428
11240,"If you save money, you'll have enough to buy what you want.","Nếu bạn tiết kiệm tiền, bạn sẽ có đủ để mua thứ mình muốn.",noise_ui_fragment,59,58,0.9830508474576272
11243,Why do plants need sunlight to grow?,Tại sao cây cối cần ánh sáng mặt trời để phát triển?,exact_duplicate,36,52,1.4444444444444444
11244,"If you don't brush your teeth, you might get cavities.","Nếu bạn không đánh răng, bạn có thể bị sâu răng.",exact_duplicate,54,48,0.8888888888888888
11246,Why do birds build nests?,Tại sao chim xây tổ?,exact_duplicate,25,20,0.8
11261,Why do we need oxygen to breathe?,Tại sao chúng ta cần oxy để thở?,exact_duplicate,33,32,0.9696969696969697
11264,Why do we use soap to wash our hands?,Tại sao chúng ta dùng xà phòng để rửa tay?,exact_duplicate,37,42,1.135135135135135
11268,"If you don't water the plants, they will die.","Nếu bạn không tưới cây, chúng sẽ chết.",exact_duplicate,45,38,0.8444444444444444
11276,Why do birds build nests in trees?,Tại sao chim xây tổ trên cây?,exact_duplicate,34,29,0.8529411764705882
11278,"The car ran out of gas, so it stopped in the middle of the road.",Xe hết xăng nên dừng giữa đường.,exact_duplicate,64,32,0.5
11284,Why do leaves change color in autumn?,Tại sao lá cây đổi màu vào mùa thu?,exact_duplicate,37,35,0.9459459459459459
11288,Why do we need to brush our teeth?,Tại sao chúng ta cần đánh răng?,exact_duplicate,34,31,0.9117647058823529
11296,Why do we use soap to wash our hands?,Tại sao chúng ta dùng xà phòng để rửa tay?,exact_duplicate,37,42,1.135135135135135
11301,You can't breathe underwater without special equipment.,Bạn không thể thở dưới nước nếu không có thiết bị đặc biệt.,exact_duplicate,55,59,1.0727272727272728
11304,Why do we have different seasons?,Tại sao chúng ta có các mùa khác nhau?,exact_duplicate,33,38,1.1515151515151516
11305,"If you want to save money, don't buy unnecessary things.","Nếu bạn muốn tiết kiệm tiền, đừng mua những thứ không cần thiết.",noise_ui_fragment,56,64,1.1428571428571428
11307,You should look both ways before crossing the street.,Bạn nên nhìn cả hai phía trước khi băng qua đường.,exact_duplicate,53,50,0.9433962264150944
11308,Why do mirrors reflect images?,Tại sao gương lại phản chiếu hình ảnh?,exact_duplicate,30,38,1.2666666666666666
11316,Why do we feel pain when we get hurt?,Tại sao chúng ta cảm thấy đau khi bị thương?,exact_duplicate,37,44,1.1891891891891893
11317,"If you don't pay your bills, your services might be cut off.","Nếu bạn không thanh toán hóa đơn, dịch vụ của bạn có thể bị cắt.",exact_duplicate,60,64,1.0666666666666667
11318,The glass fell off the table and shattered.,Cái ly rơi khỏi bàn và vỡ tan tành.,exact_duplicate,43,35,0.813953488372093
11319,Why can't I put metal in a microwave?,Tại sao tôi không thể bỏ kim loại vào lò vi sóng?,exact_duplicate,37,49,1.3243243243243243
11320,He missed the bus because he overslept.,Anh ấy lỡ chuyến xe buýt vì ngủ quên.,exact_duplicate,39,37,0.9487179487179487
11321,"The road is wet, so it must have rained recently.","Đường ướt, vậy chắc hẳn trời vừa mưa.",exact_duplicate,49,37,0.7551020408163265
11322,"If you don't water the plants, they will die.","Nếu bạn không tưới cây, chúng sẽ chết.",exact_duplicate,45,38,0.8444444444444444
11326,The car stopped because it ran out of gas.,Chiếc xe dừng lại vì hết xăng.,exact_duplicate,42,30,0.7142857142857143
11329,Why do leaves change color in autumn?,Tại sao lá cây lại đổi màu vào mùa thu?,exact_duplicate,37,39,1.054054054054054
11330,It's wise to save money for emergencies.,Tiết kiệm tiền cho trường hợp khẩn cấp là khôn ngoan.,noise_ui_fragment,40,53,1.325
11336,Why do we need sleep?,Tại sao chúng ta cần ngủ?,exact_duplicate,21,25,1.1904761904761905
11338,He got a promotion because he worked diligently.,Anh ấy được thăng chức vì làm việc siêng năng.,exact_duplicate,48,46,0.9583333333333334
11340,Always turn off the lights when you leave a room to save energy.,Luôn tắt đèn khi rời phòng để tiết kiệm điện.,noise_ui_fragment,64,45,0.703125
11342,The sun sets in the west.,Mặt trời lặn ở phía tây.,exact_duplicate,25,24,0.96
11358,He got a flat tire because he ran over a nail.,Anh ấy bị xịt lốp vì cán phải đinh.,exact_duplicate,46,35,0.7608695652173914
11365,Why do some foods need to be refrigerated?,Tại sao một số thực phẩm cần được bảo quản lạnh?,exact_duplicate,42,48,1.1428571428571428
11367,"If you don't save water, it might run out.","Nếu bạn không tiết kiệm nước, nó có thể cạn kiệt.",noise_ui_fragment,42,49,1.1666666666666667
11368,The glass fell off the table and shattered.,Cái ly rơi khỏi bàn và vỡ tan tành.,exact_duplicate,43,35,0.813953488372093
11369,Why can't I put metal in a microwave?,Tại sao tôi không thể bỏ kim loại vào lò vi sóng?,exact_duplicate,37,49,1.3243243243243243
11370,He missed the bus because he overslept.,Anh ấy lỡ chuyến xe buýt vì ngủ quên.,exact_duplicate,39,37,0.9487179487179487
11385,You can't breathe underwater without special equipment.,Bạn không thể thở dưới nước nếu không có thiết bị đặc biệt.,exact_duplicate,55,59,1.0727272727272728
11386,"To buy a house, you need to save a lot of money.","Để mua nhà, bạn cần tiết kiệm rất nhiều tiền.",noise_ui_fragment,48,45,0.9375
11387,"If you want to be healthy, you should exercise regularly.","Nếu bạn muốn khỏe mạnh, bạn nên tập thể dục thường xuyên.",exact_duplicate,57,57,1.0
11411,Why do leaves change color in autumn?,Tại sao lá cây đổi màu vào mùa thu?,exact_duplicate,37,35,0.9459459459459459
11413,"If you don't save money, you won't have it for emergencies.","Nếu bạn không tiết kiệm tiền, bạn sẽ không có tiền cho những trường hợp khẩn cấp.",noise_ui_fragment,59,81,1.3728813559322033
11414,He got a flat tire because he ran over a nail.,Anh ấy bị xịt lốp vì cán phải đinh.,exact_duplicate,46,35,0.7608695652173914
11416,Why do we celebrate birthdays?,Tại sao chúng ta tổ chức sinh nhật?,exact_duplicate,30,35,1.1666666666666667
11418,"If you don't water the plants, they will die.","Nếu bạn không tưới cây, chúng sẽ chết.",exact_duplicate,45,38,0.8444444444444444
11420,She put on a jacket because it was cold outside.,Cô ấy mặc áo khoác vì bên ngoài trời lạnh.,exact_duplicate,48,42,0.875
11426,You need to charge your phone when the battery is low.,Bạn cần sạc điện thoại khi pin yếu.,exact_duplicate,54,35,0.6481481481481481
11428,Why do we need to eat healthy food?,Tại sao chúng ta cần ăn thực phẩm lành mạnh?,exact_duplicate,35,44,1.2571428571428571
11432,Why do leaves change color in autumn?,Tại sao lá cây đổi màu vào mùa thu?,exact_duplicate,37,35,0.9459459459459459
11433,"The car ran out of gas, so it stopped in the middle of the road.",Xe hết xăng nên dừng giữa đường.,exact_duplicate,64,32,0.5
11434,"If you don't brush your teeth, you might get cavities.","Nếu bạn không đánh răng, bạn có thể bị sâu răng.",exact_duplicate,54,48,0.8888888888888888
11435,Why do we celebrate birthdays?,Tại sao chúng ta tổ chức sinh nhật?,exact_duplicate,30,35,1.1666666666666667
11436,He wears glasses because his eyesight is poor.,Anh ấy đeo kính vì thị lực kém.,exact_duplicate,46,31,0.6739130434782609
11437,The ice cream melted quickly in the hot sun.,Kem tan chảy nhanh chóng dưới nắng nóng.,exact_duplicate,44,40,0.9090909090909091
11442,The dog barked loudly because a stranger approached the house.,Con chó sủa lớn vì có người lạ đến gần nhà.,exact_duplicate,62,43,0.6935483870967742
11443,"If you save money, you can buy something expensive later.","Nếu bạn tiết kiệm tiền, bạn có thể mua thứ gì đó đắt tiền sau này.",exact_duplicate; noise_ui_fragment,57,66,1.1578947368421053
11446,The baby cried because it was hungry.,Em bé khóc vì đói.,exact_duplicate,37,18,0.4864864864864865
11449,Why do we need sleep?,Tại sao chúng ta cần ngủ?,exact_duplicate,21,25,1.1904761904761905
11454,She felt dizzy because she hadn't eaten all day.,Cô ấy cảm thấy chóng mặt vì chưa ăn gì cả ngày.,exact_duplicate,48,47,0.9791666666666666
11455,Why do we have different seasons?,Tại sao chúng ta có các mùa khác nhau?,exact_duplicate,33,38,1.1515151515151516
11458,Why do birds build nests?,Tại sao chim xây tổ?,exact_duplicate,25,20,0.8
11463,"The traffic light turned red, so all cars stopped.",Đèn giao thông chuyển đỏ nên tất cả các xe đều dừng lại.,exact_duplicate,50,56,1.12
11467,Why does the moon appear to change shape?,Tại sao mặt trăng dường như thay đổi hình dạng?,exact_duplicate,41,47,1.146341463414634
11476,The car stopped because it ran out of gas.,Chiếc xe dừng lại vì hết xăng.,exact_duplicate,42,30,0.7142857142857143
11478,Why do we need to breathe oxygen?,Tại sao chúng ta cần hít thở oxy?,exact_duplicate,33,33,1.0
11482,Why do we turn off the lights when leaving a room?,Tại sao chúng ta tắt đèn khi rời khỏi phòng?,exact_duplicate,50,44,0.88
11487,Why do we need to save money?,Tại sao chúng ta cần tiết kiệm tiền?,noise_ui_fragment,29,36,1.2413793103448276
11496,"If you want to save electricity, unplug devices when not in use.","Nếu bạn muốn tiết kiệm điện, hãy rút phích cắm thiết bị khi không sử dụng.",noise_ui_fragment,64,74,1.15625
11504,Turn off the faucet after washing your hands to save water.,Tắt vòi nước sau khi rửa tay để tiết kiệm nước.,noise_ui_fragment,59,47,0.7966101694915254
11509,"He was totally bơ the whole time, didn't pay attention to anything.","Anh ấy hoàn toàn bơ cả buổi, không để ý gì hết.",language_suspect,67,47,0.7014925373134329
11510,She khoe về chiếc xe mới của mình suốt cả ngày.,Cô ấy khoe về chiếc xe mới của mình suốt cả ngày.,language_suspect,47,49,1.0425531914893618
11511,The new policy was met with gắt reactions from the public.,Chính sách mới vấp phải những phản ứng gắt từ công chúng.,language_suspect,58,57,0.9827586206896551
11512,Why is it important to back up your data regularly?,Tại sao việc sao lưu dữ liệu thường xuyên lại quan trọng?,noise_ui_fragment,51,57,1.1176470588235294
11515,The traffic was kẹt xe nặng nề do mưa lớn.,Giao thông kẹt xe nặng nề do mưa lớn.,language_suspect,42,37,0.8809523809523809
11518,The glass fell off the table and shattered.,Cái ly rơi khỏi bàn và vỡ tan tành.,exact_duplicate,43,35,0.813953488372093
11519,Why can't I put metal in a microwave?,Tại sao tôi không thể bỏ kim loại vào lò vi sóng?,exact_duplicate,37,49,1.3243243243243243
11520,He missed the bus because he overslept.,Anh ấy lỡ chuyến xe buýt vì ngủ quên.,exact_duplicate,39,37,0.9487179487179487
11521,"If you don't water the plants, they will die.","Nếu bạn không tưới cây, chúng sẽ chết.",exact_duplicate,45,38,0.8444444444444444
11541,"If you mix blue and yellow paint, you get green.","Nếu bạn trộn sơn màu xanh dương và vàng, bạn sẽ có màu xanh lá cây.",exact_duplicate,48,67,1.3958333333333333
11556,You need to save money consistently to buy a house someday.,Bạn cần tiết kiệm tiền đều đặn để mua nhà vào một ngày nào đó.,noise_ui_fragment,59,62,1.0508474576271187
11565,A blessing in disguise.,Cái rủi có cái may.,exact_duplicate,23,19,0.8260869565217391
11566,A dime a dozen.,"Rẻ như bèo, nhiều như rạ.",exact_duplicate,15,25,1.6666666666666667
11567,Beat around the bush.,Vòng vo tam quốc.,exact_duplicate,21,17,0.8095238095238095
11568,Bite the bullet.,Cắn răng chịu đựng.,exact_duplicate,16,19,1.1875
11569,Break a leg!,Chúc may mắn!,exact_duplicate,12,13,1.0833333333333333
11570,Call it a day.,"Thôi, hôm nay làm tới đây nghỉ nhé.",exact_duplicate,14,35,2.5
11573,"Easy come, easy go.","Của thiên trả địa, dễ đến dễ đi.",exact_duplicate,19,32,1.6842105263157894
11574,Get out of hand.,Vượt ngoài tầm kiểm soát.,exact_duplicate,16,25,1.5625
11575,Hit the road.,"Lên đường, khởi hành.",exact_duplicate,13,21,1.6153846153846154
11578,Kill two birds with one stone.,Một mũi tên trúng hai đích.,exact_duplicate,30,27,0.9
11579,Let the cat out of the bag.,Tiết lộ bí mật.,exact_duplicate,27,15,0.5555555555555556
11580,Miss the boat.,Lỡ cơ hội.,exact_duplicate,14,10,0.7142857142857143
11581,Once in a blue moon.,"Hiếm khi, năm thì mười họa.",exact_duplicate,20,27,1.35
11582,Pull someone's leg.,Trêu chọc ai đó.,exact_duplicate,19,16,0.8421052631578947
11584,Speak of the devil!,"Nhắc Tào Tháo, Tào Tháo đến!",exact_duplicate,19,28,1.4736842105263157
11585,The best of both worlds.,Vẹn cả đôi đường.,exact_duplicate,24,17,0.7083333333333334
11586,Through thick and thin.,"Dù khó khăn hay thuận lợi, bất kể thế nào.",exact_duplicate,23,42,1.826086956521739
11588,Under the weather.,"Không khỏe, ốm.",exact_duplicate,18,15,0.8333333333333334
11589,When pigs fly.,"Không bao giờ, chuyện viển vông.",exact_duplicate,14,32,2.2857142857142856
11590,You can't judge a book by its cover.,Đừng trông mặt mà bắt hình dong.,exact_duplicate,36,32,0.8888888888888888
11591,Barking up the wrong tree.,"Nhầm đối tượng, nhầm người, đổ oan.",exact_duplicate,26,35,1.3461538461538463
11592,Bite off more than you can chew.,Cố gắng làm quá sức mình.,exact_duplicate,32,25,0.78125
11593,Burn the midnight oil.,Thức khuya làm việc/học.,exact_duplicate,22,24,1.0909090909090908
11594,Cost an arm and a leg.,Đắt cắt cổ.,exact_duplicate,22,11,0.5
11595,Cry wolf.,"Kêu cứu giả, báo động giả.",exact_duplicate,9,26,2.888888888888889
11596,Every cloud has a silver lining.,"Trong cái rủi có cái may, sau cơn mưa trời lại sáng.",exact_duplicate,32,52,1.625
11598,Give someone the benefit of the doubt.,Tin tưởng ai đó dù có nghi ngờ.,exact_duplicate,38,31,0.8157894736842105
11599,Go the extra mile.,"Cố gắng hết sức, làm nhiều hơn mong đợi.",exact_duplicate,18,40,2.2222222222222223
11600,Hold your horses!,"Chậm lại, bình tĩnh đã!",exact_duplicate,17,23,1.3529411764705883
11601,In a nutshell.,"Tóm lại, nói tóm lại.",exact_duplicate,14,21,1.5
11602,Keep your chin up.,"Ngẩng cao đầu, lạc quan lên.",exact_duplicate,18,28,1.5555555555555556
11603,Leave no stone unturned.,"Lật tung mọi thứ, tìm kiếm kỹ lưỡng.",exact_duplicate,24,36,1.5
11604,Let sleeping dogs lie.,"Đừng khơi lại chuyện đã qua, để yên mọi chuyện.",exact_duplicate,22,47,2.1363636363636362
11606,On the same page.,"Đồng lòng, hiểu nhau.",exact_duplicate,17,21,1.2352941176470589
11607,Out of the blue.,"Bất ngờ, đột ngột.",exact_duplicate,16,18,1.125
11609,Rome wasn't built in a day.,Việc lớn không thể hoàn thành trong một sớm một chiều.,exact_duplicate,27,54,2.0
11610,Spill the beans.,Tiết lộ bí mật.,exact_duplicate,16,15,0.9375
11611,Take it with a grain of salt.,"Đừng tin hoàn toàn, nghe một nửa thôi.",exact_duplicate,29,38,1.3103448275862069
11613,The ball is in your court.,Quyết định là ở bạn.,exact_duplicate,26,20,0.7692307692307693
11614,Wear your heart on your sleeve.,Bộc lộ cảm xúc ra ngoài.,exact_duplicate,31,24,0.7741935483870968
11615,It's raining cats and dogs out there.,Ngoài kia trời đang mưa như trút nước.,exact_duplicate,37,38,1.027027027027027
11616,Let's call it a day.,"Thôi, hôm nay làm tới đây nghỉ nhé.",exact_duplicate,20,35,1.75
11617,A blessing in disguise.,Trong cái rủi có cái may.,exact_duplicate,23,25,1.0869565217391304
11618,A dime a dozen.,"Rẻ như bèo, nhiều vô kể.",exact_duplicate,15,24,1.6
11619,Beat around the bush.,Vòng vo tam quốc.,exact_duplicate,21,17,0.8095238095238095
11620,Bite the bullet.,Cắn răng chịu đựng.,exact_duplicate,16,19,1.1875
11621,Break a leg!,Chúc may mắn nhé!,exact_duplicate,12,17,1.4166666666666667
11622,Cut corners.,"Làm tắt, làm ẩu.",exact_duplicate,12,16,1.3333333333333333
11623,Don't cry over spilled milk.,Đừng tiếc nuối những gì đã qua.,exact_duplicate,28,31,1.1071428571428572
11624,"Easy come, easy go.",Dễ đến dễ đi.,exact_duplicate,19,13,0.6842105263157895
11625,Every cloud has a silver lining.,Sau cơn mưa trời lại sáng.,exact_duplicate,32,26,0.8125
11626,Get out of hand.,Mất kiểm soát.,exact_duplicate,16,14,0.875
11627,Hit the road.,Lên đường thôi!,exact_duplicate,13,15,1.1538461538461537
11628,It's not rocket science.,Nó không phải là cái gì quá phức tạp đâu.,exact_duplicate,24,41,1.7083333333333333
11630,Kill two birds with one stone.,Một mũi tên trúng hai đích.,exact_duplicate,30,27,0.9
11631,Let the cat out of the bag.,Tiết lộ bí mật.,exact_duplicate,27,15,0.5555555555555556
11632,Miss the boat.,Lỡ cơ hội.,exact_duplicate,14,10,0.7142857142857143
11633,Once in a blue moon.,"Hiếm khi, năm thì mười họa.",exact_duplicate,20,27,1.35
11634,A piece of cake.,"Dễ ợt, dễ như ăn kẹo.",exact_duplicate,16,21,1.3125
11635,Pull someone's leg.,Trêu chọc ai đó.,exact_duplicate,19,16,0.8421052631578947
11636,See eye to eye.,"Đồng tình, đồng quan điểm.",exact_duplicate,15,26,1.7333333333333334
11637,Speak of the devil!,Nhắc Tào Tháo Tào Tháo đến!,exact_duplicate,19,27,1.4210526315789473
11639,The ball is in your court.,Quyết định là ở bạn.,exact_duplicate,26,20,0.7692307692307693
11640,Through thick and thin.,"Dù khó khăn hay thuận lợi, trong mọi hoàn cảnh.",exact_duplicate,23,47,2.0434782608695654
11641,To add insult to injury.,"Xát muối vào vết thương, đổ thêm dầu vào lửa.",exact_duplicate,24,45,1.875
11643,To get a taste of your own medicine.,Gậy ông đập lưng ông.,exact_duplicate,36,21,0.5833333333333334
11644,To hit the nail on the head.,"Nói đúng trọng tâm, nói trúng phóc.",exact_duplicate,28,35,1.25
11647,To make a long story short.,"Nói tóm lại, nói ngắn gọn.",exact_duplicate,27,26,0.9629629629629629
11649,To save for a rainy day.,Tiết kiệm phòng khi khó khăn.,noise_ui_fragment,24,29,1.2083333333333333
11651,Under the weather.,"Không khỏe, ốm nhẹ.",exact_duplicate,18,19,1.0555555555555556
11652,When pigs fly.,"Không bao giờ, chuyện không tưởng.",exact_duplicate,14,34,2.4285714285714284
11653,Wrap your head around something.,Hiểu được điều gì đó phức tạp.,exact_duplicate,32,30,0.9375
11654,You can't judge a book by its cover.,Đừng trông mặt mà bắt hình dong.,exact_duplicate,36,32,0.8888888888888888
11656,Better late than never.,Thà muộn còn hơn không.,exact_duplicate,23,23,1.0
11657,Burn the midnight oil.,Thức khuya làm việc/học bài.,exact_duplicate,22,28,1.2727272727272727
11660,Get your act together.,"Chấn chỉnh lại bản thân, nghiêm túc hơn.",exact_duplicate,22,40,1.8181818181818181
11661,Go the extra mile.,"Cố gắng hết sức, làm nhiều hơn mong đợi.",exact_duplicate,18,40,2.2222222222222223
11662,Hold your horses!,"Chậm lại, bình tĩnh đã!",exact_duplicate,17,23,1.3529411764705883
11663,In the same boat.,"Cùng hội cùng thuyền, cùng cảnh ngộ.",exact_duplicate,17,36,2.1176470588235294
11665,Let sleeping dogs lie.,"Đừng khơi lại chuyện đã qua, để yên mọi chuyện.",exact_duplicate,22,47,2.1363636363636362
11667,It's raining cats and dogs out there.,Ngoài kia trời đang mưa như trút nước.,exact_duplicate,37,38,1.027027027027027
11668,Let's call it a day.,"Thôi, hôm nay làm tới đây nghỉ nhé.",exact_duplicate,20,35,1.75
11669,Every cloud has a silver lining.,Trong cái rủi có cái may.,exact_duplicate,32,25,0.78125
11670,A blessing in disguise.,Cái rủi có cái may.,exact_duplicate,23,19,0.8260869565217391
11672,Beat around the bush.,Nói vòng vo tam quốc.,exact_duplicate,21,21,1.0
11673,Bite the bullet.,Cắn răng chịu đựng.,exact_duplicate,16,19,1.1875
11674,Break a leg!,Chúc may mắn nhé!,exact_duplicate,12,17,1.4166666666666667
11675,Cut corners.,"Làm tắt, làm ẩu.",exact_duplicate,12,16,1.3333333333333333
11677,"Easy come, easy go.","Của thiên trả địa, dễ đến dễ đi.",exact_duplicate,19,32,1.6842105263157894
11678,Get out of hand.,Mất kiểm soát.,exact_duplicate,16,14,0.875
11681,Jump on the bandwagon.,"Hùa theo số đông, theo phong trào.",exact_duplicate,22,34,1.5454545454545454
11682,Kill two birds with one stone.,Một mũi tên trúng hai đích.,exact_duplicate,30,27,0.9
11683,Let the cat out of the bag.,Tiết lộ bí mật.,exact_duplicate,27,15,0.5555555555555556
11684,Miss the boat.,Bỏ lỡ cơ hội.,exact_duplicate,14,13,0.9285714285714286
11686,Piece of cake.,"Dễ ợt, dễ như ăn kẹo.",exact_duplicate,14,21,1.5
11687,Pull someone's leg.,Trêu chọc ai đó.,exact_duplicate,19,16,0.8421052631578947
11688,See eye to eye.,"Đồng tình, có cùng quan điểm.",exact_duplicate,15,29,1.9333333333333333
11689,Spill the beans.,Tiết lộ bí mật.,exact_duplicate,16,15,0.9375
11691,The ball is in your court.,Quyết định là ở bạn.,exact_duplicate,26,20,0.7692307692307693
11692,Through thick and thin.,Dù khó khăn hay thuận lợi.,exact_duplicate,23,26,1.1304347826086956
11693,Under the weather.,"Không khỏe, ốm.",exact_duplicate,18,15,0.8333333333333334
11694,When pigs fly.,"Không bao giờ, chuyện không tưởng.",exact_duplicate,14,34,2.4285714285714284
11695,Wrap your head around something.,Hiểu được điều gì đó phức tạp.,exact_duplicate,32,30,0.9375
11696,You can't judge a book by its cover.,Đừng trông mặt mà bắt hình dong.,exact_duplicate,36,32,0.8888888888888888
11697,Bite off more than you can chew.,Cố gắng làm quá sức mình.,exact_duplicate,32,25,0.78125
11698,Burn the midnight oil.,"Thức khuya làm việc, học bài.",exact_duplicate,22,29,1.3181818181818181
11699,Cost an arm and a leg.,"Rất đắt, tốn một đống tiền.",exact_duplicate,22,27,1.2272727272727273
11701,Get cold feet.,"Mất hết can đảm, chùn bước.",exact_duplicate,14,27,1.9285714285714286
11702,Give someone the cold shoulder.,Lạnh nhạt với ai đó.,exact_duplicate,31,20,0.6451612903225806
11703,Go the extra mile.,"Cố gắng hết sức, làm nhiều hơn mong đợi.",exact_duplicate,18,40,2.2222222222222223
11706,Keep your chin up.,"Ngẩng cao đầu, lạc quan lên.",exact_duplicate,18,28,1.5555555555555556
11710,On the same page.,"Đồng quan điểm, hiểu ý nhau.",exact_duplicate,17,28,1.6470588235294117
11713,Speak of the devil!,"Nhắc Tào Tháo, Tào Tháo đến!",exact_duplicate,19,28,1.4736842105263157
11715,Throw in the towel.,"Bỏ cuộc, đầu hàng.",exact_duplicate,19,18,0.9473684210526315
11716,Up in the air.,"Chưa quyết định, còn bỏ ngỏ.",exact_duplicate,14,28,2.0
11717,A blessing in disguise.,Trong cái rủi có cái may.,exact_duplicate,23,25,1.0869565217391304
11718,A dime a dozen.,"Rẻ như bèo, nhiều như rạ.",exact_duplicate,15,25,1.6666666666666667
11721,Break a leg!,Chúc may mắn!,exact_duplicate,12,13,1.0833333333333333
11722,Call it a day.,Kết thúc công việc trong ngày.,exact_duplicate,14,30,2.142857142857143
11725,"Easy come, easy go.","Của thiên trả địa, dễ đến dễ đi.",exact_duplicate,19,32,1.6842105263157894
11726,Get out of hand.,"Mất kiểm soát, vượt ngoài tầm tay.",exact_duplicate,16,34,2.125
11727,Hit the road.,"Lên đường, khởi hành.",exact_duplicate,13,21,1.6153846153846154
11730,Kill two birds with one stone.,Một mũi tên trúng hai đích.,exact_duplicate,30,27,0.9
11732,Miss the boat.,Bỏ lỡ cơ hội.,exact_duplicate,14,13,0.9285714285714286
11733,Once in a blue moon.,"Hiếm khi, năm thì mười họa.",exact_duplicate,20,27,1.35
11736,Speak of the devil!,"Nhắc Tào Tháo, Tào Tháo đến!",exact_duplicate,19,28,1.4736842105263157
11737,The last straw.,Giọt nước tràn ly.,exact_duplicate,15,18,1.2
11738,Through thick and thin.,"Dù khó khăn hay thuận lợi, trong mọi hoàn cảnh.",exact_duplicate,23,47,2.0434782608695654
11739,To add insult to injury.,"Xát muối vào vết thương, đổ thêm dầu vào lửa.",exact_duplicate,24,45,1.875
11740,When pigs fly.,"Không bao giờ xảy ra, còn lâu lắm.",exact_duplicate,14,34,2.4285714285714284
11741,You can't judge a book by its cover.,Đừng trông mặt mà bắt hình dong.,exact_duplicate,36,32,0.8888888888888888
11743,Burn the midnight oil.,"Thức khuya làm việc, học bài.",exact_duplicate,22,29,1.3181818181818181
11744,Every cloud has a silver lining.,"Trong cái rủi có cái may, sau cơn mưa trời lại sáng.",exact_duplicate,32,52,1.625
11745,Get a taste of your own medicine.,Gậy ông đập lưng ông.,exact_duplicate,33,21,0.6363636363636364
11751,Make a long story short.,"Nói tóm lại, nói ngắn gọn.",exact_duplicate,24,26,1.0833333333333333
11757,Take it with a grain of salt.,"Đừng tin hoàn toàn, nghe một nửa thôi.",exact_duplicate,29,38,1.3103448275862069
11760,Under the weather.,"Không khỏe, bị ốm.",exact_duplicate,18,18,1.0
11761,Wear your heart on your sleeve.,"Bộc lộ cảm xúc ra ngoài, không giấu giếm.",exact_duplicate,31,41,1.3225806451612903
11762,Get your act together.,"Chấn chỉnh lại bản thân, nghiêm túc hơn.",exact_duplicate,22,40,1.8181818181818181
11763,Hit the nail on the head.,"Nói đúng trọng tâm, nói trúng phóc.",exact_duplicate,25,35,1.4
11764,A piece of cake.,"Dễ ợt, dễ như ăn kẹo.",exact_duplicate,16,21,1.3125
11766,Up in the air.,"Chưa chắc chắn, chưa quyết định.",exact_duplicate,14,32,2.2857142857142856
11767,It's raining cats and dogs out there.,Ngoài kia trời đang mưa như trút nước.,exact_duplicate,37,38,1.027027027027027
11768,Let's call it a day.,"Thôi, hôm nay làm tới đây nghỉ nhé.",exact_duplicate,20,35,1.75
11769,Every cloud has a silver lining.,Trong cái rủi có cái may.,exact_duplicate,32,25,0.78125
11772,Break a leg!,Chúc may mắn nhé!,exact_duplicate,12,17,1.4166666666666667
11774,He always cuts corners to save money.,Anh ta luôn làm việc qua loa để tiết kiệm tiền.,noise_ui_fragment,37,47,1.2702702702702702
11775,Don't put all your eggs in one basket.,Đừng bỏ tất cả trứng vào một giỏ.,exact_duplicate,38,33,0.868421052631579
11777,It's time to hit the road.,Đến lúc lên đường rồi.,exact_duplicate,26,22,0.8461538461538461
11781,Someone let the cat out of the bag about the surprise party.,Ai đó đã tiết lộ bí mật về bữa tiệc bất ngờ rồi.,exact_duplicate,60,48,0.8
11784,Are you pulling my leg?,Bạn đang trêu tôi đấy à?,exact_duplicate,23,24,1.0434782608695652
11787,The ball is in your court now.,Quyết định là ở bạn bây giờ.,exact_duplicate,30,28,0.9333333333333333
11788,We'll be with you through thick and thin.,Chúng tôi sẽ ở bên bạn dù khó khăn hay thuận lợi.,exact_duplicate,41,49,1.1951219512195121
11793,I had to burn the midnight oil to finish the report.,Tôi đã phải thức khuya làm việc để hoàn thành báo cáo.,exact_duplicate,52,54,1.0384615384615385
11794,He got cold feet before the wedding.,Anh ấy đã chùn bước trước đám cưới.,exact_duplicate,36,35,0.9722222222222222
11795,I need to get something off my chest.,Tôi cần trút bầu tâm sự.,exact_duplicate,37,24,0.6486486486486487
11797,She always goes the extra mile for her clients.,Cô ấy luôn cố gắng hết sức vì khách hàng của mình.,exact_duplicate,47,50,1.0638297872340425
11801,I know this city like the back of my hand.,Tôi biết thành phố này rõ như lòng bàn tay.,exact_duplicate; noise_ui_fragment,42,43,1.0238095238095237
11802,Let sleeping dogs lie.,Đừng khơi lại chuyện đã qua nữa.,exact_duplicate,22,32,1.4545454545454546
11803,"To make a long story short, we won.","Nói tóm lại, chúng tôi đã thắng.",exact_duplicate,35,32,0.9142857142857143
11808,I'm feeling a bit under the weather today.,Hôm nay tôi cảm thấy hơi không khỏe.,exact_duplicate,42,36,0.8571428571428571
11812,You really hit the nail on the head with that observation.,Bạn thực sự đã nói trúng phóc với nhận xét đó.,exact_duplicate,58,46,0.7931034482758621
11816,His arrogance really rubs me the wrong way.,Sự kiêu ngạo của anh ta thực sự làm tôi khó chịu.,exact_duplicate,43,49,1.1395348837209303
11817,Bite the bullet.,Cắn răng chịu đựng đi.,exact_duplicate,16,22,1.375
11818,Break a leg!,Chúc may mắn nhé!,exact_duplicate,12,17,1.4166666666666667
11819,Let's hit the road.,Chúng ta lên đường thôi.,exact_duplicate,19,24,1.263157894736842
11826,We can kill two birds with one stone.,Chúng ta có thể một mũi tên trúng hai đích.,exact_duplicate,37,43,1.162162162162162
11831,Better late than never.,Thà muộn còn hơn không.,exact_duplicate,23,23,1.0
11833,I had to burn the midnight oil to finish the report.,Tôi đã phải thức khuya làm việc để hoàn thành báo cáo.,exact_duplicate,52,54,1.0384615384615385
11834,Let's call it a day.,"Thôi, hôm nay làm tới đây nghỉ nhé.",exact_duplicate,20,35,1.75
11835,They always cut corners to save money.,Họ luôn làm việc qua loa để tiết kiệm tiền.,noise_ui_fragment,38,43,1.131578947368421
11837,Every cloud has a silver lining.,Trong cái rủi có cái may.,exact_duplicate,32,25,0.78125
11838,The situation is getting out of hand.,Tình hình đang mất kiểm soát rồi.,exact_duplicate,37,33,0.8918918918918919
11841,We have to go back to the drawing board.,Chúng ta phải bắt đầu lại từ đầu.,noise_ui_fragment,40,33,0.825
11843,It's not rocket science.,Nó không phải là cái gì quá phức tạp đâu.,exact_duplicate,24,41,1.7083333333333333
11846,Let sleeping dogs lie.,Đừng khơi lại chuyện đã qua nữa.,exact_duplicate,22,32,1.4545454545454546
11848,Don't miss the boat on this opportunity.,Đừng bỏ lỡ cơ hội này.,exact_duplicate,40,22,0.55
11849,"No pain, no gain.",Không đổ mồ hôi thì không có thành quả.,exact_duplicate,17,39,2.2941176470588234
11855,The ball is in your court now.,Quyền quyết định bây giờ là ở bạn.,exact_duplicate,30,34,1.1333333333333333
11858,He got cold feet before the wedding.,Anh ấy đã chùn bước trước đám cưới.,exact_duplicate,36,35,0.9722222222222222
11862,Can you keep an eye on my bag?,Bạn có thể để mắt tới cái túi của tôi không?,exact_duplicate,30,44,1.4666666666666666
11867,Actions speak louder than words.,Hành động có giá trị hơn lời nói.,exact_duplicate,32,33,1.03125
11868,Bite the bullet.,Cắn răng chịu đựng.,exact_duplicate,16,19,1.1875
11869,Break a leg!,Chúc may mắn!,exact_duplicate,12,13,1.0833333333333333
11870,It cost an arm and a leg.,Nó đắt cắt cổ.,exact_duplicate,25,14,0.56
11872,Don't let the cat out of the bag.,Đừng để lộ bí mật.,exact_duplicate,33,18,0.5454545454545454
11873,Spill the beans.,Tiết lộ bí mật.,exact_duplicate,16,15,0.9375
11874,Once in a blue moon.,"Hiếm khi, năm thì mười họa.",exact_duplicate,20,27,1.35
11879,To add insult to injury.,Thêm dầu vào lửa.,exact_duplicate,24,17,0.7083333333333334
11885,Don't miss the boat on this opportunity.,Đừng bỏ lỡ cơ hội này.,exact_duplicate,40,22,0.55
11886,Are you pulling my leg?,Bạn đang trêu chọc tôi à?,exact_duplicate,23,25,1.0869565217391304
11895,Let sleeping dogs lie.,Đừng khơi lại chuyện đã qua.,exact_duplicate,22,28,1.2727272727272727
11911,He always has his head in the clouds.,Anh ấy lúc nào cũng đầu óc trên mây.,exact_duplicate,37,36,0.972972972972973
11927,You really hit the nail on the head with that analysis.,Bạn thực sự đã nói trúng phóc với phân tích đó.,exact_duplicate,55,47,0.8545454545454545
11929,Someone let the cat out of the bag about the surprise party.,Ai đó đã tiết lộ bí mật về bữa tiệc bất ngờ rồi.,exact_duplicate,60,48,0.8
11933,My brother and I don't always see eye to eye.,Anh trai tôi và tôi không phải lúc nào cũng đồng quan điểm.,exact_duplicate,45,59,1.3111111111111111
11937,I'm feeling a bit under the weather today.,Hôm nay tôi cảm thấy hơi không khỏe.,exact_duplicate,42,36,0.8571428571428571
11951,She always goes the extra mile for her clients.,Cô ấy luôn cố gắng hết sức vì khách hàng của mình.,exact_duplicate,47,50,1.0638297872340425
11955,Can you keep an eye on my bag while I go to the restroom?,Bạn có thể để mắt tới túi của tôi trong khi tôi đi vệ sinh không?,exact_duplicate,57,65,1.1403508771929824
11956,"By carpooling, I can save money and help the environment, killing two birds with one stone.","Bằng cách đi chung xe, tôi có thể tiết kiệm tiền và bảo vệ môi trường, một mũi tên trúng hai đích.",noise_ui_fragment,91,98,1.0769230769230769
11967,A blessing in disguise.,Trong cái rủi có cái may.,exact_duplicate,23,25,1.0869565217391304
11968,A dime a dozen.,"Rẻ như bèo, nhiều vô kể.",exact_duplicate,15,24,1.6
11969,Beat around the bush.,Nói vòng vo tam quốc.,exact_duplicate,21,21,1.0
11970,Bite the bullet.,"Cắn răng chịu đựng, chấp nhận khó khăn.",exact_duplicate,16,39,2.4375
11971,Break a leg!,Chúc may mắn!,exact_duplicate,12,13,1.0833333333333333
11972,Call it a day.,"Thôi, hôm nay làm tới đây nghỉ nhé.",exact_duplicate,14,35,2.5
11973,Cut corners.,"Làm tắt, làm ẩu.",exact_duplicate,12,16,1.3333333333333333
11974,Don't cry over spilled milk.,Đừng tiếc nuối những gì đã qua.,exact_duplicate,28,31,1.1071428571428572
11975,"Easy come, easy go.",Dễ đến dễ đi.,exact_duplicate,19,13,0.6842105263157895
11976,Every cloud has a silver lining.,Trong cái rủi có cái may.,exact_duplicate,32,25,0.78125
11977,Get out of hand.,Mất kiểm soát.,exact_duplicate,16,14,0.875
11978,Hit the road.,"Lên đường, khởi hành.",exact_duplicate,13,21,1.6153846153846154
11980,Jump on the bandwagon.,Chạy theo trào lưu.,exact_duplicate,22,19,0.8636363636363636
11981,Kill two birds with one stone.,Một mũi tên trúng hai đích.,exact_duplicate,30,27,0.9
11982,Let the cat out of the bag.,Tiết lộ bí mật.,exact_duplicate,27,15,0.5555555555555556
11983,Miss the boat.,Bỏ lỡ cơ hội.,exact_duplicate,14,13,0.9285714285714286
11984,Once in a blue moon.,"Hiếm khi, năm thì mười họa.",exact_duplicate,20,27,1.35
11985,Piece of cake.,"Dễ ợt, dễ như ăn kẹo.",exact_duplicate,14,21,1.5
11986,Pull someone's leg.,Trêu chọc ai đó.,exact_duplicate,19,16,0.8421052631578947
11988,Speak of the devil!,Nhắc Tào Tháo Tào Tháo đến!,exact_duplicate,19,27,1.4210526315789473
11989,The ball is in your court.,Quyền quyết định thuộc về bạn.,exact_duplicate,26,30,1.1538461538461537
11992,Under the weather.,"Không khỏe, bị ốm.",exact_duplicate,18,18,1.0
11994,You can't judge a book by its cover.,Đừng trông mặt mà bắt hình dong.,exact_duplicate,36,32,0.8888888888888888
11995,Bite off more than you can chew.,Cố gắng làm quá sức mình.,exact_duplicate,32,25,0.78125
11996,Cost an arm and a leg.,"Rất đắt đỏ, tốn rất nhiều tiền.",exact_duplicate,22,31,1.4090909090909092
11997,Get cold feet.,"Mất hết can đảm, chùn bước.",exact_duplicate,14,27,1.9285714285714286
11998,Give someone the benefit of the doubt.,Tin tưởng ai đó dù có nghi ngờ.,exact_duplicate,38,31,0.8157894736842105
12001,Keep your chin up.,"Ngẩng cao đầu, lạc quan lên.",exact_duplicate,18,28,1.5555555555555556
12002,Leave no stone unturned.,"Lật tung mọi thứ, tìm kiếm kỹ lưỡng.",exact_duplicate,24,36,1.5
12003,Make a long story short.,Nói tóm lại.,exact_duplicate,24,12,0.5
12004,On the same page.,"Đồng lòng, hiểu nhau.",exact_duplicate,17,21,1.2352941176470589
12005,Out of the blue.,"Bất ngờ, đột ngột.",exact_duplicate,16,18,1.125
12006,Spill the beans.,Tiết lộ bí mật.,exact_duplicate,16,15,0.9375
12008,The last straw.,Giọt nước tràn ly.,exact_duplicate,15,18,1.2
12010,To get a taste of your own medicine.,Gậy ông đập lưng ông.,exact_duplicate,36,21,0.5833333333333334
12017,A blessing in disguise.,Trong cái rủi có cái may.,exact_duplicate,23,25,1.0869565217391304
12018,A dime a dozen.,"Rẻ như bèo, nhiều như rạ.",exact_duplicate,15,25,1.6666666666666667
12019,Beat around the bush.,Vòng vo tam quốc.,exact_duplicate,21,17,0.8095238095238095
12020,Bite the bullet.,Cắn răng chịu đựng.,exact_duplicate,16,19,1.1875
12021,Break a leg!,Chúc may mắn!,exact_duplicate,12,13,1.0833333333333333
12022,Call it a day.,"Thôi, hôm nay làm tới đây nghỉ nhé.",exact_duplicate,14,35,2.5
12026,Get out of hand.,Mất kiểm soát.,exact_duplicate,16,14,0.875
12027,Go the extra mile.,"Cố gắng hết sức, làm nhiều hơn mong đợi.",exact_duplicate,18,40,2.2222222222222223
12029,It's not rocket science.,Không có gì phức tạp/khó khăn cả.,exact_duplicate,24,33,1.375
12030,Jump on the bandwagon.,Chạy theo trào lưu.,exact_duplicate,22,19,0.8636363636363636
12031,Let the cat out of the bag.,Tiết lộ bí mật.,exact_duplicate,27,15,0.5555555555555556
12032,Miss the boat.,Lỡ mất cơ hội.,exact_duplicate,14,14,1.0
12033,Once in a blue moon.,"Hiếm khi, năm thì mười họa.",exact_duplicate,20,27,1.35
12034,Pull someone's leg.,Trêu chọc ai đó.,exact_duplicate,19,16,0.8421052631578947
12035,See eye to eye.,"Đồng tình, có cùng quan điểm.",exact_duplicate,15,29,1.9333333333333333
12036,Spill the beans.,Tiết lộ bí mật.,exact_duplicate,16,15,0.9375
12038,The ball is in your court.,Quyết định là ở bạn.,exact_duplicate,26,20,0.7692307692307693
12040,Under the weather.,"Không khỏe, ốm.",exact_duplicate,18,15,0.8333333333333334
12042,A piece of cake.,"Dễ ợt, dễ như ăn kẹo.",exact_duplicate,16,21,1.3125
12045,Burn the midnight oil.,Thức khuya làm việc/học.,exact_duplicate,22,24,1.0909090909090908
12048,Every cloud has a silver lining.,"Trong cái rủi có cái may, sau cơn mưa trời lại sáng.",exact_duplicate,32,52,1.625
12049,Get a taste of your own medicine.,Gậy ông đập lưng ông.,exact_duplicate,33,21,0.6363636363636364
12051,Have your head in the clouds.,"Đầu óc trên mây, mơ mộng hão huyền.",exact_duplicate,29,35,1.206896551724138
12052,In a nutshell.,"Tóm lại, nói tóm lại.",exact_duplicate,14,21,1.5
12053,Keep an eye on.,"Để mắt tới, trông chừng.",exact_duplicate,15,24,1.6
12054,Lend an ear.,Lắng nghe.,exact_duplicate,12,10,0.8333333333333334
12055,Make a long story short.,Nói tóm lại.,exact_duplicate,24,12,0.5
12058,Out of the blue.,"Bất ngờ, đột ngột.",exact_duplicate,16,18,1.125
12061,Speak of the devil!,Nhắc Tào Tháo Tào Tháo đến!,exact_duplicate,19,27,1.4210526315789473
12062,The last straw.,Giọt nước tràn ly.,exact_duplicate,15,18,1.2
12063,To add insult to injury.,"Xát muối vào vết thương, đổ thêm dầu vào lửa.",exact_duplicate,24,45,1.875
12065,Wear your heart on your sleeve.,"Bộc lộ cảm xúc ra ngoài, không giấu giếm.",exact_duplicate,31,41,1.3225806451612903
12066,You can't judge a book by its cover.,Đừng trông mặt mà bắt hình dong.,exact_duplicate,36,32,0.8888888888888888
12067,It's raining cats and dogs out there.,Ngoài kia trời đang mưa như trút nước.,exact_duplicate,37,38,1.027027027027027
12068,Let's call it a day.,"Thôi, hôm nay làm tới đây nghỉ nhé.",exact_duplicate,20,35,1.75
12069,A blessing in disguise.,Trong cái rủi có cái may.,exact_duplicate,23,25,1.0869565217391304
12070,Bite the bullet.,Cắn răng chịu đựng.,exact_duplicate,16,19,1.1875
12071,Break a leg!,Chúc may mắn nhé!,exact_duplicate,12,17,1.4166666666666667
12072,It cost an arm and a leg.,Nó đắt cắt cổ.,exact_duplicate,25,14,0.56
12077,You missed the boat on that opportunity.,Bạn đã bỏ lỡ cơ hội đó rồi.,exact_duplicate,40,27,0.675
12079,Are you pulling my leg?,Bạn đang trêu tôi đấy à?,exact_duplicate,23,24,1.0434782608695652
12080,We don't always see eye to eye.,Chúng tôi không phải lúc nào cũng đồng quan điểm.,exact_duplicate,31,49,1.5806451612903225
12089,He had a change of heart and decided not to move.,Anh ấy đã thay đổi ý định và quyết định không chuyển đi nữa.,exact_duplicate,49,60,1.2244897959183674
12092,It's best to let sleeping dogs lie.,Tốt nhất là đừng khơi lại chuyện cũ.,exact_duplicate,35,36,1.0285714285714285
12094,"To make a long story short, we won.","Nói tóm lại, chúng tôi đã thắng.",exact_duplicate,35,32,0.9142857142857143
12095,Don't bite off more than you can chew.,Đừng cố gắng làm quá sức mình.,exact_duplicate,38,30,0.7894736842105263
12097,He finally got a taste of his own medicine.,Cuối cùng thì anh ta cũng gậy ông đập lưng ông.,exact_duplicate,43,47,1.0930232558139534
12102,I know this city like the back of my hand.,Tôi biết thành phố này như lòng bàn tay.,noise_ui_fragment,42,40,0.9523809523809523
12108,Who spilled the beans about the surprise party?,Ai đã tiết lộ bí mật về bữa tiệc bất ngờ vậy?,exact_duplicate,47,45,0.9574468085106383
12119,Actions speak louder than words.,Hành động có giá trị hơn lời nói.,exact_duplicate,32,33,1.03125
12120,Bite the bullet.,Cắn răng chịu đựng.,exact_duplicate,16,19,1.1875
12121,Break a leg!,Chúc may mắn!,exact_duplicate,12,13,1.0833333333333333
12124,Every cloud has a silver lining.,Trong cái rủi có cái may.,exact_duplicate,32,25,0.78125
12125,Get a taste of your own medicine.,Gậy ông đập lưng ông.,exact_duplicate,33,21,0.6363636363636364
12130,Let the cat out of the bag.,Tiết lộ bí mật.,exact_duplicate,27,15,0.5555555555555556
12133,Once in a blue moon.,"Hiếm khi, năm thì mười họa.",exact_duplicate,20,27,1.35
12138,The ball is in your court.,Quyền quyết định thuộc về bạn.,exact_duplicate,26,30,1.1538461538461537
12140,When pigs fly.,"Không bao giờ, chuyện không tưởng.",exact_duplicate,14,34,2.4285714285714284
12141,You can't judge a book by its cover.,Đừng trông mặt mà bắt hình dong.,exact_duplicate,36,32,0.8888888888888888
12143,Bite off more than you can chew.,Cố gắng làm việc quá sức mình.,exact_duplicate,32,30,0.9375
12144,Cost an arm and a leg.,"Rất đắt đỏ, tốn rất nhiều tiền.",exact_duplicate,22,31,1.4090909090909092
12145,Get cold feet.,"Mất hết can đảm, chùn bước.",exact_duplicate,14,27,1.9285714285714286
12146,Hit the nail on the head.,"Nói đúng trọng tâm, nói trúng phóc.",exact_duplicate,25,35,1.4
12148,Miss the boat.,Bỏ lỡ cơ hội.,exact_duplicate,14,13,0.9285714285714286
12150,Pull someone's leg.,Trêu chọc ai đó.,exact_duplicate,19,16,0.8421052631578947
12151,See eye to eye.,"Đồng tình, có cùng quan điểm.",exact_duplicate,15,29,1.9333333333333333
12152,Spill the beans.,Tiết lộ bí mật.,exact_duplicate,16,15,0.9375
12153,The last straw.,Giọt nước tràn ly.,exact_duplicate,15,18,1.2
12155,Up in the air.,"Chưa chắc chắn, chưa quyết định.",exact_duplicate,14,32,2.2857142857142856
12159,Add insult to injury.,"Thêm dầu vào lửa, xát muối vào vết thương.",exact_duplicate,21,42,2.0
12160,Beat around the bush.,Nói vòng vo tam quốc.,exact_duplicate,21,21,1.0
12161,Burn the midnight oil.,"Thức khuya làm việc, học bài.",exact_duplicate,22,29,1.3181818181818181
12162,Come hell or high water.,Dù có chuyện gì xảy ra đi nữa.,exact_duplicate,24,30,1.25
12164,Get out of hand.,Vượt khỏi tầm kiểm soát.,exact_duplicate,16,24,1.5
12166,In the same boat.,"Cùng hội cùng thuyền, cùng cảnh ngộ.",exact_duplicate,17,36,2.1176470588235294
12167,Kill two birds with one stone.,Một mũi tên trúng hai đích.,exact_duplicate,30,27,0.9
12169,A blessing in disguise.,Cái rủi có cái may.,exact_duplicate,23,19,0.8260869565217391
12171,Beat around the bush.,Vòng vo tam quốc.,exact_duplicate,21,17,0.8095238095238095
12172,Bite the bullet.,"Cắn răng chịu đựng, chấp nhận khó khăn.",exact_duplicate,16,39,2.4375
12173,Break a leg!,Chúc may mắn!,exact_duplicate,12,13,1.0833333333333333
12174,Let's call it a day.,"Thôi, hôm nay làm tới đây nghỉ nhé.",exact_duplicate,20,35,1.75
12175,Cut corners.,"Làm tắt, làm ẩu.",exact_duplicate,12,16,1.3333333333333333
12176,Don't cry over spilled milk.,Đừng tiếc nuối những gì đã qua.,exact_duplicate,28,31,1.1071428571428572
12177,"Easy come, easy go.","Của thiên trả địa, dễ đến dễ đi.",exact_duplicate,19,32,1.6842105263157894
12178,Every cloud has a silver lining.,Sau cơn mưa trời lại sáng.,exact_duplicate,32,26,0.8125
12180,Let's hit the road.,Chúng ta lên đường thôi.,exact_duplicate,19,24,1.263157894736842
12181,It's not rocket science.,Nó không phải là điều gì quá phức tạp.,exact_duplicate,24,38,1.5833333333333333
12186,Are you pulling my leg?,Bạn đang trêu chọc tôi à?,exact_duplicate,23,25,1.0869565217391304
12189,The ball is in your court now.,Quyết định là ở bạn bây giờ.,exact_duplicate,30,28,0.9333333333333333
12190,We'll be with you through thick and thin.,Chúng tôi sẽ ở bên bạn dù khó khăn hay thuận lợi.,exact_duplicate,41,49,1.1951219512195121
12192,Don't bite off more than you can chew.,Đừng cố gắng làm quá sức mình.,exact_duplicate,38,30,0.7894736842105263
12195,I need to get something off my chest.,Tôi cần trút bầu tâm sự.,exact_duplicate,37,24,0.6486486486486487
12202,"To make a long story short, we won.","Nói tóm lại, chúng tôi đã thắng.",exact_duplicate,35,32,0.9142857142857143
12203,Don't put all your eggs in one basket.,Đừng đặt tất cả trứng vào một giỏ.,exact_duplicate,38,34,0.8947368421052632
12204,Who spilled the beans about the surprise party?,Ai đã tiết lộ bí mật về bữa tiệc bất ngờ vậy?,exact_duplicate,47,45,0.9574468085106383
12205,Can I take a rain check on dinner tonight?,Tôi có thể hoãn bữa tối nay sang lần khác được không?,exact_duplicate,42,53,1.2619047619047619
12207,I'm feeling a bit under the weather today.,Hôm nay tôi cảm thấy hơi không khỏe.,exact_duplicate,42,36,0.8571428571428571
12210,A penny for your thoughts?,Bạn đang nghĩ gì vậy?,exact_duplicate,26,21,0.8076923076923077
12215,We need to go back to the drawing board.,Chúng ta cần bắt đầu lại từ đầu.,noise_ui_fragment,40,32,0.8
12217,"In a nutshell, the plan failed.","Tóm lại, kế hoạch đã thất bại.",exact_duplicate,31,30,0.967741935483871
12219,A blessing in disguise.,Trong cái rủi có cái may.,exact_duplicate,23,25,1.0869565217391304
12220,A dime a dozen.,"Rẻ như bèo, nhiều vô kể.",exact_duplicate,15,24,1.6
12221,Beat around the bush.,"Vòng vo tam quốc, nói tránh.",exact_duplicate,21,28,1.3333333333333333
12223,Break a leg!,Chúc may mắn!,exact_duplicate,12,13,1.0833333333333333
12224,Let's call it a day.,"Thôi, hôm nay làm tới đây nghỉ nhé.",exact_duplicate,20,35,1.75
12227,"Easy come, easy go.","Của thiên trả địa, dễ đến dễ đi.",exact_duplicate,19,32,1.6842105263157894
12229,It's time to hit the road.,Đến lúc lên đường rồi.,exact_duplicate,26,22,0.8461538461538461
12232,You missed the boat on that opportunity.,Bạn đã bỏ lỡ cơ hội đó rồi.,exact_duplicate,40,27,0.675
12234,Are you pulling my leg?,Bạn đang trêu chọc tôi à?,exact_duplicate,23,25,1.0869565217391304
12236,That was the last straw.,Đó là giọt nước tràn ly.,exact_duplicate,24,24,1.0
12237,The ball is in your court now.,Quyền quyết định bây giờ là ở bạn.,exact_duplicate,30,34,1.1333333333333333
12239,"To make a long story short, we won.",Nói tóm lại là chúng tôi đã thắng.,exact_duplicate,35,34,0.9714285714285714
12242,You can't judge a book by its cover.,Đừng trông mặt mà bắt hình dong.,exact_duplicate,36,32,0.8888888888888888
12244,Don't bite off more than you can chew.,Đừng cố gắng làm quá sức mình.,exact_duplicate,38,30,0.7894736842105263
12248,Every cloud has a silver lining.,Trong cái rủi có cái may.,exact_duplicate,32,25,0.78125
12252,"In a nutshell, the plan failed.","Tóm lại, kế hoạch đã thất bại.",exact_duplicate,31,30,0.967741935483871
12254,It's best to let sleeping dogs lie.,Tốt nhất là đừng khơi lại chuyện cũ.,exact_duplicate,35,36,1.0285714285714285
12260,We don't always see eye to eye.,Chúng tôi không phải lúc nào cũng đồng quan điểm.,exact_duplicate,31,49,1.5806451612903225
12262,Can I take a rain check on dinner tonight?,Tôi có thể hoãn bữa tối nay sang lần khác được không?,exact_duplicate,42,53,1.2619047619047619
12264,He decided to throw in the towel.,Anh ấy quyết định bỏ cuộc.,exact_duplicate,33,26,0.7878787878787878
12267,She wears her heart on her sleeve.,Cô ấy bộc lộ cảm xúc ra ngoài.,exact_duplicate,34,30,0.8823529411764706
12269,It's raining cats and dogs out there.,Ngoài kia trời đang mưa như trút nước.,exact_duplicate,37,38,1.027027027027027
12270,Let's call it a day.,"Thôi, hôm nay làm tới đây nghỉ nhé.",exact_duplicate,20,35,1.75
12271,Every cloud has a silver lining.,"Trong cái rủi có cái may, sau cơn mưa trời lại sáng.",exact_duplicate,32,52,1.625
12274,A dime a dozen.,"Rẻ như bèo, nhiều như rạ.",exact_duplicate,15,25,1.6666666666666667
12275,Beat around the bush.,"Vòng vo tam quốc, nói tránh.",exact_duplicate,21,28,1.3333333333333333
12276,Bite the bullet.,"Cắn răng chịu đựng, chấp nhận khó khăn.",exact_duplicate,16,39,2.4375
12277,Break a leg!,Chúc may mắn nhé!,exact_duplicate,12,17,1.4166666666666667
12279,"Easy come, easy go.","Của thiên trả địa, dễ đến dễ đi.",exact_duplicate,19,32,1.6842105263157894
12280,Get out of hand.,"Mất kiểm soát, vượt ngoài tầm tay.",exact_duplicate,16,34,2.125
12281,Hit the road.,"Lên đường, khởi hành.",exact_duplicate,13,21,1.6153846153846154
12283,Jump on the bandwagon.,"Hùa theo số đông, theo phong trào.",exact_duplicate,22,34,1.5454545454545454
12284,Kill two birds with one stone.,Một mũi tên trúng hai đích.,exact_duplicate,30,27,0.9
12285,Let the cat out of the bag.,Tiết lộ bí mật.,exact_duplicate,27,15,0.5555555555555556
12288,Piece of cake.,"Dễ ợt, dễ như ăn kẹo.",exact_duplicate,14,21,1.5
12289,Pull someone's leg.,Trêu chọc ai đó.,exact_duplicate,19,16,0.8421052631578947
12291,See eye to eye.,"Đồng tình, đồng quan điểm.",exact_duplicate,15,26,1.7333333333333334
12294,The ball is in your court.,"Quyết định là ở bạn, đến lượt bạn hành động.",exact_duplicate,26,44,1.6923076923076923
12295,Through thick and thin.,"Dù khó khăn hay thuận lợi, bất kể thế nào.",exact_duplicate,23,42,1.826086956521739
12296,Under the weather.,"Không khỏe, ốm nhẹ.",exact_duplicate,18,19,1.0555555555555556
12297,When pigs fly.,"Không bao giờ xảy ra, còn lâu lắm.",exact_duplicate,14,34,2.4285714285714284
12299,You can't judge a book by its cover.,Đừng trông mặt mà bắt hình dong.,exact_duplicate,36,32,0.8888888888888888
12301,Cost an arm and a leg.,"Rất đắt đỏ, tốn rất nhiều tiền.",exact_duplicate,22,31,1.4090909090909092
12302,Get your act together.,"Chấn chỉnh lại bản thân, nghiêm túc hơn.",exact_duplicate,22,40,1.8181818181818181
12305,Let sleeping dogs lie.,"Đừng khơi lại chuyện đã qua, để yên mọi chuyện.",exact_duplicate,22,47,2.1363636363636362
12306,Make a long story short.,"Nói tóm lại, nói ngắn gọn.",exact_duplicate,24,26,1.0833333333333333
12307,On the same page.,"Đồng quan điểm, hiểu ý nhau.",exact_duplicate,17,28,1.6470588235294117
12310,Take it with a grain of salt.,"Đừng tin hoàn toàn, nghe cho vui thôi.",exact_duplicate,29,38,1.3103448275862069
12311,The early bird catches the worm.,"Ai nhanh chân thì được việc, người dậy sớm bắt được sâu.",exact_duplicate,32,56,1.75
12315,To hit the nail on the head.,"Nói đúng trọng tâm, nói trúng phóc.",exact_duplicate,28,35,1.25
12320,It's raining cats and dogs out there.,Ngoài kia trời đang mưa như trút nước.,exact_duplicate,37,38,1.027027027027027
12321,Let's call it a day.,"Thôi, hôm nay làm tới đây nghỉ nhé.",exact_duplicate,20,35,1.75
12326,Break a leg!,Chúc may mắn!,exact_duplicate,12,13,1.0833333333333333
12329,Every cloud has a silver lining.,"Trong cái rủi có cái may, sau cơn mưa trời lại sáng.",exact_duplicate,32,52,1.625
12330,Get out of hand.,"Mất kiểm soát, vượt ngoài tầm tay.",exact_duplicate,16,34,2.125
12332,It's not rocket science.,Không có gì phức tạp/khó khăn cả.,exact_duplicate,24,33,1.375
12334,Kill two birds with one stone.,Một mũi tên trúng hai đích.,exact_duplicate,30,27,0.9
12335,Let the cat out of the bag.,Tiết lộ bí mật.,exact_duplicate,27,15,0.5555555555555556
12336,Miss the boat.,Lỡ mất cơ hội.,exact_duplicate,14,14,1.0
12337,Once in a blue moon.,"Hiếm khi, năm thì mười họa.",exact_duplicate,20,27,1.35
12338,Pull someone's leg.,Trêu chọc ai đó.,exact_duplicate,19,16,0.8421052631578947
12339,See eye to eye.,"Đồng tình, có cùng quan điểm.",exact_duplicate,15,29,1.9333333333333333
12341,Take it with a grain of salt.,"Đừng tin hoàn toàn, nghe cho vui thôi.",exact_duplicate,29,38,1.3103448275862069
12344,Under the weather.,"Không khỏe, ốm nhẹ.",exact_duplicate,18,19,1.0555555555555556
12345,When pigs fly.,"Không bao giờ xảy ra, còn lâu lắm.",exact_duplicate,14,34,2.4285714285714284
12347,Barking up the wrong tree.,"Nhầm đối tượng, nhầm người, đổ oan.",exact_duplicate,26,35,1.3461538461538463
12349,Burn the midnight oil.,Thức khuya làm việc/học.,exact_duplicate,22,24,1.0909090909090908
12351,Cost an arm and a leg.,"Rất đắt, tốn một đống tiền.",exact_duplicate,22,27,1.2272727272727273
12355,Go back to the drawing board.,"Bắt đầu lại từ đầu, vạch lại kế hoạch.",noise_ui_fragment,29,38,1.3103448275862069
12357,In the same boat.,"Cùng hội cùng thuyền, cùng cảnh ngộ.",exact_duplicate,17,36,2.1176470588235294
12358,Keep your chin up.,"Ngẩng cao đầu, lạc quan lên.",exact_duplicate,18,28,1.5555555555555556
12359,Let bygones be bygones.,"Hãy để quá khứ ngủ yên, bỏ qua chuyện cũ.",exact_duplicate,23,41,1.7826086956521738
12360,Make a long story short.,"Nói tóm lại, nói ngắn gọn.",exact_duplicate,24,26,1.0833333333333333
12361,"No pain, no gain.",Không đổ mồ hôi thì không có thành quả.,exact_duplicate,17,39,2.2941176470588234
12366,Spill the beans.,Tiết lộ bí mật.,exact_duplicate,16,15,0.9375
12368,The early bird catches the worm.,"Ai nhanh chân thì được việc, người dậy sớm bắt được sâu.",exact_duplicate,32,56,1.75
12370,A blessing in disguise.,Cái rủi có cái may.,exact_duplicate,23,19,0.8260869565217391
12371,A dime a dozen.,"Rẻ như bèo, nhiều như rạ.",exact_duplicate,15,25,1.6666666666666667
12372,Beat around the bush.,Vòng vo tam quốc.,exact_duplicate,21,17,0.8095238095238095
12373,Bite the bullet.,Cắn răng chịu đựng.,exact_duplicate,16,19,1.1875
12374,Break a leg!,Chúc may mắn!,exact_duplicate,12,13,1.0833333333333333
12375,Call it a day.,"Thôi, hôm nay làm tới đây nghỉ nhé.",exact_duplicate,14,35,2.5
12377,Don't cry over spilled milk.,Đừng tiếc nuối những gì đã qua.,exact_duplicate,28,31,1.1071428571428572
12378,"Easy come, easy go.",Dễ đến dễ đi.,exact_duplicate,19,13,0.6842105263157895
12379,Every cloud has a silver lining.,Trong cái rủi có cái may.,exact_duplicate,32,25,0.78125
12380,Get out of hand.,Mất kiểm soát.,exact_duplicate,16,14,0.875
12381,Hit the road.,"Lên đường, khởi hành.",exact_duplicate,13,21,1.6153846153846154
12383,Jump on the bandwagon.,"Chạy theo trào lưu, a dua.",exact_duplicate,22,26,1.1818181818181819
12384,Let the cat out of the bag.,Tiết lộ bí mật.,exact_duplicate,27,15,0.5555555555555556
12385,Miss the boat.,Bỏ lỡ cơ hội.,exact_duplicate,14,13,0.9285714285714286
12386,Once in a blue moon.,"Hiếm khi, năm thì mười họa.",exact_duplicate,20,27,1.35
12387,Pull someone's leg.,Trêu chọc ai đó.,exact_duplicate,19,16,0.8421052631578947
12389,Speak of the devil!,Nhắc Tào Tháo Tào Tháo đến!,exact_duplicate,19,27,1.4210526315789473
12390,The best of both worlds.,Vẹn cả đôi đường.,exact_duplicate,24,17,0.7083333333333334
12391,Through thick and thin.,Dù khó khăn hay thuận lợi.,exact_duplicate,23,26,1.1304347826086956
12392,To make a long story short.,"Nói tóm lại, nói ngắn gọn.",exact_duplicate,27,26,0.9629629629629629
12393,Under the weather.,"Không khỏe, ốm.",exact_duplicate,18,15,0.8333333333333334
12394,When pigs fly.,"Không bao giờ, chuyện viển vông.",exact_duplicate,14,32,2.2857142857142856
12396,Barking up the wrong tree.,"Nhầm đối tượng, nhầm người.",exact_duplicate,26,27,1.0384615384615385
12397,Bite off more than you can chew.,Cố gắng làm quá sức mình.,exact_duplicate,32,25,0.78125
12399,Cost an arm and a leg.,"Rất đắt, tốn một đống tiền.",exact_duplicate,22,27,1.2272727272727273
12400,Cry wolf.,"Kêu cứu giả, báo động giả.",exact_duplicate,9,26,2.888888888888889
12401,Every dog has its day.,Ai rồi cũng có lúc thành công.,exact_duplicate,22,30,1.3636363636363635
12406,Lend an ear.,Lắng nghe.,exact_duplicate,12,10,0.8333333333333334
12407,Let bygones be bygones.,"Hãy để quá khứ ngủ yên, bỏ qua chuyện cũ.",exact_duplicate,23,41,1.7826086956521738
12409,"No pain, no gain.",Không đổ mồ hôi thì không có thành quả.,exact_duplicate,17,39,2.2941176470588234
12411,Out of the blue.,"Bất ngờ, đột ngột.",exact_duplicate,16,18,1.125
12412,A penny for your thoughts?,Bạn đang nghĩ gì vậy?,exact_duplicate,26,21,0.8076923076923077
12414,Spill the beans.,Tiết lộ bí mật.,exact_duplicate,16,15,0.9375
12416,The ball is in your court.,Quyết định là ở bạn.,exact_duplicate,26,20,0.7692307692307693
12417,Throw in the towel.,"Bỏ cuộc, đầu hàng.",exact_duplicate,19,18,0.9473684210526315
12418,Up in the air.,"Chưa quyết định, còn bỏ ngỏ.",exact_duplicate,14,28,2.0
12419,Wear your heart on your sleeve.,"Bộc lộ cảm xúc ra ngoài, không che giấu.",exact_duplicate,31,40,1.2903225806451613
12420,Actions speak louder than words.,Hành động có giá trị hơn lời nói.,exact_duplicate,32,33,1.03125
12421,Bite the bullet.,Cắn răng chịu đựng.,exact_duplicate,16,19,1.1875
12422,Break a leg!,Chúc may mắn!,exact_duplicate,12,13,1.0833333333333333
12424,Cut corners.,"Làm tắt, làm ẩu.",exact_duplicate,12,16,1.3333333333333333
12426,Every cloud has a silver lining.,Trong cái rủi có cái may.,exact_duplicate,32,25,0.78125
12430,It's not rocket science.,Nó không phải là điều gì quá phức tạp.,exact_duplicate,24,38,1.5833333333333333
12432,Let the cat out of the bag.,Tiết lộ bí mật.,exact_duplicate,27,15,0.5555555555555556
12433,Once in a blue moon.,"Hiếm khi, năm thì mười họa.",exact_duplicate,20,27,1.35
12434,Pull someone's leg.,Trêu chọc ai đó.,exact_duplicate,19,16,0.8421052631578947
12435,See eye to eye.,"Đồng tình, có cùng quan điểm.",exact_duplicate,15,29,1.9333333333333333
12437,The ball is in your court.,Quyền quyết định thuộc về bạn.,exact_duplicate,26,30,1.1538461538461537
12439,When pigs fly.,"Không bao giờ, chuyện không thể xảy ra.",exact_duplicate,14,39,2.7857142857142856
12440,Bite off more than you can chew.,Cố gắng làm quá sức mình.,exact_duplicate,32,25,0.78125
12441,Burn the midnight oil.,Thức khuya làm việc.,exact_duplicate,22,20,0.9090909090909091
12443,Get a taste of your own medicine.,Gậy ông đập lưng ông.,exact_duplicate,33,21,0.6363636363636364
12447,Kill two birds with one stone.,Một mũi tên trúng hai đích.,exact_duplicate,30,27,0.9
12449,Miss the boat.,Bỏ lỡ cơ hội.,exact_duplicate,14,13,0.9285714285714286
12451,Out of the blue.,"Bất ngờ, đột ngột.",exact_duplicate,16,18,1.125
12453,Piece of cake.,"Dễ ợt, dễ như ăn kẹo.",exact_duplicate,14,21,1.5
12456,Spill the beans.,Tiết lộ bí mật.,exact_duplicate,16,15,0.9375
12458,The last straw.,Giọt nước tràn ly.,exact_duplicate,15,18,1.2
12459,Under the weather.,"Không khỏe, ốm.",exact_duplicate,18,15,0.8333333333333334
12460,Wear your heart on your sleeve.,Bộc lộ cảm xúc ra ngoài.,exact_duplicate,31,24,0.7741935483870968
12461,Beat around the bush.,Nói vòng vo tam quốc.,exact_duplicate,21,21,1.0
12467,Get out of hand.,Vượt khỏi tầm kiểm soát.,exact_duplicate,16,24,1.5
12468,Hit the nail on the head.,"Nói đúng trọng tâm, nói trúng phóc.",exact_duplicate,25,35,1.4
12469,In the same boat.,"Cùng hội cùng thuyền, cùng cảnh ngộ.",exact_duplicate,17,36,2.1176470588235294
12470,A blessing in disguise.,Cái rủi có cái may.,exact_duplicate,23,19,0.8260869565217391
12471,A dime a dozen.,"Rẻ như bèo, nhiều như rạ.",exact_duplicate,15,25,1.6666666666666667
12472,Beat around the bush.,Nói vòng vo tam quốc.,exact_duplicate,21,21,1.0
12473,Bite the bullet.,Cắn răng chịu đựng.,exact_duplicate,16,19,1.1875
12474,Break a leg!,Chúc may mắn nhé!,exact_duplicate,12,17,1.4166666666666667
12475,Call it a day.,"Thôi, hôm nay làm tới đây nghỉ nhé.",exact_duplicate,14,35,2.5
12476,Cut corners.,"Làm tắt, làm ẩu.",exact_duplicate,12,16,1.3333333333333333
12477,Don't put all your eggs in one basket.,Đừng bỏ tất cả trứng vào một giỏ.,exact_duplicate,38,33,0.868421052631579
12478,Every cloud has a silver lining.,"Trong cái rủi có cái may, sau cơn mưa trời lại sáng.",exact_duplicate,32,52,1.625
12479,Get out of hand.,Vượt ngoài tầm kiểm soát.,exact_duplicate,16,25,1.5625
12480,Hit the road.,Lên đường thôi!,exact_duplicate,13,15,1.1538461538461537
12482,Jump on the bandwagon.,"Chạy theo trào lưu, hùa theo số đông.",exact_duplicate,22,37,1.6818181818181819
12483,Let the cat out of the bag.,Tiết lộ bí mật.,exact_duplicate,27,15,0.5555555555555556
12484,Miss the boat.,Bỏ lỡ cơ hội.,exact_duplicate,14,13,0.9285714285714286
12485,Once in a blue moon.,"Hiếm khi, năm thì mười họa.",exact_duplicate,20,27,1.35
12486,Pull someone's leg.,Trêu chọc ai đó.,exact_duplicate,19,16,0.8421052631578947
12487,Spill the beans.,Tiết lộ bí mật.,exact_duplicate,16,15,0.9375
12488,Take it with a grain of salt.,"Đừng tin hoàn toàn, nghe cho vui thôi.",exact_duplicate,29,38,1.3103448275862069
12489,Under the weather.,"Không khỏe, ốm nhẹ.",exact_duplicate,18,19,1.0555555555555556
12491,You can't judge a book by its cover.,Đừng trông mặt mà bắt hình dong.,exact_duplicate,36,32,0.8888888888888888
12492,Add insult to injury.,"Thêm dầu vào lửa, xát muối vào vết thương.",exact_duplicate,21,42,2.0
12493,Barking up the wrong tree.,"Nhầm đối tượng, nhầm người.",exact_duplicate,26,27,1.0384615384615385
12495,Burn the midnight oil.,Thức khuya làm việc/học.,exact_duplicate,22,24,1.0909090909090908
12497,Cost an arm and a leg.,"Rất đắt, tốn một đống tiền.",exact_duplicate,22,27,1.2272727272727273
12500,Get a taste of your own medicine.,Gậy ông đập lưng ông.,exact_duplicate,33,21,0.6363636363636364
12503,In a nutshell.,"Tóm lại, nói tóm lại.",exact_duplicate,14,21,1.5
12504,Keep an eye on.,"Để mắt đến, trông chừng.",exact_duplicate,15,24,1.6
12505,Kill two birds with one stone.,Một mũi tên trúng hai đích.,exact_duplicate,30,27,0.9
12507,Make a long story short.,"Nói tóm lại, nói ngắn gọn.",exact_duplicate,24,26,1.0833333333333333
12508,"No pain, no gain.",Không đổ mồ hôi thì không có thành quả.,exact_duplicate,17,39,2.2941176470588234
12511,Pass with flying colors.,Đạt kết quả xuất sắc.,exact_duplicate,24,21,0.875
12514,See eye to eye.,"Đồng tình, có cùng quan điểm.",exact_duplicate,15,29,1.9333333333333333
12515,Speak of the devil.,Nhắc Tào Tháo Tào Tháo đến.,exact_duplicate,19,27,1.4210526315789473
12516,The ball is in your court.,"Quyết định là ở bạn, đến lượt bạn hành động.",exact_duplicate,26,44,1.6923076923076923
12517,Throw in the towel.,"Bỏ cuộc, đầu hàng.",exact_duplicate,19,18,0.9473684210526315
12518,Up in the air.,"Chưa quyết định, còn bỏ ngỏ.",exact_duplicate,14,28,2.0
12519,Wear your heart on your sleeve.,"Bộc lộ cảm xúc ra ngoài, không che giấu.",exact_duplicate,31,40,1.2903225806451613
12523,In the same boat.,"Cùng hội cùng thuyền, cùng cảnh ngộ.",exact_duplicate,17,36,2.1176470588235294
12525,A blessing in disguise.,Cái rủi có cái may.,exact_duplicate,23,19,0.8260869565217391
12527,Beat around the bush.,"Vòng vo tam quốc, nói tránh.",exact_duplicate,21,28,1.3333333333333333
12528,Bite the bullet.,Cắn răng chịu đựng.,exact_duplicate,16,19,1.1875
12530,Call it a day.,Kết thúc công việc trong ngày.,exact_duplicate,14,30,2.142857142857143
12533,"Easy come, easy go.","Của thiên trả địa, dễ đến dễ đi.",exact_duplicate,19,32,1.6842105263157894
12534,Every cloud has a silver lining.,Trong cái rủi có cái may.,exact_duplicate,32,25,0.78125
12535,Get out of hand.,Mất kiểm soát.,exact_duplicate,16,14,0.875
12536,Hit the road.,"Lên đường, khởi hành.",exact_duplicate,13,21,1.6153846153846154
12538,Jump on the bandwagon.,"Chạy theo trào lưu, hùa theo số đông.",exact_duplicate,22,37,1.6818181818181819
12539,Let the cat out of the bag.,Tiết lộ bí mật.,exact_duplicate,27,15,0.5555555555555556
12540,Miss the boat.,Bỏ lỡ cơ hội.,exact_duplicate,14,13,0.9285714285714286
12541,Once in a blue moon.,"Hiếm khi, năm thì mười họa.",exact_duplicate,20,27,1.35
12542,Pull someone's leg.,Trêu chọc ai đó.,exact_duplicate,19,16,0.8421052631578947
12544,Speak of the devil!,"Nhắc Tào Tháo, Tào Tháo đến!",exact_duplicate,19,28,1.4736842105263157
12546,Through thick and thin.,Dù khó khăn hay thuận lợi.,exact_duplicate,23,26,1.1304347826086956
12548,Under the weather.,"Không khỏe, ốm nhẹ.",exact_duplicate,18,19,1.0555555555555556
12549,When pigs fly.,"Không bao giờ, chuyện không thể xảy ra.",exact_duplicate,14,39,2.7857142857142856
12550,You can't judge a book by its cover.,Đừng trông mặt mà bắt hình dong.,exact_duplicate,36,32,0.8888888888888888
12551,A piece of cake.,"Dễ ợt, dễ như ăn kẹo.",exact_duplicate,16,21,1.3125
12554,Get a taste of your own medicine.,Gậy ông đập lưng ông.,exact_duplicate,33,21,0.6363636363636364
12556,In the same boat.,"Cùng hội cùng thuyền, cùng cảnh ngộ.",exact_duplicate,17,36,2.1176470588235294
12558,Lend an ear.,Lắng nghe.,exact_duplicate,12,10,0.8333333333333334
12559,Make a long story short.,"Nói tóm lại, nói ngắn gọn.",exact_duplicate,24,26,1.0833333333333333
12561,Out of the blue.,"Bất ngờ, đột ngột.",exact_duplicate,16,18,1.125
12562,Pass with flying colors.,Đạt kết quả xuất sắc.,exact_duplicate,24,21,0.875
12563,Spill the beans.,Tiết lộ bí mật.,exact_duplicate,16,15,0.9375
12573,Let's touch base next week regarding the project status.,Hãy trao đổi lại vào tuần tới về tình trạng dự án.,noise_ui_fragment,56,50,0.8928571428571429
12584,We are launching a new product line next month.,Chúng tôi sẽ ra mắt dòng sản phẩm mới vào tháng tới.,noise_ui_fragment,47,52,1.1063829787234043
12595,The deadline for submission is close of business today.,Hạn chót nộp bài là cuối giờ làm việc hôm nay.,noise_ui_fragment,55,46,0.8363636363636363
12615,Our Q3 revenue exceeded expectations by 15%.,Doanh thu quý 3 của chúng ta đã vượt kỳ vọng 15%.,exact_duplicate,44,49,1.1136363636363635
12616,We need to focus on reducing the customer acquisition cost (CAC).,Chúng ta cần tập trung giảm chi phí để có được một khách hàng mới.,exact_duplicate,65,66,1.0153846153846153
12617,The annual financial report will be released next week.,Báo cáo tài chính thường niên sẽ được công bố vào tuần tới.,exact_duplicate; noise_ui_fragment,55,59,1.0727272727272728
12621,The audit revealed some minor discrepancies.,Cuộc kiểm toán đã phát hiện một số sai lệch nhỏ.,exact_duplicate,44,48,1.0909090909090908
12622,Cash flow management is crucial for small businesses.,Quản lý dòng tiền là rất quan trọng đối với các doanh nghiệp nhỏ.,exact_duplicate,53,65,1.2264150943396226
12625,The financial forecast looks promising for next year.,Dự báo tài chính trông rất hứa hẹn cho năm tới.,noise_ui_fragment,53,47,0.8867924528301887
12627,The stock market experienced a sharp decline today.,Thị trường chứng khoán đã trải qua một đợt sụt giảm mạnh hôm nay.,exact_duplicate,51,65,1.2745098039215685
12633,Emerging markets offer significant growth opportunities.,Các thị trường mới nổi mang lại cơ hội tăng trưởng đáng kể.,exact_duplicate,56,59,1.0535714285714286
12643,We project a 10% increase in sales next quarter.,Chúng tôi dự kiến doanh số sẽ tăng 10% trong quý tới.,noise_ui_fragment,48,53,1.1041666666666667
12667,The annual report will be released next week.,Báo cáo thường niên sẽ được công bố vào tuần tới.,noise_ui_fragment,45,49,1.0888888888888888
12669,The audit revealed some minor discrepancies.,Cuộc kiểm toán đã phát hiện một số sai lệch nhỏ.,exact_duplicate,44,48,1.0909090909090908
12672,Cash flow management is crucial for small businesses.,Quản lý dòng tiền là rất quan trọng đối với các doanh nghiệp nhỏ.,exact_duplicate,53,65,1.2264150943396226
12673,We project a significant increase in revenue for the next fiscal year.,Chúng ta dự kiến doanh thu sẽ tăng đáng kể trong năm tài chính tới.,noise_ui_fragment,70,67,0.9571428571428572
12679,Interest rates are expected to rise next quarter.,Lãi suất dự kiến sẽ tăng vào quý tới.,exact_duplicate; noise_ui_fragment,49,37,0.7551020408163265
12694,The sales forecast for next month looks promising.,Dự báo doanh số cho tháng tới có vẻ đầy hứa hẹn.,noise_ui_fragment,50,48,0.96
12696,We need to analyze regional sales performance.,Chúng ta cần phân tích hiệu suất bán hàng theo khu vực.,exact_duplicate,46,55,1.1956521739130435
12708,We need to track our key performance indicators (KPIs).,Chúng ta cần theo dõi các chỉ số hiệu suất chính (KPIs) của mình.,exact_duplicate,55,65,1.1818181818181819
12710,Diversifying your investment portfolio is essential.,Đa dạng hóa danh mục đầu tư là điều cần thiết.,exact_duplicate,52,46,0.8846153846153846
12723,Initial Public Offering (IPO) is planned for next year.,Kế hoạch Phát hành cổ phiếu lần đầu ra công chúng (IPO) sẽ diễn ra vào năm tới.,noise_ui_fragment,55,79,1.4363636363636363
12727,Our Q3 revenue exceeded expectations by 15%.,Doanh thu quý 3 của chúng ta đã vượt kỳ vọng 15%.,exact_duplicate,44,49,1.1136363636363635
12728,The annual financial report will be released next week.,Báo cáo tài chính thường niên sẽ được công bố vào tuần tới.,exact_duplicate; noise_ui_fragment,55,59,1.0727272727272728
12729,We need to analyze the income statement carefully.,Chúng ta cần phân tích báo cáo kết quả kinh doanh một cách cẩn thận.,exact_duplicate,50,68,1.36
12733,The audit revealed some minor discrepancies.,Cuộc kiểm toán đã phát hiện một số sai lệch nhỏ.,exact_duplicate,44,48,1.0909090909090908
12737,The stock market experienced a sharp decline today.,Thị trường chứng khoán đã trải qua một đợt sụt giảm mạnh hôm nay.,exact_duplicate,51,65,1.2745098039215685
12738,Inflation rates are a major concern for investors.,Tỷ lệ lạm phát là một mối lo ngại lớn đối với các nhà đầu tư.,exact_duplicate,50,61,1.22
12756,The sales pipeline looks promising for next quarter.,Kênh bán hàng (pipeline) có vẻ đầy hứa hẹn cho quý tới.,noise_ui_fragment,52,55,1.0576923076923077
12767,What's the expected Return on Investment (ROI) for this project?,Tỷ suất hoàn vốn đầu tư (ROI) dự kiến cho dự án này là bao nhiêu?,exact_duplicate,64,65,1.015625
12777,Our Q3 revenue exceeded expectations by 15%.,Doanh thu quý 3 của chúng ta đã vượt kỳ vọng 15%.,exact_duplicate,44,49,1.1136363636363635
12782,The annual financial report will be published next week.,Báo cáo tài chính thường niên sẽ được công bố vào tuần tới.,noise_ui_fragment,56,59,1.0535714285714286
12786,Diversifying your investment portfolio is crucial for risk management.,Đa dạng hóa danh mục đầu tư là rất quan trọng để quản lý rủi ro.,exact_duplicate,70,64,0.9142857142857143
12794,Our sales forecasts for the next year look very promising.,Dự báo doanh số của chúng ta cho năm tới trông rất hứa hẹn.,noise_ui_fragment,58,59,1.0172413793103448
12810,The startup incubator provides mentorship and office space.,Vườn ươm khởi nghiệp cung cấp sự cố vấn và không gian văn phòng.,exact_duplicate,59,64,1.0847457627118644
12811,"He's always checking his investment portfolio, hoping for a quick 'bơ'.","Anh ấy luôn kiểm tra danh mục đầu tư của mình, hy vọng kiếm được 'bơ' nhanh chóng.",language_suspect,71,82,1.1549295774647887
12814,We need to set ambitious but realistic sales targets for next year.,Chúng ta cần đặt ra các mục tiêu bán hàng đầy tham vọng nhưng thực tế cho năm tới.,noise_ui_fragment,67,82,1.2238805970149254
12821,The company's liquidity position is strong.,Vị thế thanh khoản của công ty rất mạnh.,exact_duplicate,43,40,0.9302325581395349
12823,We experienced 'gắt' competition in the e-commerce sector last year.,Chúng tôi đã trải qua sự cạnh tranh 'gắt' trong lĩnh vực thương mại điện tử vào năm ngoái.,language_suspect,68,90,1.3235294117647058
12824,The CFO presented the quarterly financial results to the board.,Giám đốc tài chính (CFO) đã trình bày kết quả tài chính quý trước hội đồng quản trị.,exact_duplicate,63,84,1.3333333333333333
12827,Our Q3 revenue exceeded expectations by 15%.,Doanh thu quý 3 của chúng ta đã vượt kỳ vọng 15%.,exact_duplicate,44,49,1.1136363636363635
12828,The annual financial report will be released next Monday.,Báo cáo tài chính thường niên sẽ được công bố vào thứ Hai tới.,noise_ui_fragment,57,62,1.087719298245614
12838,Economic indicators suggest a potential recession next year.,Các chỉ số kinh tế gợi ý một cuộc suy thoái tiềm năng vào năm tới.,noise_ui_fragment,60,66,1.1
12848,We need to focus on reducing the customer acquisition cost (CAC).,Chúng ta cần tập trung giảm chi phí để có được một khách hàng mới (CAC).,exact_duplicate,65,72,1.1076923076923078
12856,The marketing budget for next year will prioritize digital channels.,Ngân sách tiếp thị cho năm tới sẽ ưu tiên các kênh kỹ thuật số.,noise_ui_fragment,68,63,0.9264705882352942
12867,What is the expected Return on Investment (ROI) for this project?,Tỷ suất hoàn vốn đầu tư (ROI) dự kiến cho dự án này là bao nhiêu?,exact_duplicate,65,65,1.0
12869,Diversifying your investment portfolio can mitigate risks.,Đa dạng hóa danh mục đầu tư có thể giảm thiểu rủi ro.,exact_duplicate,58,53,0.9137931034482759
12872,The company announced a dividend payout to its shareholders.,Công ty đã công bố chi trả cổ tức cho các cổ đông của mình.,exact_duplicate,60,59,0.9833333333333333
12877,Our Q3 revenue exceeded expectations by 15%.,Doanh thu quý 3 của chúng ta đã vượt kỳ vọng 15%.,exact_duplicate,44,49,1.1136363636363635
12878,We need to focus on reducing the customer acquisition cost (CAC).,Chúng ta cần tập trung giảm chi phí để có được một khách hàng mới.,exact_duplicate,65,66,1.0153846153846153
12879,The company's net profit margin improved significantly this quarter.,Biên lợi nhuận ròng của công ty đã cải thiện đáng kể trong quý này.,exact_duplicate,68,67,0.9852941176470589
12880,Market trends indicate a strong recovery in the tech sector.,Xu hướng thị trường cho thấy sự phục hồi mạnh mẽ trong lĩnh vực công nghệ.,exact_duplicate,60,74,1.2333333333333334
12882,The startup successfully closed its Series A funding round.,Công ty khởi nghiệp đã chốt thành công vòng gọi vốn Series A.,exact_duplicate,59,61,1.0338983050847457
12883,What's the projected Return on Investment (ROI) for this project?,Tỷ suất hoàn vốn đầu tư (ROI) dự kiến cho dự án này là bao nhiêu?,exact_duplicate,65,65,1.0
12885,The financial report will be presented at the board meeting next week.,Báo cáo tài chính sẽ được trình bày tại cuộc họp hội đồng quản trị vào tuần tới.,noise_ui_fragment,70,80,1.1428571428571428
12889,Diversifying your investment portfolio is crucial for risk management.,Đa dạng hóa danh mục đầu tư là rất quan trọng để quản lý rủi ro.,exact_duplicate,70,64,0.9142857142857143
12890,The economic forecast predicts steady growth for the next fiscal year.,Dự báo kinh tế dự đoán tăng trưởng ổn định cho năm tài chính tiếp theo.,noise_ui_fragment,70,71,1.0142857142857142
12896,The company announced a dividend payout to shareholders.,Công ty đã công bố chi trả cổ tức cho các cổ đông.,exact_duplicate,56,50,0.8928571428571429
12897,Interest rates are expected to rise next month.,Lãi suất dự kiến sẽ tăng vào tháng tới.,noise_ui_fragment,47,39,0.8297872340425532
12902,The global supply chain disruptions affected our production costs.,Sự gián đoạn chuỗi cung ứng toàn cầu đã ảnh hưởng đến chi phí sản xuất của chúng tôi.,exact_duplicate,66,85,1.2878787878787878
12904,We are forecasting a 10% increase in sales next year.,Chúng tôi dự báo doanh số sẽ tăng 10% vào năm tới.,noise_ui_fragment,53,50,0.9433962264150944
12915,The company's liquidity position is strong.,Vị thế thanh khoản của công ty rất mạnh.,exact_duplicate,43,40,0.9302325581395349
12916,We need to improve our sales conversion rates.,Chúng ta cần cải thiện tỷ lệ chuyển đổi bán hàng.,exact_duplicate,46,49,1.065217391304348
12921,The startup incubator provides mentorship and office space.,Vườn ươm khởi nghiệp cung cấp sự cố vấn và không gian văn phòng.,exact_duplicate,59,64,1.0847457627118644
12926,Don't put all your eggs in one basket when investing.,Đừng bỏ tất cả trứng vào một giỏ khi đầu tư.,exact_duplicate,53,44,0.8301886792452831
12927,Our Q3 revenue exceeded expectations by 15%.,Doanh thu quý 3 của chúng ta đã vượt kỳ vọng 15%.,exact_duplicate,44,49,1.1136363636363635
12928,We need to focus on reducing the customer acquisition cost (CAC).,Chúng ta cần tập trung giảm chi phí để có được một khách hàng mới (CAC).,exact_duplicate,65,72,1.1076923076923078
12929,The annual financial report will be released next month.,Báo cáo tài chính hàng năm sẽ được công bố vào tháng tới.,exact_duplicate; noise_ui_fragment,56,57,1.0178571428571428
12932,We need to analyze the income statement carefully.,Chúng ta cần phân tích báo cáo kết quả kinh doanh một cách cẩn thận.,exact_duplicate,50,68,1.36
12933,The audit revealed some minor discrepancies.,Cuộc kiểm toán đã phát hiện một số sai lệch nhỏ.,exact_duplicate,44,48,1.0909090909090908
12937,Cash flow management is crucial for small businesses.,Quản lý dòng tiền là rất quan trọng đối với các doanh nghiệp nhỏ.,exact_duplicate,53,65,1.2264150943396226
12940,Inflation rates are projected to rise next year.,Tỷ lệ lạm phát dự kiến sẽ tăng vào năm tới.,noise_ui_fragment,48,43,0.8958333333333334
12955,The sales forecast for next year looks promising.,Dự báo doanh số cho năm tới trông rất hứa hẹn.,noise_ui_fragment,49,46,0.9387755102040817
12958,Our top-performing salesperson broke all previous records.,Nhân viên bán hàng xuất sắc nhất của chúng ta đã phá vỡ mọi kỷ lục trước đó.,exact_duplicate,58,76,1.3103448275862069
12971,Diversifying your investment portfolio is essential.,Đa dạng hóa danh mục đầu tư là điều cần thiết.,exact_duplicate,52,46,0.8846153846153846
12973,Bonds are generally considered less risky than stocks.,Trái phiếu thường được coi là ít rủi ro hơn cổ phiếu.,exact_duplicate,54,53,0.9814814814814815
12978,Don't put all your eggs in one basket when investing.,Đừng bỏ tất cả trứng vào một giỏ khi đầu tư.,exact_duplicate,53,44,0.8301886792452831
12979,The company's Q4 earnings report will be released next week.,Báo cáo thu nhập quý 4 của công ty sẽ được công bố vào tuần tới.,noise_ui_fragment,60,64,1.0666666666666667
12982,The startup successfully closed its Series A funding round at $10 million.,Công ty khởi nghiệp đã chốt thành công vòng gọi vốn Series A với 10 triệu đô la.,exact_duplicate,74,80,1.0810810810810811
12986,The balance sheet provides a snapshot of the company's financial health.,Bảng cân đối kế toán cung cấp cái nhìn tổng quan về tình hình tài chính của công ty.,exact_duplicate,72,84,1.1666666666666667
12990,We are forecasting a 15% growth in market share next fiscal year.,Chúng ta dự báo tăng trưởng 15% thị phần trong năm tài chính tới.,noise_ui_fragment,65,65,1.0
12993,Diversifying your investment portfolio can mitigate risks.,Đa dạng hóa danh mục đầu tư có thể giảm thiểu rủi ro.,exact_duplicate,58,53,0.9137931034482759
13029,Our Q3 revenue exceeded expectations by 15%.,Doanh thu quý 3 của chúng ta đã vượt kỳ vọng 15%.,exact_duplicate,44,49,1.1136363636363635
13030,The annual financial report will be released next month.,Báo cáo tài chính hàng năm sẽ được công bố vào tháng tới.,exact_duplicate; noise_ui_fragment,56,57,1.0178571428571428
13035,The company reported a net profit of $5 million.,Công ty đã báo cáo lợi nhuận ròng 5 triệu đô la.,exact_duplicate,48,48,1.0
13039,The stock market experienced a sharp decline today.,Thị trường chứng khoán đã trải qua một đợt sụt giảm mạnh hôm nay.,exact_duplicate,51,65,1.2745098039215685
13040,Inflation rates are at their highest in a decade.,Tỷ lệ lạm phát đang ở mức cao nhất trong một thập kỷ.,exact_duplicate,49,53,1.0816326530612246
13043,Interest rates are expected to rise again next quarter.,Lãi suất dự kiến sẽ tăng trở lại vào quý tới.,noise_ui_fragment,55,45,0.8181818181818182
13055,The sales forecast for next year looks very promising.,Dự báo doanh số cho năm tới trông rất hứa hẹn.,noise_ui_fragment,54,46,0.8518518518518519
13074,Bonds are generally considered less risky than stocks.,Trái phiếu thường được coi là ít rủi ro hơn cổ phiếu.,exact_duplicate,54,53,0.9814814814814815
13075,The company announced a dividend payout to shareholders.,Công ty đã công bố chi trả cổ tức cho các cổ đông.,exact_duplicate,56,50,0.8928571428571429
13079,Our Q3 revenue exceeded expectations by 15%.,Doanh thu quý 3 của chúng ta đã vượt kỳ vọng 15%.,exact_duplicate,44,49,1.1136363636363635
13080,The annual financial report will be released next month.,Báo cáo tài chính thường niên sẽ được công bố vào tháng tới.,exact_duplicate; noise_ui_fragment,56,60,1.0714285714285714
13091,Inflation rates are a major concern for investors.,Tỷ lệ lạm phát là một mối lo ngại lớn đối với các nhà đầu tư.,exact_duplicate,50,61,1.22
13092,Interest rates are expected to rise next quarter.,Lãi suất dự kiến sẽ tăng vào quý tới.,exact_duplicate; noise_ui_fragment,49,37,0.7551020408163265
13094,Emerging markets offer significant growth potential.,Các thị trường mới nổi mang lại tiềm năng tăng trưởng đáng kể.,exact_duplicate,52,62,1.1923076923076923
13107,We need to analyze regional sales performance.,Chúng ta cần phân tích hiệu suất bán hàng theo khu vực.,exact_duplicate,46,55,1.1956521739130435
13108,The sales pipeline looks very promising for the next quarter.,Đường ống bán hàng trông rất hứa hẹn cho quý tới.,noise_ui_fragment,61,49,0.8032786885245902
13115,They are planning an IPO within the next two years.,Họ đang lên kế hoạch IPO (phát hành cổ phiếu lần đầu ra công chúng) trong vòng hai năm tới.,noise_ui_fragment,51,91,1.7843137254901962
13121,Diversifying your investment portfolio is essential.,Đa dạng hóa danh mục đầu tư là điều cần thiết.,exact_duplicate,52,46,0.8846153846153846
13129,The company's quarterly earnings report will be released next week.,Báo cáo thu nhập hàng quý của công ty sẽ được công bố vào tuần tới.,noise_ui_fragment,67,67,1.0
13132,The startup successfully closed its Series A funding round at $10 million.,Công ty khởi nghiệp đã chốt thành công vòng gọi vốn Series A với 10 triệu đô la.,exact_duplicate,74,80,1.0810810810810811
13133,What's the expected Return on Investment (ROI) for this project?,Tỷ suất hoàn vốn đầu tư (ROI) dự kiến cho dự án này là bao nhiêu?,exact_duplicate,64,65,1.015625
13134,We need to set clear Key Performance Indicators (KPIs) for the marketing team.,Chúng ta cần đặt ra các Chỉ số Hiệu suất Chính (KPI) rõ ràng cho đội ngũ marketing.,exact_duplicate,78,83,1.064102564102564
13136,Diversifying your investment portfolio can mitigate risks.,Đa dạng hóa danh mục đầu tư có thể giảm thiểu rủi ro.,exact_duplicate,58,53,0.9137931034482759
13146,The central bank decided to raise interest rates to curb inflation.,Ngân hàng trung ương đã quyết định tăng lãi suất để kiềm chế lạm phát.,exact_duplicate,67,70,1.044776119402985
13161,Our sales pipeline looks robust for the next two quarters.,Đường ống bán hàng của chúng ta trông rất vững chắc cho hai quý tới.,noise_ui_fragment,58,68,1.1724137931034482
13170,The company is preparing for an Initial Public Offering (IPO) next year.,Công ty đang chuẩn bị cho đợt Phát hành Cổ phiếu Lần đầu ra công chúng (IPO) vào năm tới.,noise_ui_fragment,72,89,1.2361111111111112
13179,Our Q3 revenue exceeded expectations by 15%.,Doanh thu quý 3 của chúng ta đã vượt kỳ vọng 15%.,exact_duplicate,44,49,1.1136363636363635
13191,Consumer spending habits are shifting towards online platforms.,Thói quen chi tiêu của người tiêu dùng đang chuyển dịch sang các nền tảng trực tuyến.,exact_duplicate,63,85,1.3492063492063493
13194,Emerging markets offer significant growth potential.,Các thị trường mới nổi mang lại tiềm năng tăng trưởng đáng kể.,exact_duplicate,52,62,1.1923076923076923
13205,The sales pipeline looks promising for the next quarter.,Cơ hội bán hàng (sales pipeline) trông đầy hứa hẹn cho quý tới.,noise_ui_fragment,56,63,1.125
13206,We are forecasting a 10% increase in sales volume next year.,Chúng tôi dự báo tăng 10% về khối lượng bán hàng vào năm tới.,noise_ui_fragment,60,61,1.0166666666666666
13221,Diversifying your investment portfolio reduces risk.,Đa dạng hóa danh mục đầu tư giúp giảm rủi ro.,exact_duplicate,52,45,0.8653846153846154
13229,Our Q3 revenue exceeded expectations by 15%.,Doanh thu quý 3 của chúng ta đã vượt kỳ vọng 15%.,exact_duplicate,44,49,1.1136363636363635
13230,We need to focus on reducing the customer acquisition cost (CAC).,Chúng ta cần tập trung giảm chi phí để có được một khách hàng mới (CAC).,exact_duplicate,65,72,1.1076923076923078
13232,The company's annual financial report will be released next month.,Báo cáo tài chính thường niên của công ty sẽ được công bố vào tháng tới.,exact_duplicate; noise_ui_fragment,66,72,1.0909090909090908
13236,We need to set clear Key Performance Indicators (KPIs) for the marketing team.,Chúng ta cần đặt ra các Chỉ số Hiệu suất Chính (KPI) rõ ràng cho đội ngũ marketing.,exact_duplicate,78,83,1.064102564102564
13240,Inflation rates are impacting consumer purchasing power.,Tỷ lệ lạm phát đang ảnh hưởng đến sức mua của người tiêu dùng.,exact_duplicate,56,62,1.1071428571428572
13242,Diversifying your investment portfolio can mitigate risks.,Đa dạng hóa danh mục đầu tư có thể giảm thiểu rủi ro.,exact_duplicate,58,53,0.9137931034482759
13253,Economic growth projections for next year are optimistic.,Dự báo tăng trưởng kinh tế cho năm tới khá lạc quan.,noise_ui_fragment,57,52,0.9122807017543859
13254,We need to re-evaluate our sales targets for the next fiscal year.,Chúng ta cần đánh giá lại các mục tiêu bán hàng cho năm tài chính tiếp theo.,noise_ui_fragment,66,76,1.1515151515151516
13264,We need to improve our sales conversion rates.,Chúng ta cần cải thiện tỷ lệ chuyển đổi bán hàng.,exact_duplicate,46,49,1.065217391304348
13267,The quarterly earnings report will be released next week.,Báo cáo thu nhập quý sẽ được công bố vào tuần tới.,noise_ui_fragment,57,50,0.8771929824561403
13271,What's the current valuation of the company?,Định giá hiện tại của công ty là bao nhiêu?,exact_duplicate,44,43,0.9772727272727273
13277,The company announced a stock split to increase liquidity.,Công ty đã công bố chia tách cổ phiếu để tăng tính thanh khoản.,exact_duplicate,58,63,1.0862068965517242
13279,Our Q3 revenue exceeded expectations by 15%.,Doanh thu quý 3 của chúng ta đã vượt kỳ vọng 15%.,exact_duplicate,44,49,1.1136363636363635
13280,We need to focus on reducing the customer acquisition cost (CAC).,Chúng ta cần tập trung giảm chi phí để có được một khách hàng mới.,exact_duplicate,65,66,1.0153846153846153
13281,The annual financial report will be released next month.,Báo cáo tài chính thường niên sẽ được công bố vào tháng tới.,exact_duplicate; noise_ui_fragment,56,60,1.0714285714285714
13283,We need to analyze the income statement carefully.,Chúng ta cần phân tích báo cáo kết quả kinh doanh một cách cẩn thận.,exact_duplicate,50,68,1.36
13284,The company reported a net profit of $5 million.,Công ty đã báo cáo lợi nhuận ròng 5 triệu đô la.,exact_duplicate,48,48,1.0
13287,Inflation rates are at their highest in a decade.,Tỷ lệ lạm phát đang ở mức cao nhất trong một thập kỷ.,exact_duplicate,49,53,1.0816326530612246
13296,They are looking for Series A funding next year.,Họ đang tìm kiếm vòng gọi vốn Series A vào năm tới.,noise_ui_fragment,48,51,1.0625
13301,We need to track our key performance indicators (KPIs).,Chúng ta cần theo dõi các chỉ số hiệu suất chính (KPIs) của mình.,exact_duplicate,55,65,1.1818181818181819
13308,The CEO emphasized the importance of sustainable growth.,CEO nhấn mạnh tầm quan trọng của tăng trưởng bền vững.,exact_duplicate,56,54,0.9642857142857143
13312,The balance sheet provides a snapshot of the company's financial health.,Bảng cân đối kế toán cung cấp cái nhìn tổng quan về tình hình tài chính của công ty.,exact_duplicate,72,84,1.1666666666666667
13319,The company's valuation significantly increased after the last funding round.,Định giá của công ty đã tăng đáng kể sau vòng gọi vốn gần đây.,exact_duplicate,77,62,0.8051948051948052
13323,They are planning an initial public offering (IPO) next year.,Họ đang lên kế hoạch phát hành cổ phiếu lần đầu ra công chúng (IPO) vào năm tới.,noise_ui_fragment,61,80,1.3114754098360655
13328,Cash flow management is crucial for small businesses.,Quản lý dòng tiền là rất quan trọng đối với các doanh nghiệp nhỏ.,exact_duplicate,53,65,1.2264150943396226
13334,Our Q3 revenue exceeded expectations by 15%.,Doanh thu quý 3 của chúng ta đã vượt kỳ vọng 15%.,exact_duplicate,44,49,1.1136363636363635
13335,We need to focus on reducing the customer acquisition cost (CAC).,Chúng ta cần tập trung giảm chi phí để có được một khách hàng mới (CAC).,exact_duplicate,65,72,1.1076923076923078
13336,The financial report for the last fiscal year will be released next week.,Báo cáo tài chính cho năm tài khóa vừa qua sẽ được công bố vào tuần tới.,noise_ui_fragment,73,72,0.9863013698630136
13349,The company's valuation significantly increased after the last funding round.,Định giá của công ty đã tăng đáng kể sau vòng gọi vốn gần đây.,exact_duplicate,77,62,0.8051948051948052
13350,Our marketing budget needs to be re-evaluated for next quarter.,Ngân sách tiếp thị của chúng ta cần được đánh giá lại cho quý tới.,noise_ui_fragment,63,66,1.0476190476190477
13358,The company is preparing for an initial public offering (IPO) next year.,Công ty đang chuẩn bị cho đợt chào bán công khai lần đầu (IPO) vào năm tới.,noise_ui_fragment,72,75,1.0416666666666667
13362,Our sales forecast indicates strong growth in the next two quarters.,Dự báo doanh số của chúng tôi cho thấy sự tăng trưởng mạnh mẽ trong hai quý tới.,noise_ui_fragment,68,80,1.1764705882352942
13368,The global supply chain disruptions affected our production costs.,Sự gián đoạn chuỗi cung ứng toàn cầu đã ảnh hưởng đến chi phí sản xuất của chúng tôi.,exact_duplicate,66,85,1.2878787878787878
13384,Our Q3 revenue exceeded expectations by 15%.,Doanh thu quý 3 của chúng ta đã vượt kỳ vọng 15%.,exact_duplicate,44,49,1.1136363636363635
13385,We need to focus on reducing the customer acquisition cost (CAC).,Chúng ta cần tập trung giảm chi phí để có được một khách hàng mới (CAC).,exact_duplicate,65,72,1.1076923076923078
13386,The company's annual financial report will be released next month.,Báo cáo tài chính thường niên của công ty sẽ được công bố vào tháng tới.,exact_duplicate; noise_ui_fragment,66,72,1.0909090909090908
13389,The startup successfully closed its Series A funding round.,Công ty khởi nghiệp đã chốt thành công vòng gọi vốn Series A.,exact_duplicate,59,61,1.0338983050847457
13390,What is the expected Return on Investment (ROI) for this project?,Tỷ suất hoàn vốn đầu tư (ROI) dự kiến cho dự án này là bao nhiêu?,exact_duplicate,65,65,1.0
13394,The CFO presented the quarterly financial results to the board.,Giám đốc tài chính (CFO) đã trình bày kết quả tài chính quý trước hội đồng quản trị.,exact_duplicate,63,84,1.3333333333333333
13398,Diversifying your investment portfolio is crucial for risk management.,Đa dạng hóa danh mục đầu tư là rất quan trọng để quản lý rủi ro.,exact_duplicate,70,64,0.9142857142857143
13400,Global economic growth is projected to slow down next year.,Tăng trưởng kinh tế toàn cầu dự kiến sẽ chậm lại vào năm tới.,noise_ui_fragment,59,61,1.0338983050847457
13407,They are pitching their idea to venture capitalists next week.,Họ sẽ thuyết trình ý tưởng của mình cho các nhà đầu tư mạo hiểm vào tuần tới.,noise_ui_fragment,62,77,1.2419354838709677
13414,The central bank decided to raise interest rates to curb inflation.,Ngân hàng trung ương đã quyết định tăng lãi suất để kiềm chế lạm phát.,exact_duplicate,67,70,1.044776119402985
13416,The company is preparing for its Initial Public Offering (IPO) next year.,Công ty đang chuẩn bị cho đợt chào bán công khai lần đầu (IPO) vào năm tới.,noise_ui_fragment,73,75,1.0273972602739727
13426,The board approved the annual budget for the next fiscal year.,Hội đồng quản trị đã phê duyệt ngân sách hàng năm cho năm tài chính tiếp theo.,noise_ui_fragment,62,78,1.2580645161290323
13432,Our inventory turnover ratio indicates efficient stock management.,Tỷ lệ vòng quay hàng tồn kho của chúng ta cho thấy quản lý kho hiệu quả.,exact_duplicate,66,72,1.0909090909090908
13434,The company's annual report will be released next month.,Báo cáo thường niên của công ty sẽ được công bố vào tháng tới.,noise_ui_fragment,56,62,1.1071428571428572
13456,We aim to increase our market share by 5% next year.,Chúng ta đặt mục tiêu tăng thị phần lên 5% vào năm tới.,noise_ui_fragment,52,55,1.0576923076923077
13462,Sales projections for the next fiscal year look promising.,Các dự báo doanh số cho năm tài chính tiếp theo có vẻ đầy hứa hẹn.,noise_ui_fragment,58,66,1.1379310344827587
13463,Our top-performing salesperson broke all previous records.,Nhân viên bán hàng xuất sắc nhất của chúng ta đã phá vỡ mọi kỷ lục trước đó.,exact_duplicate,58,76,1.3103448275862069
13476,Diversifying your investment portfolio reduces risk.,Đa dạng hóa danh mục đầu tư giúp giảm rủi ro.,exact_duplicate,52,45,0.8653846153846154
13484,Our Q3 revenue exceeded expectations by 15%.,Doanh thu quý 3 của chúng ta đã vượt kỳ vọng 15%.,exact_duplicate,44,49,1.1136363636363635
13485,The company's net profit margin improved significantly this quarter.,Biên lợi nhuận ròng của công ty đã cải thiện đáng kể trong quý này.,exact_duplicate,68,67,0.9852941176470589
13486,Market trends indicate a strong recovery in the tech sector.,Xu hướng thị trường cho thấy sự phục hồi mạnh mẽ trong lĩnh vực công nghệ.,exact_duplicate,60,74,1.2333333333333334
13489,What's the projected Return on Investment (ROI) for this project?,Tỷ suất hoàn vốn đầu tư (ROI) dự kiến cho dự án này là bao nhiêu?,exact_duplicate,65,65,1.0
13491,The balance sheet provides a snapshot of the company's financial health.,Bảng cân đối kế toán cung cấp cái nhìn tổng quan về tình hình tài chính của công ty.,exact_duplicate,72,84,1.1666666666666667
13503,The CEO presented a detailed financial outlook for the next fiscal year.,CEO đã trình bày một triển vọng tài chính chi tiết cho năm tài chính tiếp theo.,noise_ui_fragment,72,79,1.0972222222222223
13506,They are pitching their idea to angel investors next week.,Họ sẽ trình bày ý tưởng của mình cho các nhà đầu tư thiên thần vào tuần tới.,noise_ui_fragment,58,76,1.3103448275862069
13515,Sales projections for the next quarter look promising.,Dự báo doanh số bán hàng cho quý tới trông rất hứa hẹn.,noise_ui_fragment,54,55,1.0185185185185186
13519,Emerging markets offer significant growth opportunities.,Các thị trường mới nổi mang lại cơ hội tăng trưởng đáng kể.,exact_duplicate,56,59,1.0535714285714286
13523,Inflation rates are impacting consumer purchasing power.,Tỷ lệ lạm phát đang ảnh hưởng đến sức mua của người tiêu dùng.,exact_duplicate,56,62,1.1071428571428572
13524,We need to set more aggressive sales targets next year.,Chúng ta cần đặt ra các mục tiêu bán hàng quyết liệt hơn vào năm tới.,noise_ui_fragment,55,69,1.2545454545454546
13534,Our Q3 revenue exceeded expectations by 15%.,Doanh thu quý 3 của chúng ta đã vượt kỳ vọng 15%.,exact_duplicate,44,49,1.1136363636363635
13535,We need to focus on reducing the customer acquisition cost (CAC).,Chúng ta cần tập trung giảm chi phí để có được một khách hàng mới (CAC).,exact_duplicate,65,72,1.1076923076923078
13539,The startup successfully closed its Series A funding round.,Công ty khởi nghiệp đã chốt thành công vòng gọi vốn Series A.,exact_duplicate,59,61,1.0338983050847457
13546,Diversifying your investment portfolio can mitigate risks.,Đa dạng hóa danh mục đầu tư có thể giảm thiểu rủi ro.,exact_duplicate,58,53,0.9137931034482759
13548,Consumer spending habits are shifting towards online platforms.,Thói quen chi tiêu của người tiêu dùng đang chuyển dịch sang các nền tảng trực tuyến.,exact_duplicate,63,85,1.3492063492063493
13562,The company announced a stock split to increase liquidity.,Công ty đã công bố chia tách cổ phiếu để tăng tính thanh khoản.,exact_duplicate,58,63,1.0862068965517242
13566,What's the current valuation of the company?,Định giá hiện tại của công ty là bao nhiêu?,exact_duplicate,44,43,0.9772727272727273
13567,The quarterly earnings call will be held next week.,Cuộc họp báo cáo thu nhập hàng quý sẽ được tổ chức vào tuần tới.,noise_ui_fragment,51,64,1.2549019607843137
13584,Our Q3 revenue exceeded expectations by 15%.,Doanh thu quý 3 của chúng ta đã vượt kỳ vọng 15%.,exact_duplicate,44,49,1.1136363636363635
13585,We need to focus on reducing the customer acquisition cost (CAC).,Chúng ta cần tập trung giảm chi phí để có được một khách hàng mới (CAC).,exact_duplicate,65,72,1.1076923076923078
13597,The company announced a dividend payout to its shareholders.,Công ty đã công bố chi trả cổ tức cho các cổ đông của mình.,exact_duplicate,60,59,0.9833333333333333
13603,The CEO emphasized the importance of sustainable growth.,CEO nhấn mạnh tầm quan trọng của tăng trưởng bền vững.,exact_duplicate,56,54,0.9642857142857143
13605,Our inventory turnover ratio indicates efficient stock management.,Tỷ lệ vòng quay hàng tồn kho của chúng ta cho thấy quản lý kho hiệu quả.,exact_duplicate,66,72,1.0909090909090908
13608,We project a 10% increase in sales volume next quarter.,Chúng ta dự kiến tăng 10% về khối lượng bán hàng vào quý tới.,noise_ui_fragment,55,61,1.1090909090909091
13611,The company is considering an initial public offering (IPO) next year.,Công ty đang cân nhắc phát hành cổ phiếu lần đầu ra công chúng (IPO) vào năm tới.,noise_ui_fragment,70,81,1.1571428571428573
13615,I hope this email finds you well.,Tôi hy vọng email này đến với bạn khi bạn vẫn khỏe.,exact_duplicate,33,51,1.5454545454545454
13616,Thank you for your email.,Cảm ơn bạn đã gửi email.,exact_duplicate,25,24,0.96
13622,Could you please provide an update on the project status?,Bạn vui lòng cập nhật tình trạng dự án được không?,exact_duplicate,57,50,0.8771929824561403
13625,Please let me know if you need any further information.,Vui lòng cho tôi biết nếu bạn cần thêm thông tin nào khác.,exact_duplicate,55,58,1.0545454545454545
13629,Please advise on the best course of action.,Vui lòng tư vấn về hướng hành động tốt nhất.,exact_duplicate,43,44,1.0232558139534884
13633,I'd like to schedule a meeting to discuss this further.,Tôi muốn sắp xếp một cuộc họp để thảo luận sâu hơn về vấn đề này.,exact_duplicate,55,65,1.1818181818181819
13634,Are you available for a call next Tuesday at 10 AM?,Bạn có rảnh cho một cuộc gọi vào thứ Ba tới lúc 10 giờ sáng không?,noise_ui_fragment,51,66,1.2941176470588236
13635,Please let me know your availability next week.,Vui lòng cho tôi biết lịch trống của bạn vào tuần tới.,exact_duplicate; noise_ui_fragment,47,54,1.148936170212766
13642,I'm afraid I have a prior engagement at that time.,Tôi e rằng tôi đã có một lịch hẹn trước vào thời điểm đó.,exact_duplicate,50,57,1.14
13648,I haven't heard back from you regarding...,Tôi vẫn chưa nhận được phản hồi từ bạn về...,noise_ui_fragment,42,44,1.0476190476190477
13651,Just a friendly reminder about the upcoming deadline.,Chỉ là một lời nhắc nhở nhẹ nhàng về thời hạn sắp tới.,exact_duplicate,53,54,1.0188679245283019
13661,Thank you for your time and consideration.,Cảm ơn bạn đã dành thời gian và sự cân nhắc.,exact_duplicate,42,44,1.0476190476190477
13662,I look forward to hearing from you soon.,Tôi mong sớm nhận được phản hồi từ bạn.,exact_duplicate,40,39,0.975
13663,"Best regards,","Trân trọng,",exact_duplicate,13,11,0.8461538461538461
13664,"Sincerely,","Kính gửi,",exact_duplicate,10,9,0.9
13665,I hope this email finds you well.,Tôi hy vọng bạn vẫn khỏe.,exact_duplicate,33,25,0.7575757575757576
13666,"Apologies for the delayed response, I was out of office.","Xin lỗi vì phản hồi chậm trễ, tôi vừa đi công tác về.",exact_duplicate,56,53,0.9464285714285714
13669,I would like to schedule a meeting to discuss the new marketing strategy.,Tôi muốn sắp xếp một cuộc họp để thảo luận về chiến lược tiếp thị mới.,exact_duplicate,73,70,0.958904109589041
13670,Please let me know your availability next week for a quick call.,Vui lòng cho tôi biết lịch trống của bạn vào tuần tới để có một cuộc gọi nhanh.,noise_ui_fragment,64,79,1.234375
13671,Thank you for your prompt response.,Cảm ơn bạn đã phản hồi nhanh chóng.,exact_duplicate,35,35,1.0
13674,"Unfortunately, I will not be able to attend the meeting tomorrow.","Rất tiếc, tôi sẽ không thể tham dự cuộc họp vào ngày mai.",exact_duplicate,65,57,0.8769230769230769
13682,Please let me know if you have any questions or require further clarification.,Vui lòng cho tôi biết nếu bạn có bất kỳ câu hỏi nào hoặc cần làm rõ thêm.,exact_duplicate,78,73,0.9358974358974359
13683,Thank you for your cooperation.,Cảm ơn sự hợp tác của bạn.,exact_duplicate,31,26,0.8387096774193549
13684,"Best regards,","Trân trọng,",exact_duplicate,13,11,0.8461538461538461
13688,I apologize for any inconvenience this may cause.,Tôi xin lỗi vì bất kỳ sự bất tiện nào mà điều này có thể gây ra.,exact_duplicate,49,64,1.3061224489795917
13693,Thank you for bringing this to my attention.,Cảm ơn bạn đã cho tôi biết về vấn đề này.,exact_duplicate,44,41,0.9318181818181818
13696,Confirming our meeting on Tuesday at 10 AM.,Xác nhận cuộc họp của chúng ta vào thứ Ba lúc 10 giờ sáng.,exact_duplicate,43,58,1.3488372093023255
13697,I hope this information is helpful.,Tôi hy vọng thông tin này hữu ích.,exact_duplicate,35,34,0.9714285714285714
13701,Thank you for considering my request.,Cảm ơn bạn đã xem xét yêu cầu của tôi.,exact_duplicate,37,38,1.027027027027027
13705,Please let me know your thoughts on this.,Vui lòng cho tôi biết suy nghĩ của bạn về vấn đề này.,exact_duplicate,41,53,1.2926829268292683
13708,Thank you for your time and consideration.,Cảm ơn bạn đã dành thời gian và sự cân nhắc.,exact_duplicate,42,44,1.0476190476190477
13711,We will review the documents and get back to you shortly.,Chúng tôi sẽ xem xét các tài liệu và phản hồi lại bạn trong thời gian ngắn.,noise_ui_fragment,57,75,1.3157894736842106
13716,It was a pleasure meeting you yesterday.,Rất vui được gặp bạn ngày hôm qua.,exact_duplicate,40,34,0.85
13718,This email is to confirm our meeting scheduled for next Tuesday.,Email này nhằm xác nhận cuộc họp của chúng ta đã được lên lịch vào thứ Ba tới.,noise_ui_fragment,64,78,1.21875
13722,Please let me know your availability for a meeting next week.,Vui lòng cho tôi biết lịch của bạn để họp vào tuần tới.,noise_ui_fragment,61,55,0.9016393442622951
13727,"Unfortunately, I will not be able to attend the meeting.","Rất tiếc, tôi sẽ không thể tham dự cuộc họp này.",exact_duplicate,56,48,0.8571428571428571
13729,My sincere apologies for the oversight.,Tôi thành thật xin lỗi vì sự sơ suất này.,exact_duplicate,39,41,1.0512820512820513
13731,Thank you for your time and consideration.,Cảm ơn bạn đã dành thời gian và sự quan tâm.,exact_duplicate,42,44,1.0476190476190477
13732,I look forward to hearing from you soon.,Tôi mong sớm nhận được phản hồi từ bạn.,exact_duplicate,40,39,0.975
13733,"Best regards,","Trân trọng,",exact_duplicate,13,11,0.8461538461538461
13739,I will get back to you with an update by end of day.,Tôi sẽ phản hồi lại bạn với thông tin cập nhật vào cuối ngày.,exact_duplicate; noise_ui_fragment,52,61,1.1730769230769231
13743,Please remember to submit your expense reports by Friday.,Vui lòng nhớ nộp báo cáo chi phí của bạn trước thứ Sáu.,noise_ui_fragment,57,55,0.9649122807017544
13750,I've forwarded your request to the relevant department.,Tôi đã chuyển yêu cầu của bạn đến bộ phận liên quan.,exact_duplicate,55,52,0.9454545454545454
13762,Please suggest a convenient time for a brief call next week.,Vui lòng đề xuất một thời gian thuận tiện cho một cuộc gọi ngắn vào tuần tới.,noise_ui_fragment,60,77,1.2833333333333334
13765,I hope this email finds you well.,Tôi hy vọng bạn vẫn khỏe.,exact_duplicate,33,25,0.7575757575757576
13766,"Apologies for the delayed response, I was out of office.","Xin lỗi vì phản hồi chậm trễ, tôi vừa đi công tác về.",exact_duplicate,56,53,0.9464285714285714
13771,Please let me know your availability next week.,Vui lòng cho tôi biết lịch trống của bạn vào tuần tới.,exact_duplicate; noise_ui_fragment,47,54,1.148936170212766
13772,Thank you for your prompt response.,Cảm ơn bạn đã phản hồi nhanh chóng.,exact_duplicate,35,35,1.0
13775,"Unfortunately, I will not be able to attend the meeting.","Rất tiếc, tôi sẽ không thể tham dự cuộc họp này.",exact_duplicate,56,48,0.8571428571428571
13776,I apologize for any inconvenience this may cause.,Tôi xin lỗi vì bất kỳ sự bất tiện nào mà điều này có thể gây ra.,exact_duplicate,49,64,1.3061224489795917
13779,Looking forward to hearing from you soon.,Mong sớm nhận được phản hồi từ bạn.,exact_duplicate,41,35,0.8536585365853658
13780,Please feel free to contact me if you have any questions.,Vui lòng liên hệ với tôi nếu bạn có bất kỳ câu hỏi nào.,exact_duplicate,57,55,0.9649122807017544
13784,Thank you for your time and consideration.,Cảm ơn bạn đã dành thời gian và sự quan tâm.,exact_duplicate,42,44,1.0476190476190477
13788,I'll be out of office from [Start Date] to [End Date].,Tôi sẽ vắng mặt tại văn phòng từ [Ngày bắt đầu] đến [Ngày kết thúc].,exact_duplicate,54,68,1.2592592592592593
13794,Thank you for bringing this to my attention.,Cảm ơn bạn đã cho tôi biết về vấn đề này.,exact_duplicate,44,41,0.9318181818181818
13797,I'm pleased to inform you that your application has been approved.,Tôi vui mừng thông báo rằng đơn đăng ký của bạn đã được chấp thuận.,exact_duplicate,66,67,1.0151515151515151
13803,I will get back to you with an answer by end of day.,Tôi sẽ trả lời bạn vào cuối ngày hôm nay.,noise_ui_fragment,52,41,0.7884615384615384
13804,Thank you for your understanding.,Cảm ơn sự thông cảm của bạn.,exact_duplicate,33,28,0.8484848484848485
13806,My sincere apologies for the oversight.,Tôi chân thành xin lỗi vì sự sơ suất này.,exact_duplicate,39,41,1.0512820512820513
13810,We're launching a new product next month.,Chúng tôi sẽ ra mắt một sản phẩm mới vào tháng tới.,noise_ui_fragment,41,51,1.2439024390243902
13813,I've attached the revised proposal for your review.,Tôi đã đính kèm đề xuất đã sửa đổi để bạn xem xét.,exact_duplicate,51,50,0.9803921568627451
13814,"Best regards,","Trân trọng,",exact_duplicate,13,11,0.8461538461538461
13815,I hope this email finds you well.,Tôi hy vọng bạn vẫn khỏe.,exact_duplicate,33,25,0.7575757575757576
13816,"Apologies for the delayed response, I was out of office.","Xin lỗi vì phản hồi chậm trễ, tôi vừa đi công tác về.",exact_duplicate,56,53,0.9464285714285714
13817,Thank you for reaching out.,Cảm ơn bạn đã liên hệ.,exact_duplicate,27,22,0.8148148148148148
13818,Could you please provide an update on the project status?,Bạn vui lòng cập nhật tình trạng dự án được không?,exact_duplicate,57,50,0.8771929824561403
13819,I'd like to schedule a meeting to discuss this further.,Tôi muốn sắp xếp một cuộc họp để thảo luận sâu hơn về vấn đề này.,exact_duplicate,55,65,1.1818181818181819
13820,Please let me know your availability next week.,Vui lòng cho tôi biết lịch trống của bạn vào tuần tới.,exact_duplicate; noise_ui_fragment,47,54,1.148936170212766
13825,Thank you for your understanding.,Cảm ơn sự thông cảm của bạn.,exact_duplicate,33,28,0.8484848484848485
13827,Looking forward to your prompt response.,Mong nhận được phản hồi sớm từ bạn.,exact_duplicate,40,35,0.875
13828,"Best regards,","Trân trọng,",exact_duplicate,13,11,0.8461538461538461
13829,I hope this information is helpful.,Tôi hy vọng thông tin này hữu ích.,exact_duplicate,35,34,0.9714285714285714
13838,I'm writing to request an extension for the deadline.,Tôi viết email này để yêu cầu gia hạn thời hạn.,exact_duplicate,53,47,0.8867924528301887
13840,It was a pleasure meeting you yesterday.,Rất vui được gặp bạn ngày hôm qua.,exact_duplicate,40,34,0.85
13842,Please confirm receipt of this email.,Vui lòng xác nhận đã nhận được email này.,exact_duplicate,37,41,1.1081081081081081
13843,I'll get back to you with more information shortly.,Tôi sẽ phản hồi lại bạn với nhiều thông tin hơn trong thời gian ngắn.,noise_ui_fragment,51,69,1.3529411764705883
13847,Let's touch base next week to review.,Hãy liên hệ lại vào tuần tới để cùng xem xét.,noise_ui_fragment,37,45,1.2162162162162162
13848,I've attached the revised proposal for your review.,Tôi đã đính kèm đề xuất đã sửa đổi để bạn xem xét.,exact_duplicate,51,50,0.9803921568627451
13852,Please advise on the next steps.,Vui lòng cho lời khuyên về các bước tiếp theo.,exact_duplicate; noise_ui_fragment,32,46,1.4375
13854,I'm afraid I have a prior engagement at that time.,Tôi e rằng tôi có một cuộc hẹn trước vào thời điểm đó.,exact_duplicate,50,54,1.08
13856,I'll be out of office from [Start Date] to [End Date].,Tôi sẽ vắng mặt tại văn phòng từ [Ngày bắt đầu] đến [Ngày kết thúc].,exact_duplicate,54,68,1.2592592592592593
13860,I look forward to hearing from you soon.,Tôi mong sớm nhận được phản hồi từ bạn.,exact_duplicate,40,39,0.975
13862,We've scheduled the kickoff meeting for next Monday.,Chúng tôi đã lên lịch cuộc họp khởi động vào thứ Hai tuần tới.,noise_ui_fragment,52,62,1.1923076923076923
13864,Wishing you a productive week ahead.,Chúc bạn một tuần làm việc hiệu quả.,exact_duplicate,36,36,1.0
13865,I hope this email finds you well.,Tôi hy vọng email này đến với bạn trong tình trạng tốt.,exact_duplicate,33,55,1.6666666666666667
13870,I would like to schedule a meeting to discuss the new marketing strategy.,Tôi muốn sắp xếp một cuộc họp để thảo luận về chiến lược tiếp thị mới.,exact_duplicate,73,70,0.958904109589041
13871,Are you available for a call next Tuesday at 10 AM?,Bạn có rảnh để gọi điện vào thứ Ba tuần tới lúc 10 giờ sáng không?,exact_duplicate; noise_ui_fragment,51,66,1.2941176470588236
13872,Please let me know your availability next week.,Xin vui lòng cho tôi biết lịch làm việc của bạn vào tuần tới.,noise_ui_fragment,47,61,1.297872340425532
13874,"Apologies for the delayed response, I was out of office.","Xin lỗi vì phản hồi chậm trễ, tôi vừa đi công tác về.",exact_duplicate,56,53,0.9464285714285714
13875,I appreciate your prompt attention to this matter.,Tôi đánh giá cao sự quan tâm kịp thời của bạn đối với vấn đề này.,exact_duplicate,50,65,1.3
13882,I'm afraid I have a prior engagement at that time.,Tôi e rằng tôi đã có một lịch hẹn trước vào thời điểm đó.,exact_duplicate,50,57,1.14
13888,Could we possibly reschedule our meeting to next week?,Chúng ta có thể dời cuộc họp sang tuần tới được không?,noise_ui_fragment,54,54,1.0
13889,Thank you for bringing this to my attention.,Cảm ơn bạn đã cho tôi biết về vấn đề này.,exact_duplicate,44,41,0.9318181818181818
13890,I will get back to you with the details by end of day.,Tôi sẽ phản hồi lại bạn với các chi tiết vào cuối ngày.,noise_ui_fragment,54,55,1.0185185185185186
13894,Thank you for considering my request.,Cảm ơn bạn đã xem xét yêu cầu của tôi.,exact_duplicate,37,38,1.027027027027027
13897,We regret to inform you that your application was not successful.,Chúng tôi rất tiếc phải thông báo rằng đơn đăng ký của bạn không thành công.,exact_duplicate,65,76,1.1692307692307693
13899,Your feedback is highly valued.,Phản hồi của bạn rất được đánh giá cao.,exact_duplicate,31,39,1.2580645161290323
13906,Thank you for your prompt response.,Cảm ơn bạn đã phản hồi nhanh chóng.,exact_duplicate,35,35,1.0
13908,We will review your proposal and get back to you shortly.,Chúng tôi sẽ xem xét đề xuất của bạn và phản hồi lại bạn sớm nhất.,noise_ui_fragment,57,66,1.1578947368421053
13914,"Best regards, [Your Name]","Trân trọng, [Tên của bạn]",exact_duplicate,25,25,1.0
13915,I hope this email finds you well.,Tôi hy vọng bạn vẫn khỏe.,exact_duplicate,33,25,0.7575757575757576
13916,"Apologies for the delayed response, I was out of office.","Xin lỗi vì phản hồi chậm trễ, tôi vừa đi công tác về.",exact_duplicate,56,53,0.9464285714285714
13918,I am writing to follow up on our previous discussion.,Tôi viết email này để tiếp nối cuộc thảo luận trước đây của chúng ta.,exact_duplicate,53,69,1.3018867924528301
13920,Please find the attached report for your review.,Vui lòng xem báo cáo đính kèm để xem xét.,exact_duplicate,48,41,0.8541666666666666
13922,Are you available for a call sometime next week?,Bạn có rảnh để gọi điện vào tuần tới không?,noise_ui_fragment,48,43,0.8958333333333334
13924,"Unfortunately, I will not be able to attend the meeting.","Rất tiếc, tôi sẽ không thể tham dự cuộc họp này.",exact_duplicate,56,48,0.8571428571428571
13925,Thank you for your understanding.,Cảm ơn sự thông cảm của bạn.,exact_duplicate,33,28,0.8484848484848485
13926,I look forward to hearing from you soon.,Tôi mong sớm nhận được phản hồi từ bạn.,exact_duplicate,40,39,0.975
13927,"Best regards,","Trân trọng,",exact_duplicate,13,11,0.8461538461538461
13929,I hope this information is helpful.,Tôi hy vọng thông tin này hữu ích.,exact_duplicate,35,34,0.9714285714285714
13931,Please advise on the next steps.,Vui lòng cho biết các bước tiếp theo.,noise_ui_fragment,32,37,1.15625
13937,Thank you for your prompt attention to this matter.,Cảm ơn bạn đã nhanh chóng giải quyết vấn đề này.,exact_duplicate,51,48,0.9411764705882353
13938,I'll get back to you with the details by tomorrow.,Tôi sẽ phản hồi lại bạn với các chi tiết vào ngày mai.,noise_ui_fragment,50,54,1.08
13939,Please let me know if you have any questions.,Vui lòng cho tôi biết nếu bạn có bất kỳ câu hỏi nào.,exact_duplicate,45,52,1.1555555555555554
13942,I apologize for any inconvenience this may cause.,Tôi xin lỗi vì bất kỳ sự bất tiện nào mà điều này có thể gây ra.,exact_duplicate,49,64,1.3061224489795917
13943,We appreciate your patience.,Chúng tôi đánh giá cao sự kiên nhẫn của bạn.,exact_duplicate,28,44,1.5714285714285714
13945,Please let me know your thoughts on this.,Vui lòng cho tôi biết suy nghĩ của bạn về vấn đề này.,exact_duplicate,41,53,1.2926829268292683
13948,We regret to inform you that your application was not successful.,Chúng tôi rất tiếc phải thông báo rằng đơn đăng ký của bạn không thành công.,exact_duplicate,65,76,1.1692307692307693
13949,Is there a better time for us to connect?,Có thời điểm nào tốt hơn để chúng ta kết nối không?,exact_duplicate,41,51,1.2439024390243902
13963,Thank you for bringing this to my attention.,Cảm ơn bạn đã cho tôi biết về vấn đề này.,exact_duplicate,44,41,0.9318181818181818
13964,Let's connect next week to review the results.,Hãy kết nối vào tuần tới để xem xét kết quả.,noise_ui_fragment,46,44,0.9565217391304348
13965,Hope you had a productive week.,Hy vọng bạn đã có một tuần làm việc hiệu quả.,exact_duplicate,31,45,1.4516129032258065
13966,I am writing to follow up on our previous discussion.,Tôi viết email này để tiếp nối cuộc thảo luận trước đây của chúng ta.,exact_duplicate,53,69,1.3018867924528301
13970,Would you be available for a brief call next week?,Bạn có rảnh để trao đổi nhanh qua điện thoại vào tuần tới không?,noise_ui_fragment,50,64,1.28
13976,Would you be open to moving our meeting to next week?,Bạn có thể dời cuộc họp của chúng ta sang tuần tới được không?,noise_ui_fragment,53,62,1.169811320754717
13982,I'm afraid I have a prior commitment at that time.,Tôi e rằng tôi đã có một lịch hẹn trước vào thời điểm đó.,exact_duplicate,50,57,1.14
13985,Thank you for your time and consideration.,Cảm ơn bạn đã dành thời gian và sự quan tâm.,exact_duplicate,42,44,1.0476190476190477
13986,I look forward to hearing from you soon.,Tôi mong sớm nhận được phản hồi từ bạn.,exact_duplicate,40,39,0.975
13987,"Best regards,","Trân trọng,",exact_duplicate,13,11,0.8461538461538461
13991,Please let me know if there's anything else I can assist with.,Vui lòng cho tôi biết nếu có bất kỳ điều gì khác tôi có thể hỗ trợ.,exact_duplicate,62,67,1.0806451612903225
13998,I will get back to you with an update by end of day.,Tôi sẽ phản hồi lại bạn với thông tin cập nhật vào cuối ngày.,exact_duplicate; noise_ui_fragment,52,61,1.1730769230769231
14014,I hope this email finds you well.,Tôi hy vọng bạn vẫn khỏe.,exact_duplicate,33,25,0.7575757575757576
14015,"Apologies for the delayed response, I was out of office.","Xin lỗi vì phản hồi chậm trễ, tôi vừa đi công tác về.",exact_duplicate,56,53,0.9464285714285714
14016,I hope this email finds you well.,Tôi hy vọng bạn vẫn khỏe.,exact_duplicate,33,25,0.7575757575757576
14021,Are you available for a call next Tuesday at 10 AM?,Bạn có rảnh để gọi điện vào thứ Ba tuần tới lúc 10 giờ sáng không?,exact_duplicate; noise_ui_fragment,51,66,1.2941176470588236
14026,"Unfortunately, I will not be able to attend the meeting tomorrow.","Rất tiếc, tôi sẽ không thể tham dự cuộc họp vào ngày mai.",exact_duplicate,65,57,0.8769230769230769
14027,I apologize for any inconvenience this may cause.,Tôi xin lỗi vì bất kỳ sự bất tiện nào mà điều này có thể gây ra.,exact_duplicate,49,64,1.3061224489795917
14036,Please advise on the next steps for this process.,Vui lòng cho lời khuyên về các bước tiếp theo cho quy trình này.,noise_ui_fragment,49,64,1.3061224489795917
14038,My sincere apologies for the oversight.,Tôi chân thành xin lỗi vì sự sơ suất này.,exact_duplicate,39,41,1.0512820512820513
14042,Could you clarify the requirements for this task?,Bạn có thể làm rõ các yêu cầu cho nhiệm vụ này không?,exact_duplicate,49,53,1.0816326530612246
14044,I've forwarded your request to the relevant department.,Tôi đã chuyển yêu cầu của bạn đến bộ phận liên quan.,exact_duplicate,55,52,0.9454545454545454
14046,Thank you for bringing this to my attention.,Cảm ơn bạn đã cho tôi biết về vấn đề này.,exact_duplicate,44,41,0.9318181818181818
14047,I will get back to you with an update by end of day.,Tôi sẽ liên hệ lại với bạn để cập nhật thông tin vào cuối ngày.,noise_ui_fragment,52,63,1.2115384615384615
14048,Please confirm receipt of this email.,Vui lòng xác nhận đã nhận được email này.,exact_duplicate,37,41,1.1081081081081081
14052,We need to finalize the budget plan by next week.,Chúng ta cần hoàn thiện kế hoạch ngân sách trước tuần tới.,noise_ui_fragment,49,58,1.183673469387755
14065,Thank you for your time and consideration.,Cảm ơn bạn đã dành thời gian và sự cân nhắc.,exact_duplicate,42,44,1.0476190476190477
14067,"Good morning/afternoon,","Chào buổi sáng/chiều,",exact_duplicate,23,21,0.9130434782608695
14068,Hope you had a productive week.,Hy vọng bạn đã có một tuần làm việc hiệu quả.,exact_duplicate,31,45,1.4516129032258065
14069,Thank you for your email.,Cảm ơn bạn đã gửi email.,exact_duplicate,25,24,0.96
14074,Please let me know if you need any further information.,Vui lòng cho tôi biết nếu bạn cần thêm thông tin nào khác.,exact_duplicate,55,58,1.0545454545454545
14075,Would it be possible to arrange a brief call next week?,Liệu có thể sắp xếp một cuộc gọi ngắn vào tuần tới không?,noise_ui_fragment,55,57,1.0363636363636364
14077,Please suggest a time that works best for you.,Vui lòng đề xuất thời gian phù hợp nhất với bạn.,exact_duplicate,46,48,1.0434782608695652
14078,I'd like to schedule a follow-up meeting to discuss the next steps.,Tôi muốn lên lịch một cuộc họp tiếp theo để thảo luận về các bước tiếp theo.,exact_duplicate; noise_ui_fragment,67,76,1.1343283582089552
14091,"Unfortunately, I won't be able to attend the meeting.","Rất tiếc, tôi sẽ không thể tham dự cuộc họp.",exact_duplicate,53,44,0.8301886792452831
14092,I'm afraid I have a prior commitment at that time.,Tôi e rằng tôi đã có một lịch hẹn trước vào thời điểm đó.,exact_duplicate,50,57,1.14
14101,"Best regards,","Trân trọng,",exact_duplicate,13,11,0.8461538461538461
14102,Looking forward to hearing from you soon.,Mong sớm nhận được phản hồi từ bạn.,exact_duplicate,41,35,0.8536585365853658
14103,Thank you for your time and consideration.,Cảm ơn bạn đã dành thời gian và sự quan tâm.,exact_duplicate,42,44,1.0476190476190477
14104,Please feel free to contact me if you have any questions.,Vui lòng liên hệ với tôi nếu bạn có bất kỳ câu hỏi nào.,exact_duplicate,57,55,0.9649122807017544
14105,"Sincerely,","Kính thư,",exact_duplicate,10,9,0.9
14106,My sincere apologies for the oversight.,Tôi thành thật xin lỗi vì sự sơ suất này.,exact_duplicate,39,41,1.0512820512820513
14113,We appreciate your prompt attention to this matter.,Chúng tôi đánh giá cao sự quan tâm kịp thời của bạn đến vấn đề này.,exact_duplicate,51,67,1.3137254901960784
14114,Please advise on the best course of action.,Vui lòng cho lời khuyên về hướng hành động tốt nhất.,exact_duplicate,43,52,1.2093023255813953
14116,I hope this email finds you well.,Tôi hy vọng email này đến với bạn khi bạn vẫn khỏe.,exact_duplicate,33,51,1.5454545454545454
14117,Thank you for your prompt response.,Cảm ơn bạn đã phản hồi nhanh chóng.,exact_duplicate,35,35,1.0
14119,Could you please provide an update on the project status?,Bạn có thể vui lòng cập nhật tình trạng dự án không?,exact_duplicate,57,52,0.9122807017543859
14122,Could we reschedule our meeting to next Tuesday?,Chúng ta có thể dời lịch họp sang thứ Ba tuần tới không?,noise_ui_fragment,48,56,1.1666666666666667
14123,I apologize for any inconvenience this may cause.,Tôi xin lỗi vì bất kỳ sự bất tiện nào mà điều này có thể gây ra.,exact_duplicate,49,64,1.3061224489795917
14124,Thank you for your understanding.,Cảm ơn sự thông cảm của bạn.,exact_duplicate,33,28,0.8484848484848485
14125,I look forward to hearing from you soon.,Tôi mong sớm nhận được phản hồi từ bạn.,exact_duplicate,40,39,0.975
14126,"Best regards,","Trân trọng,",exact_duplicate,13,11,0.8461538461538461
14127,Please let me know if you have any questions.,Vui lòng cho tôi biết nếu bạn có bất kỳ câu hỏi nào.,exact_duplicate,45,52,1.1555555555555554
14129,"Regarding your request, I will look into it immediately.","Về yêu cầu của bạn, tôi sẽ xem xét ngay lập tức.",exact_duplicate,56,48,0.8571428571428571
14132,Thank you for bringing this to my attention.,Cảm ơn bạn đã cho tôi biết điều này.,exact_duplicate,44,36,0.8181818181818182
14135,Please advise on the next steps.,Xin vui lòng cho biết các bước tiếp theo.,noise_ui_fragment,32,41,1.28125
14142,Thank you for your time and consideration.,Cảm ơn bạn đã dành thời gian và sự quan tâm.,exact_duplicate,42,44,1.0476190476190477
14143,Is there a better time for us to connect?,Có thời điểm nào tốt hơn để chúng ta kết nối không?,exact_duplicate,41,51,1.2439024390243902
14144,I received your email and will get back to you shortly.,Tôi đã nhận được email của bạn và sẽ phản hồi lại bạn trong thời gian ngắn nhất.,noise_ui_fragment,55,80,1.4545454545454546
14150,We appreciate your patience.,Chúng tôi đánh giá cao sự kiên nhẫn của bạn.,exact_duplicate,28,44,1.5714285714285714
14156,This email is to inform you about the upcoming changes.,Email này là để thông báo cho bạn về những thay đổi sắp tới.,exact_duplicate,55,60,1.0909090909090908
14157,Please confirm receipt of this email.,Vui lòng xác nhận đã nhận được email này.,exact_duplicate,37,41,1.1081081081081081
14160,I've attached the revised proposal for your review.,Tôi đã đính kèm đề xuất đã sửa đổi để bạn xem xét.,exact_duplicate,51,50,0.9803921568627451
14166,I hope this email finds you well.,Tôi hy vọng bạn vẫn khỏe.,exact_duplicate,33,25,0.7575757575757576
14167,Thank you for your prompt response.,Cảm ơn bạn đã phản hồi nhanh chóng.,exact_duplicate,35,35,1.0
14171,Please let me know your availability for a brief call next week.,Vui lòng cho tôi biết lịch trống của bạn để chúng ta có thể gọi điện ngắn gọn vào tuần tới.,exact_duplicate; noise_ui_fragment,64,91,1.421875
14172,Confirming our meeting on Tuesday at 10 AM.,Xác nhận cuộc họp của chúng ta vào thứ Ba lúc 10 giờ sáng.,exact_duplicate,43,58,1.3488372093023255
14178,"Best regards,","Trân trọng,",exact_duplicate,13,11,0.8461538461538461
14181,I'd like to schedule a follow-up meeting to discuss the next steps.,Tôi muốn lên lịch một cuộc họp tiếp theo để thảo luận về các bước tiếp theo.,exact_duplicate; noise_ui_fragment,67,76,1.1343283582089552
14182,Please advise on the best course of action.,Vui lòng cho lời khuyên về hướng hành động tốt nhất.,exact_duplicate,43,52,1.2093023255813953
14187,Please let me know if you have any questions or concerns.,Vui lòng cho tôi biết nếu bạn có bất kỳ câu hỏi hoặc thắc mắc nào.,exact_duplicate,57,66,1.1578947368421053
14190,Thank you for bringing this to my attention.,Cảm ơn bạn đã cho tôi biết điều này.,exact_duplicate,44,36,0.8181818181818182
14193,We will get back to you shortly with more details.,Chúng tôi sẽ sớm phản hồi bạn với nhiều chi tiết hơn.,noise_ui_fragment,50,53,1.06
14194,I'm available to meet anytime next Tuesday.,Tôi có thể gặp mặt bất cứ lúc nào vào thứ Ba tới.,noise_ui_fragment,43,49,1.1395348837209303
14195,Please confirm receipt of this email.,Vui lòng xác nhận đã nhận được email này.,exact_duplicate,37,41,1.1081081081081081
14199,We need your approval to proceed with the next phase.,Chúng tôi cần sự chấp thuận của bạn để tiếp tục giai đoạn tiếp theo.,exact_duplicate; noise_ui_fragment,53,68,1.2830188679245282
14203,I haven't heard back from you regarding my previous email.,Tôi vẫn chưa nhận được phản hồi từ bạn về email trước của tôi.,noise_ui_fragment,58,62,1.0689655172413792
14209,I appreciate your prompt attention to this matter.,Tôi đánh giá cao sự quan tâm kịp thời của bạn đối với vấn đề này.,exact_duplicate,50,65,1.3
14211,I hope this information is helpful.,Tôi hy vọng thông tin này hữu ích.,exact_duplicate,35,34,0.9714285714285714
14214,Thank you for considering my request.,Cảm ơn bạn đã xem xét yêu cầu của tôi.,exact_duplicate,37,38,1.027027027027027
14215,Wishing you a productive week ahead.,Chúc bạn một tuần làm việc hiệu quả.,exact_duplicate,36,36,1.0
14216,I hope this email finds you well.,Tôi hy vọng bạn vẫn khỏe.,exact_duplicate,33,25,0.7575757575757576
14217,"Apologies for the delayed response, I was out of office.","Xin lỗi vì phản hồi chậm trễ, tôi vừa đi công tác về.",exact_duplicate,56,53,0.9464285714285714
14218,Could you please provide an update on the project status?,Bạn có thể vui lòng cập nhật tình trạng dự án không?,exact_duplicate,57,52,0.9122807017543859
14219,Please let me know your availability for a meeting next week.,Vui lòng cho tôi biết lịch trống của bạn để họp vào tuần tới.,noise_ui_fragment,61,61,1.0
14220,Thank you for your prompt attention to this matter.,Cảm ơn bạn đã nhanh chóng giải quyết vấn đề này.,exact_duplicate,51,48,0.9411764705882353
14224,Please confirm receipt of this email.,Vui lòng xác nhận đã nhận được email này.,exact_duplicate,37,41,1.1081081081081081
14225,I look forward to hearing from you soon.,Tôi mong sớm nhận được phản hồi từ bạn.,exact_duplicate,40,39,0.975
14229,Please let me know if you have any questions or require further clarification.,Vui lòng cho tôi biết nếu bạn có bất kỳ câu hỏi nào hoặc cần làm rõ thêm.,exact_duplicate,78,73,0.9358974358974359
14232,Please advise on the next steps.,Vui lòng cho lời khuyên về các bước tiếp theo.,exact_duplicate; noise_ui_fragment,32,46,1.4375
14235,I apologize for any inconvenience this may cause.,Tôi xin lỗi vì bất kỳ sự bất tiện nào mà điều này có thể gây ra.,exact_duplicate,49,64,1.3061224489795917
14237,"Regarding your request, I will look into it immediately.","Về yêu cầu của bạn, tôi sẽ xem xét ngay lập tức.",exact_duplicate,56,48,0.8571428571428571
14240,"Best regards,","Trân trọng,",exact_duplicate,13,11,0.8461538461538461
14243,I'd like to propose a different time for our next meeting.,Tôi muốn đề xuất một thời gian khác cho cuộc họp tiếp theo của chúng ta.,noise_ui_fragment,58,72,1.2413793103448276
14244,Thank you for reaching out.,Cảm ơn bạn đã liên hệ.,exact_duplicate,27,22,0.8148148148148148
14249,We appreciate your patience.,Chúng tôi đánh giá cao sự kiên nhẫn của bạn.,exact_duplicate,28,44,1.5714285714285714
14250,I will get back to you by the end of the day.,Tôi sẽ phản hồi lại bạn vào cuối ngày.,noise_ui_fragment,45,38,0.8444444444444444
14251,Thank you for bringing this to my attention.,Cảm ơn bạn đã cho tôi biết về vấn đề này.,exact_duplicate,44,41,0.9318181818181818
14257,Your feedback is highly valued.,Phản hồi của bạn rất được đánh giá cao.,exact_duplicate,31,39,1.2580645161290323
14266,I hope this email finds you well.,Tôi hy vọng bạn vẫn khỏe.,exact_duplicate,33,25,0.7575757575757576
14267,"Apologies for the delayed response, I was out of office.","Xin lỗi vì phản hồi chậm trễ, tôi vừa đi công tác về.",exact_duplicate,56,53,0.9464285714285714
14269,Are you available for a brief call next Tuesday at 10 AM?,Bạn có rảnh để gọi nhanh vào thứ Ba tới lúc 10 giờ sáng không?,noise_ui_fragment,57,62,1.087719298245614
14271,"Unfortunately, I won't be able to attend the meeting.","Rất tiếc, tôi sẽ không thể tham dự cuộc họp.",exact_duplicate,53,44,0.8301886792452831
14281,Please submit your feedback by Friday.,Vui lòng gửi phản hồi của bạn trước thứ Sáu.,noise_ui_fragment,38,44,1.1578947368421053
14283,Just a friendly reminder about the upcoming deadline.,Chỉ là một lời nhắc nhở nhẹ nhàng về thời hạn sắp tới.,exact_duplicate,53,54,1.0188679245283019
14284,I'm pleased to inform you that your application has been approved.,Tôi vui mừng thông báo rằng đơn đăng ký của bạn đã được chấp thuận.,exact_duplicate,66,67,1.0151515151515151
14307,Perhaps we could schedule a follow-up meeting next week?,Có lẽ chúng ta có thể sắp xếp một cuộc họp tiếp theo vào tuần tới?,noise_ui_fragment,56,66,1.1785714285714286
14311,Looking forward to hearing from you soon.,Mong sớm nhận được phản hồi từ bạn.,exact_duplicate,41,35,0.8536585365853658
14316,I hope this email finds you well.,Tôi hy vọng bạn vẫn khỏe.,exact_duplicate,33,25,0.7575757575757576
14317,"Apologies for the delayed response, I was out of office.","Xin lỗi vì phản hồi chậm trễ, tôi vừa đi công tác về.",exact_duplicate,56,53,0.9464285714285714
14323,Please let me know your availability for a brief call next week.,Vui lòng cho tôi biết lịch trống của bạn để gọi nhanh vào tuần tới.,noise_ui_fragment,64,67,1.046875
14329,I'd like to request an extension for the project deadline to next Monday.,Tôi muốn yêu cầu gia hạn thời hạn dự án đến thứ Hai tuần tới.,noise_ui_fragment,73,61,0.8356164383561644
14334,I need to reschedule our meeting to next Wednesday due to an unforeseen conflict.,Tôi cần dời lịch họp của chúng ta sang thứ Tư tuần tới vì một lịch trình không mong muốn.,noise_ui_fragment,81,89,1.0987654320987654
14342,Any updates on the project status and the next steps?,Có bất kỳ cập nhật nào về tình trạng dự án và các bước tiếp theo không?,noise_ui_fragment,53,71,1.3396226415094339
14353,"The issue with the server has been resolved, and services are back online.",Vấn đề với máy chủ đã được giải quyết và các dịch vụ đã hoạt động trở lại.,noise_ui_fragment,74,74,1.0
14354,"I've forwarded your request to the appropriate team, and they will get back to you shortly.","Tôi đã chuyển tiếp yêu cầu của bạn đến đúng đội ngũ, và họ sẽ liên hệ lại với bạn trong thời gian sớm nhất.",noise_ui_fragment,91,107,1.1758241758241759
14358,I look forward to hearing from you soon regarding the next steps.,Tôi mong sớm nhận được phản hồi từ bạn về các bước tiếp theo.,noise_ui_fragment,65,61,0.9384615384615385
14359,"Best regards, [Your Name]","Trân trọng, [Tên của bạn]",exact_duplicate,25,25,1.0
14366,I hope this email finds you well.,Tôi hy vọng bạn vẫn khỏe.,exact_duplicate,33,25,0.7575757575757576
14367,"Apologies for the delayed response, I was out of office.","Xin lỗi vì phản hồi chậm trễ, tôi vừa đi công tác về.",exact_duplicate,56,53,0.9464285714285714
14371,Please let me know your availability for a brief call next week.,Vui lòng cho tôi biết lịch trống của bạn để chúng ta có thể gọi điện ngắn gọn vào tuần tới.,exact_duplicate; noise_ui_fragment,64,91,1.421875
14378,I will get back to you as soon as I have more information.,Tôi sẽ phản hồi lại bạn ngay khi có thêm thông tin.,noise_ui_fragment,58,51,0.8793103448275862
14380,I apologize for any inconvenience this may cause.,Tôi xin lỗi vì bất kỳ sự bất tiện nào mà điều này có thể gây ra.,exact_duplicate,49,64,1.3061224489795917
14400,Thank you for your prompt response.,Cảm ơn bạn đã phản hồi nhanh chóng.,exact_duplicate,35,35,1.0
14402,"Best regards,","Trân trọng,",exact_duplicate,13,11,0.8461538461538461
14403,"Sincerely,","Kính thư,",exact_duplicate,10,9,0.9
14406,Please let me know if you have any questions or concerns.,Vui lòng cho tôi biết nếu bạn có bất kỳ câu hỏi hoặc thắc mắc nào.,exact_duplicate,57,66,1.1578947368421053
14409,Would it be possible to extend the deadline to next month?,Liệu có thể gia hạn thời hạn đến tháng tới không?,noise_ui_fragment,58,49,0.8448275862068966
14411,Please advise on the best course of action.,Vui lòng cho lời khuyên về hướng hành động tốt nhất.,exact_duplicate,43,52,1.2093023255813953
14416,I hope this email finds you well.,Tôi hy vọng bạn vẫn khỏe.,exact_duplicate,33,25,0.7575757575757576
14417,Hope you're having a productive week.,Hy vọng bạn có một tuần làm việc hiệu quả.,exact_duplicate,37,42,1.135135135135135
14422,Could you clarify the requirements for this task?,Bạn có thể làm rõ các yêu cầu cho nhiệm vụ này không?,exact_duplicate,49,53,1.0816326530612246
14424,Kindly let me know your availability next week.,Vui lòng cho tôi biết lịch trống của bạn vào tuần tới.,noise_ui_fragment,47,54,1.148936170212766
14429,I'd like to schedule a meeting to discuss this further.,Tôi muốn sắp xếp một cuộc họp để thảo luận sâu hơn về vấn đề này.,exact_duplicate,55,65,1.1818181818181819
14435,I haven't heard back from you regarding the proposal.,Tôi chưa nhận được phản hồi từ bạn về đề xuất.,exact_duplicate; noise_ui_fragment,53,46,0.8679245283018868
14438,"Unfortunately, I won't be able to attend the meeting.","Rất tiếc, tôi sẽ không thể tham dự cuộc họp.",exact_duplicate,53,44,0.8301886792452831
14447,Thank you for your cooperation.,Cảm ơn sự hợp tác của bạn.,exact_duplicate,31,26,0.8387096774193549
14448,I look forward to hearing from you soon.,Tôi mong sớm nhận được phản hồi từ bạn.,exact_duplicate,40,39,0.975
14450,"Best regards,","Trân trọng,",exact_duplicate,13,11,0.8461538461538461
14451,"Sincerely,","Kính gửi,",exact_duplicate,10,9,0.9
14457,I'm writing to confirm our appointment on next Tuesday.,Tôi viết thư này để xác nhận cuộc hẹn của chúng ta vào thứ Ba tới.,noise_ui_fragment,55,66,1.2
14458,We appreciate your prompt attention to this matter.,Chúng tôi đánh giá cao sự quan tâm kịp thời của bạn đến vấn đề này.,exact_duplicate,51,67,1.3137254901960784
14459,This email is to inform you about the upcoming changes.,Email này là để thông báo cho bạn về những thay đổi sắp tới.,exact_duplicate,55,60,1.0909090909090908
14460,Your feedback is highly valued.,Phản hồi của bạn rất được đánh giá cao.,exact_duplicate,31,39,1.2580645161290323
14462,Please let me know if there's anything else I can assist with.,Vui lòng cho tôi biết nếu có bất kỳ điều gì khác tôi có thể hỗ trợ.,exact_duplicate,62,67,1.0806451612903225
14464,Could we push back the deadline to next week?,Chúng ta có thể lùi thời hạn sang tuần sau không?,noise_ui_fragment,45,49,1.0888888888888888
14465,Thank you for your understanding.,Cảm ơn sự thông cảm của bạn.,exact_duplicate,33,28,0.8484848484848485
14467,Hope you're having a productive week.,Hy vọng bạn có một tuần làm việc hiệu quả.,exact_duplicate,37,42,1.135135135135135
14468,I hope this email finds you well.,Tôi hy vọng bạn vẫn khỏe.,exact_duplicate,33,25,0.7575757575757576
14469,"Good morning/afternoon,","Chào buổi sáng/chiều,",exact_duplicate,23,21,0.9130434782608695
14487,We need your approval to proceed with the next phase.,Chúng tôi cần sự chấp thuận của bạn để tiếp tục giai đoạn tiếp theo.,exact_duplicate; noise_ui_fragment,53,68,1.2830188679245282
14488,Please advise on the best course of action.,Vui lòng tư vấn về hướng hành động tốt nhất.,exact_duplicate,43,44,1.0232558139534884
14491,Are you available for a quick call sometime next week?,Bạn có thể dành chút thời gian để trao đổi qua điện thoại vào tuần tới không?,noise_ui_fragment,54,77,1.4259259259259258
14493,Please suggest a time that works best for you.,Vui lòng đề xuất thời gian phù hợp nhất với bạn.,exact_duplicate,46,48,1.0434782608695652
14500,I haven't heard back from you regarding the proposal.,Tôi chưa nhận được phản hồi từ bạn về đề xuất.,exact_duplicate; noise_ui_fragment,53,46,0.8679245283018868
14503,I wanted to circle back on the pending task.,Tôi muốn đề cập lại về nhiệm vụ đang chờ xử lý.,noise_ui_fragment,44,47,1.0681818181818181
14508,I will get back to you with the information by end of day.,Tôi sẽ phản hồi cho bạn với thông tin trước cuối ngày.,noise_ui_fragment,58,54,0.9310344827586207
14515,Looking forward to your prompt response.,Mong nhận được phản hồi sớm từ bạn.,exact_duplicate,40,35,0.875
14516,"Best regards,","Trân trọng,",exact_duplicate,13,11,0.8461538461538461
14518,I hope this email finds you well.,Tôi hy vọng email này đến với bạn trong tình trạng tốt.,exact_duplicate,33,55,1.6666666666666667
14519,Thank you for your email.,Cảm ơn bạn đã gửi email.,exact_duplicate,25,24,0.96
14522,Could you please provide an update on the project status?,Bạn có thể vui lòng cập nhật tình trạng dự án không?,exact_duplicate,57,52,0.9122807017543859
14524,Please let me know your availability for a quick call next week.,Vui lòng cho tôi biết lịch của bạn để có một cuộc gọi ngắn vào tuần tới.,noise_ui_fragment,64,72,1.125
14527,Please confirm receipt of this email.,Vui lòng xác nhận đã nhận được email này.,exact_duplicate,37,41,1.1081081081081081
14531,Please suggest a suitable time slot for our next call.,Vui lòng đề xuất một khoảng thời gian thích hợp cho cuộc gọi tiếp theo của chúng ta.,noise_ui_fragment,54,84,1.5555555555555556
14540,Could we possibly reschedule for later in the week or early next week?,Chúng ta có thể dời lịch sang cuối tuần này hoặc đầu tuần tới được không?,noise_ui_fragment,70,73,1.042857142857143
14542,"I'll get back to you with the information as soon as possible, ideally by end of day.","Tôi sẽ phản hồi lại bạn với thông tin sớm nhất có thể, lý tưởng là trước cuối ngày.",noise_ui_fragment,85,83,0.9764705882352941
14555,"Best regards,","Trân trọng,",exact_duplicate,13,11,0.8461538461538461
14556,"Sincerely,","Kính gửi,",exact_duplicate,10,9,0.9
14558,I look forward to our meeting next Monday.,Tôi mong chờ cuộc họp của chúng ta vào thứ Hai tới.,noise_ui_fragment,42,51,1.2142857142857142
14560,I hope this information is helpful.,Tôi hy vọng thông tin này hữu ích.,exact_duplicate,35,34,0.9714285714285714
14564,I look forward to hearing from you soon.,Tôi mong sớm nhận được phản hồi từ bạn.,exact_duplicate,40,39,0.975
14565,Thank you for bringing this to my attention.,Cảm ơn bạn đã cho tôi biết về vấn đề này.,exact_duplicate,44,41,0.9318181818181818
14566,I'm writing to request an extension for the deadline.,Tôi viết email này để yêu cầu gia hạn thời hạn.,exact_duplicate,53,47,0.8867924528301887
14567,Your feedback is highly valued.,Phản hồi của bạn rất được đánh giá cao.,exact_duplicate,31,39,1.2580645161290323
14568,I hope this email finds you well.,Tôi hy vọng email này đến với bạn khi bạn vẫn khỏe.,exact_duplicate,33,51,1.5454545454545454
14572,Are you available next Tuesday at 10 AM?,Bạn có rảnh vào thứ Ba tới lúc 10 giờ sáng không?,noise_ui_fragment,40,49,1.225
14575,Please find the attached report for your review.,Vui lòng xem báo cáo đính kèm để xem xét.,exact_duplicate,48,41,0.8541666666666666
14577,I apologize for any inconvenience this may cause.,Tôi xin lỗi vì bất kỳ sự bất tiện nào mà điều này có thể gây ra.,exact_duplicate,49,64,1.3061224489795917
14578,Thank you for your prompt response.,Cảm ơn bạn đã phản hồi nhanh chóng.,exact_duplicate,35,35,1.0
14589,What are the next steps we should take?,Các bước tiếp theo chúng ta nên thực hiện là gì?,noise_ui_fragment,39,48,1.2307692307692308
14597,"Best regards,","Trân trọng,",exact_duplicate,13,11,0.8461538461538461
14599,Please confirm receipt of this email.,Vui lòng xác nhận đã nhận được email này.,exact_duplicate,37,41,1.1081081081081081
14606,I'm afraid I have a prior engagement at that time.,Tôi e rằng tôi có một cuộc hẹn trước vào thời điểm đó.,exact_duplicate,50,54,1.08
14609,My next availability is on Thursday afternoon.,Tôi có thể gặp vào chiều thứ Năm tới.,noise_ui_fragment,46,37,0.8043478260869565
14613,Please let me know if there's anything else I can assist with.,Vui lòng cho tôi biết nếu có bất kỳ điều gì khác tôi có thể hỗ trợ.,exact_duplicate,62,67,1.0806451612903225
14614,Looking forward to hearing from you soon.,Mong sớm nhận được phản hồi từ bạn.,exact_duplicate,41,35,0.8536585365853658
14615,That outfit gives off major main character energy.,Bộ đồ đó toát ra khí chất nhân vật chính thật sự.,exact_duplicate,50,49,0.98
14616,"Lowkey, I think he's capping.","Nói nhỏ nha, tôi nghĩ hắn đang chém gió đó.",exact_duplicate,29,43,1.4827586206896552
14634,She's always flexing her new designer bags.,Cô ấy lúc nào cũng khoe khoang mấy cái túi hiệu mới.,exact_duplicate,43,52,1.2093023255813953
14665,That outfit gives off major main character energy.,Bộ đồ đó toát ra khí chất nhân vật chính thật sự.,exact_duplicate,50,49,0.98
14666,"Lowkey, I think he's capping.","Nói nhỏ nha, tôi nghĩ hắn đang chém gió đó.",exact_duplicate,29,43,1.4827586206896552
14669,I'm so hyped for the concert next week!,Tôi đang cực kỳ phấn khích cho buổi hòa nhạc tuần tới!,noise_ui_fragment,39,54,1.3846153846153846
14677,"Spill the tea, what happened?","Kể hết đi, chuyện gì đã xảy ra vậy?",exact_duplicate,29,35,1.206896551724138
14715,That outfit gives off major main character energy.,Bộ đồ đó toát ra khí chất nhân vật chính thật sự.,exact_duplicate,50,49,0.98
14716,"Lowkey, I think he's capping.","Nói nhỏ nha, tôi nghĩ hắn đang chém gió đó.",exact_duplicate,29,43,1.4827586206896552
14723,POV: You just finished a long work week.,Góc nhìn: Bạn vừa kết thúc một tuần làm việc dài.,exact_duplicate,40,49,1.225
14765,That outfit gives off major main character energy.,Bộ đồ đó toát ra khí chất nhân vật chính thật sự.,exact_duplicate,50,49,0.98
14766,"Lowkey, I think he's capping.","Nói nhỏ nha, tôi nghĩ hắn đang chém gió đó.",exact_duplicate,29,43,1.4827586206896552
14788,"That food was bussin', I need to go back there.","Món ăn đó ngon bá cháy, tôi phải quay lại đó mới được.",noise_ui_fragment,47,54,1.148936170212766
14809,"This song brings back so many memories, major nostalgia vibes.","Bài hát này gợi lại nhiều kỷ niệm quá, đúng kiểu vibe hoài niệm.",noise_ui_fragment,62,64,1.032258064516129
14815,That outfit gives off major main character energy.,Bộ đồ đó toát ra khí chất nhân vật chính thật sự.,exact_duplicate,50,49,0.98
14816,"Lowkey, I think he's capping.","Nói nhỏ nha, tôi nghĩ hắn đang chém gió đó.",exact_duplicate,29,43,1.4827586206896552
14840,She's so delulu if she thinks he'll call her back.,Cô ấy quá 'delulu' (ảo tưởng) nếu nghĩ anh ta sẽ gọi lại cho mình.,noise_ui_fragment,50,66,1.32
14866,POV: You just finished a long work week.,Góc nhìn: Bạn vừa kết thúc một tuần làm việc dài.,exact_duplicate,40,49,1.225
14869,That outfit gives off major main character energy.,Bộ đồ đó toát ra khí chất nhân vật chính thật sự.,exact_duplicate,50,49,0.98
14915,That outfit gives off major main character energy.,Bộ đồ đó toát ra khí chất nhân vật chính thật sự.,exact_duplicate,50,49,0.98
14916,"Lowkey, I think he's capping.","Nói nhỏ nha, tôi nghĩ hắn đang chém gió đó.",exact_duplicate,29,43,1.4827586206896552
14930,POV: You just finished a long day at work.,Góc nhìn: Bạn vừa kết thúc một ngày dài làm việc.,exact_duplicate,42,49,1.1666666666666667
14941,"Spill the tea, what happened?","Kể hết đi, chuyện gì đã xảy ra vậy?",exact_duplicate,29,35,1.206896551724138
14960,I'm lowkey hoping they get back together.,Thật ra thì tôi hơi hy vọng họ quay lại với nhau.,noise_ui_fragment,41,49,1.1951219512195121
14969,"This food is bussin', I'm definitely coming back.","Món ăn này đỉnh của chóp, chắc chắn tôi sẽ quay lại.",noise_ui_fragment,49,52,1.0612244897959184
14992,"Gotta go AFK for a bit, be right back.","Phải đi ra khỏi máy một lát, sẽ quay lại ngay.",noise_ui_fragment,38,46,1.2105263157894737
15004,The cancel culture can be really harsh sometimes.,Văn hóa tẩy chay đôi khi có thể rất khắc nghiệt.,noise_ui_fragment,49,48,0.9795918367346939
15017,That outfit gives off major main character energy.,Bộ đồ đó toát ra khí chất nhân vật chính thật sự.,exact_duplicate,50,49,0.98
15018,"Lowkey, I think he's capping.","Nói nhỏ nha, tôi nghĩ hắn đang chém gió đó.",exact_duplicate,29,43,1.4827586206896552
15080,POV: You just finished a long day at work.,Góc nhìn: Bạn vừa kết thúc một ngày dài làm việc.,exact_duplicate,42,49,1.1666666666666667
15082,She's always flexing her new designer bags.,Cô ấy lúc nào cũng khoe khoang mấy cái túi hiệu mới.,exact_duplicate,43,52,1.2093023255813953
